side,pitch,roll,j00_du_dp,j01_du_dr,j10_dl_dp,j11_dl_dr,diag_kp_upper,diag_kp_lower,diag_kd_upper,diag_kd_lower,equiv_kp_pitch,equiv_kp_roll,equiv_kp_cross
left,-0.05050371214747429,-0.045887622982263565,-1.0681152343749825,0.8544921875000902,-1.0681152343754163,-0.8239746093756383,2.530536409424491,2.601764404569445,2.530536409424491,2.601764404569445,5.855288819544906,3.614115338701087,-0.019798352304132717
right,-0.36557525396347046,0.06495083123445511,-1.3427734374960032,-0.8544921874964472,-1.4038085937473352,0.8850097656221133,1.6689759852343522,1.5352095636888992,1.668975985234352,1.5352095636888992,6.034635886687645,2.421055376033106,0.007645092758935204
left,0.02098398655653,-0.01282084546983242,-1.007080078124778,0.8239746093749444,-0.9765624999999791,-0.8544921875000902,2.8743817158245775,2.89027984478267,2.8743817158245775,2.89027984478267,5.671613150824712,4.061873694086378,0.02665131550890326
right,0.19609695672988892,0.11497263610363007,-0.8544921874964472,-0.8544921874964472,-0.885009765624195,0.762939453124306,3.405338611608633,3.642272130264428,3.405338611608633,3.642272130264428,5.339213025780188,4.606512890094978,0.027137042062414
left,-0.12087059766054153,0.013653830625116825,-1.1291503906260547,0.8239746093777199,-1.129150390623973,-0.8239746093742505,2.3411087398761667,2.341108739888651,2.3411087398761667,2.341108739888651,5.969736473446892,3.17891737702928,-1.5716762771131648e-12
right,0.3181968629360199,0.11367496848106384,-0.7629394531222243,-0.9155273437477794,-0.793457031250666,0.7629394531249999,3.5028099272379483,4.105907101461945,3.5028099272379487,4.105907101461945,4.623876330536532,5.325973846868217,-0.038866112511579086
left,-0.29157719016075134,-0.014572558924555779,-1.2512207031217804,0.8544921874964472,-1.2817382812529976,-0.8239746093763322,1.89084961931847,1.8696126400206616,1.89084961931847,1.8696126400206616,6.031724537787833,2.6499607750334055,-0.04708266739843054
right,-0.11712662130594254,0.11440467089414597,-1.0986328124996947,-0.8544921874999166,-1.1291503906260547,0.8239746093777199,2.3987378298760937,2.378157619696212,2.3987378298760937,2.378157619696212,5.927367144159866,3.366067412674869,0.039253635730237886
left,0.20762476325035095,-0.051078423857688904,-0.8850097656235011,0.8850097656235011,-0.8850097656235011,-0.8239746093749444,3.1877994656900936,3.4152093638742924,3.1877994656900936,3.4152093638742924,5.171755725187099,4.8155216285030455,-0.00636132315492796
right,-0.05419871583580971,0.08060169965028763,-1.0681152343750693,-0.8544921874999166,-1.0681152343754163,0.793457031250666,2.509990127468168,2.652588198883755,2.509990127468168,2.652588198883755,5.889831529729104,3.502687329783187,0.04278036200584877
left,0.32527393102645874,-0.028913037851452827,-0.7629394531277754,0.8850097656276644,-0.7934570312451149,-0.8544921874964472,3.6177886291853265,3.6326562537495755,3.617788629185326,3.6326562537495755,4.392856285685445,5.486014057024535,0.020188276214164674
right,-0.18527941405773163,0.040716882795095444,-1.1901855468732236,-0.8544921874992227,-1.1901855468759992,0.8239746093777199,2.0929823866587096,2.1441441783200204,2.0929823866587096,2.1441441783200204,6.0020661962485145,2.9839382480299634,0.025846945536779818
left,-0.0792924240231514,-0.02887921780347824,-1.0681152343747224,0.8239746093749444,-1.0986328125003886,-0.8239746093756383,2.5647843152255745,2.4748585441697895,2.5647843152255745,2.4748585441697895,5.9132254304327185,3.421585675796273,-0.016911582044907607
right,-0.2893441617488861,0.08023735135793686,-1.2512207031217804,-0.8544921874964472,-1.281738281244671,0.8544921874964472,1.9103634576120374,1.8481341927095165,1.9103634576120374,1.8481341927095165,6.026988558603251,2.744292987349997,0.018339081402438697
left,0.003655293257907033,-0.0003400307323317975,-1.0070800781249514,0.8544921875000034,-1.0070800781249731,-0.8239746093749878,2.7759683880134975,2.859949829895068,2.7759683880134975,2.859949829895068,5.716006215011673,3.9686100950427754,-0.015627119772097613
right,0.4408145248889923,0.11991866677999496,-0.6713867187507772,-0.9155273437477794,-0.7019042968764432,0.7629394531222243,3.7397205509025424,4.485072133836759,3.7397205509025424,4.485072133836759,3.8953757895626344,5.74525313398199,-0.10309825964226194
left,-0.15734758973121643,0.02078006975352764,-1.1596679687475575,0.8544921874992227,-1.1291503906232792,-0.8544921874992227,2.229812510012796,2.3074882825381726,2.229812510012796,2.3074882825381726,5.940721112517681,3.3129414742379333,0.016798591294576514
right,0.22999995946884155,0.11000191420316696,-0.8544921875019983,-0.8850097656276644,-0.8544921874992227,0.7629394531249999,3.298805702850121,3.8045133194930267,3.298805702850121,3.8045133194930267,5.186537386405932,4.798282329735158,0.014408405018906115
left,-0.2078373283147812,-0.03558110073208809,-1.1901855468732236,0.8544921874992227,-1.2207031249988898,-0.8544921874964472,2.099127636595653,2.0295676184394265,2.099127636595653,2.0295676184394265,5.99779312009889,3.014595322246921,-0.017817734290200758
right,-0.20159900188446045,0.10581015795469284,-1.1901855468732236,-0.8544921874992227,-1.2207031249988898,0.8544921874964472,2.099127636595653,2.0295676184394265,2.099127636595653,2.0295676184394265,5.99779312009889,3.014595322246921,0.017817734290200758
left,0.44299983978271484,-0.057026125490665436,-0.6713867187507772,0.8850097656221133,-0.7324218749993338,-0.823974609370781,3.9050053795022306,3.9648522052545254,3.9050053795022306,3.9648522052545254,3.887133182870137,5.750438926500178,0.0724855781274473
right,-0.1734200119972229,0.06050847843289375,-1.1596679687489453,-0.8544921874992227,-1.159667968750333,0.8544921875019983,2.21526027178906,2.2152602717805587,2.21526027178906,2.2152602717805587,5.958296046508987,3.2349751388314596,-1.3331169596779331e-12
left,0.1039135605096817,-0.030253291130065918,-0.9765624999991117,0.8544921874992227,-0.9460449218741395,-0.8239746093742505,2.9162611701715684,3.1198817725859147,2.9162611701715684,3.1198817725859147,5.573460666183254,4.247522512098163,-0.0015170917094794497
right,-0.2257106751203537,0.04930547997355461,-1.2207031249988898,-0.8544921874992227,-1.1901855468759992,0.823974609370781,2.0097769472200255,2.129470329855238,2.0097769472200255,2.129470329855238,6.011284410265691,2.9132226454710635,0.008026066752492024
left,-0.15379776060581207,-0.026428725570440292,-1.1291503906232792,0.8544921874992227,-1.1596679687475575,-0.8544921874992227,2.307488282538171,2.2298125100127932,2.307488282538171,2.2298125100127932,5.940721112517675,3.3129414742379306,-0.016798591294577545
right,-0.23984111845493317,0.10266190767288208,-1.2207031250016653,-0.8544921875019983,-1.2207031249988898,0.8544921874964472,2.0158093573018627,2.015809357316627,2.0158093573018627,2.015809357316627,6.007580033869033,2.943714216589132,3.0402254123808044e-12
left,-0.1387796550989151,0.016576990485191345,-1.1291503906232792,0.8544921874992227,-1.1291503906232792,-0.8239746093749444,2.302084064524476,2.362434218740895,2.302084064524476,2.362434218740895,5.947170341173959,3.2848198451528194,-0.023178110200124374
right,0.4429999887943268,0.10842529684305191,-0.6713867187507772,-0.9155273437477794,-0.7019042968819943,0.7629394531277754,3.7397205509029723,4.485072133769409,3.7397205509029723,4.485072133769409,3.895375789564597,5.745253133981138,-0.10309825964240145
left,-0.19381360709667206,0.01975250616669655,-1.1901855468732236,0.8544921874992227,-1.1901855468732236,-0.8544921874992227,2.1131257812899964,2.113125781289996,2.1131257812899964,2.113125781289996,5.986661302545089,3.085826733202381,-4.548980169671571e-16
right,0.12766341865062714,0.09210126101970673,-0.915527343750555,-0.8544921875019983,-0.9460449218744864,0.762939453124306,3.126151057999097,3.319318021243753,3.126151057999097,3.3193180212437534,5.591102475872619,4.214678139198877,0.04982149439566068
left,0.016242515295743942,-0.002994050271809101,-1.007080078124778,0.8239746093749444,-1.0070800781249514,-0.8544921875000902,2.859949829895972,2.775968388013377,2.859949829895972,2.775968388013377,5.716006215011343,3.9686100950435073,0.01562711977207144
right,0.10177525132894516,-0.05511320382356644,-0.9460449218748334,-0.8239746093749444,-0.9765625000018873,0.8544921875019983,3.1198817725812544,2.9162611701541583,3.1198817725812544,2.9162611701541583,5.573460666182386,4.247522512099688,-0.0015170917095733956
left,0.004888157360255718,0.027506060898303986,-1.007080078124778,0.8544921874999166,-1.0070800781251248,-0.8239746093752913,2.775968388014425,2.859949829893847,2.775968388014425,2.859949829893847,5.716006215011279,3.9686100950436414,-0.015627119772022982
right,-0.1335286796092987,-0.082380510866642,-1.1291503906260547,-0.8239746093777199,-1.129150390623973,0.8544921874992227,2.3624342187279534,2.302084064522841,2.3624342187279534,2.302084064522841,5.9471703411737895,3.284819845153645,-0.023178110199146288
left,-0.05363819748163223,0.020418135449290276,-1.0681152343740286,0.8239746093742505,-1.0986328125003886,-0.8544921874992227,2.585930082702503,2.429282394996509,2.585930082702503,2.429282394996509,5.882339864245156,3.529433559589547,0.004668464889470347
right,-0.2940601408481598,-0.07660973817110062,-1.312255859370337,-0.8544921874964472,-1.281738281244671,0.8544921874964472,1.7643262692883617,1.8231833073156196,1.7643262692883617,1.8231833073156196,6.033419283078059,2.6194448657651734,-0.01845391576973059
left,-0.03290987014770508,0.05099545046687126,-1.0375976562490563,0.8239746093742505,-1.0681152343749825,-0.8544921875000902,2.7131737593265752,2.5457105705928202,2.7131737593265752,2.5457105705928202,5.825352216839714,3.7008344734931993,0.003821075078026074
right,-0.12297116219997406,-0.05846817046403885,-1.1291503906232792,-0.8239746093749444,-1.0986328124990008,0.8544921874992227,2.378157619708799,2.3987378298788347,2.378157619708799,2.3987378298788347,5.927367144160659,3.366067412671694,-0.039253635730741296
left,-0.22713761031627655,0.10624141246080399,-1.2207031249988898,0.8544921874964472,-1.1901855468759992,-0.8544921875019983,2.029567618439921,2.0991276365850657,2.029567618439921,2.0991276365850657,5.997793120098499,3.0145953222495088,0.01781773429083006
right,0.24492397904396057,-0.07344197481870651,-0.8544921874992227,-0.793457031250666,-0.8544921874964472,0.8544921874964472,3.6721676607396834,3.4192377453593443,3.672167660739683,3.4192377453593443,5.177838577287373,4.8084815321523955,-0.006839945280116511
left,-0.37282881140708923,0.09341410547494888,-1.4038085937528864,0.8850097656221133,-1.373291015621669,-0.8850097656221133,1.5409521807293733,1.5898798319769891,1.5409521807293733,1.5898798319769891,6.035120668052274,2.4522000203550554,0.01784690807356055
right,0.0385943241417408,-0.028363199904561043,-0.9765624999999791,-0.8239746093751179,-0.9765624999991117,0.8544921874992227,2.994718728390828,2.903618324601308,2.994718728390828,2.903618324601308,5.62509255694077,4.1533137853078745,-0.013229472104505603
left,-0.4585299789905548,0.04143466800451279,-1.5258789062444487,0.9155273437477794,-1.4648437499986675,-0.8544921874964472,1.2819013487148962,1.4114198787619332,1.2819013487148962,1.4114198787619332,6.013237659284379,2.1050352591816,-0.02412470617728286
right,0.0879288911819458,-0.010651607997715473,-0.9460449218741395,-0.8239746093742505,-0.9460449218741395,0.8239746093742505,3.117991539578529,3.1179915395785285,3.117991539578529,3.1179915395785285,5.581211055683931,4.233821914249309,2.759409520151509e-16
left,0.3479948937892914,0.015129725448787212,-0.7324218749993338,0.823974609370781,-0.7934570312451149,-0.8544921874964472,4.076672114797936,3.643874732760745,4.076672114797936,3.6438747327607444,4.480986350621349,5.4283922185357,0.010297889867170866
right,-0.06941915303468704,-0.07704290747642517,-1.0681152343747224,-0.8239746093749444,-1.0986328125000415,0.8544921875000902,2.5859300826996416,2.4292823949964215,2.5859300826996416,2.4292823949964215,5.882339864243767,3.529433559594099,-0.00466846489010573
left,-0.10960180312395096,0.033109892159700394,-1.0986328124990008,0.8239746093749444,-1.1291503906253608,-0.8239746093756383,2.442195933264787,2.357219620996412,2.442195933264787,2.357219620996412,5.953125274415647,3.258487152921814,-0.01765046804497181
right,-0.17666828632354736,-0.09174128621816635,-1.159667968750333,-0.823974609370781,-1.1596679687489453,0.8544921874992227,2.250604148157933,2.1950461462931568,2.250604148157933,2.1950461462931568,5.97864298632692,3.130740116053294,-0.02459552479236448
left,-0.18782848119735718,0.019441381096839905,-1.1901855468732236,0.8239746093749444,-1.1901855468732236,-0.8544921874992227,2.144144178330868,2.0929823866581323,2.144144178330868,2.0929823866581323,6.002066196248897,2.9839382480270995,0.025846945537541344
right,-0.3479413390159607,-0.09585389494895935,-1.373291015621669,-0.8544921874964472,-1.3427734374960032,0.8544921874964472,1.6098617828351658,1.6625374073484085,1.6098617828351656,1.6625374073484085,6.033706041828501,2.3893648433336874,-0.01845903646170293
left,-0.006389398127794266,0.040726691484451294,-1.0070800781251248,0.8239746093742505,-1.0375976562497502,-0.8544921874999166,2.845028264493081,2.666114115900674,2.845028264493081,2.666114115900674,5.755819099036444,3.8782684800004614,0.0029992821395764964
right,-0.2796202003955841,-0.08413220196962357,-1.2817382812474465,-0.8544921874964472,-1.251220703124556,0.8544921874992227,1.8481341927033914,1.910363457601706,1.8481341927033914,1.9103634576017057,6.026988558603433,2.744292987347043,-0.018339081404883075
left,-0.11726159602403641,0.06366008520126343,-1.0986328124990008,0.8239746093749444,-1.0986328125003886,-0.8544921875006105,2.4795530175008023,2.4139879136673654,2.4795530175008023,2.4139879136673654,5.906474820142903,3.446043165471181,0.021582733812628922
right,-0.18225565552711487,-0.07260903716087341,-1.1901855468759992,-0.823974609370781,-1.1901855468759992,0.8544921875019983,2.1441441783274433,2.092982386643469,2.1441441783274433,2.092982386643469,6.002066196251268,2.983938248009285,-0.025846945543585804
left,-0.17916665971279144,0.06941647082567215,-1.1901855468759992,0.8544921874964472,-1.1596679687489453,-0.8544921874992227,2.1273392349652447,2.200860384468301,2.1273392349652447,2.200860384468301,5.973247225912303,3.160264810192298,0.01737941475182204
right,-0.3457238972187042,-0.0668003112077713,-1.3732910156272202,-0.8850097656276644,-1.3427734374960032,0.8544921874964472,1.5942463901110973,1.6798199095982453,1.5942463901110973,1.6798199095982453,6.035417583722857,2.4752132810704213,0.010201158462404925
left,-0.24926507472991943,0.07364729791879654,-1.2512207031273315,0.8239746093763322,-1.2207031250016653,-0.8544921875019983,1.9609631503300915,1.9823494934129637,1.9609631503300915,1.9823494934129637,6.023923163475995,2.7787910210325304,0.046049454442946815
right,-0.18198804557323456,-0.071440190076828,-1.1901855468759992,-0.8544921874964472,-1.1596679687475575,0.8544921874992227,2.1273392349658957,2.2008603844723877,2.1273392349658957,2.2008603844723877,5.973247225911637,3.160264810195757,-0.017379414752599614
left,-0.26951736211776733,0.07429798692464828,-1.2817382812529976,0.8239746093763322,-1.2512207031273315,-0.8544921875019983,1.8696126400217798,1.8908496193003443,1.86961264002178,1.8908496193003443,6.031724537787558,2.6499607750388683,0.04708266739997262
right,-0.21399123966693878,-0.07495240122079849,-1.220703125004441,-0.8239746093763322,-1.2207031249988898,0.8544921874992227,2.0430443193188665,1.995910327068329,2.0430443193188665,1.995910327068329,6.0185114240622966,2.8444202665304696,-0.026944746669839467
left,-0.2822971045970917,0.07586536556482315,-1.2817382812474465,0.8544921874964472,-1.2512207031273315,-0.8544921875019983,1.8481341927039303,1.9103634575925363,1.8481341927039303,1.9103634575925361,6.0269885586032315,2.7442929873498025,0.018339081405654132
right,-0.2241470068693161,-0.07623752951622009,-1.2207031249988898,-0.8544921874964472,-1.2207031250016653,0.8544921875019983,2.015809357316628,2.0158093573018623,2.015809357316628,2.0158093573018623,6.007580033869033,2.9437142165891323,-3.0389079683285978e-12
left,-0.2766205370426178,0.07752922177314758,-1.2817382812529976,0.8239746093763322,-1.2512207031273315,-0.8544921875019983,1.8696126400217798,1.8908496193003443,1.86961264002178,1.8908496193003443,6.031724537787558,2.6499607750388683,0.04708266739997262
right,-0.2522512972354889,-0.07764868438243866,-1.2512207031217804,-0.823974609370781,-1.2207031250016653,0.8544921875019983,1.960963150348969,1.9823494934116983,1.960963150348969,1.9823494934116983,6.023923163476422,2.778791021026484,-0.046049454444754355
left,-0.25983336567878723,0.01811591349542141,-1.2512207031273315,0.8544921875019983,-1.2512207031217804,-0.8544921874964472,1.923294179272831,1.9232941792924179,1.923294179272831,1.923294179292418,6.022038898191967,2.808613025685464,-1.5401709390763797e-12
right,-0.24289102852344513,0.04340461269021034,-1.2512207031273315,-0.8239746093777199,-1.2207031249988898,0.8544921874964472,1.960963150326661,1.9823494934260353,1.960963150326661,1.9823494934260353,6.023923163476669,2.778791021025424,-0.046049454438578906
left,-0.23947982490062714,0.03321617469191551,-1.2207031249988898,0.8544921874964472,-1.2207031249988898,-0.8544921874992227,2.0158093573160962,2.01580935731179,2.0158093573160962,2.01580935731179,6.007580033869375,2.943714216586431,2.3381730971783852e-12
right,-0.22087813913822174,0.025932084769010544,-1.1901855468759992,-0.8544921875019983,-1.2207031249988898,0.8544921874964472,2.0991276365850653,2.0295676184399203,2.0991276365850653,2.0295676184399203,5.997793120098496,3.0145953222495074,0.01781773429083112
left,-0.28669553995132446,0.037512652575969696,-1.2817382812474465,0.8544921874964472,-1.2512207031217804,-0.8544921874964472,1.8481341927028516,1.9103634576108754,1.8481341927028516,1.9103634576108752,6.026988558603633,2.7442929873442825,0.01833908140411253
right,-0.22410808503627777,0.018851429224014282,-1.2207031249988898,-0.8544921874992227,-1.2207031249988898,0.8544921874964472,2.0158093573117903,2.0158093573160962,2.0158093573117903,2.0158093573160962,6.007580033869376,2.9437142165864314,2.338433055512098e-12
left,-0.30527621507644653,0.04731336608529091,-1.312255859370337,0.8544921874964472,-1.312255859370337,-0.8544921874964472,1.7523195503336941,1.7523195503336941,1.7523195503336944,1.7523195503336944,6.0350426445602885,2.5589364160787165,-4.5898991730568443e-17
right,-0.27273938059806824,0.014048252254724503,-1.2512207031217804,-0.8544921874964472,-1.2512207031217804,0.8544921874964472,1.9232941792913125,1.923294179291312,1.9232941792913123,1.923294179291312,6.022038898192453,2.8086130256799047,3.349720032706672e-16
left,-0.359952837228775,0.0733332484960556,-1.373291015621669,0.8544921874964472,-1.3427734374960032,-0.8544921874964472,1.6098617828351658,1.6625374073484085,1.6098617828351656,1.6625374073484085,6.033706041828501,2.3893648433336874,0.01845903646170293
right,-0.4351937770843506,0.06490936130285263,-1.4343261718730014,-0.8850097656221133,-1.4648437499986675,0.8850097656221133,1.456261726593326,1.412272898602975,1.456261726593326,1.412272898602975,6.026363850022691,2.246757615147486,0.01769592844911147
left,-0.3813483417034149,0.07101380825042725,-1.4343261718841036,0.8544921875075494,-1.373291015621669,-0.8544921874964472,1.4815654816338788,1.5786135587817969,1.4815654816338788,1.5786135587817969,6.025164020702628,2.2344108370096634,0.03661300073581199
right,-0.35548368096351624,0.1459423303604126,-1.3427734374960032,-0.8544921874964472,-1.4343261718730014,0.8544921874964472,1.641386791499054,1.4916712572224249,1.641386791499054,1.4916712572224249,6.0282895672306465,2.2876239476513245,0.055086941103072384
left,-0.4288237690925598,0.055030666291713715,-1.4648437500097697,0.8850097656332155,-1.4343261718730014,-0.8850097656221133,1.4122728985799042,1.4562617265954778,1.4122728985799042,1.4562617265954778,6.026363850023549,2.2467576151588537,0.01769592844490786
right,-0.3580620288848877,0.1828203946352005,-1.3427734375015543,-0.8544921875019983,-1.4648437499986675,0.8544921874964472,1.6312767011705003,1.4368758507812314,1.6312767011705003,1.4368758507812314,6.02445905438376,2.240232751450289,0.07317564674550087
left,-0.06370270997285843,-0.14597101509571075,-1.0681152343754163,0.8544921874992227,-1.0986328124990008,-0.793457031250666,2.494149128538232,2.5409460442369367,2.494149128538232,2.5409460442369367,5.912407073925059,3.4208339105150376,-0.06141201458926367
right,-0.35113635659217834,0.033306799829006195,-1.3427734374960032,-0.8544921874964472,-1.373291015621669,0.8850097656221133,1.6798199095971422,1.5942463901250254,1.6798199095971422,1.5942463901250254,6.035417583722829,2.4752132810648604,-0.010201158460612808
left,-0.3636423349380493,-0.06636311113834381,-1.3427734374960032,0.8544921874964472,-1.373291015621669,-0.8544921874964472,1.6625374073484085,1.6098617828351653,1.6625374073484085,1.6098617828351653,6.0337060418285,2.3893648433336874,-0.01845903646170333
right,-0.4142155647277832,-0.049690406769514084,-1.4648437499986675,-0.8544921874964472,-1.4343261718730014,0.8544921874964472,1.4083889724637886,1.4530922642738093,1.4083889724637886,1.4530922642738093,6.011509340556865,2.089330264910703,-0.018062666796127284
left,-0.3981080651283264,-0.11784551292657852,-1.4038085937528864,0.8850097656276644,-1.4648437499986675,-0.8544921874964472,1.49625684857876,1.4327822219181785,1.49625684857876,1.4327822219181785,6.023058417159275,2.2180874567821856,-0.06551605627490696
right,-0.37565261125564575,-0.026117226108908653,-1.4038085937473352,-0.8850097656221133,-1.3427734374960032,0.8544921874964472,1.5352095636889003,1.6689759852343513,1.5352095636889003,1.6689759852343513,6.034635886687644,2.421055376033106,-0.0076450927589328975
left,-0.24252937734127045,-0.013423768803477287,-1.2207031249988898,0.8544921874964472,-1.2512207031217804,-0.823974609370781,1.982349493423845,1.960963150346621,1.982349493423845,1.9609631503466212,6.023923163477413,2.778791021014953,-0.046049454441710526
right,-0.0023856274783611298,0.12669070065021515,-1.0070800781254718,-0.8544921875006105,-1.0070800781254718,0.7629394531256938,2.737342255459823,2.99127307145604,2.737342255459823,2.99127307145604,5.8100205762472195,3.739839417810545,0.057280026463079725
left,-0.34218981862068176,0.0850183367729187,-1.3427734374960032,0.8544921874964472,-1.312255859370337,-0.8544921874964472,1.6849560962762642,1.7406306805451026,1.6849560962762642,1.7406306805451028,6.035436997820112,2.5012158164806837,0.01848994639012585
right,-0.2551571726799011,0.08044612407684326,-1.2207031249988898,-0.8544921874992227,-1.2512207031217804,0.8544921874964472,2.0023112871353224,1.936515257018784,2.0023112871353224,1.9365152570187838,6.015394075254454,2.875961373188848,0.018132037059293508
left,-0.35657164454460144,0.06613007932901382,-1.4038085937473352,0.8850097656221133,-1.3427734374960032,-0.8544921874964472,1.5352095636889003,1.6689759852343513,1.5352095636889003,1.6689759852343513,6.034635886687644,2.421055376033106,0.0076450927589328975
right,-0.3151756823062897,0.21138861775398254,-1.281738281250222,-0.8544921874992227,-1.3732910156272202,0.823974609370781,1.7807011167874114,1.647504155981985,1.7807011167874116,1.647504155981985,6.03250478011406,2.418738049694671,0.08604206501446182
left,-0.060864754021167755,-0.10931943356990814,-1.0681152343750693,0.8544921875002636,-1.0986328124990008,-0.793457031250666,2.494149128537751,2.5409460442378538,2.494149128537751,2.5409460442378538,5.912407073923768,3.4208339105197005,-0.06141201459005844
right,-0.20211364328861237,0.07839756458997726,-1.1901855468732236,-0.8544921874992227,-1.1901855468759992,0.823974609370781,2.092982386654019,2.1441441783269144,2.092982386654019,2.1441441783269144,6.0020661962516355,2.983938248006701,0.025846945542956273
left,-0.34100571274757385,-0.057901930063962936,-1.312255859370337,0.8850097656221133,-1.3427734375015543,-0.8544921875019983,1.7213891935245302,1.702403283284945,1.7213891935245305,1.702403283284945,6.033760844964087,2.591286307057669,-0.045831761598657275
right,-0.3324877619743347,-0.060386765748262405,-1.3427734374960032,-0.8544921874964472,-1.3427734374960032,0.8544921874964472,1.673586856012754,1.6735868560127538,1.6735868560127538,1.6735868560127538,6.035089778194955,2.4439619762880507,-1.009974775274655e-17
left,-0.36267533898353577,-0.12501494586467743,-1.3427734375015543,0.8850097656276644,-1.4038085937473352,-0.8544921874964472,1.6350406950236662,1.5656924172824533,1.635040695023666,1.5656924172824533,6.033521090196668,2.423834129853564,-0.0649132704467578
right,-0.36417123675346375,-0.030390962958335876,-1.373291015621669,-0.8544921874964472,-1.373291015621669,0.8850097656221133,1.615918937933058,1.5837809827815066,1.615918937933058,1.5837809827815066,6.034404355488309,2.4203585962201846,-0.02866268226491524
left,-0.3323499262332916,0.05263090506196022,-1.3427734374960032,0.8544921874964472,-1.3427734374960032,-0.8544921874964472,1.673586856012754,1.6735868560127538,1.6735868560127538,1.6735868560127538,6.035089778194955,2.4439619762880507,1.009974775274655e-17
right,-0.028096763417124748,0.14144837856292725,-1.037597656250444,-0.8544921875006105,-1.0681152343747224,0.7629394531249999,2.593850218586725,2.7200375265218653,2.593850218586725,2.7200375265218653,5.895771852393051,3.47718785093265,0.08317881486506162
left,-0.3869459927082062,0.08597073704004288,-1.4343261718730014,0.8850097656221133,-1.373291015621669,-0.8850097656221133,1.4845775894242417,1.579888921057516,1.4845775894242417,1.579888921057516,6.033766046310738,2.4002197527311235,0.03564710504609237
right,-0.3734511137008667,0.13683989644050598,-1.3427734374960032,-0.8544921874964472,-1.4648437499986675,0.8544921874964472,1.6312767011850346,1.436875850780197,1.6312767011850346,1.436875850780197,6.024459054383429,2.2402327514446703,0.07317564674357471
left,-0.47556355595588684,0.02835216373205185,-1.5563964843701148,0.9155273437477794,-1.5258789062444487,-0.8850097656221133,1.2353853186975752,1.2945477404266075,1.2353853186975752,1.2945477404266075,6.0066641913309615,2.0494325426538462,-0.012149395412899357
right,-0.32815900444984436,0.219286248087883,-1.3122558593745004,-0.8544921874992227,-1.4038085937528864,0.8544921874964472,1.7182076073534924,1.5600140103977493,1.7182076073534922,1.5600140103977493,6.033066205689125,2.3936161289963427,0.05534283245248472
left,-0.42587384581565857,-0.0005149956559762359,-1.4648437499986675,0.8850097656221133,-1.4648437499986675,-0.8544921874964472,1.3887433557893951,1.414377543380621,1.3887433557893951,1.414377543380621,6.014844916459142,2.120440039981574,-0.02999541625087376
right,-0.39361336827278137,0.07251765578985214,-1.4038085937473352,-0.8544921874964472,-1.4343261718730014,0.8850097656221133,1.5349953424946785,1.459503768271876,1.5349953424946785,1.459503768271876,6.027607218185437,2.263932505263445,-0.011389735177283542
left,-0.42305469512939453,-0.167015939950943,-1.4038085937528864,0.8850097656276644,-1.5258789062444487,-0.9155273437477794,1.5087249876372515,1.3121469966157988,1.5087249876372515,1.3121469966157988,6.028292295866814,2.281526114380973,-0.041368080867945786
right,-0.38184496760368347,0.06655960530042648,-1.3427734374960032,-0.8544921874964472,-1.4343261718730014,0.8544921874964472,1.641386791499054,1.4916712572224249,1.641386791499054,1.4916712572224249,6.0282895672306465,2.2876239476513245,0.055086941103072384
left,-0.24701198935508728,-0.12207988649606705,-1.2207031249988898,0.8544921874992227,-1.2512207031217804,-0.8544921874964472,2.0023112871353224,1.936515257018784,2.0023112871353224,1.9365152570187838,6.015394075254454,2.875961373188848,-0.018132037059293508
right,-0.0070898039266467094,0.14528922736644745,-1.037597656250444,-0.8544921875006105,-1.037597656250444,0.7629394531256938,2.6102846194594904,2.8433195742565256,2.6102846194594904,2.8433195742565256,5.871398791615954,3.560947138418187,0.0634876262461721
left,-0.36126476526260376,0.06377623230218887,-1.373291015621669,0.8544921874964472,-1.3427734374960032,-0.8544921874964472,1.6098617828351658,1.6625374073484085,1.6098617828351656,1.6625374073484085,6.033706041828501,2.3893648433336874,0.01845903646170293
right,-0.06281816959381104,0.04877264425158501,-1.0681152343747224,-0.8544921874999166,-1.0681152343740286,0.8239746093742505,2.530536409425459,2.601764404576765,2.530536409425459,2.601764404576765,5.855288819545243,3.614115338700063,0.019798352304373566
left,-0.37062546610832214,0.07356483489274979,-1.4038085937639886,0.8544921875075494,-1.373291015621669,-0.8850097656221133,1.5551623532907326,1.5736115926916758,1.5551623532907326,1.5736115926916758,6.032443619159943,2.368031660510734,0.04704484471570497
right,-0.33691248297691345,0.15336070954799652,-1.312255859370337,-0.8850097656221133,-1.3427734375071054,0.8544921874964472,1.7213891935192964,1.7024032832761264,1.7213891935192964,1.7024032832761264,6.0337608449645534,2.59128630703098,0.0458317616073114
left,-0.3143083155155182,-0.007948799058794975,-1.312255859370337,0.8544921874964472,-1.312255859370337,-0.8544921874964472,1.7523195503336941,1.7523195503336941,1.7523195503336944,1.7523195503336944,6.0350426445602885,2.5589364160787165,-4.5898991730568443e-17
right,-0.23879122734069824,0.14968359470367432,-1.2207031249988898,-0.8544921874992227,-1.2512207031217804,0.823974609370781,1.9823494934214365,1.960963150348428,1.9823494934214367,1.960963150348428,6.0239231634766535,2.7787910210238245,0.04604945444405191
left,-0.0769474133849144,-0.04138346016407013,-1.0986328125003886,0.8544921874992227,-1.0986328124990008,-0.8544921874992227,2.4336510600311696,2.433651060034998,2.4336510600311696,2.433651060034998,5.874804731087989,3.5538942200363923,7.079146345511433e-13
right,-0.33670327067375183,-0.04360310733318329,-1.3427734374960032,-0.8544921874964472,-1.3427734374960032,0.8544921874964472,1.673586856012754,1.6735868560127538,1.6735868560127538,1.6735868560127538,6.035089778194955,2.4439619762880507,-1.009974775274655e-17
left,-0.37218794226646423,-0.08705530315637589,-1.373291015621669,0.8850097656221133,-1.4038085937473352,-0.8544921874964472,1.573611592691155,1.5551623533280665,1.573611592691155,1.5551623533280665,6.03244361915982,2.3680316605080787,-0.047044844716655924
right,-0.32644712924957275,-0.03528180345892906,-1.312255859370337,-0.8544921874964472,-1.3427734374960032,0.8544921874964472,1.740630680545102,1.684956096276263,1.740630680545102,1.684956096276263,6.035436997820108,2.5012158164806824,0.018489946390126192
left,-0.2816859483718872,-0.12071534246206284,-1.2512207031273315,0.8544921875019983,-1.312255859370337,-0.8544921874964472,1.8977335518704077,1.7766476283381436,1.8977335518704077,1.7766476283381436,6.0304175740852255,2.6828747664381565,-0.036800627646737576
right,-0.26773932576179504,0.04289565607905388,-1.2512207031217804,-0.8544921874964472,-1.2512207031217804,0.8544921874964472,1.9232941792913125,1.923294179291312,1.9232941792913123,1.923294179291312,6.022038898192453,2.8086130256799047,3.349720032706672e-16
left,-0.3227619528770447,0.06294935941696167,-1.312255859370337,0.8544921874964472,-1.312255859370337,-0.8544921874964472,1.7523195503336941,1.7523195503336941,1.7523195503336944,1.7523195503336944,6.0350426445602885,2.5589364160787165,-4.5898991730568443e-17
right,0.141957089304924,0.04807169735431671,-0.9155273437477794,-0.8544921874992227,-0.9460449218741395,0.8239746093742505,3.1545111085573656,3.1433116608295837,3.1545111085573656,3.1433116608295837,5.457347728069491,4.437389699597912,0.017543762055947196
left,-0.2963128983974457,0.03956468775868416,-1.2817382812474465,0.823974609370781,-1.2817382812474465,-0.8544921874964472,1.8565482552682389,1.8164736265233206,1.856548255268239,1.8164736265233206,6.034235096959858,2.586784773747555,0.028728752694165888
right,-0.32412078976631165,0.12765169143676758,-1.312255859370337,-0.8544921874964472,-1.3427734374960032,0.8544921874964472,1.740630680545102,1.684956096276263,1.740630680545102,1.684956096276263,6.035436997820108,2.5012158164806824,0.018489946390126192
left,-0.46870338916778564,0.017841432243585587,-1.5563964843701148,0.8850097656221133,-1.4953613281243336,-0.8850097656221133,1.2514700225033395,1.3286736019245307,1.2514700225033395,1.3286736019245307,6.002577810295585,2.020877588661093,0.0345716486286056
right,-0.43871501088142395,0.1836736798286438,-1.4648437500042186,-0.8544921875019983,-1.586914062501332,0.9155273437588817,1.3948631659719593,1.1951546771694626,1.3948631659719593,1.1951546771694626,6.002805178509613,2.0202360410248086,0.009550525501447213
left,0.08525129407644272,-0.05892138183116913,-0.9460449218734456,0.8544921874992227,-0.9460449218748334,-0.7934570312499721,3.0192434349040234,3.2184360378099677,3.0192434349040234,3.2184360378099677,5.582729329604209,4.230765266828083,-0.02481402365091886
right,-0.47610583901405334,-0.09953775256872177,-1.617431640615896,-0.9155273437477794,-1.4953613281243336,0.8850097656221133,1.1598074810295258,1.32687413544321,1.1598074810295258,1.32687413544321,6.001185638244795,2.0114033304359484,-0.03855140100765787
left,-0.48670750856399536,-0.059633608907461166,-1.5563964843701148,0.8850097656221133,-1.5869140624902298,-0.9460449218734456,1.2542322433144952,1.1779174301511788,1.2542322433144952,1.1779174301511788,6.004559617424468,2.036604999557298,0.0407857909227019
right,-0.5069648027420044,-0.062065478414297104,-1.647949218741562,-0.9155273437477794,-1.556396484381217,0.9155273437588817,1.1189916605606323,1.21967214413437,1.1189916605606323,1.21967214413437,5.993383870534813,1.9602453561890076,-0.04966919352914955
left,-0.1631871461868286,-0.16184556484222412,-1.159667968750333,0.8544921874992227,-1.1901855468759992,-0.7934570312451149,2.1589092600800046,2.1893717940234843,2.1589092600800046,2.1893717940234843,6.004701806486238,2.9547141796362544,-0.0717644147534725
right,-0.5387160778045654,-0.034573618322610855,-1.7089843750039966,-0.9765625000102139,-1.647949218741562,0.9155273437477794,1.0174990822693333,1.1092233182167481,1.0174990822693333,1.1092233182167481,5.984094289968226,1.9001029866336128,0.024602357253811227
left,-0.2442595213651657,-0.0921347439289093,-1.2207031249988898,0.8544921874992227,-1.2207031249988898,-0.8544921874964472,2.0158093573117903,2.0158093573160962,2.0158093573117903,2.0158093573160962,6.007580033869376,2.9437142165864314,-2.338433055512098e-12
right,-0.4209468960762024,0.03499126061797142,-1.4343261718730014,-0.8850097656221133,-1.4648437499986675,0.8544921874964472,1.441171980736875,1.4234373514397463,1.441171980736875,1.4234373514397463,6.019276159955276,2.1681194373511583,0.04770011586127045
left,-0.2057277113199234,-0.05705806612968445,-1.1901855468759992,0.8544921875019983,-1.1901855468759992,-0.823974609370781,2.0929823866434694,2.144144178327444,2.0929823866434694,2.144144178327444,6.00206619625127,2.9839382480092858,-0.025846945543585974
right,-0.11620831489562988,0.04496793821454048,-1.129150390623973,-0.8239746093742505,-1.0986328124990008,0.8544921874992227,2.378157619707472,2.3987378298780166,2.378157619707472,2.3987378298780166,5.927367144161707,3.3660674126674763,-0.03925363573171179
left,-0.33072200417518616,0.04142015799880028,-1.3427734374960032,0.8544921874964472,-1.3427734374960032,-0.8544921874964472,1.673586856012754,1.6735868560127538,1.6735868560127538,1.6735868560127538,6.035089778194955,2.4439619762880507,1.009974775274655e-17
right,-0.2294718623161316,0.03430907055735588,-1.2207031250016653,-0.8544921875019983,-1.2207031249988898,0.8544921874964472,2.0158093573018627,2.015809357316627,2.0158093573018627,2.015809357316627,6.007580033869033,2.943714216589132,3.0402254123808044e-12
left,-0.3492823541164398,0.07451502978801727,-1.3427734375015543,0.8544921875019983,-1.3427734375015543,-0.8850097656276644,1.6909625000917048,1.656254231273823,1.6909625000917046,1.656254231273823,6.035167343857386,2.531916283618444,0.028046405868551987
right,-0.37890318036079407,0.032280053943395615,-1.3732910156272202,-0.8544921875019983,-1.373291015621669,0.8544921874964472,1.5991309868935295,1.5991309869086483,1.5991309868935295,1.5991309869086483,6.031692490860981,2.335233043372953,2.0345664377064573e-12
left,-0.3695625364780426,0.07718326151371002,-1.4038085937639886,0.8850097656332155,-1.3427734374960032,-0.8544921874964472,1.5352095636521885,1.6689759852346884,1.5352095636521885,1.6689759852346886,6.034635886687686,2.4210553760347664,0.007645092758376332
right,-0.404608815908432,0.08442516624927521,-1.4038085937528864,-0.8544921875019983,-1.4648437499986675,0.8850097656221133,1.5253508150203272,1.4065238040036334,1.5253508150203272,1.4065238040036334,6.024048821083047,2.215394338724081,0.006305719343875683
left,-0.4052158296108246,0.07376594841480255,-1.4648437499986675,0.8544921874964472,-1.4038085937473352,-0.8850097656221133,1.4327822219171669,1.4962568485915089,1.4327822219171669,1.4962568485915089,6.023058417158909,2.2180874567767304,0.06551605627300167
right,-0.34343335032463074,0.15823104977607727,-1.3122558593758882,-0.8544921875019983,-1.4038085937528864,0.8544921874964472,1.7182076073487471,1.5600140103987763,1.7182076073487473,1.5600140103987763,6.033066205689236,2.393616129001778,0.05534283245422753
left,-0.46534428000450134,0.015536024235188961,-1.5258789062444487,0.9155273437477794,-1.4953613281354359,-0.8850097656332155,1.287454506714438,1.350199050812375,1.287454506714438,1.350199050812375,6.016776140600849,2.1366648914214807,-0.011687082074919631
right,-0.2955492436885834,0.12393207103013992,-1.2817382812488343,-0.8850097656235011,-1.3122558593758882,0.8544921875019983,1.8014284836966745,1.782271629323178,1.8014284836966745,1.7822716293231777,6.028581492470736,2.7122928874377887,0.04496877214430004
left,-0.14348530769348145,-0.09443901479244232,-1.0986328125003886,0.8544921875006105,-1.1291503906232792,-0.8239746093749444,2.398737829872329,2.378157619709004,2.398737829872329,2.378157619709004,5.927367144160383,3.366067412672772,-0.03925363573094491
right,-0.42880892753601074,-0.05498598515987396,-1.4648437499986675,-0.8850097656221133,-1.4648437499986675,0.8850097656221133,1.4033777118784527,1.4033777118784523,1.4033777118784527,1.4033777118784523,6.02264376014857,2.198369532231389,8.08037423610792e-16
left,-0.4323522746562958,-0.0742378756403923,-1.4648437499986675,0.8544921874964472,-1.4648437499986675,-0.8544921874964472,1.3994911561589294,1.3994911561589296,1.3994911561589294,1.3994911561589296,6.0059644724881425,2.0436962440972715,4.2557837660206133e-16
right,-0.42295676469802856,-0.05348016321659088,-1.4648437499986675,-0.8850097656221133,-1.4343261718730014,0.8850097656221133,1.412272898602975,1.4562617265933255,1.412272898602975,1.4562617265933255,6.02636385002269,2.2467576151474855,-0.017695928449111074
left,-0.454166978597641,-0.13449311256408691,-1.4648437499986675,0.8544921874964472,-1.5869140624902298,-0.9155273437477794,1.3948631659811705,1.1951546771864383,1.3948631659811705,1.1951546771864383,6.00280517850733,2.0202360410082347,-0.00955052550355951
right,-0.45723697543144226,-0.02349294163286686,-1.4953613281243336,-0.8850097656221133,-1.4953613281243336,0.8850097656221133,1.344648829159729,1.3446488291597287,1.344648829159729,1.3446488291597287,6.013553289341986,2.1063716436102147,4.6241701602754564e-17
left,-0.2855647802352905,0.007977399975061417,-1.281738281250222,0.8544921875019983,-1.281738281244671,-0.8544921874964472,1.835504380389385,1.8355043804077293,1.835504380389385,1.8355043804077293,6.030927835051257,2.680412371139696,-1.6747836924044273e-12
right,0.3306436538696289,0.08923336863517761,-0.7629394531222243,-0.8850097656221133,-0.7934570312492782,0.7934570312492782,3.642272130282634,3.9493867921357304,3.6422721302826337,3.949386792135731,4.606512890093941,5.339213025780962,-0.027137042062549674
left,-0.3468649387359619,0.060103822499513626,-1.3427734374960032,0.8544921874964472,-1.3427734374960032,-0.8544921874964472,1.673586856012754,1.6735868560127538,1.6735868560127538,1.6735868560127538,6.035089778194955,2.4439619762880507,1.009974775274655e-17
right,-0.34856119751930237,0.05363686382770538,-1.3427734374960032,-0.8544921874964472,-1.3732910156272202,0.8544921875019983,1.6625374073496109,1.6098617828211093,1.6625374073496109,1.6098617828211093,6.033706041828704,2.389364843339574,0.018459036459668583
left,-0.4186732769012451,0.032459717243909836,-1.4648437499986675,0.8544921874964472,-1.4648437499986675,-0.8544921874964472,1.3994911561589294,1.3994911561589296,1.3994911561589294,1.3994911561589296,6.0059644724881425,2.0436962440972715,4.2557837660206133e-16
right,-0.4099876582622528,0.23829112946987152,-1.4038085937473352,-0.8544921874964472,-1.5869140624902298,0.8544921874964472,1.4743924043790853,1.2258423086945816,1.4743924043790853,1.2258423086945816,5.992587590891527,1.9715950032995553,0.1063486704489777
left,0.09169866889715195,-0.1074785441160202,-0.9460449218734456,0.8544921874992227,-0.9460449218749851,-0.7934570312499939,3.0192434349039696,3.218436037809235,3.0192434349039696,3.218436037809235,5.58272932960443,4.230765266827694,-0.024814023650971528
right,-0.2168751358985901,0.1022249087691307,-1.1901855468732236,-0.8544921874992227,-1.2207031249988898,0.823974609370781,2.07883963145006,2.0574174969949897,2.07883963145006,2.0574174969949897,6.010553869057539,2.914730111461012,0.044779834148308155
left,-0.2544890344142914,-0.036981865763664246,-1.2512207031217804,0.8544921874964472,-1.2512207031217804,-0.8544921874964472,1.9232941792913125,1.923294179291312,1.9232941792913123,1.923294179291312,6.022038898192453,2.8086130256799047,-3.349720032706672e-16
right,-0.33757004141807556,-0.0799708440899849,-1.3427734374960032,-0.8544921874964472,-1.3427734374960032,0.8544921874964472,1.673586856012754,1.6735868560127538,1.6735868560127538,1.6735868560127538,6.035089778194955,2.4439619762880507,-1.009974775274655e-17
left,-0.37185990810394287,-0.0792674794793129,-1.3732910156272202,0.8850097656276644,-1.4038085937639886,-0.8544921875075494,1.573611592677949,1.5551623532917747,1.573611592677949,1.5551623532917747,6.0324436191601,2.3680316605162055,-0.047044844717498376
right,-0.413817435503006,-0.08796863257884979,-1.4648437499986675,-0.8544921874964472,-1.4038085937473352,0.8850097656221133,1.4327822219171669,1.4962568485915089,1.4327822219171669,1.4962568485915089,6.023058417158909,2.2180874567767304,-0.06551605627300167
left,-0.322842538356781,-0.1990746110677719,-1.3122558593745004,0.8544921874992227,-1.4038085937528864,-0.823974609370781,1.7000990794342918,1.573413313231538,1.7000990794342918,1.573413313231538,6.028288759927486,2.309583112232485,-0.08637081515850836
right,-0.2996973693370819,0.02564883604645729,-1.281738281244671,-0.8544921874964472,-1.312255859370337,0.8544921874964472,1.82318330731562,1.7643262692883617,1.8231833073156198,1.7643262692883617,6.033419283078059,2.619444865765174,0.018453915769730912
left,-0.37727537751197815,-0.15902210772037506,-1.3732910156272202,0.8850097656276644,-1.4343261718730014,-0.8850097656221133,1.5798889210437277,1.4845775894252304,1.5798889210437277,1.4845775894252304,6.033766046310857,2.400219752736622,-0.03564710504788482
right,-0.4373047351837158,0.009732126258313656,-1.4648437499986675,-0.8544921874964472,-1.4648437499986675,0.8850097656221133,1.4143775433806207,1.3887433557893951,1.4143775433806207,1.3887433557893951,6.0148449164591415,2.1204400399815735,-0.02999541625087431
left,-0.26439905166625977,-0.18416815996170044,-1.251220703124556,0.8850097656235011,-1.2817382812529976,-0.8239746093763322,1.8669363581305107,1.8886536282300712,1.8669363581305105,1.888653628230071,6.025568599094254,2.7445349583091354,-0.07269355970551954
right,-0.42573076486587524,0.18372374773025513,-1.4343261718785525,-0.8544921875019983,-1.556396484381217,0.9155273437588817,1.4567330439576005,1.2453590404280934,1.4567330439576005,1.2453590404280934,6.01364500662091,2.107491570408578,0.010860482208761107
left,-0.36185112595558167,-0.1131550744175911,-1.3427734374960032,0.8544921874964472,-1.4038085937473352,-0.8544921874964472,1.6518053437539684,1.5492794948288047,1.6518053437539684,1.5492794948288047,6.0314038363601545,2.3372941775508456,-0.036835851299534046
right,-0.3034907281398773,0.21141831576824188,-1.281738281250222,-0.8544921874992227,-1.3427734375071054,0.8544921874964472,1.8111759705933517,1.6966457253848106,1.8111759705933514,1.6966457253848106,6.034616880591526,2.5612602100085793,0.036950602885109145
left,-0.03792058303952217,-0.06711883842945099,-1.0375976562497502,0.8544921874999166,-1.0375976562490563,-0.7934570312492782,2.6317314238019813,2.786877162763791,2.6317314238019813,2.786877162763791,5.833722209616292,3.676122425389705,-0.03893757572391001
right,-0.4515068233013153,-0.026368556544184685,-1.5258789062444487,-0.9155273437477794,-1.4648437499986675,0.8544921874964472,1.2819013487148962,1.4114198787619332,1.2819013487148962,1.4114198787619332,6.013237659284379,2.1050352591816,0.02412470617728286
left,-0.3958679437637329,-0.0731687918305397,-1.373291015621669,0.8544921874964472,-1.4343261718730014,-0.8850097656221133,1.5951436603867184,1.4691011613171556,1.5951436603867184,1.4691011613171556,6.03069586456566,2.3153672985662297,-0.006981314353711866
right,-0.36238205432891846,-0.025756090879440308,-1.3732910156272202,-0.8544921875019983,-1.3427734374960032,0.8544921874964472,1.6098617828211093,1.6625374073496113,1.6098617828211093,1.662537407349611,6.0337060418287045,2.3893648433395747,-0.01845903645966897
left,-0.45713233947753906,-0.1334017515182495,-1.4648437499986675,0.8544921874964472,-1.5869140624902298,-0.9155273437477794,1.3948631659811705,1.1951546771864383,1.3948631659811705,1.1951546771864383,6.00280517850733,2.0202360410082347,-0.00955052550355951
right,-0.37494078278541565,0.025226548314094543,-1.373291015621669,-0.8544921874964472,-1.373291015621669,0.8544921874964472,1.5991309869074821,1.5991309869074808,1.5991309869074821,1.5991309869074808,6.03169249086071,2.335233043367118,1.5576937106099421e-15
left,-0.3193991482257843,0.04880751669406891,-1.3427734374960032,0.8544921874964472,-1.312255859370337,-0.8544921874964472,1.6849560962762642,1.7406306805451026,1.6849560962762642,1.7406306805451028,6.035436997820112,2.5012158164806837,0.01848994639012585
right,0.36913755536079407,0.17070335149765015,-0.7324218750048849,-0.9460449218789967,-0.7629394531249999,0.7324218749993338,3.4541773803209805,4.420541743224453,3.4541773803209805,4.420541743224453,4.426059090166079,5.462855572448262,-0.07675688243047521
left,-0.292637437582016,0.0538688525557518,-1.312255859370337,0.8544921874964472,-1.2817382812474465,-0.8544921874964472,1.7643262692872548,1.8231833073090105,1.7643262692872548,1.8231833073090105,6.033419283078266,2.6194448657595397,0.018453915768057105
right,-0.31695377826690674,0.10266955196857452,-1.2817382812529976,-0.8544921875019983,-1.3427734375015543,0.8544921875019983,1.811175970590419,1.6966457253941711,1.8111759705904187,1.6966457253941711,6.034616880591178,2.561260210037959,0.03695060287729684
left,-0.411850243806839,0.012484638020396233,-1.4648437499986675,0.8544921874964472,-1.4343261718730014,-0.8850097656221133,1.4234373514397456,1.4411719807368744,1.4234373514397456,1.4411719807368744,6.0192761599552735,2.168119437351157,0.04770011586127055
right,-0.44246143102645874,0.23388299345970154,-1.4648437499986675,-0.8544921874964472,-1.647949218741562,0.9155273437477794,1.3792879326837824,1.1161533375657622,1.3792879326837824,1.1161533375657622,5.990809322526759,1.9426455190585985,0.04246325667455679
left,0.17141355574131012,-0.09363938122987747,-0.8850097656262766,0.8544921875019983,-0.9155273437491672,-0.7934570312492782,3.2780116153367005,3.379929489182617,3.2780116153367005,3.3799294891826164,5.400501479175817,4.5213787268095516,-0.02365599396249279
right,-0.295950323343277,-0.005330358166247606,-1.281738281244671,-0.8544921874964472,-1.2817382812474465,0.8544921874964472,1.8355043804054598,1.8355043803999567,1.8355043804054598,1.8355043803999567,6.030927835051837,2.6804123711283445,1.6743144496868801e-12
left,-0.3825509548187256,-0.048109982162714005,-1.373291015621669,0.8544921874964472,-1.4038085937473352,-0.8544921874964472,1.5887164974069163,1.538863669383606,1.5887164974069163,1.538863669383606,6.02881091799284,2.2836242343703095,-0.018371623536064353
right,-0.31340593099594116,-0.029915280640125275,-1.3427734374960032,-0.8544921874964472,-1.312255859370337,0.8544921874964472,1.6849560962762642,1.7406306805451026,1.6849560962762642,1.7406306805451028,6.035436997820112,2.5012158164806837,-0.01848994639012585
left,-0.4460672438144684,-0.15742707252502441,-1.4648437499986675,0.8544921874964472,-1.5869140624902298,-0.9155273437477794,1.3948631659811705,1.1951546771864383,1.3948631659811705,1.1951546771864383,6.00280517850733,2.0202360410082347,-0.00955052550355951
right,-0.4058903157711029,0.006993826944380999,-1.4343261718730014,-0.8544921874964472,-1.4038085937473352,0.8850097656221133,1.4874514073566758,1.505560386276642,1.4874514073566758,1.505560386276642,6.027096823035757,2.2652914637777326,-0.047433658700583727
left,-0.2738925814628601,0.036416977643966675,-1.2512207031217804,0.8544921874964472,-1.2512207031217804,-0.8544921874964472,1.9232941792913125,1.923294179291312,1.9232941792913123,1.923294179291312,6.022038898192453,2.8086130256799047,-3.349720032706672e-16
right,0.3116530776023865,0.08847133815288544,-0.7934570312451149,-0.8544921874964472,-0.7934570312520538,0.7934570312520538,3.672167660775779,3.9655064975224668,3.6721676607757785,3.9655064975224668,4.8084815321424275,5.177838577295965,-0.00683994528080525
left,-0.28119704127311707,0.04337087646126747,-1.281738281244671,0.8544921874964472,-1.2512207031217804,-0.8544921874964472,1.8481341927095152,1.9103634576120356,1.8481341927095152,1.9103634576120356,6.026988558603247,2.744292987349995,0.018339081402438017
right,-0.318175733089447,0.0767023116350174,-1.312255859370337,-0.8544921874964472,-1.3427734374960032,0.8544921874964472,1.740630680545102,1.684956096276263,1.740630680545102,1.684956096276263,6.035436997820108,2.5012158164806824,0.018489946390126192
left,-0.36616989970207214,0.01472445484250784,-1.3732910156272202,0.8850097656276644,-1.3427734375015543,-0.8544921875019983,1.5942463901122002,1.6798199095832311,1.5942463901122002,1.679819909583231,6.035417583722908,2.4752132810762584,-0.010201158460483303
right,-0.44490912556648254,0.2557092308998108,-1.4343261718785525,-0.8850097656276644,-1.6784667968672282,0.9155273437477794,1.4130574097127668,1.0980446113839768,1.4130574097127668,1.0980446113839768,6.000538140048025,2.027136675842458,0.10637905511845971
left,0.11289531737565994,-0.14678987860679626,-0.9460449218734456,0.8850097656235011,-0.9765624999999791,-0.7324218750000276,2.8914394536816292,3.2564836846980802,2.8914394536816292,3.2564836846980802,5.693466037613905,4.011611624550307,-0.09166505094891866
right,-0.209583580493927,0.0532003678381443,-1.1901855468732236,-0.8544921874992227,-1.2207031249988898,0.8544921874964472,2.099127636595653,2.0295676184394265,2.099127636595653,2.0295676184394265,5.99779312009889,3.014595322246921,0.017817734290200758
left,-0.2872235178947449,-0.04198748245835304,-1.2512207031217804,0.8544921874964472,-1.281738281244671,-0.8544921874964472,1.9103634576120374,1.8481341927095165,1.9103634576120374,1.8481341927095165,6.026988558603251,2.744292987349997,-0.018339081402438697
right,-0.28803929686546326,-0.05297805741429329,-1.281738281244671,-0.8544921874964472,-1.2512207031273315,0.8544921875019983,1.848134192710596,1.9103634575936999,1.8481341927105963,1.9103634575936996,6.026988558602854,2.7442929873555193,-0.018339081403980374
left,-0.1718445122241974,-0.193169966340065,-1.1596679687496392,0.8544921874999166,-1.2207031249988898,-0.7934570312451149,2.1443963202905985,2.099171793334262,2.1443963202905985,2.099171793334262,6.011857796298719,2.887329875849177,-0.09173436065768659
right,-0.34921860694885254,-0.07812432199716568,-1.373291015621669,-0.8544921874964472,-1.3122558593758882,0.8850097656276644,1.637889564287687,1.7103463888640908,1.637889564287687,1.710346388864091,6.0341850302000175,2.535531978527298,-0.06431815766960972
left,-0.08980611711740494,-0.01937921717762947,-1.0986328124990008,0.8544921874992227,-1.0986328124990008,-0.8239746093742505,2.4139879136734543,2.4795530175016225,2.4139879136734543,2.4795530175016225,5.906474820143882,3.446043165467623,-0.021582733812949208
right,-0.34910687804222107,0.021786198019981384,-1.3427734374960032,-0.8544921874964472,-1.3427734374960032,0.8544921874964472,1.673586856012754,1.6735868560127538,1.6735868560127538,1.6735868560127538,6.035089778194955,2.4439619762880507,-1.009974775274655e-17
left,-0.2255711853504181,0.030340129509568214,-1.2207031249988898,0.8544921874964472,-1.2207031249988898,-0.8544921874992227,2.0158093573160962,2.01580935731179,2.0158093573160962,2.01580935731179,6.007580033869375,2.943714216586431,2.3381730971783852e-12
right,-0.20780885219573975,0.034221943467855453,-1.1901855468732236,-0.8239746093749444,-1.2207031249988898,0.8544921874964472,2.129470329857368,2.009776947226573,2.129470329857368,2.009776947226573,6.011284410264395,2.9132226454823673,-0.008026066744742124
left,-0.20507483184337616,0.04119044169783592,-1.1901855468759992,0.823974609370781,-1.1901855468732236,-0.8544921874992227,2.1441441783269153,2.092982386654019,2.1441441783269153,2.092982386654019,6.002066196251636,2.9839382480067016,0.02584694554295527
right,-0.20973201096057892,0.02810610644519329,-1.1901855468759992,-0.8544921875019983,-1.1901855468759992,0.823974609370781,2.0929823866434694,2.144144178327444,2.0929823866434694,2.144144178327444,6.00206619625127,2.9839382480092858,0.025846945543585974
left,-0.14085660874843597,0.07020101696252823,-1.1291503906232792,0.8239746093749444,-1.129150390623973,-0.8544921874992227,2.3624342187405403,2.3020840645223317,2.3624342187405403,2.3020840645223317,5.94717034117438,3.284819845151013,0.02317811019975044
right,-0.2287774533033371,0.009225020185112953,-1.2207031249988898,-0.8544921874992227,-1.2207031249988898,0.8544921874964472,2.0158093573117903,2.0158093573160962,2.0158093573117903,2.0158093573160962,6.007580033869376,2.9437142165864314,2.338433055512098e-12
left,-0.19565032422542572,0.08675887435674667,-1.1901855468759992,0.823974609370781,-1.1901855468759992,-0.8544921875019983,2.1441441783274433,2.092982386643469,2.1441441783274433,2.092982386643469,6.002066196251268,2.983938248009285,0.025846945543585804
right,-0.40312978625297546,0.04086240008473396,-1.4038085937473352,-0.8544921874964472,-1.4343261718730014,0.8544921874964472,1.518969494992566,1.4717713115519517,1.518969494992566,1.4717713115519517,6.02126333732276,2.1837100315013935,0.01823684530980927
left,-0.4078003466129303,0.0860302746295929,-1.4648437499986675,0.8544921874964472,-1.4038085937528864,-0.8850097656276644,1.432782221918179,1.49625684857876,1.432782221918179,1.49625684857876,6.023058417159276,2.218087456782186,0.06551605627490627
right,-0.4428495168685913,0.08910301327705383,-1.4648437499986675,-0.8850097656221133,-1.5258789062499998,0.8850097656221133,1.3863780925895703,1.3050461242705615,1.3863780925895703,1.3050461242705615,6.013391945508274,2.1080372541813226,0.03494454984598813
left,-0.44867759943008423,0.0861046090722084,-1.5563964843701148,0.8850097656221133,-1.4648437500042186,-0.8850097656276644,1.259335526266757,1.3782616474904403,1.259335526266757,1.3782616474904403,6.008005272257642,2.06587763794686,0.05213820373768149
right,-0.33583807945251465,0.18760406970977783,-1.3427734375015543,-0.8544921875019983,-1.4038085937528864,0.8544921874964472,1.6518053437373104,1.5492794948191595,1.6518053437373106,1.5492794948191595,6.031403836359883,2.33729417754731,0.036835851304789786
left,-0.34662574529647827,-0.047325536608695984,-1.3427734375015543,0.8544921875019983,-1.3427734374960032,-0.8544921874964472,1.6735868559978024,1.6735868560139189,1.6735868559978022,1.6735868560139189,6.035089778195047,2.443961976293861,-1.9215543702999074e-12
right,-0.25404784083366394,0.13350392878055573,-1.2207031250016653,-0.8544921875019983,-1.2512207031217804,0.823974609370781,1.9823494934116996,1.9609631503489704,1.9823494934116996,1.9609631503489706,6.023923163476426,2.7787910210264863,0.046049454444754445
left,-0.0750250443816185,-0.07260556519031525,-1.0986328124996947,0.8544921874999166,-1.0681152343747224,-0.8239746093749444,2.4292823949978106,2.585930082699706,2.4292823949978106,2.585930082699706,5.882339864243666,3.5294335595944366,-0.004668464890170338
right,-0.39995139837265015,-0.0269329696893692,-1.4648437499986675,-0.8544921874964472,-1.4038085937473352,0.8850097656221133,1.4327822219171669,1.4962568485915089,1.4327822219171669,1.4962568485915089,6.023058417158909,2.2180874567767304,-0.06551605627300167
left,-0.3816372752189636,-0.09933540970087051,-1.3427734374960032,0.8544921874964472,-1.4648437499986675,-0.8544921874964472,1.6312767011850346,1.436875850780197,1.6312767011850346,1.436875850780197,6.024459054383429,2.2402327514446703,-0.07317564674357471
right,-0.3747415244579315,-0.039535652846097946,-1.4038085937473352,-0.8544921874964472,-1.3427734374960032,0.8544921874964472,1.5492794948288047,1.6518053437539681,1.5492794948288047,1.6518053437539681,6.0314038363601545,2.3372941775508456,-0.036835851299534136
left,-0.4084168076515198,-0.11847684532403946,-1.4038085937473352,0.8850097656221133,-1.4953613281243336,-0.8850097656221133,1.5026426691136046,1.3705473080071142,1.5026426691136046,1.3705473080071142,6.025914078908474,2.250403883627394,-0.05306452132418386
right,-0.45139801502227783,-0.002841588342562318,-1.4648437499986675,-0.8850097656221133,-1.4953613281243336,0.9155273437477794,1.4089801624691207,1.3423940051379832,1.4089801624691207,1.3423940051379832,6.025078055128803,2.228754499225994,-0.011193381062089433
left,-0.3534986972808838,0.046564873307943344,-1.373291015621669,0.8544921874964472,-1.3427734375015543,-0.8544921875019983,1.6098617828362984,1.6625374073335677,1.6098617828362982,1.6625374073335677,6.033706041828663,2.3893648433394503,0.018459036463624155
right,0.0878714770078659,0.07105482369661331,-0.9460449218762211,-0.8544921875019983,-0.9460449218751803,0.7934570312501457,3.0192434348855217,3.2184360378080754,3.0192434348855217,3.2184360378080754,5.582729329603926,4.230765266828591,0.02481402365105694
left,-0.3636114001274109,0.06019486114382744,-1.373291015621669,0.8544921874964472,-1.3427734374960032,-0.8544921874964472,1.6098617828351658,1.6625374073484085,1.6098617828351656,1.6625374073484085,6.033706041828501,2.3893648433336874,0.01845903646170293
right,-0.3611040413379669,0.1247444897890091,-1.3427734374960032,-0.8850097656221133,-1.4038085937528864,0.8544921874964472,1.6350406950363774,1.5656924172706161,1.6350406950363774,1.5656924172706161,6.033521090196287,2.423834129838812,0.06491327044841565
left,-0.441455215215683,0.007401864044368267,-1.4648437499986675,0.8544921874964472,-1.4648437499986675,-0.8850097656221133,1.4143775433806207,1.3887433557893951,1.4143775433806207,1.3887433557893951,6.0148449164591415,2.1204400399815735,0.02999541625087431
right,-0.4184805154800415,0.2266601026058197,-1.4038085937528864,-0.8544921875019983,-1.5869140624902298,0.8544921874964472,1.474392404366555,1.2258423086955426,1.474392404366555,1.2258423086955426,5.992587590892233,1.9715950033050953,0.10634867045112717
left,0.1712552160024643,-0.07295840978622437,-0.8544921874992227,0.8544921874992227,-0.9155273437491672,-0.7934570312492782,3.4066290991610115,3.389336565662732,3.4066290991610115,3.389336565662732,5.328282828282829,4.621212121212122,-0.02525252525252578
right,-0.31016430258750916,-0.01685553789138794,-1.312255859370337,-0.8544921874964472,-1.312255859370337,0.8544921874964472,1.7523195503336941,1.7523195503336941,1.7523195503336944,1.7523195503336944,6.0350426445602885,2.5589364160787165,4.5898991730568443e-17
left,-0.3749924898147583,-0.07608593255281448,-1.373291015621669,0.8544921874964472,-1.4038085937528864,-0.8544921874964472,1.5887164974050505,1.5388636693729185,1.5887164974050505,1.5388636693729185,6.028810917992245,2.2836242343611435,-0.018371623539395754
right,-0.34567883610725403,-0.05287730693817139,-1.3427734374960032,-0.8544921874964472,-1.3427734374960032,0.8544921874964472,1.673586856012754,1.6735868560127538,1.6735868560127538,1.6735868560127538,6.035089778194955,2.4439619762880507,-1.009974775274655e-17
left,-0.44467440247535706,-0.1378968060016632,-1.4343261718730014,0.8850097656221133,-1.586914062501332,-0.8850097656332155,1.422229439908816,1.223638869303433,1.422229439908816,1.223638869303433,6.0074257993622275,2.072355940992762,-0.08684705166000575
right,-0.41840073466300964,0.00791903119534254,-1.4343261718785525,-0.8850097656276644,-1.4343261718730014,0.8850097656221133,1.4654263637292997,1.4654263637425842,1.4654263637292997,1.4654263637425842,6.02961860130765,2.2955677880004375,2.0041948363840842e-12
left,-0.2849486768245697,0.023194804787635803,-1.281738281244671,0.8544921874964472,-1.281738281250222,-0.8544921875019983,1.8355043804077291,1.835504380389384,1.8355043804077291,1.8355043803893838,6.030927835051254,2.6804123711396945,1.6740551964629116e-12
right,0.2994401454925537,0.04986109212040901,-0.7934570312478905,-0.8850097656221133,-0.8239746093749444,0.8239746093749444,3.528563338831617,3.671351567199073,3.528563338831617,3.6713515671990735,4.714097929676298,5.256325994083467,-0.01478803812011623
left,-0.28818121552467346,0.04488857090473175,-1.281738281244671,0.8544921874964472,-1.2512207031273315,-0.8544921875019983,1.848134192710596,1.9103634575936999,1.8481341927105963,1.9103634575936996,6.026988558602854,2.7442929873555193,0.018339081403980374
right,-0.36004379391670227,0.10979549586772919,-1.3427734374960032,-0.8850097656221133,-1.4038085937639886,0.8850097656332155,1.6517681854140374,1.5512209167321764,1.6517681854140374,1.5512209167321764,6.035162756976896,2.5087165040151445,0.035695267482297705
left,-0.3843964636325836,-0.020364919677376747,-1.4038085937473352,0.8850097656221133,-1.4038085937473352,-0.8544921874964472,1.5151505207086706,1.5449310654267365,1.5151505207086706,1.5449310654267365,6.030437197757828,2.3147720314489386,-0.02918726052842218
right,-0.4320622682571411,0.23647353053092957,-1.4038085937473352,-0.8850097656221133,-1.617431640615896,0.9155273437477794,1.4831177520519365,1.182415527861978,1.4831177520519365,1.182415527861978,6.016048026324146,2.152729783708378,0.09167789662412497
left,0.1298399716615677,-0.22337429225444794,-0.9765624999991117,0.9460449218734456,-0.9765624999998056,-0.7324218749993338,2.6394833431722846,3.2746090226178124,2.6394833431722846,3.2746090226178124,5.64011799410247,4.11897738445984,-0.09636184857462644
right,-0.34112322330474854,-0.08326873183250427,-1.3427734374960032,-0.8544921874964472,-1.3122558593758882,0.8544921875019983,1.6849560962773873,1.7406306805291876,1.684956096277387,1.7406306805291876,6.0354369978200895,2.5012158164863965,-0.01848994639192709
left,-0.38692450523376465,-0.031733833253383636,-1.4038085937528864,0.8850097656276644,-1.4038085937473352,-0.8544921874964472,1.5151505206957436,1.544931065427812,1.5151505206957436,1.544931065427812,6.030437197758086,2.314772031454486,-0.029187260530322917
right,-0.2527409791946411,-0.07485309988260269,-1.220703125004441,-0.8544921875019983,-1.2207031249988898,0.8544921874992227,2.0158093572962428,2.0158093573128535,2.0158093572962428,2.0158093573128535,6.007580033868695,2.943714216591835,-9.347093804070173e-13
left,-0.45533767342567444,-0.1296650767326355,-1.4648437499986675,0.8850097656221133,-1.5869140624902298,-0.9155273437477794,1.3841891886018847,1.207900942892626,1.3841891886018847,1.207900942892626,6.012000180850162,2.0966063777028405,-0.039549432349820564
right,-0.2608087956905365,0.021951498463749886,-1.2207031249988898,-0.8544921874964472,-1.2512207031217804,0.8544921874964472,2.0023112871378044,1.9365152570170474,2.0023112871378044,1.9365152570170472,6.0153940752554345,2.8759613731798948,0.01813203705695539
left,-0.29265961050987244,0.01008536759763956,-1.281738281250222,0.8544921875019983,-1.2817382812474465,-0.8544921874964472,1.8355043803882503,1.8355043804010927,1.8355043803882503,1.8355043804010927,6.030927835051549,2.6804123711340213,-3.3476959351539757e-12
right,0.5193050503730774,0.1716599017381668,-0.6103515624911182,-0.9765624999991117,-0.6713867187535527,0.7324218749993338,3.5193241827243456,4.727846826540261,3.5193241827243456,4.727846826540261,3.4421752552673883,5.892503759996416,-0.22718277528457353
left,-0.33066463470458984,0.049165990203619,-1.3427734374960032,0.8544921874964472,-1.312255859370337,-0.8544921874964472,1.6849560962762642,1.7406306805451026,1.6849560962762642,1.7406306805451028,6.035436997820112,2.5012158164806837,0.01848994639012585
right,-0.38089847564697266,0.05405520275235176,-1.373291015621669,-0.8544921874964472,-1.4038085937473352,0.8544921874964472,1.5887164974069163,1.538863669383606,1.5887164974069163,1.538863669383606,6.02881091799284,2.2836242343703095,0.018371623536064353
left,-0.40240034461021423,0.016745667904615402,-1.4343261718730014,0.8544921874964472,-1.4038085937473352,-0.8850097656221133,1.4874514073566758,1.505560386276642,1.4874514073566758,1.505560386276642,6.027096823035757,2.2652914637777326,0.047433658700583727
right,-0.4452162981033325,0.21356549859046936,-1.4343261718730014,-0.8544921874964472,-1.647949218741562,0.9155273437477794,1.432207029931979,1.1233217087543783,1.432207029931979,1.1233217087543783,5.9971133543226385,1.9872932222963968,0.060539025079142425
left,0.23300805687904358,-0.06401830911636353,-0.8544921874964472,0.8544921874964472,-0.8544921874992227,-0.8239746093749444,3.4227905056142958,3.547214482990083,3.4227905056142958,3.547214482990083,5.089197224973197,4.907499174101944,-0.0016518004624276846
right,-0.2828487753868103,-0.003186232876032591,-1.2817382812474465,-0.823974609370781,-1.2817382812474465,0.8544921874964472,1.8565482552682389,1.8164736265233206,1.856548255268239,1.8164736265233206,6.034235096959858,2.586784773747555,-0.028728752694165888
left,-0.3630710542201996,-0.06896670907735825,-1.3427734374960032,0.8544921874964472,-1.373291015621669,-0.8544921874964472,1.6625374073484085,1.6098617828351653,1.6625374073484085,1.6098617828351653,6.0337060418285,2.3893648433336874,-0.01845903646170333
right,-0.3092000484466553,-0.04260840639472008,-1.312255859370337,-0.8544921874964472,-1.281738281244671,0.8544921874964472,1.7643262692883617,1.8231833073156196,1.7643262692883617,1.8231833073156196,6.033419283078059,2.6194448657651734,-0.01845391576973059
left,-0.4529661238193512,-0.158234640955925,-1.4648437499986675,0.8544921874964472,-1.5869140624902298,-0.9460449218734456,1.4086808532529984,1.1869049044675133,1.4086808532529984,1.1869049044675133,6.011679347166457,2.090839112299214,0.0186484672355208
right,-0.388789564371109,0.004498873837292194,-1.4038085937473352,-0.8544921874964472,-1.4038085937473352,0.8850097656221133,1.544931065426737,1.5151505207086702,1.544931065426737,1.5151505207086702,6.030437197757829,2.3147720314489386,-0.029187260528421025
left,-0.29486873745918274,0.038196977227926254,-1.3122558593758882,0.8544921875019983,-1.281738281244671,-0.8544921874964472,1.7643262692722004,1.8231833073168056,1.7643262692722004,1.8231833073168056,6.0334192830778814,2.619444865770977,0.018453915767930443
right,0.347695529460907,0.09973365068435669,-0.7629394531222243,-0.9155273437477794,-0.793457031250666,0.793457031250666,3.491843330101338,3.9386546437607057,3.491843330101338,3.9386546437607057,4.512195121947828,5.4065040650429825,-0.0406504065045929
left,-0.2833237051963806,0.05057501792907715,-1.2817382812474465,0.8544921874964472,-1.2512207031217804,-0.8544921874964472,1.8481341927028516,1.9103634576108754,1.8481341927028516,1.9103634576108752,6.026988558603633,2.7442929873442825,0.01833908140411253
right,-0.29555460810661316,0.0687015950679779,-1.281738281244671,-0.8544921874964472,-1.312255859370337,0.8544921874964472,1.82318330731562,1.7643262692883617,1.8231833073156198,1.7643262692883617,6.033419283078059,2.619444865765174,0.018453915769730912
left,-0.36176300048828125,0.008197739720344543,-1.3427734374960032,0.8544921874964472,-1.373291015621669,-0.8544921874964472,1.6625374073484085,1.6098617828351653,1.6625374073484085,1.6098617828351653,6.0337060418285,2.3893648433336874,-0.01845903646170333
right,-0.46286866068840027,0.24353021383285522,-1.4648437499986675,-0.8544921874964472,-1.7089843749928944,0.9765624999991117,1.3908794592229727,1.032460521657329,1.3908794592229727,1.032460521657329,5.9999362285568925,2.0001913143293226,0.017856004075747417
left,0.2803952395915985,-0.20022325217723846,-0.823974609370781,0.9460449218734456,-0.8544921874992227,-0.7324218749993338,3.176551940378823,3.947332925894285,3.176551940378823,3.9473329258942855,5.038841979958058,4.960531536494371,-0.005742765854074371
right,-0.24058908224105835,0.028107615187764168,-1.2207031250016653,-0.8544921875019983,-1.2512207031217804,0.823974609370781,1.9823494934116996,1.9609631503489704,1.9823494934116996,1.9609631503489706,6.023923163476426,2.7787910210264863,0.046049454444754445
left,-0.30884265899658203,-0.014009544625878334,-1.312255859370337,0.8544921874964472,-1.312255859370337,-0.8544921874964472,1.7523195503336941,1.7523195503336941,1.7523195503336944,1.7523195503336944,6.0350426445602885,2.5589364160787165,-4.5898991730568443e-17
right,-0.29110246896743774,-0.03483940288424492,-1.281738281244671,-0.8544921874964472,-1.2512207031217804,0.8544921874964472,1.8481341927095152,1.9103634576120356,1.8481341927095152,1.9103634576120356,6.026988558603247,2.744292987349995,-0.018339081402438017
left,-0.4329725503921509,-0.1638549417257309,-1.4648437499986675,0.8544921874964472,-1.5869140624902298,-0.8850097656221133,1.3808552497881124,1.202843726763766,1.3808552497881124,1.202843726763766,5.992110755886134,1.950359055797202,-0.039097960817761145
right,-0.32582971453666687,0.034608278423547745,-1.312255859370337,-0.8544921874964472,-1.3427734374960032,0.8544921874964472,1.740630680545102,1.684956096276263,1.740630680545102,1.684956096276263,6.035436997820108,2.5012158164806824,0.018489946390126192
left,-0.21525539457798004,-0.03464512526988983,-1.2207031249988898,0.8544921874992227,-1.1901855468759992,-0.823974609370781,2.0097769472200255,2.129470329855238,2.0097769472200255,2.129470329855238,6.011284410265691,2.9132226454710635,-0.008026066752492024
right,0.019494999200105667,0.1718502789735794,-0.9765624999991117,-0.8544921874992227,-1.007080078124084,0.762939453124306,2.852750030907508,3.0092018995803813,2.852750030907508,3.0092018995803813,5.772557948046408,3.834541152661419,0.06842656111268207
left,-0.29297107458114624,0.050872817635536194,-1.2817382812474465,0.823974609370781,-1.2817382812529976,-0.8544921875019983,1.8565482552694115,1.8164736265063144,1.8565482552694115,1.8164736265063144,6.034235096959695,2.5867847737531666,0.028728752695842373
right,-0.2412012815475464,0.0113611351698637,-1.2207031249988898,-0.8544921874964472,-1.2207031249988898,0.8544921874964472,2.0158093573143248,2.0158093573143243,2.0158093573143248,2.0158093573143243,6.007580033870512,2.9437142165774266,8.502372196349088e-16
left,-0.3603726029396057,0.08674360811710358,-1.3732910156272202,0.8544921875019983,-1.3427734374960032,-0.8850097656221133,1.6267542741101808,1.6454997320922244,1.6267542741101806,1.6454997320922247,6.034844449158152,2.4766108259455115,0.04651702265222106
right,-0.3965070843696594,0.06259141862392426,-1.4038085937473352,-0.8544921874964472,-1.4343261718730014,0.8850097656221133,1.5349953424946785,1.459503768271876,1.5349953424946785,1.459503768271876,6.027607218185437,2.263932505263445,-0.011389735177283542
left,-0.39396989345550537,0.07809785008430481,-1.4343261718730014,0.8850097656221133,-1.373291015621669,-0.8544921874964472,1.469101161317157,1.5951436603867184,1.469101161317157,1.5951436603867184,6.030695864565662,2.3153672985662306,0.006981314353710216
right,-0.43900468945503235,0.0903228297829628,-1.4648437499986675,-0.8544921874964472,-1.4953613281243336,0.8850097656221133,1.4055964749335446,1.3388284745804873,1.4055964749335446,1.3388284745804873,6.009844546863698,2.0749330366529337,-0.012436509198237635
left,-0.4333548843860626,0.0723196491599083,-1.5258789062444487,0.9155273437477794,-1.4648437499986675,-0.8544921874964472,1.2819013487148962,1.4114198787619332,1.2819013487148962,1.4114198787619332,6.013237659284379,2.1050352591816,-0.02412470617728286
right,-0.3614574372768402,0.17257648706436157,-1.3427734374960032,-0.8544921874964472,-1.4038085937528864,0.8850097656221133,1.6689759852324064,1.5352095636784213,1.6689759852324066,1.5352095636784213,6.034635886687414,2.4210553760234785,0.007645092762178368
left,-0.42900675535202026,0.006716450210660696,-1.4648437499986675,0.8850097656221133,-1.4648437499986675,-0.8850097656221133,1.4033777118784527,1.4033777118784523,1.4033777118784527,1.4033777118784523,6.02264376014857,2.198369532231389,-8.08037423610792e-16
right,-0.2592853009700775,0.13922569155693054,-1.2207031249988898,-0.8544921874992227,-1.281738281244671,0.8544921874964472,1.989090816237088,1.86106456277081,1.9890908162370882,1.8610645627708098,6.021431828545371,2.811217510259917,0.03647970816233481
left,0.07214980572462082,-0.11246678978204727,-0.9460449218734456,0.8850097656235011,-0.9765625000001525,-0.7629394531251734,2.9095041285865655,3.179458119886959,2.9095041285865655,3.179458119886959,5.636176636747797,4.1295348639257865,-0.06712760373954851
right,-0.3871954381465912,-0.022106146439909935,-1.4038085937473352,-0.8544921874964472,-1.4038085937473352,0.8850097656221133,1.544931065426737,1.5151505207086702,1.544931065426737,1.5151505207086702,6.030437197757829,2.3147720314489386,-0.029187260528421025
left,-0.38750776648521423,-0.05387721210718155,-1.373291015621669,0.8544921874964472,-1.4343261718730014,-0.8544921874964472,1.5786135587793413,1.4815654816585864,1.5786135587793413,1.4815654816585864,6.025164020701643,2.2344108369978,-0.03661300074029644
right,-0.40374717116355896,-0.05406244471669197,-1.4648437499986675,-0.8544921874964472,-1.4038085937473352,0.8850097656221133,1.4327822219171669,1.4962568485915089,1.4327822219171669,1.4962568485915089,6.023058417158909,2.2180874567767304,-0.06551605627300167
left,-0.3897349536418915,-0.141598179936409,-1.373291015621669,0.8544921874964472,-1.4648437499986675,-0.8544921874964472,1.5688163788141067,1.427074225414012,1.5688163788141067,1.427074225414012,6.020844152598695,2.1874701918059154,-0.054688079604924264
right,-0.3901265859603882,-0.022864656522870064,-1.4038085937473352,-0.8850097656221133,-1.4038085937473352,0.8850097656221133,1.5309622135028045,1.5309622135028031,1.5309622135028045,1.5309622135028031,6.034068844764743,2.398228685459977,1.4624247711856664e-15
left,-0.24107524752616882,-0.03961743041872978,-1.2207031249988898,0.8544921874992227,-1.2207031249988898,-0.8544921874964472,2.0158093573117903,2.0158093573160962,2.0158093573117903,2.0158093573160962,6.007580033869376,2.9437142165864314,-2.338433055512098e-12
right,0.05615956708788872,0.1452818363904953,-0.9765624999991117,-0.8544921874992227,-0.9765624999998056,0.762939453124306,2.868420531477458,3.144999588178693,2.868420531477458,3.144999588178693,5.734844321870499,3.92502773486296,0.05038932492859833
left,-0.34727996587753296,0.07665809243917465,-1.3427734374960032,0.8544921874964472,-1.3427734375015543,-0.8544921875019983,1.67358685601392,1.6735868559978024,1.67358685601392,1.6735868559978022,6.035089778195049,2.443961976293862,1.9201157053300167e-12
right,-0.12924188375473022,0.06490655988454819,-1.0986328125003886,-0.8544921875006105,-1.1291503906260547,0.8239746093777199,2.398737829872841,2.3781576196963146,2.398737829872841,2.3781576196963146,5.927367144159728,3.366067412675408,0.039253635730339555
left,-0.3469236493110657,0.03959815576672554,-1.3427734374960032,0.8544921874964472,-1.3427734374960032,-0.8544921874964472,1.673586856012754,1.6735868560127538,1.6735868560127538,1.6735868560127538,6.035089778194955,2.4439619762880507,1.009974775274655e-17
right,-0.32838767766952515,0.1703578233718872,-1.3122558593745004,-0.8544921874992227,-1.3427734375071054,0.8544921874964472,1.7406306805298233,1.6849560962524088,1.7406306805298233,1.6849560962524088,6.035436997820045,2.5012158164603657,0.018489946396911133
left,-0.19702881574630737,-0.05917153134942055,-1.1901855468732236,0.8544921874992227,-1.2207031249988898,-0.8544921874964472,2.099127636595653,2.0295676184394265,2.099127636595653,2.0295676184394265,5.99779312009889,3.014595322246921,-0.017817734290200758
right,-0.20618993043899536,0.14335744082927704,-1.2207031250002776,-0.8544921875006105,-1.2207031249988898,0.7934570312478905,1.9751786439323185,2.0689041683443556,1.9751786439323182,2.0689041683443556,6.026152986696078,2.7447187105552278,0.056382032237786546
left,-0.06722535192966461,-0.05264091491699219,-1.0986328124996947,0.8544921874999166,-1.0986328124990008,-0.8239746093742505,2.4139879136701787,2.4795530175017255,2.4139879136701787,2.4795530175017255,5.906474820143733,3.446043165468164,-0.021582733813052552
right,-0.32675302028656006,-0.051774509251117706,-1.3427734374960032,-0.8544921874964472,-1.312255859370337,0.8850097656221133,1.702403283300189,1.7213891935233678,1.702403283300189,1.7213891935233678,6.033760844964192,2.5912863070517385,-0.04583176160058094
left,-0.3640555143356323,-0.09278290718793869,-1.3427734374960032,0.8544921874964472,-1.3732910156272202,-0.8544921874964472,1.6625374073464283,1.6098617828238655,1.6625374073464283,1.6098617828238655,6.033706041828164,2.3893648433239907,-0.018459036465055062
right,-0.33576375246047974,-0.03995521366596222,-1.3427734374960032,-0.8544921874964472,-1.3427734374960032,0.8544921874964472,1.673586856012754,1.6735868560127538,1.6735868560127538,1.6735868560127538,6.035089778194955,2.4439619762880507,-1.009974775274655e-17
left,-0.3071652948856354,-0.141215980052948,-1.2817382812488343,0.8544921874992227,-1.312255859370337,-0.823974609370781,1.8042096055579686,1.783214148560933,1.8042096055579688,1.783214148560933,6.034773499578424,2.5280410843365657,-0.047906180537329
right,-0.3091057240962982,0.09894413501024246,-1.281738281244671,-0.8544921874964472,-1.3427734375015543,0.8544921875019983,1.811175970613951,1.6966457253941711,1.811175970613951,1.6966457253941711,6.034616880591178,2.561260210037959,0.036950602877296616
left,-0.30450040102005005,0.06109160929918289,-1.3122558593758882,0.8239746093763322,-1.2817382812529976,-0.8850097656276644,1.8017382990070372,1.783063852140175,1.8017382990070374,1.783063852140175,6.0319330078163205,2.619832679293392,0.07446259890346092
right,0.16148994863033295,0.05143533647060394,-0.8850097656235011,-0.8544921874992227,-0.9155273437491672,0.8239746093742505,3.287680205713757,3.2796073261390557,3.2876802057137566,3.279607326139056,5.323985262322877,4.627159817168413,0.012213730127381705
left,-0.3801860213279724,0.049504123628139496,-1.4038085937473352,0.8544921874964472,-1.373291015621669,-0.8544921874964472,1.5388636693836062,1.5887164974069157,1.5388636693836062,1.5887164974069157,6.02881091799284,2.283624234370309,0.018371623536063267
right,-0.39290931820869446,0.07129956036806107,-1.4038085937473352,-0.8850097656221133,-1.4343261718730014,0.8544921874964472,1.505560386276643,1.487451407356676,1.505560386276643,1.487451407356676,6.02709682303576,2.265291463777733,0.047433658700584365
left,-0.5121769309043884,0.006287062540650368,-1.647949218741562,0.9155273437477794,-1.586914062501332,-0.9460449218845478,1.1235569998389523,1.1698481613421505,1.1235569998389523,1.1698481613421505,5.997309125746898,1.988769865522767,0.06112539803496882
right,-0.4327794909477234,0.2047087699174881,-1.4343261718730014,-0.8544921874964472,-1.5869140624902298,0.9155273437477794,1.4483102075129308,1.2027726001978745,1.4483102075129308,1.2027726001978745,6.008534095512846,2.065646036391642,0.027614624038203733
left,-0.2572314143180847,-0.07523305714130402,-1.2207031249988898,0.8544921874992227,-1.2512207031217804,-0.823974609370781,1.9823494934214365,1.960963150348428,1.9823494934214367,1.960963150348428,6.0239231634766535,2.7787910210238245,-0.04604945444405191
right,-0.1604129821062088,0.16183415055274963,-1.1291503906253608,-0.8544921874992227,-1.1901855468759992,0.7934570312478905,2.250377847421539,2.2053088327262755,2.250377847421539,2.2053088327262755,5.993099890373976,3.0315341458565666,0.08866963307090381
left,-0.2983994483947754,-0.06736861169338226,-1.2817382812474465,0.8544921874964472,-1.312255859370337,-0.8544921874964472,1.823183307309011,1.7643262692872552,1.823183307309011,1.7643262692872554,6.033419283078268,2.6194448657595406,-0.018453915768057005
right,-0.26218411326408386,0.10557332634925842,-1.2207031250016653,-0.8544921875019983,-1.2512207031217804,0.8544921874964472,2.002311287125472,1.9365152570193052,2.002311287125472,1.936515257019305,6.015394075254161,2.875961373191534,0.01813203705999417
left,-0.28795862197875977,-0.03289943188428879,-1.281738281244671,0.8544921874964472,-1.2817382812474465,-0.8544921874964472,1.8355043804054598,1.8355043803999567,1.8355043804054598,1.8355043803999567,6.030927835051837,2.6804123711283445,-1.6743144496868801e-12
right,-0.30562084913253784,0.10522177070379257,-1.281738281244671,-0.8544921874964472,-1.3427734374960032,0.8544921874964472,1.8111759706127197,1.696645725409357,1.81117597061272,1.696645725409357,6.034616880591243,2.561260210032052,0.03695060287921818
left,-0.28906479477882385,-0.07537170499563217,-1.2512207031217804,0.8544921874964472,-1.312255859370337,-0.8544921874964472,1.8977335518886076,1.7766476283370887,1.8977335518886076,1.7766476283370884,6.03041757408554,2.6828747664326715,-0.0368006276451959
right,-0.3574669659137726,0.0819927528500557,-1.3427734374960032,-0.8544921874964472,-1.3732910156272202,0.8544921875019983,1.6625374073496109,1.6098617828211093,1.6625374073496109,1.6098617828211093,6.033706041828704,2.389364843339574,0.018459036459668583
left,-0.26992565393447876,-0.10875402390956879,-1.2512207031273315,0.8544921875019983,-1.2817382812474465,-0.8544921874964472,1.910363457592536,1.8481341927039294,1.910363457592536,1.8481341927039296,6.02698855860323,2.7442929873498016,-0.01833908140565455
right,-0.36888960003852844,0.08066566288471222,-1.3427734374960032,-0.8544921874964472,-1.4038085937473352,0.8544921874964472,1.6518053437539684,1.5492794948288047,1.6518053437539684,1.5492794948288047,6.0314038363601545,2.3372941775508456,0.036835851299534046
left,-0.26220279932022095,-0.12208437919616699,-1.2207031249988898,0.8544921874992227,-1.2817382812529976,-0.8239746093763322,1.9691067463274925,1.8830126286467015,1.9691067463274927,1.8830126286467013,6.027710690225079,2.7161984661648324,-0.0652514723958205
right,-0.3815383315086365,0.0828680694103241,-1.3427734374960032,-0.8544921874964472,-1.4343261718730014,0.8850097656221133,1.6584294437265272,1.4789928153847365,1.658429443726527,1.4789928153847365,6.032934908020516,2.36932341158505,0.025441746503574197
left,-0.28822702169418335,-0.1650514304637909,-1.281738281250222,0.8544921874992227,-1.312255859370337,-0.823974609370781,1.8042096055546857,1.7832141485603614,1.8042096055546857,1.7832141485603614,6.034773499578465,2.5280410843337804,-0.04790618053649109
right,-0.3723577558994293,0.09390381723642349,-1.3427734374960032,-0.8544921874964472,-1.4038085937528864,0.8850097656221133,1.6689759852324064,1.5352095636784213,1.6689759852324066,1.5352095636784213,6.034635886687414,2.4210553760234785,0.007645092762178368
left,-0.4142908751964569,-0.18726952373981476,-1.4038085937473352,0.8544921874964472,-1.5258789062444487,-0.9155273437477794,1.5221997905271865,1.2983468801576397,1.5221997905271865,1.2983468801576397,6.022715901130605,2.1997064611870774,-0.012175189296241862
right,-0.3213028609752655,0.11238666623830795,-1.312255859370337,-0.8544921874964472,-1.3427734374960032,0.8544921874964472,1.740630680545102,1.684956096276263,1.740630680545102,1.684956096276263,6.035436997820108,2.5012158164806824,0.018489946390126192
left,-0.518520176410675,-0.09836797416210175,-1.5563964843701148,0.9155273437477794,-1.7089843749928944,-0.9765624999991117,1.229905801921784,1.0350721664739506,1.229905801921784,1.0350721664739506,6.002347268922064,2.0180168749686636,-0.025058681720810636
right,-0.21958304941654205,0.12438801676034927,-1.1901855468732236,-0.8544921874992227,-1.2207031249988898,0.8544921874964472,2.099127636595653,2.0295676184394265,2.099127636595653,2.0295676184394265,5.99779312009889,3.014595322246921,0.017817734290200758
left,-0.5963045358657837,0.022041819989681244,-1.8920898437468912,1.037597656250444,-1.7700195312442266,-0.9765624999991117,0.8344967131015285,0.9508850422790713,0.8344967131015284,0.9508850422790713,5.966595045623987,1.8052612278966143,0.005330487384190637
right,-0.25944623351097107,0.11274386197328568,-1.2207031249988898,-0.8544921874992227,-1.281738281244671,0.8544921874964472,1.989090816237088,1.86106456277081,1.9890908162370882,1.8610645627708098,6.021431828545371,2.811217510259917,0.03647970816233481
left,-0.4041805863380432,-0.007134452927857637,-1.4343261718730014,0.8544921874964472,-1.4343261718730014,-0.8544921874964472,1.4622825644114457,1.4622825644114463,1.4622825644114457,1.4622825644114463,6.016683177605052,2.1353914039005346,6.730450876866704e-16
right,-0.3761613965034485,0.1489916294813156,-1.3427734374960032,-0.8544921874964472,-1.4648437499986675,0.8544921874964472,1.6312767011850346,1.436875850780197,1.6312767011850346,1.436875850780197,6.024459054383429,2.2402327514446703,0.07317564674357471
left,-0.3844655156135559,-0.06544797867536545,-1.373291015621669,0.8850097656221133,-1.4343261718730014,-0.8544921874964472,1.563735113002371,1.4973821696825378,1.563735113002371,1.4973821696825378,6.029643878931131,2.3181073843015008,-0.06530376818516051
right,-0.4156307578086853,0.23111946880817413,-1.4038085937473352,-0.8544921874964472,-1.556396484381217,0.9155273437588817,1.513239471585185,1.253468856762947,1.513239471585185,1.253468856762947,6.0184739700784595,2.1555476978621075,0.029099256281126234
left,0.33292272686958313,-0.20289410650730133,-0.7934570312478905,0.9765624999991117,-0.793457031250666,-0.7324218749993338,3.145555270836884,4.271121374125531,3.145555270836884,4.271121374125531,4.669347230333959,5.2910433232997915,0.044775895892824394
right,-0.3642423152923584,-0.01919933594763279,-1.3427734374960032,-0.8544921874964472,-1.3427734374960032,0.8544921874964472,1.673586856012754,1.6735868560127538,1.6735868560127538,1.6735868560127538,6.035089778194955,2.4439619762880507,-1.009974775274655e-17
left,-0.4075890779495239,-0.0691189169883728,-1.4343261718730014,0.8544921874964472,-1.4648437499986675,-0.8544921874964472,1.4530922642738096,1.4083889724637888,1.4530922642738096,1.4083889724637888,6.011509340556866,2.089330264910703,-0.018062666796126756
right,-0.3750268816947937,0.008033080957829952,-1.373291015621669,-0.8850097656221133,-1.373291015621669,0.8544921874964472,1.5837809827815068,1.615918937933059,1.5837809827815068,1.6159189379330592,6.034404355488312,2.4203585962201855,0.028662682264914432
left,-0.47548148036003113,-0.1824694126844406,-1.4648437499986675,0.8544921874964472,-1.647949218741562,-0.9460449218734456,1.3927994508101427,1.1093538055515693,1.3927994508101427,1.1093538055515693,6.001336156964284,2.009834886116559,-0.013843357002901405
right,-0.3727855086326599,0.06992588192224503,-1.3427734374960032,-0.8544921874964472,-1.4038085937584375,0.8544921875075494,1.6518053437564417,1.5492794948023612,1.651805343756442,1.5492794948023612,6.031403836360795,2.3372941775627387,0.03683585129524853
left,-0.3191991448402405,0.015203147195279598,-1.312255859370337,0.8544921874964472,-1.312255859370337,-0.8544921874964472,1.7523195503336941,1.7523195503336941,1.7523195503336944,1.7523195503336944,6.0350426445602885,2.5589364160787165,-4.5898991730568443e-17
right,0.4630732834339142,0.13988099992275238,-0.6713867187424505,-0.9155273437477794,-0.7019042968819943,0.7629394531277754,3.739720550927335,4.48507213375972,3.739720550927335,4.48507213375972,3.895375789528993,5.745253133995919,-0.10309825965074682
left,-0.295070618391037,0.06086055561900139,-1.2817382812474465,0.823974609370781,-1.2512207031217804,-0.8544921874964472,1.8696126400382111,1.8908496193171809,1.8696126400382114,1.8908496193171807,6.0317245377880395,2.6499607750272762,0.04708266740037181
right,-0.29073184728622437,0.06829212605953217,-1.2817382812474465,-0.8544921874964472,-1.312255859370337,0.8544921874964472,1.823183307309011,1.7643262692872552,1.823183307309011,1.7643262692872554,6.033419283078268,2.6194448657595406,0.018453915768057005
left,-0.35610634088516235,0.004898627754300833,-1.3427734374960032,0.8544921874964472,-1.3732910156272202,-0.8850097656276644,1.6798199095982456,1.5942463901110966,1.6798199095982453,1.5942463901110966,6.0354175837228565,2.475213281070421,0.0102011584624036
right,-0.4206267297267914,0.23191051185131073,-1.4038085937528864,-0.8544921875019983,-1.5869140624902298,0.8850097656221133,1.4895689745037257,1.2185472570173441,1.4895689745037257,1.2185472570173441,6.004124631171274,2.042036800795499,0.07543300800433604
left,0.29489344358444214,-0.1561768651008606,-0.7934570312451149,0.9155273437477794,-0.8239746093749444,-0.7629394531249999,3.4028672060668423,3.9607966888615596,3.402867206066843,3.960796688861559,4.831477084618572,5.157737448796421,0.017975777640951523
right,-0.26772841811180115,0.015934227034449577,-1.2207031249988898,-0.8544921874964472,-1.2512207031217804,0.8544921874964472,2.0023112871378044,1.9365152570170474,2.0023112871378044,1.9365152570170472,6.0153940752554345,2.8759613731798948,0.01813203705695539
left,-0.33302971720695496,-0.04950336739420891,-1.312255859370337,0.8544921874964472,-1.3427734374960032,-0.8544921874964472,1.740630680545102,1.684956096276263,1.740630680545102,1.684956096276263,6.035436997820108,2.5012158164806824,-0.018489946390126192
right,-0.314844012260437,-0.04787074774503708,-1.3122558593758882,-0.8544921875019983,-1.2817382812474465,0.8850097656221133,1.78227162932293,1.8014284837008894,1.78227162932293,1.8014284837008894,6.028581492470825,2.712292887436484,-0.04496877214394248
left,-0.44442328810691833,-0.1969052404165268,-1.4648437499986675,0.8544921874964472,-1.586914062501332,-0.9460449218845478,1.4086808532550137,1.1869049044496534,1.4086808532550137,1.1869049044496534,6.011679347167627,2.0908391123096335,0.018648467239563073
right,-0.3581475019454956,0.03899906948208809,-1.3427734374960032,-0.8544921874964472,-1.3427734375015543,0.8544921875019983,1.67358685601392,1.6735868559978024,1.67358685601392,1.6735868559978022,6.035089778195049,2.443961976293862,-1.9201157053300167e-12
left,-0.24133795499801636,0.004224075935781002,-1.2207031249988898,0.8544921874964472,-1.2512207031217804,-0.823974609370781,1.982349493423845,1.960963150346621,1.982349493423845,1.9609631503466212,6.023923163477413,2.778791021014953,-0.046049454441710526
right,0.3444843888282776,0.15807349979877472,-0.7629394531222243,-0.9460449218734456,-0.793457031250666,0.7324218749993338,3.370066110676198,4.269109306314787,3.3700661106761975,4.269109306314787,4.649357134691383,5.306341212971162,-0.048543299902211956
left,-0.2883704900741577,0.06076508015394211,-1.281738281244671,0.8544921874964472,-1.2512207031217804,-0.8544921874964472,1.8481341927095152,1.9103634576120356,1.8481341927095152,1.9103634576120356,6.026988558603247,2.744292987349995,0.018339081402438017
right,-0.25199753046035767,0.04417259246110916,-1.2207031250016653,-0.8544921875019983,-1.2512207031217804,0.823974609370781,1.9823494934116996,1.9609631503489704,1.9823494934116996,1.9609631503489706,6.023923163476426,2.7787910210264863,0.046049454444754445
left,-0.349233478307724,0.04985303804278374,-1.3427734374960032,0.8544921874964472,-1.3427734374960032,-0.8544921874964472,1.673586856012754,1.6735868560127538,1.6735868560127538,1.6735868560127538,6.035089778194955,2.4439619762880507,1.009974775274655e-17
right,-0.35905033349990845,0.217455193400383,-1.3427734375015543,-0.8544921875019983,-1.4648437499986675,0.8544921874964472,1.6312767011705003,1.4368758507812314,1.6312767011705003,1.4368758507812314,6.02445905438376,2.240232751450289,0.07317564674550087
left,-0.10668010264635086,-0.08506202697753906,-1.0986328124996947,0.8544921874999166,-1.0986328124990008,-0.8239746093749444,2.413987913670642,2.4795530175006997,2.413987913670642,2.4795530175006997,5.906474820143054,3.446043165470641,-0.021582733812525855
right,-0.11861038208007812,0.0977894514799118,-1.0986328125003886,-0.8544921874992227,-1.1291503906232792,0.7934570312492782,2.377224171750848,2.417910160026217,2.377224171750848,2.417910160026217,5.952084004559629,3.2580001455024106,0.06539038492735727
left,-0.1866285800933838,-0.0015943861799314618,-1.1901855468732236,0.8544921874992227,-1.1901855468732236,-0.8544921874992227,2.1131257812899964,2.113125781289996,2.1131257812899964,2.113125781289996,5.986661302545089,3.085826733202381,-4.548980169671571e-16
right,-0.21795320510864258,-0.06105484068393707,-1.2207031249988898,-0.8544921874964472,-1.2207031249988898,0.8544921874992227,2.0158093573160962,2.01580935731179,2.0158093573160962,2.01580935731179,6.007580033869375,2.943714216586431,-2.3381730971783852e-12
left,-0.2034524530172348,-0.07433073967695236,-1.1901855468732236,0.8544921874992227,-1.2207031249988898,-0.823974609370781,2.07883963145006,2.0574174969949897,2.07883963145006,2.0574174969949897,6.010553869057539,2.914730111461012,-0.044779834148308155
right,-0.11685366928577423,0.013336153700947762,-1.0986328125003886,-0.8544921875006105,-1.1291503906260547,0.8239746093777199,2.398737829872841,2.3781576196963146,2.398737829872841,2.3781576196963146,5.927367144159728,3.366067412675408,0.039253635730339555
left,-0.3859839141368866,0.05590895935893059,-1.4343261718730014,0.8544921874964472,-1.373291015621669,-0.8850097656221133,1.4973821696825371,1.5637351130023698,1.4973821696825371,1.5637351130023698,6.029643878931128,2.3181073843014994,0.06530376818516014
right,-0.3437289297580719,0.024696554988622665,-1.3427734374960032,-0.8544921874964472,-1.3427734374960032,0.8544921874964472,1.673586856012754,1.6735868560127538,1.6735868560127538,1.6735868560127538,6.035089778194955,2.4439619762880507,-1.009974775274655e-17
left,-0.41769173741340637,0.0729057714343071,-1.4648437499986675,0.8850097656221133,-1.4343261718730014,-0.8850097656221133,1.412272898602975,1.4562617265933255,1.412272898602975,1.4562617265933255,6.02636385002269,2.2467576151474855,0.017695928449111074
right,-0.44651228189468384,0.09508595615625381,-1.4648437499986675,-0.8544921874964472,-1.5258789062444487,0.9155273437477794,1.4114198787619323,1.2819013487148958,1.4114198787619323,1.2819013487148958,6.013237659284377,2.105035259181599,-0.02412470617728333
left,-0.40036705136299133,0.07052602618932724,-1.4648437500097697,0.8544921875075494,-1.4038085937473352,-0.8544921874964472,1.4175808494687183,1.5094791942222676,1.4175808494687183,1.5094791942222676,6.016496803780725,2.1372130832295215,0.03630345727411045
right,-0.34136366844177246,0.16616922616958618,-1.3427734374960032,-0.8544921874964472,-1.4038085937528864,0.8544921874964472,1.651805343752046,1.5492794948180613,1.6518053437520457,1.5492794948180613,6.031403836359663,2.3372941775415974,0.03683585130286685
left,-0.47151729464530945,0.019060013815760612,-1.5563964843701148,0.8850097656221133,-1.5258789062444487,-0.8850097656221133,1.2438526974617186,1.281454949017193,1.2438526974617186,1.281454949017193,5.9966912852575,1.9779277319786233,0.01718433250487042
right,-0.2400006204843521,0.15219272673130035,-1.2207031250016653,-0.8544921875019983,-1.2512207031217804,0.823974609370781,1.9823494934116996,1.9609631503489704,1.9823494934116996,1.9609631503489706,6.023923163476426,2.7787910210264863,0.046049454444754445
left,-0.07032666355371475,-0.1081128865480423,-1.0986328124996947,0.8544921874999166,-1.0986328124990008,-0.793457031250666,2.3928968156130406,2.5239479596734906,2.3928968156130406,2.5239479596734906,5.934602421488306,3.3362022826284186,-0.0462166032593865
right,-0.3706988990306854,-0.009604740887880325,-1.3427734374960032,-0.8544921874964472,-1.3732910156272202,0.8544921875019983,1.6625374073496109,1.6098617828211093,1.6625374073496109,1.6098617828211093,6.033706041828704,2.389364843339574,0.018459036459668583
left,-0.41242218017578125,-0.055731188505887985,-1.4343261718730014,0.8544921874964472,-1.4343261718730014,-0.9155273437477794,1.4930425282409598,1.437335569965066,1.4930425282409598,1.437335569965066,6.028642150498062,2.2949160589775657,0.057554977469898586
right,-0.3807716965675354,-0.04798131808638573,-1.4038085937528864,-0.8544921875019983,-1.373291015621669,0.8544921874964472,1.5388636693704816,1.5887164974081152,1.5388636693704816,1.5887164974081152,6.028810917993222,2.2836242343762008,-0.018371623533923496
left,-0.4208166003227234,-0.12170028686523438,-1.4343261718730014,0.8544921874964472,-1.4953613281243336,-0.8850097656221133,1.4593988076258595,1.3473104969821017,1.4593988076258595,1.3473104969821017,6.015137275017502,2.1208606596325668,-0.005625760760624579
right,-0.4466482698917389,-0.042062241584062576,-1.4953613281243336,-0.8850097656221133,-1.4648437499986675,0.8850097656221133,1.3530174449661565,1.3947480307101616,1.3530174449661565,1.3947480307101616,6.018294345691067,2.1521661104901773,-0.017556799064079472
left,-0.3135652244091034,0.037660639733076096,-1.3427734374960032,0.8544921874964472,-1.281738281244671,-0.8544921874964472,1.696645725409357,1.8111759706127182,1.696645725409357,1.8111759706127182,6.034616880591241,2.561260210032051,0.03695060287921672
right,0.20280210673809052,0.1283930242061615,-0.8544921874964472,-0.8850097656221133,-0.885009765624195,0.762939453124306,3.2933571831082378,3.6505494014468503,3.2933571831082373,3.6505494014468503,5.263932122054141,4.704396023299629,0.02566512359296522
left,-0.3775239586830139,0.07063194364309311,-1.4343261718841036,0.8544921875075494,-1.3427734374960032,-0.8544921874964472,1.4916712571975292,1.6413867915015872,1.4916712571975292,1.6413867915015872,6.0282895672315036,2.2876239476632985,0.055086941098587
right,-0.35508760809898376,0.07408120483160019,-1.3427734374960032,-0.8544921874964472,-1.4038085937473352,0.8850097656221133,1.6689759852343522,1.5352095636888992,1.668975985234352,1.5352095636888992,6.034635886687645,2.421055376033106,0.007645092758935204
left,-0.4308535158634186,0.062053900212049484,-1.4953613281243336,0.8850097656221133,-1.4648437499986675,-0.8850097656221133,1.3530174449661565,1.3947480307101616,1.3530174449661565,1.3947480307101616,6.018294345691067,2.1521661104901773,0.017556799064079472
right,-0.3500748574733734,0.23603218793869019,-1.3427734374987788,-0.8544921874992227,-1.4648437499986675,0.8544921874964472,1.6312767011777662,1.4368758507807138,1.6312767011777662,1.4368758507807138,6.024459054383591,2.2402327514474782,0.07317564674453725
left,0.08875134587287903,-0.06963536143302917,-0.9765624999991117,0.8544921874992227,-0.9765624999998056,-0.7934570312499721,2.887118597405821,3.0705355435891915,2.887118597405821,3.0705355435891915,5.681661740292108,4.041179090578289,-0.029963153419364397
right,-0.23468351364135742,0.007072181906551123,-1.2207031249988898,-0.8544921874964472,-1.2207031249988898,0.8544921874964472,2.0158093573143248,2.0158093573143243,2.0158093573143248,2.0158093573143243,6.007580033870512,2.9437142165774266,8.502372196349088e-16
left,-0.3733809292316437,-0.07580689340829849,-1.373291015621669,0.8850097656221133,-1.4038085937473352,-0.8544921874964472,1.573611592691155,1.5551623533280665,1.573611592691155,1.5551623533280665,6.03244361915982,2.3680316605080787,-0.047044844716655924
right,-0.3212622404098511,-0.04935415834188461,-1.3427734374960032,-0.8544921874964472,-1.312255859370337,0.8544921874964472,1.6849560962762642,1.7406306805451026,1.6849560962762642,1.7406306805451028,6.035436997820112,2.5012158164806837,-0.01848994639012585
left,-0.42515501379966736,-0.16347439587116241,-1.4038085937473352,0.8544921874964472,-1.525878906255551,-0.9155273437588817,1.5221997905293927,1.2983468801372944,1.5221997905293927,1.2983468801372944,6.022715901131573,2.199706461198029,-0.012175189292118605
right,-0.39502230286598206,-0.030268337577581406,-1.4343261718730014,-0.8544921874964472,-1.4038085937528864,0.8544921875019983,1.47177131155308,1.5189694949796295,1.47177131155308,1.5189694949796295,6.021263337323261,2.1837100315071822,-0.01823684531195039
left,-0.2772710919380188,0.05122913420200348,-1.281738281244671,0.8544921874964472,-1.2512207031217804,-0.8544921874964472,1.8481341927095152,1.9103634576120356,1.8481341927095152,1.9103634576120356,6.026988558603247,2.744292987349995,0.018339081402438017
right,-0.035980671644210815,0.15150797367095947,-1.0375976562490563,-0.885009765624195,-1.0681152343747224,0.7629394531249999,2.5397436176666717,2.741550272688033,2.5397436176666717,2.741550272688033,5.862063454518493,3.585026881549326,0.09809687585884475
left,-0.3603198528289795,0.09597623348236084,-1.3732910156272202,0.8544921874964472,-1.3427734374960032,-0.8544921874964472,1.6098617828238646,1.662537407346427,1.6098617828238644,1.6625374073464267,6.03370604182816,2.3893648433239894,0.01845903646505442
right,-0.27218976616859436,0.1554407924413681,-1.2207031249988898,-0.8544921874992227,-1.312255859370337,0.823974609370781,1.9561903853234672,1.808982885430542,1.9561903853234672,1.808982885430542,6.030047285975103,2.656506174761959,0.084474777422524
left,-0.5892375111579895,0.07330825924873352,-1.9531249999982234,0.9765624999991117,-1.7700195312442266,-0.9460449218734456,0.785977677644785,0.9304521871808867,0.785977677644785,0.9304521871808868,5.913344887349072,1.5823223570219143,0.05892547660454882
right,-0.28468969464302063,0.12508006393909454,-1.251220703124556,-0.8544921874992227,-1.312255859370337,0.8544921874964472,1.897733551879508,1.7766476283376165,1.897733551879508,1.7766476283376165,6.0304175740853845,2.6828747664354147,0.03680062764596639
left,-0.5195262432098389,-0.03348831832408905,-1.586914062501332,0.9155273437588817,-1.647949218741562,-0.9460449218734456,1.1894268882491652,1.1056730733331626,1.1894268882491652,1.1056730733331626,5.9980461258791635,1.9865446006084757,-0.004292671513799483
right,-0.2917189300060272,0.13174355030059814,-1.2817382812529976,-0.8544921875019983,-1.3427734375015543,0.8544921875019983,1.811175970590419,1.6966457253941711,1.8111759705904187,1.6966457253941711,6.034616880591178,2.561260210037959,0.03695060287729684
left,-0.394721657037735,-0.17909730970859528,-1.3427734374960032,0.8544921874964472,-1.4953613281243336,-0.8850097656221133,1.6382164302024704,1.3744443831374584,1.6382164302024704,1.3744443831374584,6.027173225547372,2.2726779873288407,-0.0607195995412367
right,-0.2891739010810852,0.11258973926305771,-1.2817382812516098,-0.8850097656262766,-1.3427734374960032,0.8544921874964472,1.789811857677496,1.7141396651812804,1.789811857677496,1.7141396651812806,6.031061065124568,2.6534472310934825,0.06348898184374126
left,-0.31466779112815857,-0.18448399007320404,-1.3122558593745004,0.8544921874992227,-1.3427734375182077,-0.8544921875075494,1.74063068053222,1.6849560962222776,1.7406306805322198,1.6849560962222774,6.035436997820082,2.501215816472085,-0.018489946393067423
right,-0.24811236560344696,0.11269210278987885,-1.2207031249988898,-0.8544921874992227,-1.2207031249988898,0.8544921874964472,2.0158093573117903,2.0158093573160962,2.0158093573117903,2.0158093573160962,6.007580033869376,2.9437142165864314,2.338433055512098e-12
left,-0.42584872245788574,-0.036584872752428055,-1.4648437499986675,0.8544921874964472,-1.4648437499986675,-0.8850097656221133,1.4143775433806207,1.3887433557893951,1.4143775433806207,1.3887433557893951,6.0148449164591415,2.1204400399815735,0.02999541625087431
right,0.030383920297026634,0.09436571598052979,-0.9765624999991117,-0.8544921874992227,-0.9765624999998056,0.7934570312492782,2.8871185974054208,3.0705355435909016,2.8871185974054208,3.0705355435909016,5.681661740293357,4.041179090575692,0.029963153419786222
left,-0.36865517497062683,0.01012509036809206,-1.373291015621669,0.8544921874964472,-1.3427734374960032,-0.8544921874964472,1.6098617828351658,1.6625374073484085,1.6098617828351656,1.6625374073484085,6.033706041828501,2.3893648433336874,0.01845903646170293
right,-0.3731555938720703,0.09561643749475479,-1.3427734374960032,-0.8544921874964472,-1.4038085937528864,0.8544921874964472,1.651805343752046,1.5492794948180613,1.6518053437520457,1.5492794948180613,6.031403836359663,2.3372941775415974,0.03683585130286685
left,-0.38895419239997864,-0.0004865683149546385,-1.4038085937473352,0.8544921874964472,-1.4038085937473352,-0.8850097656221133,1.544931065426737,1.5151505207086702,1.544931065426737,1.5151505207086702,6.030437197757829,2.3147720314489386,0.029187260528421025
right,-0.4132821261882782,0.22102618217468262,-1.4038085937473352,-0.8544921874964472,-1.5869140624902298,0.8544921874964472,1.4743924043790853,1.2258423086945816,1.4743924043790853,1.2258423086945816,5.992587590891527,1.9715950032995553,0.1063486704489777
left,0.21868592500686646,-0.19138790667057037,-0.8544921874964472,0.9460449218734456,-0.8544921874992227,-0.7324218749993338,3.0745512898942917,3.9449205888570225,3.0745512898942917,3.9449205888570225,5.125315816062837,4.867946774471752,-0.016506653191212528
right,-0.2893940210342407,-0.014409792609512806,-1.2817382812529976,-0.8544921875019983,-1.2817382812474465,0.8544921874964472,1.8355043803816116,1.8355043803999564,1.8355043803816116,1.8355043803999564,6.030927835051837,2.680412371128344,1.6743144496868801e-12
left,-0.34567025303840637,-0.05743590369820595,-1.3427734374960032,0.8544921874964472,-1.3427734375015543,-0.8544921875019983,1.67358685601392,1.6735868559978024,1.67358685601392,1.6735868559978022,6.035089778195049,2.443961976293862,1.9201157053300167e-12
right,-0.29948222637176514,-0.057652439922094345,-1.3122558593758882,-0.8544921875019983,-1.2817382812529976,0.8544921875019983,1.764326269272201,1.8231833072931172,1.764326269272201,1.823183307293117,6.0334192830778814,2.6194448657709772,-0.018453915767929055
left,-0.4491582214832306,-0.19757723808288574,-1.4648437499986675,0.8544921874964472,-1.647949218741562,-0.9155273437477794,1.3792879326837824,1.1161533375657622,1.3792879326837824,1.1161533375657622,5.990809322526759,1.9426455190585985,-0.04246325667455679
right,-0.40284979343414307,0.02927227132022381,-1.4343261718730014,-0.8544921874964472,-1.4343261718730014,0.8850097656221133,1.4778140850359782,1.4501959201674868,1.4778140850359782,1.4501959201674868,6.023770292733264,2.2148909154454923,-0.029628820049140112
left,-0.25613880157470703,0.01551756076514721,-1.2207031249988898,0.8544921874964472,-1.2512207031217804,-0.8544921874964472,2.0023112871378044,1.9365152570170474,2.0023112871378044,1.9365152570170472,6.0153940752554345,2.8759613731798948,-0.01813203705695539
right,0.336563378572464,0.15903180837631226,-0.7629394531277754,-0.9460449218789967,-0.793457031250666,0.7324218749993338,3.3700661106332204,4.269109306315178,3.3700661106332204,4.269109306315178,4.649357134695158,5.306341212968302,-0.048543299901488195
left,-0.3053261637687683,0.047784674912691116,-1.312255859370337,0.8544921874964472,-1.281738281244671,-0.8544921874964472,1.7643262692883617,1.8231833073156196,1.7643262692883617,1.8231833073156196,6.033419283078059,2.6194448657651734,0.01845391576973059
right,-0.2991868853569031,0.06585157662630081,-1.2817382812474465,-0.8544921874964472,-1.312255859370337,0.8544921874964472,1.823183307309011,1.7643262692872552,1.823183307309011,1.7643262692872554,6.033419283078268,2.6194448657595406,0.018453915768057005
left,-0.349038690328598,0.05042417719960213,-1.3427734374960032,0.8544921874964472,-1.3427734375015543,-0.8544921875019983,1.67358685601392,1.6735868559978024,1.67358685601392,1.6735868559978022,6.035089778195049,2.443961976293862,1.9201157053300167e-12
right,-0.12579932808876038,0.26095765829086304,-1.1291503906253608,-0.8850097656255828,-1.159667968750333,0.7629394531222243,2.205580930986178,2.3558887663086434,2.205580930986178,2.3558887663086434,5.980342322097758,3.0988119932767066,0.11966937311438083
left,0.061460573226213455,-0.17561808228492737,-0.9765625000018873,0.915527343750555,-0.9765624999991117,-0.7324218749993338,2.7090611981192145,3.2576460907528313,2.7090611981192145,3.2576460907528313,5.6902954949155715,4.018246407229888,-0.09203939932158772
right,-0.14344052970409393,0.022190801799297333,-1.1291503906232792,-0.8239746093749444,-1.1291503906232792,0.8239746093749444,2.3411087398894823,2.341108739889483,2.3411087398894823,2.341108739889483,5.969736473446587,3.1789173770308543,-7.740772837129064e-16
left,-0.2482033222913742,-0.06618613749742508,-1.2207031250016653,0.8544921875019983,-1.2512207031217804,-0.823974609370781,1.9823494934116996,1.9609631503489704,1.9823494934116996,1.9609631503489706,6.023923163476426,2.7787910210264863,-0.046049454444754445
right,-0.2839895486831665,-0.032105281949043274,-1.2817382812474465,-0.823974609370781,-1.2817382812474465,0.8544921874964472,1.8565482552682389,1.8164736265233206,1.856548255268239,1.8164736265233206,6.034235096959858,2.586784773747555,-0.028728752694165888
left,-0.22973154485225677,-0.176661416888237,-1.2207031250002776,0.8544921875006105,-1.2207031249988898,-0.823974609370781,1.9959103270622194,2.0430443193392946,1.9959103270622194,2.0430443193392946,6.018511424062708,2.844420266525922,-0.026944746671856624
right,-0.14522933959960938,-0.08571174740791321,-1.1291503906232792,-0.8239746093749444,-1.129150390623973,0.8544921874992227,2.3624342187405403,2.3020840645223317,2.3624342187405403,2.3020840645223317,5.94717034117438,3.284819845151013,-0.02317811019975044
left,-0.23113974928855896,-0.17900235950946808,-1.2207031249988898,0.8544921874992227,-1.2512207031217804,-0.823974609370781,1.9823494934214365,1.960963150348428,1.9823494934214367,1.960963150348428,6.0239231634766535,2.7787910210238245,-0.04604945444405191
right,-0.1479293406009674,-0.08389612287282944,-1.1291503906260547,-0.8239746093777199,-1.129150390623973,0.8544921874992227,2.3624342187279534,2.302084064522841,2.3624342187279534,2.302084064522841,5.9471703411737895,3.284819845153645,-0.023178110199146288
left,-0.2316923439502716,-0.17865228652954102,-1.2207031249988898,0.8544921874992227,-1.2512207031273315,-0.8239746093763322,1.9823494934227,1.9609631503295493,1.9823494934227,1.9609631503295493,6.023923163476221,2.778791021029868,-0.04604945444224349
right,-0.15057694911956787,-0.08590762317180634,-1.1596679687475575,-0.8544921874992227,-1.129150390623973,0.8544921874992227,2.2298125100124633,2.3074882825360246,2.2298125100124633,2.3074882825360246,5.940721112518111,3.3129414742361223,-0.016798591294202175
left,-0.23114416003227234,-0.17305319011211395,-1.1901855468739175,0.885009765624195,-1.2512207031217804,-0.823974609370781,2.0349209407101587,1.994391395012777,2.0349209407101587,1.994391395012777,6.004876164545999,2.947896568182442,-0.08726893894080452
right,-0.1488536298274994,-0.08450344204902649,-1.1596679687517208,-0.8239746093777199,-1.1291503906253608,0.8544921875006105,2.2660068577789767,2.2870566195865156,2.2660068577789767,2.2870566195865156,5.963346375952004,3.208379623564119,-0.04141370002341044
left,-0.23277246952056885,-0.16680778563022614,-1.2207031249988898,0.8544921874992227,-1.2512207031217804,-0.823974609370781,1.9823494934214365,1.960963150348428,1.9823494934214367,1.960963150348428,6.0239231634766535,2.7787910210238245,-0.04604945444405191
right,-0.14960534870624542,-0.08050607889890671,-1.1596679687489453,-0.8239746093749444,-1.1291503906253608,0.8544921875006105,2.2660068577907597,2.2870566195859645,2.2660068577907597,2.2870566195859645,5.96334637595256,3.2083796235613518,-0.041413700024095224
left,-0.23360320925712585,-0.1599418669939041,-1.2207031249988898,0.8544921874992227,-1.2207031249988898,-0.8544921874964472,2.0158093573117903,2.0158093573160962,2.0158093573117903,2.0158093573160962,6.007580033869376,2.9437142165864314,-2.338433055512098e-12
right,-0.1507011353969574,-0.07590222358703613,-1.1291503906232792,-0.8239746093749444,-1.1291503906253608,0.8544921875006105,2.362434218740768,2.302084064516233,2.362434218740768,2.302084064516233,5.94717034117411,3.284819845152174,-0.02317811019999184
left,-0.22454583644866943,-0.1364516317844391,-1.2207031249988898,0.8544921874992227,-1.2512207031217804,-0.823974609370781,1.9823494934214365,1.960963150348428,1.9823494934214367,1.960963150348428,6.0239231634766535,2.7787910210238245,-0.04604945444405191
right,-0.1389572024345398,-0.06795239448547363,-1.1291503906232792,-0.8239746093749444,-1.129150390623973,0.8544921874992227,2.3624342187405403,2.3020840645223317,2.3624342187405403,2.3020840645223317,5.94717034117438,3.284819845151013,-0.02317811019975044
left,-0.15529456734657288,-0.17619749903678894,-1.1596679687498126,0.8850097656248889,-1.159667968750333,-0.7934570312478905,2.1392897645612123,2.3057910905789134,2.1392897645612123,2.3057910905789134,5.977877187378011,3.1272484634244675,-0.07392440276147365
right,-0.1155998632311821,-0.014926563948392868,-1.1291503906232792,-0.8239746093749444,-1.0986328124990008,0.8544921874992227,2.378157619708799,2.3987378298788347,2.378157619708799,2.3987378298788347,5.927367144160659,3.366067412671694,-0.039253635730741296
left,-0.10890636593103409,-0.16933925449848175,-1.0986328125000415,0.8850097656252358,-1.0986328125017764,-0.7629394531222243,2.3274165747442863,2.5891146383293764,2.3274165747442863,2.5891146383293764,5.9342239537784325,3.329994146064924,-0.0927781029995956
right,-0.14068716764450073,-0.02205113135278225,-1.1291503906260547,-0.8239746093777199,-1.1291503906232792,0.8544921874992227,2.362434218728309,2.3020840645249874,2.362434218728309,2.3020840645249874,5.947170341173373,3.2848198451554533,-0.023178110199521193
left,-0.0733075961470604,-0.19323423504829407,-1.0986328124990008,0.885009765624195,-1.0986328125017764,-0.7629394531277754,2.32741657475296,2.5891146383213957,2.32741657475296,2.5891146383213957,5.934223953773946,3.3299941460847147,-0.09277810299412248
right,-0.0641622245311737,-0.005989382974803448,-1.0986328125003886,-0.8544921875006105,-1.0681152343754163,0.8239746093742505,2.4292823949937112,2.585930082698478,2.4292823949937112,2.585930082698478,5.882339864244854,3.529433559590533,0.0046684648911331575
left,-0.04262441396713257,-0.24431976675987244,-1.0681152343747224,0.8850097656235011,-1.0986328124990008,-0.7324218749993338,2.4011153046441933,2.6499488351472005,2.4011153046441933,2.6499488351472005,5.937833281729494,3.3021983692803762,-0.13744108439057953
right,-0.2496567964553833,-0.10357341915369034,-1.2512207031217804,-0.823974609370781,-1.2207031249988898,0.8544921874992227,1.960963150348428,1.982349493421436,1.960963150348428,1.9823494934214358,6.023923163476653,2.778791021023824,-0.04604945444405125
left,-0.01767711713910103,-0.26100000739097595,-1.0681152343747224,0.8850097656235011,-1.068115234377498,-0.7324218750021093,2.416834105855332,2.772448230240759,2.416834105855332,2.772448230240759,5.920297337446417,3.380223795441282,-0.11569830032436088
right,-0.2189476490020752,-0.19357456266880035,-1.2207031249988898,-0.823974609370781,-1.1901855468739175,0.8544921874992227,2.057417496994659,2.0788396314481252,2.057417496994659,2.0788396314481252,6.0105538690577385,2.9147301114593747,-0.044779834147905914
left,-0.15752284228801727,-0.26099997758865356,-1.159667968750333,0.885009765624195,-1.1901855468759992,-0.7629394531222243,2.1037004077679877,2.239960592615491,2.1037004077679877,2.239960592615491,6.002116436318123,2.9515357811973937,-0.1250917758465632
right,-0.2022511065006256,-0.169071227312088,-1.220703125004441,-0.793457031250666,-1.1901855468739175,0.885009765624195,2.1045207741037646,2.027895546949945,2.1045207741037646,2.027895546949945,6.008578804783317,2.913285231476961,-0.09764755006739934
left,-0.0159781351685524,-0.2609962522983551,-1.0681152343747224,0.8850097656235011,-1.068115234377498,-0.7019042968764432,2.392988435571049,2.818651144731565,2.392988435571049,2.818651144731565,5.945804050085441,3.26295358117443,-0.148889693041321
right,-0.11876939237117767,-0.1459408700466156,-1.0986328124990008,-0.793457031250666,-1.1291503906249705,0.8850097656249973,2.5286298624723673,2.2563158772817147,2.5286298624723673,2.2563158772817147,5.928800197091636,3.359201773841028,-0.05050505050387143
left,-0.08914393931627274,-0.24245278537273407,-1.0986328124990008,0.885009765624195,-1.0986328125017764,-0.7324218749993338,2.3048518397702944,2.6311262722072035,2.3048518397702944,2.6311262722072035,5.957696245171531,3.216703543469201,-0.12384003170503191
right,-0.014758281409740448,-0.08401124179363251,-1.037597656250444,-0.793457031250666,-1.037597656250444,0.8544921874992227,2.78687716275487,2.631731423801027,2.78687716275487,2.631731423801027,5.833722209617476,3.6761224253864087,-0.038937575722991974
left,-0.32082536816596985,-0.10581295192241669,-1.2817382812474465,0.8850097656221133,-1.3427734375015543,-0.8239746093763322,1.7715001832298694,1.7316165017935445,1.7715001832298694,1.7316165017935448,6.032489119735641,2.563167441541494,-0.0936228959133907
right,0.11517834663391113,-0.0015073549002408981,-0.9460449218755272,-0.8544921875006105,-0.9460449218741395,0.8544921874992227,3.0452923865031085,3.045292386512474,3.0452923865031085,3.045292386512474,5.451079427139752,4.447082487906594,3.8604874832717e-14
left,-0.25460270047187805,-0.12438417226076126,-1.2207031249988898,0.8544921874992227,-1.2512207031217804,-0.8544921874964472,2.0023112871353224,1.936515257018784,2.0023112871353224,1.9365152570187838,6.015394075254454,2.875961373188848,-0.018132037059293508
right,-0.14684323966503143,0.03994709625840187,-1.129150390623973,-0.8544921874992227,-1.1291503906260547,0.8239746093777199,2.30208406452284,2.3624342187279526,2.30208406452284,2.3624342187279526,5.947170341173787,3.2848198451536437,0.023178110199146146
left,-0.18335053324699402,-0.16224724054336548,-1.1901855468746114,0.8544921874999166,-1.1901855468759992,-0.7934570312478905,2.071876107580984,2.1737252744533704,2.071876107580984,2.1737252744533704,6.014071127472209,2.8813156800957764,-0.05432523897454829
right,-0.18345803022384644,-0.05516495183110237,-1.1901855468732236,-0.8544921874992227,-1.1596679687475575,0.8544921874992227,2.1273392349707527,2.2008603844755017,2.1273392349707527,2.2008603844755017,5.97324722590865,3.160264810211668,-0.017379414748763453
left,-0.11215878278017044,-0.15571328997612,-1.0986328125000415,0.8544921875000902,-1.0986328125017764,-0.7934570312534416,2.39289681561222,2.5239479596595684,2.39289681561222,2.5239479596595684,5.934602421487727,3.336202282630881,-0.046216603258662496
right,-0.08116167038679123,-0.042621176689863205,-1.0986328124990008,-0.8239746093742505,-1.0986328125003886,0.8544921874992227,2.479553017500905,2.4139879136689553,2.479553017500905,2.4139879136689553,5.906474820144946,3.4460431654638506,-0.021582733812238103
left,-0.04973543807864189,-0.20258934795856476,-1.0681152343754163,0.8850097656255828,-1.0986328125017764,-0.7324218750021093,2.401115304639476,2.6499488351336606,2.401115304639476,2.6499488351336606,5.937833281727491,3.3021983692890395,-0.13744108439036107
right,-0.19503426551818848,-0.07191656529903412,-1.2207031249988898,-0.8544921874964472,-1.1901855468732236,0.8544921874992227,2.029567618439427,2.099127636595652,2.029567618439427,2.099127636595652,5.99779312009889,3.0145953222469206,-0.017817734290199398
left,0.00025836273562163115,-0.26100000739097595,-1.0681152343747224,0.9155273437477794,-1.0375976562532196,-0.7324218750021093,2.383401905945813,2.924208458482823,2.383401905945813,2.924208458482823,5.8673809401776875,3.5664120572029,-0.10842261752125223
right,-0.23684905469417572,-0.1781819462776184,-1.2512207031217804,-0.823974609370781,-1.2207031249988898,0.8544921874992227,1.960963150348428,1.982349493421436,1.960963150348428,1.9823494934214358,6.023923163476653,2.778791021023824,-0.04604945444405125
left,-0.11124647408723831,-0.26100000739097595,-1.1291503906253608,0.8850097656255828,-1.1291503906274425,-0.7324218749993338,2.1977070737534197,2.4971376005075783,2.1977070737534197,2.4971376005075783,5.985835901536065,3.060906107461833,-0.13101985760612087
right,-0.1994827836751938,-0.15557968616485596,-1.1901855468815503,-0.7934570312534416,-1.1901855468739175,0.8544921874992227,2.1737252744312094,2.0718761075849006,2.1737252744312094,2.0718761075849006,6.0140711274716665,2.881315680101376,-0.05432523897258374
left,-0.09690070152282715,-0.2609982490539551,-1.0986328125003886,0.8850097656255828,-1.1291503906329936,-0.7324218750048849,2.2894603217150715,2.5154636027977673,2.2894603217150715,2.5154636027977673,5.9705323066783444,3.142601964805044,-0.14571929029917857
right,-0.1315910965204239,-0.1587855964899063,-1.1291503906274425,-0.7934570312451149,-1.1291503906249705,0.8544921875000034,2.401203285608314,2.2807527724400303,2.401203285608314,2.2807527724400303,5.9694031658417,3.1770426730105945,-0.049269116951009106
left,0.013075212948024273,-0.26099976897239685,-1.037597656250444,0.9155273437477794,-1.0375976562518319,-0.7019042968764432,2.457214600509565,2.9982392988846356,2.457214600509565,2.9982392988846356,5.873390201213179,3.5367549672391037,-0.15062816513516514
right,-0.044575128704309464,-0.1183403879404068,-1.068115234377498,-0.7934570312520538,-1.0681152343754163,0.885009765624195,2.673157961525535,2.459667611271116,2.673157961525535,2.459667611271116,5.855887501215156,3.609466592851897,-0.05959428887689736
left,-0.2865172326564789,-0.11750161647796631,-1.2817382812488343,0.8850097656235011,-1.312255859370337,-0.823974609370781,1.7830638521514106,1.801738299022788,1.7830638521514106,1.801738299022788,6.0319330078166224,2.6198326792832636,-0.07446259890445636
right,0.049310825765132904,-0.041062138974666595,-0.9765624999999791,-0.8544921874999166,-0.9765624999991117,0.8544921874992227,2.9180012436512044,2.918001243656196,2.9180012436512044,2.918001243656196,5.565645682622878,4.261197475757816,-2.5061690264462035e-14
left,-0.21369415521621704,-0.11838924884796143,-1.2207031249988898,0.8544921874992227,-1.2207031249988898,-0.823974609370781,1.9959103270671266,2.043044319339018,1.9959103270671263,2.043044319339018,6.018511424062845,2.8444202665245837,-0.02694474667150581
right,-0.15153905749320984,0.004289345350116491,-1.1291503906260547,-0.8544921875019983,-1.1291503906260547,0.8239746093777199,2.302084064512791,2.3624342187287684,2.302084064512791,2.3624342187287684,5.9471703411728365,3.2848198451577795,0.023178110200001052
left,-0.10763391852378845,-0.15158694982528687,-1.0986328125000415,0.8850097656248889,-1.0986328124990008,-0.793457031250666,2.348550017800716,2.5450564848088115,2.348550017800716,2.5450564848088115,5.906553964480923,3.441785228162586,-0.06492561549213852
right,-0.12618465721607208,-0.03802037611603737,-1.0986328125017764,-0.8544921875019983,-1.129150390623973,0.8544921874992227,2.4189022294904516,2.3368865013322364,2.4189022294904516,2.3368865013322364,5.899085579205095,3.4724719496169354,0.016055099629076825
left,-0.02419268898665905,-0.20745410025119781,-1.068115234377498,0.8850097656262766,-1.0986328125017764,-0.7324218750021093,2.4011153046316966,2.6499488351328906,2.4011153046316966,2.6499488351328906,5.937833281728363,3.3021983692854824,-0.13744108438983005
right,-0.10401160269975662,-0.05036294460296631,-1.0986328124990008,-0.8544921874992227,-1.0986328124990008,0.8544921874992227,2.433651060035669,2.433651060035669,2.433651060035669,2.433651060035669,5.87480473108681,3.553894220040168,2.046925135902795e-16
left,-0.002459026873111725,-0.26100000739097595,-1.0681152343747224,0.9155273437477794,-1.0681152343747224,-0.7324218749993338,2.3686158336015484,2.7947299535792025,2.3686158336015484,2.7947299535792025,5.890707102877211,3.484560831906036,-0.1298947858355591
right,-0.22084729373455048,-0.16974212229251862,-1.2207031249988898,-0.823974609370781,-1.2207031250002776,0.8544921875006105,2.043044319339294,1.9959103270622196,2.043044319339294,1.9959103270622198,6.018511424062707,2.8444202665259217,-0.026944746671857308
left,-0.13612118363380432,-0.2560657560825348,-1.1291503906253608,0.8850097656255828,-1.1901855468759992,-0.7629394531222243,2.1911081414225086,2.256453398207171,2.1911081414225086,2.256453398207171,5.989980571240374,3.0295972906127355,-0.14064551564195843
right,-0.1442795991897583,-0.1408560574054718,-1.159667968750333,-0.7934570312478905,-1.1291503906253608,0.8544921874992227,2.3007025287522684,2.265438625615279,2.3007025287522684,2.265438625615279,5.982443625097613,3.1025882734986125,-0.06882503417711099
left,0.03944360837340355,-0.26099905371665955,-1.007080078124778,0.9460449218734456,-1.0070800781275535,-0.7324218750021093,2.5306355492746553,3.115797523108885,2.5306355492746553,3.115797523108885,5.726670488567713,3.9363653735872424,-0.11280973310353898
right,-0.06955140084028244,-0.12588360905647278,-1.068115234377498,-0.7934570312520538,-1.0986328125003886,0.8544921874992227,2.6355064613809662,2.4087008572647925,2.6355064613809662,2.4087008572647925,5.914058281317506,3.4179760515642523,-0.027622640368589475
left,-0.12421644479036331,-0.23564094305038452,-1.129150390623973,0.885009765624195,-1.1291503906274425,-0.7629394531222243,2.2203171778277238,2.4608329804347835,2.2203171778277238,2.4608329804347835,5.968375659240799,3.1714396172298747,-0.09884110177494257
right,0.01812778040766716,-0.045515842735767365,-1.0070800781251248,-0.8239746093752913,-1.0070800781251248,0.8544921874992227,2.8599498298932846,2.7759683880146544,2.8599498298932846,2.7759683880146544,5.7160062150128805,3.9686100950401353,-0.015627119771569765
left,-0.3297910690307617,-0.12052746117115021,-1.312255859370337,0.8544921874964472,-1.3427734375015543,-0.8544921875019983,1.7406306805463,1.6849560962611978,1.7406306805463,1.6849560962611978,6.035436997820127,2.501215816486542,-0.018489946388203324
right,-0.1343052089214325,0.07368410378694534,-1.129150390623973,-0.8544921874992227,-1.1291503906260547,0.8239746093777199,2.30208406452284,2.3624342187279526,2.30208406452284,2.3624342187279526,5.947170341173787,3.2848198451536437,0.023178110199146146
left,-0.23609186708927155,-0.14152219891548157,-1.2207031249988898,0.8544921874992227,-1.2207031249988898,-0.823974609370781,1.9959103270671266,2.043044319339018,1.9959103270671263,2.043044319339018,6.018511424062845,2.8444202665245837,-0.02694474667150581
right,-0.20209018886089325,-0.03550136089324951,-1.1901855468759992,-0.823974609370781,-1.1901855468759992,0.8544921875019983,2.1441441783274433,2.092982386643469,2.1441441783274433,2.092982386643469,6.002066196251268,2.983938248009285,-0.025846945543585804
left,-0.13965393602848053,-0.1737007349729538,-1.1291503906250029,0.8544921875000034,-1.1596679687531086,-0.7934570312451149,2.2654386256120156,2.30070252874719,2.2654386256120156,2.30070252874719,5.982443625099601,3.1025882734859214,-0.06882503418227785
right,-0.18470820784568787,-0.0639810711145401,-1.1901855468759992,-0.8544921874964472,-1.1596679687489453,0.8239746093749444,2.1073952300594088,2.2354100346455006,2.1073952300594088,2.2354100346455006,5.991459111634618,3.056425392263743,0.007212996178488474
left,-0.07270020991563797,-0.23598863184452057,-1.0986328124990008,0.8850097656235011,-1.0986328125017764,-0.7629394531222243,2.3274165747499738,2.5891146383287342,2.3274165747499738,2.5891146383287342,5.9342239537792,3.3299941460618583,-0.09277810299908425
right,-0.3077121078968048,-0.15574802458286285,-1.3427734375015543,-0.8544921875019983,-1.2817382812529976,0.8544921875019983,1.6966457253941705,1.8111759705904182,1.6966457253941705,1.8111759705904185,6.034616880591177,2.561260210037958,-0.03695060287729694
left,-0.14032483100891113,-0.26099395751953125,-1.1291503906253608,0.8850097656255828,-1.1901855468815503,-0.7629394531277754,2.1911081414239693,2.256453398184191,2.1911081414239693,2.256453398184191,5.989980571239499,3.0295972906196162,-0.1406455156398199
right,-0.2439730167388916,-0.17370879650115967,-1.2512207031217804,-0.823974609370781,-1.2207031250002776,0.8544921875006105,1.960963150348699,1.982349493416568,1.960963150348699,1.982349493416568,6.02392316347654,2.778791021025155,-0.04604945444440289
left,-0.13080717623233795,-0.14354820549488068,-1.129150390624667,0.8544921874999166,-1.1291503906274425,-0.7934570312451149,2.2807527724410765,2.401203285608417,2.2807527724410765,2.401203285608417,5.9694031658416025,3.177042673011085,-0.04926911695111124
right,-0.11004140973091125,-0.18384572863578796,-1.1291503906274425,-0.7934570312478905,-1.0986328125003886,0.8544921874992227,2.4179101600138866,2.377224171747711,2.4179101600138866,2.377224171747711,5.952084004562854,3.2580001454870318,-0.06539038493126105
left,-0.1288796216249466,-0.14254392683506012,-1.1291503906250138,0.8850097656252358,-1.1291503906274425,-0.7934570312451149,2.241677969725704,2.4225468523719824,2.241677969725704,2.4225468523719824,5.946796183908503,3.280949634242446,-0.06969123104942113
right,-0.11268283426761627,-0.18589511513710022,-1.1291503906329936,-0.7629394531277754,-1.0986328125003886,0.8544921874992227,2.4559165385482444,2.3543738355409483,2.4559165385482444,2.3543738355409483,5.972961180082874,3.1485938687478807,-0.09451622892402448
left,-0.12472338229417801,-0.14449730515480042,-1.0986328125000415,0.8544921874999166,-1.1291503906274425,-0.7934570312451149,2.377224171745844,2.417910160018108,2.377224171745844,2.417910160018108,5.952084004564171,3.2580001454804957,-0.06539038493441114
right,-0.1117851510643959,-0.18445570766925812,-1.0986328125017764,-0.7934570312451149,-1.0986328125003886,0.8544921874992227,2.523947959670641,2.3928968156063903,2.523947959670641,2.3928968156063903,5.934602421495881,3.3362022825966973,-0.04621660326505586
left,-0.11471980065107346,-0.15042869746685028,-1.1291503906249705,0.885009765625019,-1.0986328124990008,-0.793457031250666,2.256315877281685,2.528629862472381,2.256315877281685,2.528629862472381,5.928800197091616,3.3592017738410997,-0.050505050503885436
right,-0.11036455631256104,-0.1924210637807846,-1.1291503906274425,-0.7629394531222243,-1.0986328124996947,0.8544921874999166,2.4559165385755035,2.354373835540858,2.4559165385755035,2.354373835540858,5.972961180083143,3.148593868745671,-0.09451622892665135
left,-0.06547807902097702,-0.18881919980049133,-1.0681152343754163,0.8850097656255828,-1.0986328124990008,-0.7629394531249999,2.4237987209698133,2.606750732709411,2.4237987209698133,2.606750732709411,5.911572261504444,3.4157502765596646,-0.10624531875420731
right,-0.10687761008739471,-0.1892046183347702,-1.0986328125017764,-0.7629394531222243,-1.0986328124996947,0.8544921874999166,2.5665782334462177,2.370383070409297,2.5665782334462177,2.370383070409297,5.958882951928112,3.224696706135515,-0.07397097058105052
left,-0.017787663266062737,-0.21077559888362885,-1.0375976562490563,0.8850097656235011,-1.068115234377498,-0.7629394531277754,2.5397436176684662,2.7415502726719865,2.5397436176684662,2.7415502726719865,5.862063454518372,3.585026881549883,-0.09809687585780763
right,-0.09127034991979599,-0.194400355219841,-1.0986328125073275,-0.7629394531277754,-1.0986328124990008,0.885009765624195,2.589114638300673,2.3274165747501994,2.589114638300673,2.3274165747501994,5.934223953777183,3.3299941460704905,-0.09277810299784306
left,-0.02051197737455368,-0.2366371601819992,-1.0681152343747224,0.8850097656235011,-1.0986328124990008,-0.7324218749993338,2.4011153046441933,2.6499488351472005,2.4011153046441933,2.6499488351472005,5.937833281729494,3.3021983692803762,-0.13744108439057953
right,-0.0900200754404068,-0.1818944662809372,-1.0986328124990008,-0.793457031250666,-1.0986328124996947,0.8850097656248889,2.545056484808998,2.348550017801788,2.545056484808998,2.348550017801788,5.906553964480652,3.441785228163543,-0.06492561549229765
left,0.016112985089421272,-0.2520255744457245,-1.0375976562490563,0.9155273437491672,-1.037597656250444,-0.7324218749993338,2.4789085715542845,2.942630498329395,2.4789085715542845,2.942630498329395,5.836877194031358,3.6563471718034197,-0.11855760248856687
right,-0.0958867147564888,-0.09914936125278473,-1.0986328124990008,-0.8239746093749444,-1.0986328124996947,0.8544921874999166,2.4795530175006992,2.4139879136706432,2.4795530175006992,2.4139879136706432,5.906474820143054,3.4460431654706416,-0.02158273381252769
left,-0.176735982298851,-0.1510307490825653,-1.159667968750333,0.8850097656255828,-1.1901855468759992,-0.823974609370781,2.145633253877033,2.1790097711661685,2.145633253877033,2.1790097711661685,5.9721696009389325,3.159954854917555,-0.06518378550798894
right,-0.00033605413045734167,-0.04011652246117592,-1.0070800781251248,-0.8239746093742505,-1.0070800781251248,0.8544921874992227,2.8599498298955726,2.7759683880140646,2.8599498298955726,2.7759683880140646,5.716006215014603,3.968610095036353,-0.015627119772161975
left,-0.10225670039653778,-0.162528857588768,-1.0986328124996947,0.8544921874999166,-1.0986328124990008,-0.793457031250666,2.3928968156130406,2.5239479596734906,2.3928968156130406,2.5239479596734906,5.934602421488306,3.3362022826284186,-0.0462166032593865
right,-0.1691201776266098,-0.0824790969491005,-1.1901855468759992,-0.823974609370781,-1.1596679687489453,0.8544921874992227,2.159083001635282,2.1804024926739753,2.159083001635282,2.1804024926739753,5.990701210599646,3.0579111188922905,-0.04324489411774087
left,-0.12343913316726685,-0.1427556872367859,-1.0986328125000415,0.8544921875000902,-1.1291503906232792,-0.793457031250666,2.377224171751762,2.41791016002525,2.377224171751762,2.41791016002525,5.952084004557686,3.2580001455113177,-0.06539038492685335
right,-0.11456099897623062,-0.18473337590694427,-1.1291503906274425,-0.7934570312478905,-1.0986328125003886,0.8544921874992227,2.4179101600138866,2.377224171747711,2.4179101600138866,2.377224171747711,5.952084004562854,3.2580001454870318,-0.06539038493126105
left,-0.09875840693712234,-0.17585445940494537,-1.0986328125003886,0.8544921874992227,-1.0986328125017764,-0.7934570312534416,2.39289681561234,2.523947959658756,2.39289681561234,2.523947959658756,5.934602421488717,3.3362022826269095,-0.04621660325791245
right,-0.10105036199092865,-0.17258058488368988,-1.1291503906232792,-0.7934570312492782,-1.0986328125003886,0.885009765624195,2.4388444126721294,2.3338497070204784,2.4388444126721294,2.3338497070204784,5.926422049513691,3.363402957621973,-0.08416433738837581
left,-0.03766833245754242,-0.2193126231431961,-1.0681152343747224,0.8850097656235011,-1.068115234377498,-0.7324218750021093,2.416834105855332,2.772448230240759,2.416834105855332,2.772448230240759,5.920297337446417,3.380223795441282,-0.11569830032436088
right,-0.07863479852676392,-0.13504184782505035,-1.0986328124990008,-0.793457031250666,-1.0986328125003886,0.8544921874992227,2.523947959672609,2.392896815611788,2.523947959672609,2.392896815611788,5.934602421489378,3.3362022826241113,-0.04621660325857306
left,-0.1170022040605545,-0.2574600279331207,-1.129150390623973,0.885009765624195,-1.159667968750333,-0.7629394531222243,2.2055809309919687,2.3558887663084307,2.2055809309919687,2.3558887663084307,5.980342322097943,3.098811993275701,-0.11966937311419096
right,-0.06970395147800446,-0.055147431790828705,-1.0986328124990008,-0.8239746093742505,-1.0681152343750693,0.8544921875002636,2.4954038014308324,2.515277599744463,2.4954038014308324,2.515277599744463,5.88154269972429,3.530762167126539,-0.03673094582197948
left,-0.16818712651729584,-0.1759125292301178,-1.159667968750333,0.8544921874992227,-1.1901855468759992,-0.7934570312451149,2.1589092600800046,2.1893717940234843,2.1589092600800046,2.1893717940234843,6.004701806486238,2.9547141796362544,-0.0717644147534725
right,-0.10473192483186722,-0.11345695704221725,-1.0986328124990008,-0.8239746093749444,-1.0986328125000415,0.8544921875000902,2.4795530175006353,2.4139879136692604,2.4795530175006353,2.4139879136692604,5.906474820143148,3.4460431654703045,-0.021582733812463145
left,-0.11122868210077286,-0.15582650899887085,-1.1291503906250138,0.8850097656248889,-1.0986328124990008,-0.793457031250666,2.2563158772817307,2.52862986247227,2.2563158772817307,2.52862986247227,5.92880019709176,3.3592017738405455,-0.0505050505037825
right,-0.20865638554096222,-0.1392582505941391,-1.220703125004441,-0.8239746093763322,-1.1901855468739175,0.8544921874992227,2.0574174969743417,2.0788396314493514,2.0574174969743417,2.0788396314493514,6.010553869057084,2.914730111465297,-0.044779834146236076
left,-0.09453585743904114,-0.1937057375907898,-1.0986328124990008,0.8544921874992227,-1.1291503906274425,-0.7629394531222243,2.3543738355440396,2.4559165385753854,2.3543738355440396,2.4559165385753854,5.972961180083242,3.148593868745133,-0.09451622892654833
right,-0.09474422037601471,-0.20780253410339355,-1.0986328125073275,-0.7629394531277754,-1.129150390623973,0.885009765624195,2.57156691503932,2.235285087717498,2.57156691503932,2.235285087717498,5.953811115599334,3.2476187503694227,-0.07827829155816572
left,-0.06853247433900833,-0.24780309200286865,-1.0986328124990008,0.8850097656235011,-1.0986328125017764,-0.7324218749993338,2.3048518397712514,2.631126272206675,2.3048518397712514,2.631126272206675,5.957696245172048,3.2167035434668367,-0.12384003170463012
right,-0.07625427097082138,-0.17075657844543457,-1.0986328125017764,-0.7629394531277754,-1.0986328125003886,0.8544921875006105,2.566578233438757,2.370383070410313,2.566578233438757,2.370383070410313,5.958882951923948,3.2246967061564655,-0.07397097057581756
left,-0.011294584721326828,-0.24779465794563293,-1.0375976562490563,0.9155273437491672,-1.0681152343747224,-0.7324218749993338,2.4642320075805637,2.8131377054864846,2.4642320075805637,2.8131377054864846,5.862438948803677,3.5745800707263315,-0.1401463291810076
right,-0.08563432097434998,-0.1087004765868187,-1.0986328124990008,-0.793457031250666,-1.0986328124999982,0.8544921875000034,2.5239479596733845,2.3928968156119352,2.5239479596733845,2.3928968156119352,5.9346024214884405,3.3362022826279,-0.04621660325929006
left,-0.21419940888881683,-0.18586339056491852,-1.1901855468739175,0.8544921874992227,-1.2207031249988898,-0.823974609370781,2.0788396314481266,2.0574174969946593,2.0788396314481266,2.0574174969946593,6.010553869057741,2.9147301114593755,-0.04477983414790633
right,-0.023169739171862602,-0.029992438852787018,-1.037597656250444,-0.8239746093742505,-1.0375976562499887,0.8544921875000034,2.7287316127745638,2.65137066498927,2.7287316127745638,2.65137066498927,5.792265975007438,3.7885456784261784,-0.01781550472967746
left,-0.14624713361263275,-0.16055995225906372,-1.129150390624667,0.8544921874999166,-1.159667968750333,-0.7934570312478905,2.265438625616561,2.300702528753132,2.265438625616561,2.300702528753132,5.982443625096859,3.1025882735027785,-0.06882503417798437
right,-0.1140390932559967,-0.11774875223636627,-1.1291503906260547,-0.7934570312520538,-1.0986328124996947,0.8544921874999166,2.41791016001415,2.377224171752719,2.41791016001415,2.377224171752719,5.952084004558033,3.2580001455096483,-0.06539038492742479
left,-0.1555187702178955,-0.14322718977928162,-1.1291503906253608,0.8544921874992227,-1.1596679687531086,-0.7934570312451149,2.265438625611879,2.300702528746446,2.265438625611879,2.300702528746446,5.982443625100258,3.1025882734823305,-0.06882503418152597
right,-0.18635417520999908,-0.15834589302539825,-1.1901855468759992,-0.823974609370781,-1.1901855468753053,0.8544921875006105,2.144144178326843,2.0929823866468062,2.144144178326843,2.0929823866468062,6.002066196251688,2.98393824800635,-0.025846945542870772
left,-0.12958136200904846,-0.1837526559829712,-1.129150390624667,0.8544921874999166,-1.1291503906274425,-0.7629394531222243,2.258175944754624,2.438241127909319,2.258175944754624,2.438241127909319,5.9878406789987855,3.0680658720615464,-0.07832165383927424
right,-0.11470799148082733,-0.1372121274471283,-1.1291503906232792,-0.7934570312492782,-1.129150390625057,0.8544921875000034,2.4012032856171612,2.280752772444864,2.4012032856171612,2.280752772444864,5.969403165837012,3.177042673035558,-0.04926911694455996
left,-0.033554065972566605,-0.23430731892585754,-1.0681152343747224,0.8850097656235011,-1.068115234377498,-0.7324218750021093,2.416834105855332,2.772448230240759,2.416834105855332,2.772448230240759,5.920297337446417,3.380223795441282,-0.11569830032436088
right,-0.08076012879610062,-0.10574296116828918,-1.0986328124990008,-0.8239746093749444,-1.0986328124999547,0.8544921875000034,2.4795530175006215,2.41398791366967,2.4795530175006215,2.41398791366967,5.906474820143165,3.4460431654702366,-0.021582733812450915
left,-0.11253032088279724,-0.2609940767288208,-1.0986328124990008,0.885009765624195,-1.1596679687531086,-0.7324218749993338,2.2743405067294065,2.406072110324651,2.2743405067294065,2.406072110324651,5.980872944037777,3.072077316884351,-0.1677067246299358
right,-0.09080099314451218,-0.015910886228084564,-1.0986328125003886,-0.8544921875006105,-1.0986328125003886,0.8544921875006105,2.433651060029244,2.4336510600292427,2.433651060029244,2.4336510600292427,5.874804731086139,3.553894220042328,1.1043600394266698e-15
left,-0.12823013961315155,-0.20507770776748657,-1.1291503906253608,0.885009765624195,-1.1291503906329936,-0.7629394531277754,2.22031717782493,2.4608329804076012,2.22031717782493,2.4608329804076012,5.9683756592403885,3.171439617232708,-0.09884110177244795
right,-0.06876856088638306,-0.09169475734233856,-1.0986328124990008,-0.8239746093749444,-1.0681152343749392,0.8544921875000034,2.4954038014296778,2.515277599745796,2.4954038014296778,2.515277599745796,5.881542699723718,3.5307621671284632,-0.036730945821360064
left,-0.12055142968893051,-0.16807234287261963,-1.0986328125000415,0.8544921874999166,-1.1291503906274425,-0.7934570312451149,2.377224171745844,2.417910160018108,2.377224171745844,2.417910160018108,5.952084004564171,3.2580001454804957,-0.06539038493441114
right,-0.20435446500778198,-0.1373191475868225,-1.2207031249988898,-0.8544921874964472,-1.2207031250002776,0.8544921875006105,2.015809357316362,2.015809357306827,2.015809357316362,2.015809357306827,6.007580033869205,2.9437142165877823,-2.689900989644054e-12
left,-0.1382743865251541,-0.21175526082515717,-1.1291503906253608,0.885009765624195,-1.1596679687531086,-0.7629394531222243,2.205580930986559,2.3558887662983694,2.205580930986559,2.3558887662983694,5.9803423220995935,3.098811993265607,-0.11966937311540651
right,-0.10575249791145325,-0.1954525262117386,-1.0986328125017764,-0.7629394531222243,-1.0986328124996947,0.8544921874999166,2.5665782334462177,2.370383070409297,2.5665782334462177,2.370383070409297,5.958882951928112,3.224696706135515,-0.07397097058105052
left,-0.10264461487531662,-0.22716112434864044,-1.0986328124990008,0.885009765624195,-1.1291503906329936,-0.7629394531277754,2.3123258062238357,2.4781545876790596,2.3123258062238357,2.4781545876790596,5.950562539921428,3.2535871680280093,-0.11341194442063199
right,-0.10054996609687805,-0.11134570837020874,-1.1291503906232792,-0.7934570312492782,-1.0986328125000415,0.8544921874999166,2.4179101600268993,2.377224171750998,2.4179101600268993,2.377224171750998,5.952084004558867,3.2580001455057683,-0.06539038492799383
left,-0.10417970269918442,-0.2609999477863312,-1.0986328125003886,0.8850097656255828,-1.1291503906274425,-0.7324218749993338,2.289460321713568,2.5154636028248163,2.289460321713568,2.5154636028248163,5.970532306679482,3.142601964797922,-0.14571929030134104
right,-0.0875329077243805,-0.04038509353995323,-1.0986328124990008,-0.8544921874992227,-1.0986328124996947,0.8544921874999166,2.4336510600357646,2.433651060032359,2.4336510600357646,2.433651060032359,5.874804731086639,3.553894220040706,-1.0103951753566304e-13
left,-0.18684865534305573,-0.2293497771024704,-1.1901855468749583,0.885009765625019,-1.2207031249988898,-0.7629394531222243,2.006724336872377,2.13028444211609,2.006724336872377,2.13028444211609,6.016979761200226,2.811740100032287,-0.12975259022435637
right,-0.16287529468536377,-0.028508136048913002,-1.1596679687475575,-0.8544921874992227,-1.1291503906232792,0.8544921874992227,2.229812510012796,2.3074882825381726,2.229812510012796,2.3074882825381726,5.940721112517681,3.3129414742379333,-0.016798591294576514
left,-0.1187598779797554,-0.185829296708107,-1.0986328124996947,0.8544921874999166,-1.1291503906274425,-0.7629394531222243,2.3543738355408594,2.455916538575504,2.3543738355408594,2.455916538575504,5.972961180083145,3.1485938687456723,-0.09451622892665197
right,-0.15674038231372833,-0.129480242729187,-1.1596679687531086,-0.7934570312451149,-1.1291503906253608,0.8544921874992227,2.300702528746446,2.265438625611879,2.300702528746446,2.265438625611879,5.982443625100258,3.1025882734823305,-0.06882503418152615
left,-0.1542259007692337,-0.15760327875614166,-1.159667968750333,0.8544921874992227,-1.159667968750333,-0.7934570312478905,2.173725850797751,2.2844628281049095,2.173725850797751,2.2844628281049095,5.995504979360048,3.0253994640084394,-0.051963172000897374
right,-0.2002403885126114,-0.15768665075302124,-1.1901855468759992,-0.7934570312478905,-1.1901855468739175,0.885009765624195,2.194835979805872,2.0415133986621457,2.194835979805872,2.0415133986621457,6.00096527920087,2.980811419536007,-0.07766109925096966
left,-0.16366568207740784,-0.14239411056041718,-1.159667968750333,0.8544921874992227,-1.1901855468759992,-0.7934570312478905,2.1589092600820066,2.1893717940208006,2.1589092600820066,2.1893717940208006,6.004701806485128,2.95471417964567,-0.07176441475075847
right,-0.18889956176280975,-0.16955728828907013,-1.2207031249988898,-0.7934570312451149,-1.1901855468739175,0.8544921874992227,2.0838721181050217,2.0576542042482635,2.0838721181050217,2.0576542042482635,6.019964286701647,2.81436224277071,-0.07425564175574832
left,-0.21769306063652039,-0.09087438881397247,-1.2207031249988898,0.8544921874992227,-1.2207031249988898,-0.8544921874964472,2.0158093573117903,2.0158093573160962,2.0158093573117903,2.0158093573160962,6.007580033869376,2.9437142165864314,-2.338433055512098e-12
right,-0.11366210132837296,-0.13182739913463593,-1.1291503906260547,-0.7934570312520538,-1.0986328125000415,0.8544921875000902,2.417910160014082,2.3772241717513536,2.417910160014082,2.3772241717513536,5.9520840045581105,3.258000145509313,-0.0653903849273621
left,-0.22110483050346375,-0.08726180344820023,-1.2207031249988898,0.8544921874992227,-1.2207031249988898,-0.823974609370781,1.9959103270671266,2.043044319339018,1.9959103270671263,2.043044319339018,6.018511424062845,2.8444202665245837,-0.02694474667150581
right,-0.11520087718963623,-0.13118556141853333,-1.0986328124990008,-0.793457031250666,-1.1291503906250138,0.8544921874999166,2.5070492375656013,2.2962847638070487,2.5070492375656013,2.2962847638070487,5.953712066198733,3.2550213294304595,-0.030131013079230728
left,-0.20417428016662598,-0.08641024678945541,-1.1901855468732236,0.8544921874992227,-1.220703125004441,-0.8544921875019983,2.0991276365967337,2.029567618419411,2.0991276365967337,2.029567618419411,5.997793120098102,3.0145953222523496,-0.01781773428879792
right,-0.10493171960115433,-0.11057569831609726,-1.0986328124990008,-0.793457031250666,-1.0986328124996947,0.8544921874999166,2.5239479596734915,2.3928968156130415,2.5239479596734915,2.3928968156130415,5.934602421488308,3.33620228262842,-0.046216603259386355
left,-0.13889767229557037,-0.13237304985523224,-1.1291503906253608,0.8544921874992227,-1.1291503906274425,-0.823974609370781,2.3020840645131524,2.3624342187317406,2.3020840645131524,2.3624342187317406,5.947170341180884,3.2848198451221275,-0.023178110204812842
right,-0.18333826959133148,-0.10642041265964508,-1.1901855468759992,-0.823974609370781,-1.159667968750333,0.8544921875006105,2.1590830016355267,2.1804024926683483,2.1590830016355267,2.1804024926683483,5.990701210599442,3.0579111188935193,-0.04324489411801952
left,-0.1463647186756134,-0.18388602137565613,-1.1291503906249996,0.8544921875000007,-1.1596679687531086,-0.7934570312451149,2.2654386256120307,2.30070252874719,2.2654386256120307,2.30070252874719,5.982443625099604,3.1025882734859214,-0.06882503418227919
right,-0.168205127120018,-0.07501289248466492,-1.1596679687475575,-0.8544921874992227,-1.159667968750333,0.8544921875006105,2.215260271792261,2.215260271782855,2.215260271792261,2.215260271782855,5.95829604650925,3.2349751388302197,5.012513810581755e-13
left,-0.12791191041469574,-0.23804767429828644,-1.1291503906253608,0.8544921875006105,-1.159667968750333,-0.7629394531222243,2.2426559394005907,2.3337062530413837,2.2426559394005907,2.3337062530413837,5.9977805339126515,2.995886527591224,-0.0990653530131365
right,-0.21463952958583832,-0.08239009976387024,-1.2207031249988898,-0.8544921874964472,-1.2207031249988898,0.8544921874992227,2.0158093573160962,2.01580935731179,2.0158093573160962,2.01580935731179,6.007580033869375,2.943714216586431,-2.3381730971783852e-12
left,-0.10411606729030609,-0.1610293984413147,-1.0986328125000415,0.8544921875002636,-1.1291503906232792,-0.7629394531249999,2.3543738355435737,2.455916538586886,2.3543738355435737,2.455916538586886,5.972961180079635,3.148593868766077,-0.094516228921094
right,-0.206655815243721,-0.13387605547904968,-1.220703125004441,-0.8239746093763322,-1.1901855468739175,0.885009765624195,2.077190875573884,2.048170003915942,2.077190875573884,2.048170003915942,5.996573694881868,3.0144891902696633,-0.06809283866838892
left,-0.1781758815050125,-0.14276841282844543,-1.159667968750333,0.8544921875006105,-1.2207031249988898,-0.7934570312451149,2.1443963202878393,2.0991717933343894,2.1443963202878393,2.0991717933343894,6.011857796298649,2.887329875849786,-0.09173436065782616
right,-0.09812786430120468,-0.12058185040950775,-1.0986328124990008,-0.7934570312492782,-1.0986328124999547,0.8544921875000034,2.5239479596753873,2.3928968156110835,2.5239479596753873,2.3928968156110835,5.9346024214896005,3.3362022826229807,-0.046216603260503655
left,-0.11183322221040726,-0.08549042046070099,-1.0986328125003886,0.8544921874992227,-1.0986328124990008,-0.8239746093749444,2.4139879136694167,2.479553017499874,2.4139879136694167,2.479553017499874,5.906474820144259,3.4460431654663233,-0.02158273381171423
right,-0.11505400389432907,-0.07304146140813828,-1.0986328124990008,-0.8239746093749444,-1.129150390624667,0.8544921874999166,2.4637284234905876,2.31725501976991,2.4637284234905876,2.31725501976991,5.928160770704158,3.364669118284854,-0.005524766491886647
left,-0.11723093688488007,-0.1320161074399948,-1.1291503906250138,0.8544921874999166,-1.1291503906260547,-0.7934570312520538,2.2807527724457,2.4012032856042915,2.2807527724457,2.4012032856042915,5.969403165836498,3.177042673038304,-0.04926911694377493
right,-0.14666292071342468,-0.050358064472675323,-1.1291503906232792,-0.8239746093749444,-1.129150390623973,0.8544921874992227,2.3624342187405403,2.3020840645223317,2.3624342187405403,2.3020840645223317,5.94717034117438,3.284819845151013,-0.02317811019975044
left,-0.1390109360218048,-0.20115801692008972,-1.129150390624667,0.8544921874999166,-1.1901855468815503,-0.7629394531277754,2.227453160701261,2.2347188513234384,2.227453160701261,2.2347188513234384,6.005531875322191,2.9271678627252196,-0.11994558798645646
right,-0.1425231546163559,-0.052788130939006805,-1.1291503906232792,-0.8239746093749444,-1.129150390623973,0.8544921874992227,2.3624342187405403,2.3020840645223317,2.3624342187405403,2.3020840645223317,5.94717034117438,3.284819845151013,-0.02317811019975044
left,-0.1844870001077652,-0.21814480423927307,-1.1901855468751317,0.8544921875000902,-1.2207031249988898,-0.7629394531222243,2.0356032347069832,2.1087934633781322,2.0356032347069832,2.1087934633781322,6.025863868546561,2.7137890929471276,-0.10625018638741587
right,-0.19609741866588593,-0.08873956650495529,-1.1901855468759992,-0.823974609370781,-1.1901855468732236,0.8544921874992227,2.1441441783269153,2.092982386654019,2.1441441783269153,2.092982386654019,6.002066196251636,2.9839382480067016,-0.02584694554295527
left,-0.15111781656742096,-0.13759642839431763,-1.1291503906253608,0.8544921874992227,-1.159667968750333,-0.7934570312478905,2.265438625615279,2.300702528752267,2.265438625615279,2.300702528752267,5.982443625097612,3.1025882734986117,-0.06882503417711193
right,-0.12679673731327057,-0.13656269013881683,-1.1291503906232792,-0.8239746093749444,-1.0986328124996947,0.8544921874999166,2.378157619708901,2.398737829875582,2.378157619708901,2.398737829875582,5.927367144160521,3.366067412672233,-0.03925363573084392
left,-0.16332273185253143,-0.10525035858154297,-1.129150390623973,0.8544921874992227,-1.1596679687531086,-0.823974609370781,2.287056619587108,2.2660068577825396,2.287056619587108,2.2660068577825396,5.963346375957677,3.2083796235356346,-0.041413700029924685
right,-0.10118907690048218,-0.09594767540693283,-1.0986328124990008,-0.8239746093749444,-1.0986328124996947,0.8544921874999166,2.4795530175006992,2.4139879136706432,2.4795530175006992,2.4139879136706432,5.906474820143054,3.4460431654706416,-0.02158273381252769
left,-0.12620341777801514,-0.15508738160133362,-1.0986328124999547,0.8544921875000034,-1.1291503906274425,-0.7934570312451149,2.3772241717460036,2.417910160018218,2.3772241717460036,2.417910160018218,5.95208400456405,3.258000145481034,-0.06539038493451312
right,-0.18392160534858704,-0.08237647265195847,-1.1901855468759992,-0.823974609370781,-1.1596679687489453,0.8544921874992227,2.159083001635282,2.1804024926739753,2.159083001635282,2.1804024926739753,5.990701210599646,3.0579111188922905,-0.04324489411774087
left,-0.1367914229631424,-0.21300965547561646,-1.1291503906253608,0.8544921874992227,-1.1596679687531086,-0.7629394531222243,2.242655939400852,2.333706253031099,2.242655939400852,2.333706253031099,5.9977805339141765,2.9958865275801094,-0.0990653530140318
right,-0.16249583661556244,-0.05089396983385086,-1.1596679687489453,-0.8239746093749444,-1.159667968750333,0.8544921875019983,2.250604148158669,2.195046146289401,2.250604148158669,2.195046146289401,5.97864298632268,3.130740116076905,-0.024595524789315582
left,-0.21980126202106476,-0.21719110012054443,-1.2207031250002776,0.8544921874992227,-1.2207031249988898,-0.7934570312451149,1.9751786439315875,2.068904168345681,1.9751786439315875,2.068904168345681,6.026152986696963,2.744718710541731,-0.05638203223940468
right,-0.21373140811920166,-0.07992226630449295,-1.2207031249988898,-0.8544921874964472,-1.1901855468732236,0.8544921874992227,2.029567618439427,2.099127636595652,2.029567618439427,2.099127636595652,5.99779312009889,3.0145953222469206,-0.017817734290199398
left,-0.1531650573015213,-0.13142281770706177,-1.159667968750333,0.885009765624195,-1.1596679687558842,-0.7934570312534416,2.139289764561737,2.3057910905541315,2.139289764561737,2.3057910905541315,5.977877187377659,3.1272484634269606,-0.07392440275907892
right,-0.0984107032418251,-0.13802258670330048,-1.0986328124990008,-0.793457031250666,-1.0986328125000415,0.8544921874999166,2.5239479596732988,2.392896815611918,2.5239479596732988,2.392896815611918,5.9346024214885436,3.336202282627478,-0.046216603259208525
left,-0.1367895007133484,-0.09532469511032104,-1.1291503906253608,0.8544921875006105,-1.1596679687489453,-0.7934570312492782,2.2654386256152677,2.300702528756163,2.2654386256152677,2.300702528756163,5.982443625095431,3.102588273511496,-0.06882503417589675
right,-0.114688940346241,-0.11313021928071976,-1.0986328125017764,-0.7934570312534416,-1.0986328125000415,0.8544921875002636,2.5239479596596923,2.392896815611972,2.5239479596596923,2.392896815611972,5.934602421487578,3.3362022826314868,-0.04621660325877791
left,-0.10030146688222885,-0.13490161299705505,-1.0986328125000415,0.8850097656248889,-1.1291503906232792,-0.7934570312492782,2.3338497070205504,2.438844412672777,2.3338497070205504,2.438844412672777,5.926422049512823,3.3634029576253033,-0.08416433738892842
right,-0.14781782031059265,-0.06471885740756989,-1.1291503906232792,-0.8239746093749444,-1.129150390623973,0.8544921874992227,2.3624342187405403,2.3020840645223317,2.3624342187405403,2.3020840645223317,5.94717034117438,3.284819845151013,-0.02317811019975044
left,-0.10538779199123383,-0.2025618553161621,-1.129150390623973,0.885009765624195,-1.1291503906274425,-0.7629394531222243,2.2203171778277238,2.4608329804347835,2.2203171778277238,2.4608329804347835,5.968375659240799,3.1714396172298747,-0.09884110177494257
right,-0.15055611729621887,-0.050459928810596466,-1.1291503906260547,-0.8239746093777199,-1.1291503906253608,0.8544921875006105,2.362434218728181,2.302084064516742,2.362434218728181,2.302084064516742,5.947170341173518,3.284819845154806,-0.02317811019938775
left,-0.18551573157310486,-0.22809161245822906,-1.190185546875045,0.885009765625019,-1.2207031249988898,-0.7934570312451149,2.027895546944796,2.1045207741245853,2.027895546944796,2.1045207741245853,6.00857880478397,2.913285231470455,-0.09764755006935201
right,-0.24135108292102814,-0.07688326388597488,-1.2207031249988898,-0.8544921874964472,-1.2207031249988898,0.8544921874992227,2.0158093573160962,2.01580935731179,2.0158093573160962,2.01580935731179,6.007580033869375,2.943714216586431,-2.3381730971783852e-12
left,-0.1410713791847229,-0.14300537109375,-1.0986328125000415,0.8544921875002636,-1.1291503906274425,-0.7934570312451149,2.3772241717453593,2.4179101600183537,2.3772241717453593,2.4179101600183537,5.952084004563899,3.258000145481706,-0.06539038493464201
right,-0.17957672476768494,-0.14220909774303436,-1.1901855468815503,-0.8239746093763322,-1.1596679687489453,0.885009765624195,2.1790097711438388,2.145633253883665,2.1790097711438388,2.145633253883665,5.972169600938107,3.1599548549222516,-0.06518378550624257
left,-0.14633724093437195,-0.12327723950147629,-1.1291503906253608,0.8544921874992227,-1.1291503906274425,-0.823974609370781,2.3020840645131524,2.3624342187317406,2.3020840645131524,2.3624342187317406,5.947170341180884,3.2848198451221275,-0.023178110204812842
right,-0.1054336428642273,-0.13523222506046295,-1.1291503906260547,-0.7934570312520538,-1.0986328124999547,0.8850097656249973,2.4388444126598188,2.3338497070212267,2.4388444126598188,2.3338497070212267,5.9264220495119595,3.3634029576288653,-0.08416433738827986
left,-0.08325422555208206,-0.07782983034849167,-1.0681152343750693,0.8544921875002636,-1.0681152343747224,-0.7934570312492782,2.5099901274669927,2.652588198888874,2.5099901274669927,2.652588198888874,5.88983152972967,3.502687329781198,-0.042780362006759956
right,-0.1442001312971115,-0.07149595767259598,-1.1291503906232792,-0.8239746093749444,-1.1291503906253608,0.8544921875006105,2.362434218740768,2.302084064516233,2.362434218740768,2.302084064516233,5.94717034117411,3.284819845152174,-0.02317811019999184
left,-0.12265768647193909,-0.16654251515865326,-1.0986328125000415,0.8544921874999166,-1.1291503906274425,-0.7934570312478905,2.3772241717478626,2.4179101600145683,2.3772241717478626,2.4179101600145683,5.952084004562094,3.258000145490391,-0.06539038493189993
right,-0.1726544201374054,-0.0886012464761734,-1.159667968750333,-0.823974609370781,-1.1596679687489453,0.8544921874992227,2.250604148157933,2.1950461462931568,2.250604148157933,2.1950461462931568,5.97864298632692,3.130740116053294,-0.02459552479236448
left,-0.10613389313220978,-0.23166108131408691,-1.0986328124990008,0.885009765624195,-1.1291503906274425,-0.7629394531222243,2.3123258062225256,2.4781545877056876,2.3123258062225256,2.4781545877056876,5.950562539922731,3.253587168021492,-0.11341194442244759
right,-0.2631497085094452,-0.12725751101970673,-1.2817382812474465,-0.823974609370781,-1.2207031250016653,0.8544921875019983,1.8830126286649267,1.969106746316507,1.8830126286649267,1.9691067463165068,6.027710690225198,2.7161984661612997,-0.06525147239846658
left,-0.15133213996887207,-0.18341279029846191,-1.1596679687500293,0.885009765625019,-1.1901855468759992,-0.7934570312478905,2.125185547332113,2.2103090467257207,2.125185547332113,2.2103090467257207,5.989007642886781,3.0560884260433037,-0.09378520751771918
right,-0.21278272569179535,-0.1300860345363617,-1.2207031249988898,-0.8544921874964472,-1.2207031249988898,0.8544921874992227,2.0158093573160962,2.01580935731179,2.0158093573160962,2.01580935731179,6.007580033869375,2.943714216586431,-2.3381730971783852e-12
left,-0.1630256623029709,-0.11903756856918335,-1.129150390623973,0.8544921874992227,-1.1901855468759992,-0.823974609370781,2.2722155577119327,2.1742578203358085,2.2722155577119327,2.1742578203358085,5.976957495546243,3.135251764442294,-0.060090639611216266
right,-0.12956832349300385,-0.13973356783390045,-1.1291503906274425,-0.7934570312478905,-1.129150390624667,0.8544921874999166,2.4012032856049665,2.2807527724430745,2.4012032856049665,2.2807527724430745,5.96940316583975,3.1770426730209476,-0.04926911694860525
left,-0.18140909075737,-0.09738247841596603,-1.1596679687489453,0.8544921874992227,-1.1901855468759992,-0.823974609370781,2.1804024926739753,2.159083001635282,2.1804024926739753,2.159083001635282,5.990701210599646,3.0579111188922905,-0.043244894117740684
right,-0.13802562654018402,-0.15808463096618652,-1.159667968750333,-0.7934570312478905,-1.1291503906250138,0.8544921874999166,2.300702528752946,2.265438625615493,2.300702528752946,2.265438625615493,5.982443625097021,3.102588273501882,-0.06882503417779685
left,-0.18270370364189148,-0.09316103160381317,-1.1901855468739175,0.8544921874992227,-1.1901855468815503,-0.8239746093763322,2.092982386653235,2.14414417830488,2.092982386653235,2.14414417830488,6.002066196251102,2.9839382480107832,-0.025846945541035095
right,-0.1421220898628235,-0.1804133951663971,-1.159667968750333,-0.7934570312478905,-1.1291503906249867,0.8850097656249919,2.3217497736351698,2.227198877873415,2.3217497736351698,2.227198877873415,5.96199365047714,3.206149771120899,-0.08930975535140927
left,-0.18852530419826508,-0.08491560816764832,-1.1596679687475575,0.8544921874992227,-1.1901855468759992,-0.823974609370781,2.1804024926780516,2.159083001635968,2.1804024926780516,2.159083001635968,5.990701210599081,3.0579111188957326,-0.04324489411852163
right,-0.14233361184597015,-0.176149383187294,-1.159667968750333,-0.7934570312478905,-1.1291503906249705,0.8544921875000034,2.30070252875303,2.265438625615519,2.30070252875303,2.265438625615519,5.982443625096946,3.10258827350229,-0.06882503417788324
left,-0.20457428693771362,-0.07305421680212021,-1.1901855468732236,0.8544921874992227,-1.2207031249988898,-0.8544921874964472,2.099127636595653,2.0295676184394265,2.099127636595653,2.0295676184394265,5.99779312009889,3.014595322246921,-0.017817734290200758
right,-0.15080009400844574,-0.16975539922714233,-1.1596679687531086,-0.7934570312451149,-1.1291503906250138,0.8850097656252358,2.3217497736295725,2.227198877869804,2.3217497736295725,2.227198877869804,5.9619936504800926,3.206149771105282,-0.08930975535597821
left,-0.19408361613750458,-0.04521673172712326,-1.1901855468732236,0.8544921874992227,-1.1901855468759992,-0.8544921874964472,2.1131257812869264,2.113125781285091,2.1131257812869264,2.113125781285091,5.986661302547754,3.0858267331865346,-3.835475865104223e-12
right,-0.17441166937351227,-0.10843971371650696,-1.1901855468759992,-0.823974609370781,-1.1596679687489453,0.8544921874992227,2.159083001635282,2.1804024926739753,2.159083001635282,2.1804024926739753,5.990701210599646,3.0579111188922905,-0.04324489411774087
left,-0.1975187212228775,-0.08617359399795532,-1.1901855468732236,0.8544921874992227,-1.1901855468759992,-0.823974609370781,2.092982386654019,2.1441441783269144,2.092982386654019,2.1441441783269144,6.0020661962516355,2.983938248006701,-0.025846945542956273
right,-0.22392228245735168,-0.07405084371566772,-1.2207031249988898,-0.8544921874964472,-1.2207031249988898,0.8544921874992227,2.0158093573160962,2.01580935731179,2.0158093573160962,2.01580935731179,6.007580033869375,2.943714216586431,-2.3381730971783852e-12
left,-0.19056887924671173,-0.10184002667665482,-1.1901855468753053,0.8544921875006105,-1.1901855468759992,-0.823974609370781,2.092982386646805,2.144144178326842,2.092982386646805,2.144144178326842,6.002066196251684,2.9839382480063485,-0.025846945542870942
right,-0.16559568047523499,-0.1013059988617897,-1.1596679687531086,-0.823974609370781,-1.129150390623973,0.8544921874992227,2.266006857782539,2.2870566195871067,2.266006857782539,2.2870566195871067,5.963346375957674,3.208379623535633,-0.04141370002992358
left,-0.19731760025024414,-0.21556459367275238,-1.2207031250002776,0.8544921874992227,-1.2207031249988898,-0.7934570312478905,1.9751786439335097,2.0689041683433946,1.97517864393351,2.0689041683433946,6.026152986696421,2.7447187105508077,-0.05638203223661385
right,-0.13314689695835114,-0.1700277179479599,-1.1291503906274425,-0.7934570312451149,-1.1291503906250029,0.8544921875000034,2.4012032856082968,2.2807527724399312,2.4012032856082968,2.2807527724399312,5.969403165841719,3.177042673010511,-0.04926911695099239
left,-0.1472318321466446,-0.21623466908931732,-1.129150390624667,0.8544921874999166,-1.1901855468759992,-0.7629394531222243,2.22745316069973,2.2347188513461482,2.22745316069973,2.2347188513461482,6.00553187532288,2.9271678627183917,-0.11994558798858677
right,-0.17415884137153625,-0.17634212970733643,-1.2207031249988898,-0.7934570312451149,-1.159667968750333,0.8544921874992227,2.0991717933334337,2.1443963202893146,2.0991717933334337,2.1443963202893146,6.01185779629921,2.8873298758451753,-0.09173436065676287
left,-0.18204745650291443,-0.17720560729503632,-1.159667968750333,0.8544921874992227,-1.2207031249988898,-0.7934570312451149,2.1443963202893164,2.099171793333435,2.1443963202893164,2.099171793333435,6.011857796299214,2.8873298758451775,-0.09173436065676267
right,-0.17534418404102325,-0.15503381192684174,-1.1901855468759992,-0.823974609370781,-1.159667968750333,0.8544921874992227,2.1590830016345977,2.1804024926699035,2.1590830016345977,2.1804024926699035,5.990701210600218,3.0579111188888533,-0.04324489411696276
left,-0.2053995132446289,-0.1774788200855255,-1.1901855468739175,0.885009765624195,-1.220703125004441,-0.793457031250666,2.0278955469499444,2.1045207741037633,2.0278955469499444,2.1045207741037633,6.008578804783315,2.91328523147696,-0.09764755006739996
right,-0.1451943814754486,-0.15447911620140076,-1.1291503906274425,-0.7934570312478905,-1.1291503906250138,0.8544921875002636,2.4012032856050265,2.2807527724415655,2.4012032856050265,2.2807527724415655,5.969403165839689,3.1770426730212353,-0.049269116948664815
left,-0.22509892284870148,-0.11573950201272964,-1.2207031249988898,0.8544921874992227,-1.220703125004441,-0.8239746093763322,1.9959103270683274,2.0430443193188643,1.9959103270683272,2.0430443193188643,6.018511424062291,2.844420266530467,-0.02694474666983989
right,-0.16828076541423798,-0.16826358437538147,-1.159667968750333,-0.7934570312478905,-1.1596679687496392,0.8544921874999166,2.284462828105771,2.1737258507990145,2.284462828105771,2.1737258507990145,5.995504979359407,3.0253994640124815,-0.05196317200181711
left,-0.19337517023086548,-0.14998506009578705,-1.1901855468753053,0.8544921875006105,-1.2207031249988898,-0.823974609370781,2.078839631442892,2.0574174969949177,2.078839631442892,2.0574174969949177,6.010553869057579,2.9147301114606594,-0.04477983414822207
right,-0.18320602178573608,-0.08849532902240753,-1.1901855468759992,-0.823974609370781,-1.1596679687475575,0.8544921874992227,2.1590830016359672,2.1804024926780508,2.1590830016359672,2.1804024926780508,5.990701210599078,3.0579111188957318,-0.04324489411852158
left,-0.1845756620168686,-0.21172453463077545,-1.1596679687498126,0.8850097656248889,-1.220703125004441,-0.793457031250666,2.111336381748756,2.1196852514355866,2.111336381748756,2.1196852514355866,5.997965240446695,2.988186783178821,-0.11382627411147642
right,-0.20408622920513153,-0.16631945967674255,-1.220703125004441,-0.8239746093763322,-1.1901855468739175,0.8544921874992227,2.0574174969743417,2.0788396314493514,2.0574174969743417,2.0788396314493514,6.010553869057084,2.914730111465297,-0.044779834146236076
left,-0.23493248224258423,-0.20642836391925812,-1.2207031250002776,0.8544921875006105,-1.2817382812474465,-0.7934570312478905,1.948406347391576,1.9036888246743202,1.948406347391576,1.9036888246743202,6.0308326431923165,2.621155438786537,-0.09628656557382188
right,-0.204116553068161,-0.19842354953289032,-1.2207031249988898,-0.823974609370781,-1.1901855468753053,0.8544921874992227,2.0574174969939985,2.0788396314442608,2.0574174969939985,2.0788396314442608,6.010553869058148,2.9147301114561044,-0.04477983414710469
left,-0.25084933638572693,-0.1621609330177307,-1.251220703124556,0.8850097656235011,-1.281738281244671,-0.8544921874964472,1.8857425781547568,1.8665003069616257,1.885742578154757,1.8665003069616257,6.01861608710962,2.839831401471537,-0.04390586582272675
right,-0.17844437062740326,-0.16114485263824463,-1.1901855468759992,-0.823974609370781,-1.159667968750333,0.8544921874992227,2.1590830016345977,2.1804024926699035,2.1590830016345977,2.1804024926699035,5.990701210600218,3.0579111188888533,-0.04324489411696276
left,-0.22635410726070404,-0.13427884876728058,-1.2207031250016653,0.8544921875019983,-1.2512207031273315,-0.8239746093763322,1.9823494934129624,1.9609631503300908,1.9823494934129624,1.9609631503300906,6.023923163475992,2.778791021032529,-0.04604945444294631
right,-0.21674798429012299,-0.2017342448234558,-1.2207031249988898,-0.823974609370781,-1.1901855468739175,0.885009765624195,2.0771908755944346,2.0481700039147688,2.0771908755944346,2.0481700039147688,5.996573694882679,3.0144891902636948,-0.06809283867005937
left,-0.2298097014427185,-0.0991164818406105,-1.2207031249988898,0.8544921874992227,-1.2207031249988898,-0.8544921874964472,2.0158093573117903,2.0158093573160962,2.0158093573117903,2.0158093573160962,6.007580033869376,2.9437142165864314,-2.338433055512098e-12
right,-0.24220801889896393,-0.1505403369665146,-1.2207031249988898,-0.8544921874964472,-1.2207031249988898,0.8544921874992227,2.0158093573160962,2.01580935731179,2.0158093573160962,2.01580935731179,6.007580033869375,2.943714216586431,-2.3381730971783852e-12
left,-0.21195915341377258,-0.12260086089372635,-1.1901855468732236,0.8544921874992227,-1.2207031249988898,-0.823974609370781,2.07883963145006,2.0574174969949897,2.07883963145006,2.0574174969949897,6.010553869057539,2.914730111461012,-0.044779834148308155
right,-0.19074231386184692,-0.126799538731575,-1.1901855468759992,-0.823974609370781,-1.1901855468753053,0.8544921875006105,2.144144178326843,2.0929823866468062,2.144144178326843,2.0929823866468062,6.002066196251688,2.98393824800635,-0.025846945542870772
left,-0.20540061593055725,-0.1984654664993286,-1.1901855468753053,0.8544921874992227,-1.2207031249988898,-0.7934570312451149,2.0576542042444173,2.083872118104334,2.0576542042444173,2.083872118104334,6.019964286701971,2.814362242767468,-0.07425564175494308
right,-0.20778286457061768,-0.15936385095119476,-1.2207031249988898,-0.823974609370781,-1.2207031250002776,0.8544921875006105,2.043044319339294,1.9959103270622196,2.043044319339294,1.9959103270622198,6.018511424062707,2.8444202665259217,-0.026944746671857308
left,-0.15324024856090546,-0.1903306096792221,-1.1291503906249705,0.8544921875000034,-1.1596679687531086,-0.7934570312451149,2.2654386256121177,2.3007025287472076,2.2654386256121177,2.3007025287472076,5.98244362509959,3.102588273486007,-0.06882503418229771
right,-0.1737692803144455,-0.1576349288225174,-1.1901855468759992,-0.7934570312451149,-1.159667968750333,0.8544921874992227,2.1893717940234847,2.158909260080005,2.1893717940234847,2.158909260080005,6.004701806486239,2.9547141796362553,-0.07176441475347287
left,-0.1778384894132614,-0.14044494926929474,-1.1596679687489453,0.885009765624195,-1.2207031249988898,-0.7934570312451149,2.111336381750607,2.1196852514565783,2.111336381750607,2.1196852514565783,5.99796524044749,2.9881867831722206,-0.11382627411342464
right,-0.1806812584400177,-0.13910797238349915,-1.1901855468759992,-0.823974609370781,-1.1901855468739175,0.8544921874992227,2.1441441783265773,2.0929823866520803,2.1441441783265773,2.0929823866520803,6.002066196251868,2.9839382480050567,-0.025846945542556145
left,-0.16831271350383759,-0.12551866471767426,-1.159667968750333,0.8544921875006105,-1.1901855468759992,-0.823974609370781,2.1804024926683487,2.1590830016355262,2.1804024926683487,2.1590830016355262,5.990701210599442,3.0579111188935197,-0.04324489411802007
right,-0.13683855533599854,-0.20488359034061432,-1.1291503906274425,-0.7629394531222243,-1.0986328124996947,0.8544921874999166,2.4559165385755035,2.354373835540858,2.4559165385755035,2.354373835540858,5.972961180083143,3.148593868745671,-0.09451622892665135
left,-0.16788999736309052,-0.10780920088291168,-1.1291503906253608,0.8544921875006105,-1.1901855468759992,-0.823974609370781,2.272215557705925,2.174257820336031,2.272215557705925,2.174257820336031,5.97695749554602,3.1352517644434474,-0.06009063961145737
right,-0.15101604163646698,-0.1380087286233902,-1.1596679687531086,-0.7934570312451149,-1.129150390624667,0.8544921874999166,2.3007025287473084,2.265438625613159,2.3007025287473084,2.265438625613159,5.9824436250995,3.1025882734864947,-0.06882503418239978
left,-0.1409977376461029,-0.13471373915672302,-1.1291503906253608,0.8544921874992227,-1.1596679687531086,-0.7934570312451149,2.265438625611879,2.300702528746446,2.265438625611879,2.300702528746446,5.982443625100258,3.1025882734823305,-0.06882503418152597
right,-0.1422896683216095,-0.0750197097659111,-1.1291503906232792,-0.8239746093749444,-1.0986328125003886,0.8544921875006105,2.378157619709004,2.3987378298723305,2.378157619709004,2.3987378298723305,5.927367144160385,3.366067412672773,-0.03925363573094642
left,-0.16095145046710968,-0.16624680161476135,-1.1596679687496392,0.8544921874999166,-1.1901855468759992,-0.7934570312451149,2.1589092600812805,2.1893717940243316,2.1589092600812805,2.1893717940243316,6.00470180648568,2.9547141796402796,-0.071764414754394
right,-0.1417544037103653,-0.18691785633563995,-1.1596679687531086,-0.7934570312451149,-1.1291503906249705,0.8544921875000034,2.3007025287472076,2.2654386256121186,2.3007025287472076,2.2654386256121186,5.982443625099592,3.102588273486008,-0.06882503418229839
left,-0.15911416709423065,-0.13957549631595612,-1.1291503906253608,0.8544921874992227,-1.1901855468759992,-0.823974609370781,2.2722155577076535,2.174257820335113,2.2722155577076535,2.174257820335113,5.976957495546923,3.1352517644386975,-0.06009063961046393
right,-0.14157210290431976,-0.20337827503681183,-1.1596679687531086,-0.7629394531222243,-1.129150390624667,0.8850097656248889,2.355888766299248,2.2055809309877428,2.355888766299248,2.2055809309877428,5.980342322098827,3.0988119932697544,-0.11966937311618615
left,-0.18003229796886444,-0.1404358446598053,-1.1901855468739175,0.8544921874992227,-1.1901855468815503,-0.8239746093763322,2.092982386653235,2.14414417830488,2.092982386653235,2.14414417830488,6.002066196251102,2.9839382480107832,-0.025846945541035095
right,-0.13045164942741394,-0.21590769290924072,-1.1596679687531086,-0.7629394531222243,-1.1291503906253608,0.8544921874992227,2.3337062530311,2.242655939400853,2.3337062530311,2.242655939400853,5.997780533914179,2.9958865275801108,-0.09906535301403245
left,-0.20911411941051483,-0.10921794176101685,-1.1901855468759992,0.8544921875019983,-1.2207031249988898,-0.823974609370781,2.0788396314395916,2.057417496995508,2.0788396314395916,2.057417496995508,6.010553869057217,2.9147301114635806,-0.04477983414893825
right,-0.1594116985797882,-0.2094734013080597,-1.1596679687558842,-0.7934570312534416,-1.159667968749986,0.8544921875000034,2.2844628280818813,2.1737258507991575,2.2844628280818813,2.1737258507991575,5.995504979358632,3.025399464017992,-0.05196317200003608
left,-0.19874908030033112,-0.09641977399587631,-1.1901855468732236,0.8544921874992227,-1.2207031249988898,-0.823974609370781,2.07883963145006,2.0574174969949897,2.07883963145006,2.0574174969949897,6.010553869057539,2.914730111461012,-0.044779834148308155
right,-0.15291225910186768,-0.20770438015460968,-1.1596679687531086,-0.7934570312451149,-1.1291503906250138,0.8544921874999166,2.300702528747122,2.265438625612092,2.300702528747122,2.265438625612092,5.9824436250996635,3.1025882734855985,-0.06882503418221342
left,-0.20115846395492554,-0.10273699462413788,-1.1901855468759992,0.8544921875019983,-1.2207031249988898,-0.823974609370781,2.0788396314395916,2.057417496995508,2.0788396314395916,2.057417496995508,6.010553869057217,2.9147301114635806,-0.04477983414893825
right,-0.1421898901462555,-0.21908651292324066,-1.159667968750333,-0.7629394531222243,-1.1291503906253608,0.885009765624195,2.355888766307659,2.205580930987888,2.355888766307659,2.205580930987888,5.980342322098614,3.0988119932720553,-0.11966937311350474
left,-0.2004082351922989,-0.10237186402082443,-1.1901855468732236,0.8544921874992227,-1.2207031249988898,-0.823974609370781,2.07883963145006,2.0574174969949897,2.07883963145006,2.0574174969949897,6.010553869057539,2.914730111461012,-0.044779834148308155
right,-0.13747623562812805,-0.22195924818515778,-1.159667968750333,-0.7629394531222243,-1.129150390624667,0.8850097656248889,2.355888766308537,2.205580930989072,2.355888766308537,2.205580930989072,5.980342322097849,3.0988119932762026,-0.11966937311428472
left,-0.1924162060022354,-0.10054043680429459,-1.1901855468732236,0.8544921874992227,-1.2207031249988898,-0.823974609370781,2.07883963145006,2.0574174969949897,2.07883963145006,2.0574174969949897,6.010553869057539,2.914730111461012,-0.044779834148308155
right,-0.13244463503360748,-0.22907161712646484,-1.1596679687586597,-0.7629394531277754,-1.129150390624667,0.8850097656248889,2.3558887662746244,2.2055809309891248,2.3558887662746244,2.2055809309891248,5.980342322097807,3.0988119932764593,-0.11966937311420947
left,-0.1887040138244629,-0.10137923061847687,-1.1596679687489453,0.8544921874992227,-1.2207031249988898,-0.823974609370781,2.166006584862577,2.072074998319684,2.166006584862577,2.072074998319684,6.000542552993945,2.988327142120108,-0.06220304231888097
right,-0.12940341234207153,-0.23145224153995514,-1.1596679687531086,-0.7629394531222243,-1.1291503906253608,0.8544921874992227,2.3337062530311,2.242655939400853,2.3337062530311,2.242655939400853,5.997780533914179,2.9958865275801108,-0.09906535301403245
left,-0.18649113178253174,-0.10280270874500275,-1.1901855468739175,0.8544921874992227,-1.1901855468815503,-0.8239746093763322,2.092982386653235,2.14414417830488,2.092982386653235,2.14414417830488,6.002066196251102,2.9839382480107832,-0.025846945541035095
right,-0.12827745079994202,-0.23198091983795166,-1.159667968750333,-0.7629394531222243,-1.1291503906253608,0.8544921874992227,2.33370625304035,2.242655939402249,2.33370625304035,2.242655939402249,5.997780533913375,2.9958865275865145,-0.0990653530121369
left,-0.18794693052768707,-0.10417922586202621,-1.1901855468739175,0.8544921874992227,-1.1901855468759992,-0.823974609370781,2.0929823866520803,2.1441441783265787,2.0929823866520803,2.1441441783265787,6.00206619625187,2.9839382480050576,-0.025846945542555073
right,-0.130464568734169,-0.22971273958683014,-1.1596679687531086,-0.7629394531222243,-1.1291503906253608,0.8544921874992227,2.3337062530311,2.242655939400853,2.3337062530311,2.242655939400853,5.997780533914179,2.9958865275801108,-0.09906535301403245
left,-0.19209861755371094,-0.10224179178476334,-1.1901855468753053,0.8544921875006105,-1.2207031249988898,-0.823974609370781,2.078839631442892,2.0574174969949177,2.078839631442892,2.0574174969949177,6.010553869057579,2.9147301114606594,-0.04477983414822207
right,-0.1336963176727295,-0.22816690802574158,-1.1596679687531086,-0.7629394531222243,-1.1291503906253608,0.885009765624195,2.355888766298371,2.2055809309865615,2.355888766298371,2.2055809309865615,5.980342322099599,3.09881199326561,-0.119669373115408
left,-0.1940620243549347,-0.10079051554203033,-1.1901855468732236,0.8544921874992227,-1.2207031249988898,-0.823974609370781,2.07883963145006,2.0574174969949897,2.07883963145006,2.0574174969949897,6.010553869057539,2.914730111461012,-0.044779834148308155
right,-0.13117925822734833,-0.2235630601644516,-1.1291503906274425,-0.7629394531222243,-1.1291503906253608,0.885009765624195,2.460832980434,2.220317177823635,2.460832980434,2.220317177823635,5.968375659241546,3.1714396172262163,-0.09884110177425837
left,-0.1869499236345291,-0.10260836780071259,-1.1901855468739175,0.8544921874992227,-1.1901855468759992,-0.823974609370781,2.0929823866520803,2.1441441783265787,2.0929823866520803,2.1441441783265787,6.00206619625187,2.9839382480050576,-0.025846945542555073
right,-0.12447661906480789,-0.22756712138652802,-1.1596679687531086,-0.7324218749993338,-1.1291503906253608,0.885009765624195,2.3881100487381435,2.1827974201214766,2.3881100487381435,2.1827974201214766,5.994625928387584,2.99074129982804,-0.15290944588921826
left,-0.18591433763504028,-0.09862639755010605,-1.1596679687489453,0.8544921874992227,-1.2207031249988898,-0.823974609370781,2.166006584862577,2.072074998319684,2.166006584862577,2.072074998319684,6.000542552993945,2.988327142120108,-0.06220304231888097
right,-0.12619589269161224,-0.22730885446071625,-1.159667968750333,-0.7629394531222243,-1.1291503906253608,0.8544921874992227,2.33370625304035,2.242655939402249,2.33370625304035,2.242655939402249,5.997780533913375,2.9958865275865145,-0.0990653530121369
left,-0.1866934448480606,-0.09667272120714188,-1.1901855468753053,0.8544921875006105,-1.1901855468759992,-0.823974609370781,2.092982386646805,2.144144178326842,2.092982386646805,2.144144178326842,6.002066196251684,2.9839382480063485,-0.025846945542870942
right,-0.13026219606399536,-0.22906096279621124,-1.1291503906274425,-0.7629394531222243,-1.1291503906253608,0.8544921874992227,2.438241127908393,2.2581759447533365,2.438241127908393,2.2581759447533365,5.987840678999502,3.0680658720573897,-0.07832165383839924
left,-0.18604974448680878,-0.0913199782371521,-1.1596679687475575,0.8544921874992227,-1.1901855468759992,-0.823974609370781,2.1804024926780516,2.159083001635968,2.1804024926780516,2.159083001635968,5.990701210599081,3.0579111188957326,-0.04324489411852163
right,-0.134778693318367,-0.2224552184343338,-1.159667968750333,-0.7629394531222243,-1.1291503906253608,0.885009765624195,2.355888766307659,2.205580930987888,2.355888766307659,2.205580930987888,5.980342322098614,3.0988119932720553,-0.11966937311350474
left,-0.16826799511909485,-0.08337217569351196,-1.1596679687489453,0.8544921874992227,-1.1901855468759992,-0.823974609370781,2.1804024926739753,2.159083001635282,2.1804024926739753,2.159083001635282,5.990701210599646,3.0579111188922905,-0.043244894117740684
right,-0.14835083484649658,-0.1651138812303543,-1.1596679687531086,-0.7934570312451149,-1.1596679687496392,0.8544921874999166,2.2844628280998998,2.1737258507956656,2.2844628280998998,2.1737258507956656,5.995504979361714,3.025399463996278,-0.05196317200622313
left,-0.1750953644514084,-0.06173206865787506,-1.159667968750333,0.8544921875019983,-1.1901855468732236,-0.8239746093749444,2.1804024926709795,2.159083001640337,2.1804024926709795,2.159083001640337,5.990701210595531,3.057911118918691,-0.04324489411365787
right,-0.14978483319282532,-0.15185117721557617,-1.1596679687531086,-0.7934570312451149,-1.159667968750333,0.8544921874992227,2.284462828099035,2.1737258507943995,2.284462828099035,2.1737258507943995,5.995504979362346,3.0253994639922315,-0.05196317200530348
left,-0.1868962049484253,-0.07106217741966248,-1.159667968750333,0.8544921875019983,-1.1901855468759992,-0.823974609370781,2.1804024926667953,2.1590830016364566,2.1804024926667953,2.1590830016364566,5.9907012105986714,3.057911118898188,-0.04324489411907745
right,-0.17681363224983215,-0.1399475783109665,-1.1901855468759992,-0.823974609370781,-1.1596679687489453,0.885009765624195,2.1790097711659597,2.1456332538825507,2.1790097711659597,2.1456332538825507,5.972169600939152,3.1599548549164647,-0.0651837855077683
left,-0.19964717328548431,-0.07924798130989075,-1.1901855468759992,0.8544921875019983,-1.2207031249988898,-0.8544921874964472,2.0991276365850653,2.0295676184399203,2.0991276365850653,2.0295676184399203,5.997793120098496,3.0145953222495074,-0.01781773429083112
right,-0.29030871391296387,-0.09987626224756241,-1.312255859370337,-0.823974609370781,-1.2512207031273315,0.8544921875019983,1.7959279473280225,1.8782564901241297,1.7959279473280225,1.8782564901241297,6.033126203805528,2.5907387601704577,-0.06627859905530907
left,-0.21384666860103607,-0.0909377783536911,-1.2207031249988898,0.8544921874992227,-1.220703125004441,-0.8239746093763322,1.9959103270683274,2.0430443193188643,1.9959103270683272,2.0430443193188643,6.018511424062291,2.844420266530467,-0.02694474666983989
right,-0.2500612735748291,-0.17031916975975037,-1.2512207031217804,-0.823974609370781,-1.2207031249988898,0.8544921874992227,1.960963150348428,1.982349493421436,1.960963150348428,1.9823494934214358,6.023923163476653,2.778791021023824,-0.04604945444405125
left,-0.1976134330034256,-0.1153435930609703,-1.1901855468739175,0.8544921874992227,-1.1901855468815503,-0.8239746093763322,2.092982386653235,2.14414417830488,2.092982386653235,2.14414417830488,6.002066196251102,2.9839382480107832,-0.025846945541035095
right,-0.20528416335582733,-0.26098722219467163,-1.2512207031273315,-0.7629394531277754,-1.19018554687498,0.8544921875000034,2.020872356414647,2.0217490906351916,2.020872356414647,2.0217490906351916,6.027675045655766,2.652496574284832,-0.12699127349741074
left,-0.14236664772033691,-0.14775709807872772,-1.129150390624667,0.8544921874999166,-1.1596679687531086,-0.7934570312451149,2.2654386256131587,2.3007025287473084,2.2654386256131587,2.3007025287473084,5.982443625099499,3.1025882734864947,-0.06882503418239955
right,-0.17204007506370544,-0.2598626911640167,-1.1901855468759992,-0.7934570312478905,-1.1901855468753053,0.885009765624195,2.1948359798051738,2.0415133986584304,2.1948359798051738,2.0415133986584304,6.000965279201362,2.980811419532657,-0.0776610992502229
left,-0.15052174031734467,-0.16274529695510864,-1.1291503906250138,0.8850097656252358,-1.1901855468759992,-0.7934570312451149,2.2129179289092074,2.226012117843996,2.2129179289092074,2.226012117843996,5.974666286188347,3.1346903833166206,-0.10922984242293138
right,-0.16954433917999268,-0.22165054082870483,-1.2207031249988898,-0.7629394531222243,-1.159667968749986,0.8544921875000034,2.1247107162710814,2.121849795191817,2.1247107162710814,2.121849795191817,6.019592518251814,2.7860276746471984,-0.12380766293281302
left,-0.19407066702842712,-0.08693680167198181,-1.1901855468732236,0.8544921874992227,-1.1901855468815503,-0.8239746093763322,2.0929823866551733,2.1441441783052144,2.0929823866551733,2.1441441783052144,6.002066196250864,2.9839382480124255,-0.02584694554143776
right,-0.20811112225055695,-0.14460977911949158,-1.2207031249988898,-0.823974609370781,-1.1901855468739175,0.8544921874992227,2.057417496994659,2.0788396314481252,2.057417496994659,2.0788396314481252,6.0105538690577385,2.9147301114593747,-0.044779834147905914
left,-0.2231997698545456,-0.0927145704627037,-1.1901855468759992,0.8544921875019983,-1.2207031249988898,-0.8544921874964472,2.0991276365850653,2.0295676184399203,2.0991276365850653,2.0295676184399203,5.997793120098496,3.0145953222495074,-0.01781773429083112
right,-0.1919078528881073,-0.06441009044647217,-1.1901855468759992,-0.823974609370781,-1.1901855468732236,0.8544921874992227,2.1441441783269153,2.092982386654019,2.1441441783269153,2.092982386654019,6.002066196251636,2.9839382480067016,-0.02584694554295527
left,-0.2300948053598404,-0.09512782841920853,-1.2207031250016653,0.8544921875019983,-1.220703125004441,-0.8239746093763322,1.995910327058514,2.04304431931942,1.995910327058514,2.04304431931942,6.018511424062021,2.844420266533146,-0.026944746670541458
right,-0.2309865802526474,-0.13666175305843353,-1.2207031249988898,-0.8544921874964472,-1.1901855468732236,0.8850097656235011,2.04843976418735,2.0675192200756145,2.04843976418735,2.0675192200756145,5.981140170636979,3.1150509036958494,-0.041082223895809886
left,-0.19376300275325775,-0.13349227607250214,-1.1596679687489453,0.885009765624195,-1.2207031249988898,-0.823974609370781,2.1319461635014694,2.091668949597981,2.1319461635014694,2.091668949597981,5.983934346066047,3.089935879914823,-0.08419361582225873
right,-0.1608910858631134,-0.19854386150836945,-1.1901855468759992,-0.7934570312451149,-1.159667968749986,0.8544921875000034,2.1893717940242134,2.1589092600801734,2.1893717940242134,2.1589092600801734,6.00470180648576,2.9547141796397174,-0.07176441475426598
left,-0.16925674676895142,-0.1258648931980133,-1.1596679687489453,0.8544921874992227,-1.1901855468759992,-0.823974609370781,2.1804024926739753,2.159083001635282,2.1804024926739753,2.159083001635282,5.990701210599646,3.0579111188922905,-0.043244894117740684
right,-0.1992516964673996,-0.21676254272460938,-1.2207031249988898,-0.7934570312451149,-1.1901855468753053,0.8544921874992227,2.083872118104335,2.0576542042444195,2.083872118104335,2.0576542042444195,6.019964286701977,2.8143622427674706,-0.07425564175494426
left,-0.15126486122608185,-0.18520978093147278,-1.1291503906249705,0.885009765625019,-1.1901855468759992,-0.7934570312451149,2.2129179289096044,2.226012117843875,2.2129179289096044,2.226012117843875,5.974666286188466,3.134690383316006,-0.10922984242281594
right,-0.16936136782169342,-0.16300490498542786,-1.1901855468759992,-0.7934570312478905,-1.1596679687496392,0.8544921874999166,2.1893717940216484,2.158909260083282,2.1893717940216484,2.158909260083282,6.0047018064845705,2.954714179649695,-0.07176441475167901
left,-0.22967471182346344,-0.1503259390592575,-1.2207031250016653,0.8544921875019983,-1.2207031249988898,-0.823974609370781,1.9959103270573133,2.0430443193395718,1.9959103270573135,2.0430443193395718,6.018511424062572,2.844420266527262,-0.0269447466722084
right,-0.15405015647411346,-0.10415681451559067,-1.159667968750333,-0.823974609370781,-1.129150390623973,0.8544921874992227,2.2660068577910946,2.2870566195884656,2.2660068577910946,2.2870566195884656,5.963346375956325,3.208379623542434,-0.041413700028242316
left,-0.18522700667381287,-0.09269159287214279,-1.1596679687489453,0.8544921874992227,-1.1901855468759992,-0.823974609370781,2.1804024926739753,2.159083001635282,2.1804024926739753,2.159083001635282,5.990701210599646,3.0579111188922905,-0.043244894117740684
right,-0.12942764163017273,-0.03616391867399216,-1.0986328124990008,-0.8544921874992227,-1.129150390623973,0.8239746093742505,2.3987378298780153,2.3781576197074723,2.3987378298780153,2.3781576197074723,5.927367144161705,3.366067412667476,0.039253635731710194
left,-0.23661957681179047,-0.09857605397701263,-1.1901855468732236,0.8850097656235011,-1.2207031249988898,-0.8544921874964472,2.0675192200756145,2.048439764187349,2.0675192200756145,2.048439764187349,5.981140170636977,3.1150509036958485,-0.04108222389581078
right,-0.2861011326313019,-0.13913071155548096,-1.3427734375015543,-0.8544921875019983,-1.2512207031273315,0.8544921875019983,1.7086541316901607,1.885411455656159,1.7086541316901607,1.885411455656159,6.032484635645173,2.624231782269379,-0.055311676908962354
left,-0.2508005201816559,-0.10552174597978592,-1.2207031250016653,0.8544921875019983,-1.2512207031217804,-0.823974609370781,1.9823494934116996,1.9609631503489704,1.9823494934116996,1.9609631503489706,6.023923163476426,2.7787910210264863,-0.046049454444754445
right,-0.3451283276081085,-0.17195500433444977,-1.4038085937528864,-0.8544921874964472,-1.3427734374960032,0.8544921874964472,1.5492794948180604,1.651805343752045,1.5492794948180604,1.651805343752045,6.03140383635966,2.337294177541596,-0.03683585130286686
left,-0.2097279280424118,-0.14702437818050385,-1.1901855468753053,0.8544921875006105,-1.2207031249988898,-0.823974609370781,2.078839631442892,2.0574174969949177,2.078839631442892,2.0574174969949177,6.010553869057579,2.9147301114606594,-0.04477983414822207
right,-0.23962096869945526,-0.19709789752960205,-1.2512207031217804,-0.823974609370781,-1.2207031249988898,0.885009765624195,1.9804301089013785,1.9552792144322357,1.9804301089013783,1.9552792144322357,6.014061864588383,2.8760390064761405,-0.07058285009144649
left,-0.17404769361019135,-0.18108819425106049,-1.159667968750333,0.885009765624195,-1.1901855468759992,-0.7934570312478905,2.1251855473321863,2.210309046725015,2.1251855473321863,2.210309046725015,5.989007642887377,3.056088426039817,-0.09378520751700128
right,-0.23913432657718658,-0.21480929851531982,-1.2512207031217804,-0.823974609370781,-1.2207031249988898,0.8544921874992227,1.960963150348428,1.982349493421436,1.960963150348428,1.9823494934214358,6.023923163476653,2.778791021023824,-0.04604945444405125
left,-0.1970277577638626,-0.1634196788072586,-1.1901855468739175,0.8544921874992227,-1.2207031249988898,-0.7934570312478905,2.0576542042502304,2.083872118102684,2.0576542042502304,2.083872118102684,6.01996428670095,2.8143622427798527,-0.07425564175295252
right,-0.21764662861824036,-0.13489307463169098,-1.2207031249988898,-0.823974609370781,-1.1901855468759992,0.8544921875019983,2.057417496995507,2.0788396314395916,2.057417496995507,2.0788396314395916,6.010553869057215,2.91473011146358,-0.04477983414893918
left,-0.2034703642129898,-0.12551349401474,-1.1901855468739175,0.885009765624195,-1.2207031249988898,-0.823974609370781,2.04817000391477,2.0771908755944333,2.04817000391477,2.0771908755944333,5.996573694882678,3.014489190263695,-0.06809283867006181
right,-0.20176534354686737,-0.09610194712877274,-1.1901855468759992,-0.823974609370781,-1.1901855468759992,0.8544921875019983,2.1441441783274433,2.092982386643469,2.1441441783274433,2.092982386643469,6.002066196251268,2.983938248009285,-0.025846945543585804
left,-0.25134605169296265,-0.13488923013210297,-1.251220703124556,0.8850097656235011,-1.2512207031217804,-0.823974609370781,1.8794003651150448,1.9667417928814288,1.8794003651150448,1.9667417928814288,6.021340347428634,2.8073140178362634,-0.05348014590723343
right,-0.2841218411922455,-0.1670939177274704,-1.312255859370337,-0.8544921874964472,-1.2512207031273315,0.8544921875019983,1.7766476283381425,1.8977335518704075,1.7766476283381425,1.8977335518704073,6.030417574085224,2.6828747664381556,-0.036800627646738276
left,-0.23452922701835632,-0.16430993378162384,-1.1901855468753053,0.8850097656255828,-1.2512207031217804,-0.823974609370781,2.0349209407050557,1.9943913950129977,2.0349209407050557,1.9943913950129974,6.004876164545839,2.9478965681835936,-0.08726893894106232
right,-0.2298976629972458,-0.149721160531044,-1.2512207031217804,-0.823974609370781,-1.2207031249988898,0.8544921874992227,1.960963150348428,1.982349493421436,1.960963150348428,1.9823494934214358,6.023923163476653,2.778791021023824,-0.04604945444405125
left,-0.19051483273506165,-0.14931480586528778,-1.1901855468753053,0.8544921875006105,-1.2207031249988898,-0.823974609370781,2.078839631442892,2.0574174969949177,2.078839631442892,2.0574174969949177,6.010553869057579,2.9147301114606594,-0.04477983414822207
right,-0.20619767904281616,-0.19625595211982727,-1.2207031249988898,-0.7934570312451149,-1.2207031250002776,0.8544921874992227,2.0689041683456795,1.9751786439315868,2.0689041683456795,1.9751786439315868,6.02615298669696,2.7447187105417297,-0.05638203223940462
left,-0.1694740355014801,-0.16293156147003174,-1.159667968750333,0.8544921874992227,-1.1901855468815503,-0.7934570312534416,2.1589092600833415,2.189371793998589,2.1589092600833415,2.189371793998589,6.00470180648439,2.9547141796519476,-0.07176441474894854
right,-0.17659249901771545,-0.1524762213230133,-1.1901855468759992,-0.823974609370781,-1.1596679687489453,0.885009765624195,2.1790097711659597,2.1456332538825507,2.1790097711659597,2.1456332538825507,5.972169600939152,3.1599548549164647,-0.0651837855077683
left,-0.21185562014579773,-0.11291982978582382,-1.1901855468759992,0.8850097656262766,-1.2207031249988898,-0.823974609370781,2.048170003907058,2.0771908755947717,2.048170003907058,2.0771908755947717,5.996573694882407,3.014489190265431,-0.06809283867044583
right,-0.1685934066772461,-0.06732117384672165,-1.1596679687475575,-0.8239746093749444,-1.1596679687475575,0.8544921874992227,2.250604148162439,2.195046146301415,2.250604148162439,2.195046146301415,5.978642986322533,3.1307401160778245,-0.024595524787920996
left,-0.14151380956172943,-0.07484585046768188,-1.0986328124990008,0.8544921874992227,-1.1291503906232792,-0.8239746093749444,2.3987378298788347,2.3781576197087984,2.3987378298788347,2.3781576197087984,5.927367144160659,3.3660674126716934,-0.039253635730741934
right,-0.230499267578125,-0.11565295606851578,-1.2207031249988898,-0.8544921874964472,-1.2207031249988898,0.8544921874992227,2.0158093573160962,2.01580935731179,2.0158093573160962,2.01580935731179,6.007580033869375,2.943714216586431,-2.3381730971783852e-12
