0.65057951564844152,-0.5754808896023631,0.68804528383691088,-0.0068693377330151136,-0.0080523935466265805,-0.70368737821782945,0.71043088678223854,-0.067060833683784432,0.060388334001525365,0.076334008446351936,0.22324055415775765,-0.15584540704676919,-0.20000000000000001,-0.082014426190860135,-0.06964003401690233,-0.12414283989318986,0.25845786673951332,-0.1359865486930264,-0.20000000000000001,-2.2768245622195593e-17,0.43321003505418804,0.73458495770782917,-0.90821303635732542,-1.3194605959617203,0.28570635245417786,-0.29934585595844926,0.50309641390281901,-0.49986879987292299,
0.6505834375395706,-0.57553797504845272,0.68805712287489118,-0.0068896417386339337,-0.0080981472447983448,-0.70368023081736097,0.71043724958981447,-0.066916286387392027,0.060352782497847611,0.076097306383148516,0.2232465982384004,-0.15567806517143659,-0.20000000000000001,-0.081876651774935624,-0.06966201366084071,-0.12406481332455543,0.25849156289201436,-0.13592278040047681,-0.20000000000000001,-5.8817967857338616e-18,0.4335836883089968,0.73464245726691835,-0.90764195305452189,-1.3203700112427477,0.28127621578227524,-0.29337932849072956,0.49988058055611401,-0.48829056960843242,
0.65060235795962162,-0.57562803250717409,0.68807817494009071,-0.00676193230013253,-0.0080657507663962156,-0.70360445204277489,0.71051389500961182,-0.066895306349381484,0.060229021584146156,0.075799758941348605,0.22317886254985539,-0.15561717176168727,-0.20000000000000001,-0.08186962530740155,-0.069782511104769435,-0.12420600525149741,0.25855776210486192,-0.13603285172193552,-0.20000000000000001,2.881267273380228e-17,0.4339453279570854,0.7349371132194007,-0.90703880794556435,-1.3219507624869082,0.27334482440067787,-0.2836110286064672,0.49470031949891158,-0.46867394390837708,
0.65062237816666568,-0.57575835842475642,0.68810499674987013,-0.0065491697178372294,-0.0079605740094936435,-0.70343037725326729,0.7106894131720074,-0.067048821231680961,0.06009714248305794,0.075482685870719379,0.2232297208777993,-0.15577175341511829,-0.20000000000000001,-0.081890829951436095,-0.069934575141565231,-0.12458798226973508,0.25863523828251112,-0.1362466766854174,-0.20000000000000001,1.1736488517155585e-17,0.43430605207824574,0.7357113310023915,-0.90663757962649738,-1.3241524766719024,0.2641628134575813,-0.27315539691542184,0.48693750103040134,-0.44798971314409863,
0.65064112159941012,-0.57590284804806302,0.68811509890566547,-0.0063900000431656671,-0.0078548722350903159,-0.70324008758756507,0.71088033317250576,-0.067187767005494309,0.06001463503662062,0.075021755283673858,0.22335840396031278,-0.15597747234271853,-0.20000000000000001,-0.081726518608626314,-0.070012792593605239,-0.12513979387518859,0.25851916324991692,-0.13651455230886378,-0.20000000000000001,-3.9573379295720912e-17,0.43466746166823012,0.73632211713974494,-0.90598436356471168,-1.3260554359230536,0.25687375340692081,-0.26504200172196457,0.4781993490910279,-0.43296025491084666,
0.65064874787266203,-0.5760557623959246,0.68812825304120084,-0.0062564475454362813,-0.0077623361312750298,-0.70313812414358579,0.71098339036698721,-0.067242263884506104,0.059957171767180351,0.074667023576760055,0.22349311484421461,-0.15610882822817559,-0.20000000000000001,-0.081622747076141144,-0.070067516154695503,-0.12535809979815493,0.25853676784301494,-0.13674569153688973,-0.20000000000000001,-2.439454888092385e-18,0.43526043773749556,0.73584999852371302,-0.90436084919587456,-1.3268847414530309,0.25128703859066964,-0.25876381585348801,0.46880966421924114,-0.42226767859248326,
0.65066880581083275,-0.57618716368741818,0.68813722527707932,-0.0060728085881508733,-0.0076772703299029339,-0.70303108982555174,0.71109174320535473,-0.067307036554026659,0.059830431361242845,0.074347062512192114,0.22352554361286439,-0.15620312042784534,-0.20000000000000001,-0.081649442399885169,-0.070197860997461559,-0.12563234075150181,0.25864009144308919,-0.13712890766663602,-0.20000000000000001,7.5081000444621182e-18,0.43586564697083152,0.73459085048537909,-0.90247350648758784,-1.3266347911843057,0.24749021617342859,-0.25465559747636962,0.46222113598865167,-0.41491367677666413,
0.65067953536539913,-0.57631481314120669,0.68815441782593267,-0.0059052503479217911,-0.0076067158766749566,-0.7028995522018987,0.71122393478163426,-0.067388568655653736,0.059720229210513592,0.074069781652426586,0.2235961809041212,-0.15625469076537216,-0.20000000000000001,-0.081713527134150116,-0.070327305339177582,-0.1259835717410836,0.25889448140817545,-0.1374408654737119,-0.20000000000000001,1.7564075194265172e-17,0.43650353900310046,0.73334845913123825,-0.9008076628427053,-1.3261996240711893,0.24447374206747413,-0.25168017958465538,0.45780902342654156,-0.40885504694319236,
0.65068425157307863,-0.57646872480641709,0.68815631597724958,-0.0058639845595845116,-0.0076672960230607752,-0.70278460271757992,0.71133721148262252,-0.067271217820520646,0.059623825094294328,0.073833545328378269,0.22377213579385069,-0.1563887828379909,-0.20000000000000001,-0.08140794583393364,-0.070436089813494682,-0.1263961520128038,0.2589383044354745,-0.13776537430007874,-0.20000000000000001,1.7564075194265172e-17,0.43718496079216584,0.73281576528455483,-0.89952718002057397,-1.3263630668993334,0.24241242108329616,-0.2496719925138226,0.45531442015801799,-0.40380921967039407,
0.65067950285243237,-0.57664518243075102,0.68816852260988759,-0.005846471795880246,-0.0076977711906873157,-0.70274472444756853,0.71137642310337135,-0.067120835553996935,0.059586158299614334,0.073631465375563809,0.22397215977535023,-0.15665295104897087,-0.20000000000000001,-0.081103182112639727,-0.070481644982435449,-0.12664220193505779,0.2589872415200124,-0.13789934517650682,-0.20000000000000001,1.0706496453294356e-17,0.43771441387698901,0.73282895362710798,-0.89850679819488466,-1.3270154590306165,0.24090252241259558,-0.24821642957453416,0.45350697193705625,-0.39984622928860275,
0.65067615990792627,-0.57685188190605263,0.68817978163624527,-0.0058270315888575702,-0.007788988730706616,-0.70270416512721012,0.71141565464240808,-0.066880175843416781,0.05949881672188153,0.073452609920518913,0.22417084522851222,-0.15661061813697852,-0.20000000000000001,-0.080687710629816375,-0.070579752481472899,-0.12681934268293968,0.25900262581288636,-0.13812875325920063,-0.20000000000000001,-1.3660947373317356e-17,0.43825178604495296,0.73275414674774053,-0.89780489864700408,-1.3271805543197714,0.24055792368976123,-0.24801363799970788,0.45253402892625905,-0.39836538609838046,
0.65067109288180958,-0.57700283635369898,0.68819367342463789,-0.0057434207330258136,-0.0078147245507307114,-0.70273089711475323,0.71138964670479565,-0.066903616113167183,0.059412744370652734,0.073581053985113137,0.2245231124526241,-0.15641269136760508,-0.20000000000000001,-0.08066090911904715,-0.070678218496414091,-0.12674978016352695,0.25930457853075234,-0.13840931416964627,-0.20000000000000001,2.0003530082357557e-17,0.43866694514386823,0.73149238536672434,-0.89714116883922412,-1.3254572890089256,0.24103490840663067,-0.24891513036690691,0.45303172201625569,-0.39924202706058431,
0.65066887172176679,-0.57711257268755856,0.68820225755497544,-0.0056121050189251289,-0.0078696147029505524,-0.70279584268440254,0.71132592877471035,-0.067158232420716266,0.059261646947461971,0.073643756744572381,0.22517933076345131,-0.15632552927366294,-0.20000000000000001,-0.080750758294326375,-0.070846946376168757,-0.12659469905552062,0.25962299645694331,-0.13882940310412689,-0.20000000000000001,-7.8604657505199071e-18,0.43904422889148903,0.72950850949454327,-0.89662135754742256,-1.322583525692933,0.24185233600005801,-0.25049099514648798,0.45458570278160443,-0.40094007306737939,
0.65065816616037919,-0.57720646590181957,0.6882213787009932,-0.0054945150024297952,-0.0079271170415597253,-0.70284574904768193,0.71127689697184771,-0.067595100444217363,0.059132118973120512,0.073573074044334635,0.22611018995767954,-0.15634162389699202,-0.20000000000000001,-0.080850420094961267,-0.070992423921941855,-0.12650484477581792,0.25994008645306632,-0.13907002874951621,-0.20000000000000001,-1.6479873021779667e-17,0.43929206137244609,0.72693110499527225,-0.89612069744937373,-1.3187182729437343,0.24235749871125212,-0.25208167690211358,0.45779572645103883,-0.40186531302243367,
0.65063246648104611,-0.57732673405640167,0.68823185532418252,-0.0053924614715141423,-0.0079882828949730238,-0.70273873321771851,0.71138272507225309,-0.06810718263109157,0.059047332975290912,0.073185133002459463,0.22716780999827252,-0.15642247586064456,-0.20000000000000001,-0.080710887976335355,-0.071110085888372226,-0.12687828403776669,0.26007482163125883,-0.13939341358199903,-0.20000000000000001,1.6913553890773869e-17,0.4395852417522646,0.72497367363613252,-0.89570802007857431,-1.3156790468813355,0.24316343908040125,-0.25405651952235647,0.46149476259627487,-0.40336673649463906,
0.65060755225074196,-0.57743935425947479,0.68823898313331766,-0.0053243237666118857,-0.0080726647931681564,-0.70249278250655012,0.71162516410380705,-0.068986549251347437,0.058969369448952841,0.072527022309452044,0.22884582799863767,-0.15663803386805272,-0.20000000000000001,-0.080534437676571285,-0.071232304882406255,-0.12754310028980981,0.26030770830697952,-0.13974848537680373,-0.20000000000000001,-1.0028870095490916e-17,0.43995206535325992,0.72339989517992676,-0.89518110285309871,-1.3132403157339856,0.2441843998952444,-0.25624913609065858,0.46613384949001319,-0.4052283060231931,
0.65058108498331746,-0.57752016487050428,0.68823732326700859,-0.0053673774792135833,-0.0082359683075602375,-0.70225962052319635,0.71185306452079622,-0.070025112009927087,0.05892897290183402,0.071816621141418291,0.23103384782495121,-0.15717111466465017,-0.20000000000000001,-0.080212928386762944,-0.071301624130889682,-0.12815476122868169,0.26043476372580432,-0.13997939007110863,-0.20000000000000001,4.0657581468206416e-18,0.44042056393448958,0.7226921419671033,-0.8948485859616887,-1.3119325732872458,0.24599054436948908,-0.25916593384161346,0.47098000979663457,-0.40883635854436573,
0.65055678841153286,-0.57757527421550792,0.68825052397949338,-0.0054637476123422044,-0.0083997349778324008,-0.70207654112826656,0.71203098409528531,-0.071006580500261776,0.058931118650847172,0.071117411399177183,0.23314348841159424,-0.15758625702412463,-0.20000000000000001,-0.079851050804941232,-0.071315349761985863,-0.12853040435974949,0.26043702008858671,-0.13984118117634406,-0.20000000000000001,-1.6046192152785466e-17,0.44089120786490171,0.7219024530573519,-0.89443990431705189,-1.3105509269899458,0.24831715109846514,-0.26277005289517685,0.47651247016374887,-0.41380053887495821,
0.65051676037149153,-0.57757840066431509,0.68824496391847734,-0.0056198481345043193,-0.0086103241003990024,-0.70177876182769128,0.71232074873151352,-0.072307642991064167,0.058997045637381798,0.070299457353269923,0.23577125869876553,-0.15801110260023182,-0.20000000000000001,-0.079439508190822156,-0.07130317292042597,-0.12931167872173496,0.26045794605106165,-0.13981853131375829,-0.20000000000000001,7.2641545556528797e-18,0.44146025854344406,0.72167388595097171,-0.89476420474987628,-1.3094957664416667,0.25204062620421736,-0.26824602435847522,0.48452975243431856,-0.4217928291202776,
0.65047684362489699,-0.57755934675565701,0.68820248679876928,-0.0059547534932319329,-0.0090578669251594988,-0.70142417781175059,0.71266164393680587,-0.073534720203445064,0.059022832142273746,0.069334231107686634,0.23878133905763055,-0.15849483122057748,-0.20000000000000001,-0.078787300594435672,-0.071369156644679077,-0.13027975086467977,0.2606491013105251,-0.14013303284778655,-0.20000000000000001,3.9464959078472361e-17,0.4423231016371898,0.72146062049153525,-0.89586288119768065,-1.3079807823569909,0.25660936596953765,-0.27450721863592742,0.49446932830064838,-0.43077599635475583,
0.65045899213020331,-0.57749493401487784,0.68812754467093196,-0.0065474370027612918,-0.0098431534151702284,-0.70096043784691675,0.71310217218362115,-0.075013094774939282,0.058961620397302128,0.067982792841851852,0.24296933531585113,-0.15942551888658354,-0.20000000000000001,-0.077963549940265289,-0.071596966796014641,-0.13150759048495397,0.26137756441418647,-0.14073736442530732,-0.20000000000000001,-1.6723818510588906e-17,0.44324592760351295,0.72221772319594879,-0.8992552882628887,-1.3062743034819213,0.26209028733413231,-0.28232986506333135,0.50905135401069823,-0.44033547521727773,
0.65048726125988376,-0.57740522553150875,0.68800544455108448,-0.0075056378606996339,-0.010894316754779927,-0.70059488841589912,0.71343659955756744,-0.076173257556771512,0.058902409243957288,0.066659897105341565,0.24757156606063127,-0.16118972233404241,-0.20000000000000001,-0.076857679333329834,-0.07183182624834851,-0.13234949869542806,0.26241261436561242,-0.14145095676880087,-0.20000000000000001,-3.3637372401362775e-17,0.44423137101786314,0.72393957848249513,-0.90451809352962009,-1.3047967445380162,0.26761350523849159,-0.28989946728862498,0.52523215280390045,-0.44848162135226871,
0.65054935580050288,-0.57729716222584027,0.68786380078672926,-0.0085766880253705692,-0.01201689891079624,-0.70034073273914765,0.71365600440932087,-0.077443528352095045,0.058858501860982099,0.065804686556885428,0.25270917814552002,-0.16345883394505156,-0.20000000000000001,-0.075722757443214231,-0.072068771907251611,-0.13278979005491298,0.26354648037574629,-0.14221262634546628,-0.20000000000000001,-1.7835125737386548e-17,0.4448208507551405,0.72710091778542818,-0.91221650896640816,-1.3037908744631692,0.27261503232825479,-0.29700762096383115,0.54236428906828338,-0.45498261005757518,
0.6507083274582014,-0.5771643488014383,0.68764476946280928,-0.010132704119593609,-0.013551697353855483,-0.70028750266918849,0.7136603487734241,-0.079098592472727353,0.058790574143963104,0.065348909269357908,0.25997138923950586,-0.16695192175860857,-0.20000000000000001,-0.074439451434572604,-0.072431312145055327,-0.13239777135407074,0.26554660000969077,-0.14345151470416889,-0.20000000000000001,-5.8275866771095863e-18,0.4444026762495657,0.73439702987997602,-0.92615455882736064,-1.3043319374014433,0.27929491567021603,-0.30578724430613813,0.56282975743528374,-0.46338433272105828,
0.65092875271990558,-0.5770251241639468,0.68740024002220101,-0.011857642627641508,-0.0152389420456905,-0.70030863665949583,0.71357899659166091,-0.081423431948927288,0.058676345798407775,0.06475007891128276,0.26895520615921442,-0.1711424033530059,-0.20000000000000001,-0.07341022664997765,-0.072907856360148016,-0.13159285073269661,0.26843735042351363,-0.14496785312031915,-0.20000000000000001,-1.7943545954635098e-17,0.44280278819091118,0.74384435464863752,-0.9437127867125833,-1.3052131661512965,0.28743220718630158,-0.31696718706792315,0.58588341386824738,-0.47522114590373243,
0.65132262941758845,-0.57689040342040132,0.6870860716101852,-0.014097534455625567,-0.017498914023215562,-0.70054803673060362,0.71325135524804817,-0.084610068637386598,0.058313015569242135,0.064345236909735176,0.28131795800527071,-0.17703039147542365,-0.20000000000000001,-0.07296539629889498,-0.073837147846256126,-0.12993671723603001,0.27389438208391392,-0.14754468150246636,-0.20000000000000001,9.0666406674100308e-18,0.44022110650630969,0.75388354258937174,-0.96379061611815386,-1.3047424072677209,0.29927018288779367,-0.33100004443880909,0.61122988535303746,-0.49314376947962291,
0.65183971769111504,-0.57677505472035906,0.68679241547420589,-0.016205249633885734,-0.019606064178431026,-0.70097869152539083,0.7127284659385269,-0.08827983927833595,0.057812557151868137,0.064719167517849369,0.29431783608929279,-0.18355952772532719,-0.20000000000000001,-0.073677265051766749,-0.075014960826164337,-0.12751937254421858,0.28087479331215975,-0.15034532204299006,-0.20000000000000001,1.0342272285975007e-17,0.43726159230064743,0.76039497556951452,-0.98035607955321658,-1.3015886001724355,0.31217068595075598,-0.34400508889905856,0.63089980905733223,-0.51338379843836579,
0.65244379049011747,-0.5766491151082056,0.68648418388619559,-0.018260652796207685,-0.021563892800895861,-0.70134214815128371,0.71226451428754389,-0.0924526103177961,0.057275767427583411,0.065185841477045176,0.30783560400659693,-0.19081489762636766,-0.20000000000000001,-0.075242547290853265,-0.076381715400003589,-0.12516569373618672,0.28908450921426726,-0.15338886829204679,-0.20000000000000001,-2.5207700510287978e-18,0.43408794077852569,0.76469327763395079,-0.99429837857125924,-1.2972937640227209,0.32607950023361837,-0.35584139744733478,0.64534230181999308,-0.53496296864386661,
0.65323190619913807,-0.57645844763559384,0.68624374417012612,-0.020184033945568402,-0.022881726069490255,-0.70189628772722568,0.71162534571254876,-0.098983479369798608,0.056959552299765862,0.065976329519082472,0.32427862553867043,-0.19970067557042426,-0.20000000000000001,-0.079867892238268984,-0.077858645387411704,-0.12187728625080221,0.30107403647333975,-0.15549381382128849,-0.20000000000000001,2.7105054312137611e-19,0.4298597506104368,0.76613926204576877,-1.0025219002136472,-1.2927663773109117,0.34225923306077682,-0.36356652637753079,0.65020912081989546,-0.55729103991358642,
0.65408710302040929,-0.57618167544391696,0.68610443396557508,-0.021833944343204487,-0.023682708003068265,-0.70258524001374445,0.71087016306136286,-0.10777637474502801,0.056752897853523054,0.066822201672994935,0.34327543956288675,-0.20885322303274623,-0.20000000000000001,-0.087266752604604925,-0.079367151914841519,-0.11754876746609805,0.31617440313511902,-0.15623233807906359,-0.20000000000000001,-1.1411227865409934e-17,0.42412547437568976,0.76706357527724189,-1.0074970988479908,-1.2895363463272014,0.35920908221671594,-0.36746903580259915,0.65024661308992893,-0.57752044754906828,
0.65502099594591878,-0.57573684743834208,0.68613615913882564,-0.02357288979300845,-0.02396485480171533,-0.70317149729571615,0.71022521075503919,-0.11974191405881013,0.057476735940488299,0.069930732590164857,0.36649471799433386,-0.21859295841945864,-0.20000000000000001,-0.099672777636748588,-0.080776558325453926,-0.11134625847303728,0.33829936222762558,-0.15485712704337684,-0.20000000000000001,7.6436253160228063e-18,0.41644431219294459,0.76607729267925118,-1.0046694744822293,-1.2893453159528936,0.37645887505766079,-0.36546385127194558,0.64312784489204244,-0.59236361461195686,
0.65577298108665161,-0.57524572735595636,0.68609108573451727,-0.02516880499648896,-0.024254351392363274,-0.70310853992240685,0.71022295005284475,-0.13111787783225914,0.058879641983215075,0.074272014658988778,0.38775196993581462,-0.22670131758456313,-0.20000000000000001,-0.11372302022975544,-0.082224168660295666,-0.10618194364913322,0.36305081679747897,-0.15391523618104394,-0.20000000000000001,2.8406096919120216e-17,0.40897478012683269,0.76379101313146958,-0.99522510106351492,-1.293797164609725,0.38804198476464541,-0.35722133328776584,0.63171534609106883,-0.59363979537330236,
0.65639456145280406,-0.57475037755662495,0.68576397675443668,-0.026776659423175836,-0.024938194372736366,-0.70231503490413616,0.71092523426810839,-0.14098507560767795,0.060527517865086283,0.078810068002741734,0.40640783200891639,-0.23318696526287822,-0.20000000000000001,-0.12764406718150872,-0.084153418801789809,-0.10327616325881314,0.38884230889401838,-0.15617675435106149,-0.20000000000000001,-1.7293024651143796e-17,0.40250342856277643,0.76085298284657132,-0.98293597952065648,-1.3016483077478334,0.39302778116495257,-0.34290706779750002,0.61833053347703315,-0.57963707183308244,
0.65721724758916367,-0.57398445677557852,0.6851321158148419,-0.028879795994832841,-0.025368164299058214,-0.70036625706549815,0.71274786536857293,-0.14853904567079226,0.062646336144741049,0.083302496513587843,0.42032722424271507,-0.23888844167043186,-0.20000000000000001,-0.15081214969543347,-0.087500406919086199,-0.099256541428232731,0.4292129144418948,-0.15945167522820636,-0.20000000000000001,-1.2468324983583301e-18,0.39866965537156651,0.75893128072258254,-0.96597656287321587,-1.3176552579348242,0.37631566030703723,-0.30973072806845037,0.60555651481815742,-0.51932194303959278,
0.65865325849699241,-0.57285857545964003,0.68382440944299361,-0.031459553687468188,-0.025064924618941439,-0.69857041217735794,0.71440984404331098,-0.15475658339772444,0.064290522043729328,0.088113126379207291,0.43135414042183778,-0.24532391304363957,-0.20000000000000001,-0.18577147436920852,-0.092452445759302657,-0.089890312847099002,0.48637737310107942,-0.16444933969741435,-0.20000000000000001,-7.3590222457453613e-17,0.39672273781771983,0.75746026412307699,-0.94723621106236378,-1.3366139099084784,0.34323342805015011,-0.26535403523802381,0.59693762997702404,-0.42769066975463049,
0.66104489837761582,-0.5706535439265995,0.6849723566974274,-0.036251592854330938,-0.025856246986024723,-0.69980076647938305,0.71294892085070827,-0.15765248047263311,0.065371342516915246,0.098506617153612391,0.44122276631864804,-0.25079836839826369,-0.20000000000000001,-0.24583947792774835,-0.09573695727980093,-0.053775741350211431,0.57030137172503459,-0.1244136320030737,-0.20000000000000001,2.7064396730669404e-17,0.40602766503275373,0.76507892550820888,-0.93230824881253704,-1.3650575656186881,0.29659554527497695,-0.21833783439115897,0.60644888172713884,-0.31452775832918767,
0.66215466114475585,-0.56928648995607456,0.68983900942488019,-0.043707311551257913,-0.029714323533312468,-0.70332658742962439,0.70889945782777808,-0.15581653261344255,0.068606323420949841,0.10944144424994273,0.45442838990913953,-0.25523547559048199,-0.20000000000000001,-0.31071440735288636,-0.090875823684206603,-0.0015078708956648978,0.65812153817128127,-0.027896323376929932,-0.20000000000000001,-1.5287250632045613e-17,0.42876000166932227,0.79161923022666958,-0.9306001150941271,-1.4065342869905384,0.25977662932578033,-0.18770482803929919,0.63582854394831012,-0.22574096038449715,
0.66269671193053215,-0.56729877474699075,0.69030439399356336,-0.056166255308557518,-0.036512921130966207,-0.70728433641123079,0.70374784249930222,-0.15218193446913617,0.075612214253195489,0.11927894623762617,0.47381530758397911,-0.25811930646365433,-0.20000000000000001,-0.36894579417008266,-0.087497316068263692,0.026440258828928198,0.74017775711180711,0.057857258847278548,-0.20000000000000001,4.6295432765131039e-17,0.46103472050947514,0.83672692525763104,-0.93733623269150623,-1.4589528999410297,0.23926744016081986,-0.17049162867541798,0.67638927835454754,-0.1649936421411641,
0.66534973068574743,-0.56574052953724219,0.6804151892506638,-0.075661649095755595,-0.043283047759425167,-0.71194555546876481,0.6968037160356122,-0.14013016791929625,0.08541295592881,0.12981942660962528,0.49016740969812733,-0.26149503627752163,-0.20000000000000001,-0.41600537086484574,-0.11419739383149173,-0.019211835843331651,0.81804860866624529,0.056024240873275899,-0.20000000000000001,2.6020852139652106e-18,0.49343072913546182,0.9202530043173609,-0.95782140164583129,-1.532015156828578,0.24050381329400239,-0.17260851852353518,0.74093033045057233,-0.14327825714199058,
0.67144497554576377,-0.56491437438039926,0.68194862242261267,-0.09506486500051875,-0.045150449121520518,-0.71786959473089951,0.68817683290521514,-0.1238824869820985,0.093280362554203161,0.14621263984734581,0.49537595388037581,-0.26378013776314946,-0.20000000000000001,-0.46468056232445337,-0.1648132415701368,-0.089742169700704782,0.89429926067145049,0.01439766937756648,-0.20000000000000001,-3.7079714299004252e-17,0.51068981304632988,1.0200071156599551,-0.98110477062380663,-1.6106790961586042,0.24561639865368956,-0.18068646641493868,0.82063896801804914,-0.13398384111517689,
0.67861708851488856,-0.56714963215879621,0.68485389839838706,-0.10807542477919556,-0.036372175182567308,-0.72607612475078054,0.67809308247332389,-0.10537641571557886,0.10158456083706592,0.16853635393473651,0.48087625265322204,-0.26051089409932265,-0.20000000000000001,-0.52319322242534017,-0.21098314076372135,-0.13217737316561329,0.96461370432904225,-0.014146137171540396,-0.20000000000000001,-1.1329912702473521e-17,0.50764008546248995,1.1060601551325815,-1.0001124990974377,-1.670841869215274,0.25036189040281764,-0.1978391564094388,0.91028492864603394,-0.14552133679311294,
0.68344855839622476,-0.56956470074147525,0.68805259026742394,-0.11240380315303443,-0.021127398267587763,-0.73509178810425468,0.66825076217005996,-0.090366648695797441,0.10988086159067199,0.19258131252735736,0.45000222055395878,-0.24570458077953863,-0.20000000000000001,-0.58037192277918437,-0.22480440888026884,-0.1301975715506522,1.0102932228364474,-0.026070271591276561,-0.20000000000000001,-6.2572017879569675e-17,0.49426426398392415,1.1431485849042649,-1.0108123050480002,-1.6859491620575804,0.25289052609272034,-0.21840197261327474,0.97942937777603267,-0.17558660635381257,
0.68602553404994093,-0.57123394007336092,0.69109737500922042,-0.11454279634783836,-0.0057398500521124258,-0.74393346958022777,0.65833881456626986,-0.073429286205597952,0.11858620290689022,0.21840863605189539,0.40974486681311895,-0.22331793627977486,-0.20000000000000001,-0.63222581997388771,-0.21913182684271604,-0.12139030961134623,1.043643465301634,-0.037815851342873519,-0.20000000000000001,-3.6981458477122753e-17,0.48378624762473238,1.1453038965413289,-1.0198815902430483,-1.6625392187000378,0.25564753764444031,-0.23758607213815303,1.0319065198270041,-0.213196541886853,
0.68726044023109312,-0.57249833517285376,0.69286018206339106,-0.11554971286185522,0.0057896195163777342,-0.74945901286126626,0.65186343063897556,-0.060701248676901437,0.12463919161307777,0.24082762279969636,0.37369710133053835,-0.18662682391194882,-0.20000000000000001,-0.65707391319791364,-0.21558483610612991,-0.12898297980831075,1.0586701022244531,-0.04460982429051169,-0.20000000000000001,-6.22323576677207e-17,0.4888796349207149,1.0969969183087827,-1.0234878753258465,-1.5727943080470932,0.27057275701356492,-0.26161972455785687,1.0631438974133538,-0.26756869497663932,
0.68822850750394271,-0.57344963745179034,0.6968702931206413,-0.11795034545968329,0.012950601283920131,-0.75173893714257567,0.64869759388799719,-0.053865300233553765,0.13081932242852246,0.26389450667400682,0.34995038954947905,-0.14178517774975638,-0.20000000000000001,-0.65778403973079225,-0.22673820002990364,-0.15945788245547174,1.0641084722561409,-0.051991280766777948,-0.20000000000000001,1.9607118663042544e-17,0.50738726274166479,1.016801791215725,-1.0210727194228333,-1.4322618826558855,0.29647273380374867,-0.29178798548666685,1.0837550219867322,-0.33121694473301572,
0.68473588912614414,-0.57200476198442018,0.70236876392249148,-0.11895257406467651,0.0060306312964142324,-0.75194470731221696,0.64837726190443978,-0.065213363804495689,0.13497298591184587,0.25942150139229792,0.35696276158488449,-0.046375356413504931,-0.20000000000000001,-0.62761008119208372,-0.23809614401097404,-0.20040067678180282,1.0508431076400235,-0.051075110582358862,-0.20000000000000001,-1.0760706561918632e-17,0.5364794872970855,0.91505699428086018,-1.0192779969235477,-1.2635306851064219,0.34137057245825891,-0.33034340469358447,1.073262848789067,-0.40461592259124923,
0.67877745210757989,-0.57302961947553632,0.7064868558073224,-0.11714338391879364,-0.012352429824556217,-0.75261314208110097,0.6478412640827198,-0.10489087426983325,0.12817327866645301,0.19961806810189817,0.42875828515751102,0.039440529798936086,-0.20000000000000001,-0.58515598730384366,-0.2309732129165788,-0.20534998343315566,1.0323675714028315,-0.042964765801704552,-0.20000000000000001,3.3881317890172014e-19,0.56701476564724118,0.83134242529426272,-1.0211980192526124,-1.146009080115753,0.39215093553484881,-0.36253437106154834,1.0303751571560691,-0.46728362308290938,
0.67483435989142437,-0.57243045767519696,0.70522622599464757,-0.11375176668173981,-0.033692454806552405,-0.75209995367626004,0.64828312776599317,-0.16072269826307151,0.10498235423433526,0.10663411183242322,0.52323021302833028,0.089075982308965462,-0.20000000000000001,-0.54432712072878719,-0.21060949980672031,-0.17634276650884737,1.0025774666290892,-0.017063341990745773,-0.20000000000000001,5.2922618544448685e-18,0.59180117646514974,0.76560704314219064,-1.0263429934523001,-1.0728546757824333,0.44139903887659487,-0.38088411121500959,0.9738587053741723,-0.51224130820008451,
0.67118390323545363,-0.56932399788178478,0.69445899092742402,-0.10803049520879743,-0.053391259509000082,-0.74568437111747998,0.65531183735998,-0.23452024041391684,0.082304321690399501,0.056590591112448824,0.63422066344247008,0.062218696369803428,-0.20000000000000001,-0.49333822286481505,-0.17513327657432165,-0.12037927254403008,0.94685149083803977,0.026666637455240672,-0.20000000000000001,-4.4208343583096443e-17,0.59731234453556947,0.71254692617084925,-1.0456112262646706,-1.0237175281188626,0.48129947460728867,-0.37711020315824434,0.90336746470149454,-0.527186231057022,
0.66411945197394862,-0.56544087556125078,0.68153591510317946,-0.099407038642817094,-0.070460334869080168,-0.73475753962728119,0.66729674046803711,-0.31102197601712966,0.082692550898880751,0.076321288235912027,0.73849088960885245,0.027487205300686574,-0.20000000000000001,-0.43283108073672688,-0.13628597854189867,-0.069469781758926791,0.87926392468391545,0.065452963346468385,-0.20000000000000001,-2.0328790734103208e-18,0.59022209381532043,0.657785053503392,-1.0778734225952096,-0.96498074476882256,0.51275502804442474,-0.3634487753144876,0.83073206689815449,-0.52667760623295834,
0.65371245849921578,-0.56769721192186007,0.68185243831682796,-0.085496746035841134,-0.084600035494021245,-0.72054077994180676,0.68290125556521419,-0.39634424574007759,0.12090648964912008,0.14889704330508952,0.86397104216693987,-0.017002606941787485,-0.20000000000000001,-0.35229884481169677,-0.10146352147305508,-0.013531499672211192,0.79134113476421652,0.076350068408063188,-0.20000000000000001,-4.038653092508504e-18,0.56764832703361467,0.60468771736773475,-1.131893720739118,-0.89852869005500957,0.52670066246940517,-0.34484459249429583,0.76485315855483249,-0.50752534534824423,
0.64446313321263404,-0.57166961686186257,0.69267134506431138,-0.069039980217687924,-0.094047058193294647,-0.70583789716070677,0.69869986038962384,-0.46900702812980061,0.1691806807616458,0.21244216110278055,0.96017421516781021,-0.045842472046435156,-0.20000000000000001,-0.27331969306022547,-0.086054100045838994,0.023426147785556267,0.69211877337336092,0.072500106153417454,-0.20000000000000001,7.7222299735280053e-17,0.53742193735243959,0.5708543756097304,-1.1927254432559038,-0.85075141518539887,0.51942141162154154,-0.32685589522625647,0.72685253802126504,-0.46882241737305996,
0.63680959854916763,-0.57699473122828515,0.70269561547615378,-0.050655407241845689,-0.10358951419999589,-0.69007679833680924,0.71449090593386155,-0.53628141034258148,0.20076519739024293,0.24237458356791711,1.0406227909587558,-0.069799515262573775,-0.20000000000000001,-0.201923194520753,-0.085032167839133435,0.04599086344409252,0.60017304158931228,0.084577150687452585,-0.20000000000000001,-7.3183646642771549e-19,0.5049096566532465,0.55134617779734318,-1.2517110080827487,-0.82205891531177688,0.50268873620931553,-0.31057923534558124,0.70520371265209558,-0.41659421754807729,
0.63208568239011143,-0.5788372279326246,0.70383327945878349,-0.034159759415604077,-0.10817632193935395,-0.68110653509555619,0.72334285235873252,-0.61487419437596347,0.21197626894554769,0.23021837564081835,1.1036411284100156,-0.078314269572643119,-0.20000000000000001,-0.15150361690689979,-0.093395320835460871,0.048687799319605624,0.52231928417262941,0.042943023911908768,-0.20000000000000001,1.8431436932253575e-17,0.46573518212340215,0.52898104762211418,-1.3105805291095329,-0.77430875374528108,0.48365395545698031,-0.30417576313099026,0.71896887700836032,-0.36841806905285007,
0.62955974246064694,-0.57819405523139478,0.69757955333894461,-0.021237452491930871,-0.11110650388285412,-0.67979468659556541,0.7246264551360373,-0.70163626752058816,0.22074554177837757,0.21080384453366616,1.164000646171901,-0.080738543387787493,-0.20000000000000001,-0.10908086926689377,-0.10232339809196202,0.043101011669105765,0.45705938488626113,-0.047807557110094268,-0.20000000000000001,6.5865281978494394e-18,0.42790081899348031,0.4901539376062482,-1.3725290460326696,-0.68924381546936142,0.4756113458078734,-0.30910538352244915,0.75597462541069527,-0.33804061029471544,
0.62880102082442813,-0.57727985427425199,0.68897543228499092,-0.017019945610776979,-0.11162666024760774,-0.69102402456934009,0.71395770717974849,-0.78138326243270695,0.23456823211355918,0.17104479982069729,1.2191562698090301,-0.088812215663336719,-0.20000000000000001,-0.088704952678745452,-0.10415267783437661,0.04306448207904412,0.43151063283785956,-0.15038133751134625,-0.20000000000000001,-1.5377036124454568e-17,0.41004111942892996,0.44256308695007357,-1.4367690689970558,-0.57703627651878242,0.48865381385038748,-0.35169853527899742,0.80915301517061944,-0.38289434656837984,
0.62832381026850759,-0.57983903023346739,0.68598487881218351,-0.020114296518675853,-0.11176105066313716,-0.70757538774786211,0.69745390764099469,-0.82106273287267328,0.24974821575045855,0.12197992005015071,1.257349932194515,-0.10648442644411973,-0.20000000000000001,-0.091437196623951805,-0.09753256528273678,0.061542867667695844,0.45252635680697262,-0.19454995739567321,-0.20000000000000001,3.8556939759015751e-18,0.42289341541942299,0.44075246008531088,-1.4742055651018457,-0.56265390598821841,0.50588986060282293,-0.42352576838464145,0.84337565915380053,-0.49756435694214268,
0.62648851955801821,-0.58139839648933933,0.68501788459077984,-0.024870772210797209,-0.11000867661093014,-0.72197429967717663,0.68266583799513569,-0.83292167034727826,0.26620302095760984,0.07774577963385923,1.2736127783677191,-0.11289876909805455,-0.20000000000000001,-0.098908342251068482,-0.084551068335845955,0.087011642054371952,0.46994718594632695,-0.21354744445263668,-0.20000000000000001,1.769960046582586e-17,0.44454753469874742,0.44296913544912042,-1.4907802669849226,-0.56762471854984853,0.50993332464885377,-0.49876819607572548,0.86264056398411659,-0.63418478396521882,
0.62331386415067247,-0.58167352714615916,0.68442648972303355,-0.026082698487253742,-0.11147824375310583,-0.721932733355232,0.68242612971631544,-0.78936935754989912,0.27480506956871126,0.094390274592889678,1.2474125728067005,-0.088902554238962817,-0.20000000000000001,-0.096733696760498228,-0.078704712161723561,0.08533257874302759,0.46956423733771085,-0.20241031024746195,-0.20000000000000001,-3.1225022567582528e-17,0.45298247621927318,0.44936716341894034,-1.4788070446975137,-0.59879540222885097,0.49298323628698337,-0.51431553988370959,0.88070945221633867,-0.65358531910439766,
0.62063414580639764,-0.58108343182945688,0.68555101040311672,-0.025752538436366011,-0.11333726922379003,-0.71105981048659561,0.69345902263922143,-0.72205051281753263,0.27464206603856178,0.14993252707342905,1.1989696392685962,-0.049813552559360597,-0.20000000000000001,-0.089935230082477266,-0.078712026671868399,0.054864613256999546,0.45984779984743207,-0.17464886133724919,-0.20000000000000001,3.9383643915535949e-17,0.43898720915536488,0.4507558192703775,-1.4631280406558631,-0.61132325835313961,0.47168294824377377,-0.47516190524011531,0.90764831867599194,-0.55599802490419103,
0.62006199131443263,-0.57902241551094669,0.68862071413563652,-0.028383807959586511,-0.11041017446547266,-0.69643705356873542,0.7085050340235528,-0.62966853086962504,0.2614473515977247,0.22276456177905765,1.1186966113224357,-0.0029502651800202007,-0.20000000000000001,-0.088994860185450303,-0.078231159991456578,0.010070829501100789,0.44653834223882688,-0.12245474873121395,-0.20000000000000001,3.732365978781349e-17,0.39965031642972809,0.45422229207208487,-1.4275809913492796,-0.60048793404504053,0.4520587984383011,-0.39160143335177167,0.94376767522892313,-0.38655030219557696,
0.6220361694672607,-0.57443470490358128,0.69443924339082963,-0.036188397705740546,-0.10166709010012968,-0.69130775345911444,0.71445629164377544,-0.54264464614355634,0.24347226951896914,0.27401348041752704,1.0278570920157653,0.040613661735426881,-0.20000000000000001,-0.10025542781813679,-0.07156562064273693,-0.013189292676268449,0.43194950208754335,-0.033577210080987185,-0.20000000000000001,3.8319770533784547e-18,0.37409380798216046,0.53416163596871546,-1.3655352700152126,-0.72787604806343797,0.4416041094014389,-0.32765618693359339,0.97638785885059631,-0.28444627682005363,
0.62433377845939297,-0.57726349367822782,0.7014316810995046,-0.044059559130163406,-0.096155917555839687,-0.69291987839323343,0.71321443962931441,-0.45116164468841552,0.21799087286343299,0.29983434455584868,0.9455729029553589,0.062332134240825565,-0.20000000000000001,-0.13000751681978678,-0.06591128140005674,-0.008750656230463838,0.47449783377744559,0.0469394557848202,-0.20000000000000001,-7.8299725644187523e-17,0.36822068471410502,0.5966074171123299,-1.3050531009047579,-0.83232228256084895,0.4393754502339039,-0.29171999126804016,1.0018160916389391,-0.23968576426618224,
0.63050363177857671,-0.58285086853497226,0.70323140834018527,-0.05515905009066896,-0.090390275969350786,-0.70652451947006034,0.69972150216416817,-0.35264220898915288,0.18649510124987598,0.31691551959003073,0.85154835630504744,0.063139338537622935,-0.20000000000000001,-0.18430644407144903,-0.078487494549441331,-0.032759970823385082,0.57771233793448795,0.080314998997742026,-0.20000000000000001,1.8106176280507924e-17,0.38371354256615109,0.62757667132231854,-1.2473414614569187,-0.89669875552705347,0.44205846805197485,-0.28909479044880637,1.0168186069931897,-0.25027867730493614,
0.64157814645915612,-0.58613637968991061,0.69743558643117953,-0.068928585352113284,-0.0803076492695452,-0.72578389857214254,0.67973323014516362,-0.25315612142524091,0.15288867874215656,0.34281521292855666,0.74334201461631388,0.067848129366507248,-0.20000000000000001,-0.24746876030413115,-0.10893521279413751,-0.094829017957539424,0.68959845462170288,0.073026607911491681,-0.20000000000000001,-1.2705494208814505e-17,0.40433884042853951,0.6469551952108934,-1.1946925065603524,-0.93823380500759701,0.43921981489294376,-0.28718325914136883,1.0318743588296437,-0.26626890264907138,
0.65621734439124091,-0.57965888218244865,0.69989473947057257,-0.082616475328386188,-0.064669842112548059,-0.74601300153022831,0.6576145763844593,-0.15851695952097322,0.11316317912815248,0.34818784619769172,0.5923844452867828,0.066749491587301313,-0.20000000000000001,-0.32611393136962968,-0.15389228462949228,-0.14707409760342036,0.77835531281350057,0.072511132815511081,-0.20000000000000001,-1.5476986012230576e-17,0.41853242192925266,0.66674478944412652,-1.1642925751598197,-0.96217592409596975,0.41853869177638492,-0.26725031785674691,1.0581664346749522,-0.25379842469070307,
0.66788304773031659,-0.57533215929270853,0.69911351836985591,-0.091542699128833005,-0.047058255380839922,-0.75551789176677786,0.64699163059270159,-0.087789126568353332,0.079932934069923051,0.31488261899805958,0.46644535866764641,0.00097261605308851529,-0.20000000000000001,-0.41212469891422515,-0.18518496985810984,-0.13988715414652469,0.8691449975596367,0.072954352610491269,-0.20000000000000001,5.4318528841523772e-17,0.41396892134989416,0.69405550043522912,-1.1665516496762631,-0.97367866473857911,0.38384436764005986,-0.22413115958673621,1.095431538107873,-0.19859718787954311,
0.67465591682008474,-0.57200031885851399,0.69348371748483606,-0.097774997364716343,-0.028433268539752438,-0.75854782586443292,0.64361230178331574,-0.035985643586208621,0.063515942099192563,0.27327634118182209,0.37508161855618372,-0.10414784739014027,-0.20000000000000001,-0.50230590594369429,-0.1960001914632237,-0.10741995682690966,0.95964584032765587,0.073065562703578946,-0.20000000000000001,3.5954854545050541e-17,0.39558782656828845,0.72235701249664253,-1.1803710372997689,-0.97342309136025074,0.34535569508658476,-0.17487284416853482,1.1389570002919411,-0.12891035996832079,
0.67397467516013232,-0.57051258478235389,0.69002606713476666,-0.10201562108510548,-0.01763145618307406,-0.75937931158129035,0.64235893856146364,-0.01513891592075528,0.06879769624904998,0.26055898067124994,0.35246515948132107,-0.19086741636219251,-0.20000000000000001,-0.58775308065476239,-0.17849518813798138,-0.061941762005891715,1.0405723177137678,0.063307187321838876,-0.20000000000000001,-1.0418505251227894e-17,0.37245393829191298,0.73846005869342712,-1.2076353424802349,-0.94770352201762498,0.31391482447107905,-0.1333231012301444,1.1896980648007862,-0.050019759933219519,
0.66914962019445801,-0.56856589733383167,0.69150420738769103,-0.104100995289298,-0.017291086848513843,-0.76063757622512029,0.64054233172347708,-0.0047312484924096065,0.074217144813003663,0.26391319027860016,0.34818992714849695,-0.23087072199466027,-0.20000000000000001,-0.66509444572602894,-0.15835498545638982,-0.025505430153480724,1.1139789672325406,0.044831455190396857,-0.20000000000000001,2.012338524439404e-18,0.3586372712205308,0.74329057415773359,-1.2408917662431764,-0.91411608981300796,0.2979294318852147,-0.11300000000000002,1.2467786654011603,0.020501441069059115,
0.66514937828346532,-0.566794182333208,0.69176469081106107,-0.10517860082226603,-0.016491483235381004,-0.75561518795462079,0.64630579499341534,-0.0098074133792996898,0.082060294315129637,0.25935309677266682,0.35737997679392253,-0.24253572440617829,-0.20000000000000001,-0.71205715401457093,-0.15436602524034232,-0.018986267274449589,1.1593277918119909,0.021514404454202773,-0.20000000000000001,-2.3876164717204218e-17,0.34577348161271187,0.75088368990708543,-1.2690910734945149,-0.90002928292374662,0.3040885070478615,-0.11300000000000002,1.2874054802821517,0.030435939386591868,
0.66519267170498153,-0.56527913812884589,0.69207794831970504,-0.10613380000190221,-0.0082392932372765092,-0.74649066270221276,0.65682525913862155,-0.027271814693216767,0.092429423592281484,0.23571648491767758,0.36860855854547692,-0.23537110065389363,-0.20000000000000001,-0.71442480346638593,-0.16895164946685398,-0.049946158060454743,1.1618174556474186,0.00542310284145886,-0.20000000000000001,7.420008617947671e-18,0.33276389993109634,0.76127763434691875,-1.2781594516546948,-0.90572426048497845,0.31846706281692738,-0.11300000000000002,1.2953977041681126,-0.0093356293681666098,
0.66727342568592296,-0.56417996194220288,0.69254185018781256,-0.10818801340178257,0.0029426683366921137,-0.74163915460092356,0.6620106183605089,-0.044017771498171945,0.10281922661445755,0.21796439447640573,0.37623596637556589,-0.22202399456202451,-0.20000000000000001,-0.69419212202731473,-0.18148801191962685,-0.095611902563977863,1.1437267598469569,-0.00176366683283391,-0.20000000000000001,3.5433082249541892e-17,0.32867587746306787,0.75651253897646886,-1.2745857633065603,-0.88945455749035218,0.33055771305912868,-0.11300000000000002,1.2863457668548304,-0.047742446650359732,
0.66834040524090499,-0.56235571760227243,0.69390942171393832,-0.10945532217870857,0.010505860662234006,-0.74868064643357113,0.65374800113982057,-0.060658291613033058,0.1138847250950772,0.23420761909336338,0.3869505267909501,-0.19487773390640967,-0.20000000000000001,-0.64625750966180584,-0.16454267677379006,-0.14280381614506721,1.0907346345642912,0.017788794883413922,-0.20000000000000001,-4.5663546186479331e-18,0.3558586026997731,0.69916611930709172,-1.2673628798301215,-0.78957910786654328,0.34222032888605747,-0.11300000000000002,1.2621177533287711,-0.072034675135244142,
0.66586123937162645,-0.56006928477330686,0.69703994902229593,-0.10716051479856391,0.012629629620383769,-0.75919623201891284,0.64185527793424269,-0.080710920762716382,0.12729818025845077,0.26636359622155714,0.40207693035239994,-0.14970512888111057,-0.20000000000000001,-0.58823791764730538,-0.12838461059696296,-0.17681747532445011,1.0211292048360279,0.049219043470780766,-0.20000000000000001,1.7320129705455933e-17,0.39504744489104054,0.62502038523734416,-1.2716970573148458,-0.6695481509811736,0.36827178123405951,-0.18782946913040222,1.2280051856377043,-0.19453062130830562,
0.65807158109200392,-0.56041731328833289,0.70379085780341732,-0.098879926771614529,0.0045615751953909014,-0.76627170838761227,0.63484613965756065,-0.12195000208862788,0.13622790812530899,0.24865424603842309,0.45160192931550808,-0.048006443015573746,-0.20000000000000001,-0.51537940118616099,-0.081681248228994988,-0.17109742176736273,0.94405982088307494,0.071734890654012118,-0.20000000000000001,-4.3923740512818998e-17,0.43446688287710095,0.57457955926550608,-1.2807890478980912,-0.61599791487028666,0.39070908294600853,-0.28988651643239038,1.186075221866228,-0.32928233288338232,
0.6520349850235162,-0.56525552825766945,0.70934396150006174,-0.089676870795197164,-0.0081025741752779219,-0.76610071396338053,0.63638204185922354,-0.18470392629293791,0.12854179245085268,0.16692411703788032,0.54948589325632846,0.041178357863695308,-0.20000000000000001,-0.44383660431888222,-0.046050522930766405,-0.11900708010766309,0.87890442175015882,0.073850628289865383,-0.20000000000000001,-1.8472094513721782e-17,0.45739241839004535,0.56426216449900668,-1.2796008932731195,-0.64586081139443907,0.40089729408550556,-0.34621767753846783,1.1354790699392949,-0.40026207708757455,
0.65033380733985091,-0.56627214766694722,0.70852142196650669,-0.079752640709773587,-0.021712766155208119,-0.75959074766392154,0.64512786961118951,-0.25315161977268064,0.1033673929491548,0.078560126456966861,0.64436311756248932,0.090080160884533023,-0.20000000000000001,-0.3765403049664901,-0.028216682851186468,-0.058076600710443987,0.80701490706781498,0.072529147285059159,-0.20000000000000001,-2.9815559743351372e-18,0.46715602044080207,0.5719169558745627,-1.273357498180367,-0.7058223395701162,0.40714229726656392,-0.3677720924183227,1.0782308109326766,-0.42726409964306294,
0.65176742088446338,-0.56208199632031297,0.69809795688821463,-0.065826457685128306,-0.035662912551339701,-0.74312204747977129,0.66495462753969614,-0.32641192109254497,0.078245360816347032,0.064165352747334703,0.73134195429732562,0.058913767145815477,-0.20000000000000001,-0.30883106741147082,-0.040175070980006528,-0.027891608430246656,0.71835504730108291,0.072499999999999953,-0.20000000000000001,9.1072982488782372e-18,0.45788516196215467,0.59043257239620583,-1.2748088517740908,-0.77941764842515326,0.40079123555554225,-0.35257827534680114,1.0248232138010707,-0.39299695191708828,
0.65107778751312384,-0.55839718474878852,0.70626394733495257,-0.046523768926665585,-0.051216492938908981,-0.72237615669638866,0.6880298670933197,-0.4011208553906313,0.068043961583004298,0.10518656307168139,0.81915357236843622,0.020657090299775249,-0.20000000000000001,-0.24146116008231566,-0.063540411610326059,-0.024237732973928783,0.63066269574760048,0.089559422927456278,-0.20000000000000001,4.6308985292287108e-17,0.43938663607224132,0.60909262538744624,-1.286589062738335,-0.85158227672159414,0.38587046741498165,-0.33424278932427254,0.980019003718967,-0.33830648665196372,
0.64852900861801166,-0.55741997943518984,0.7077052095966051,-0.026116818309134537,-0.060451380855081428,-0.70592709920538721,0.7052166142126749,-0.49231221144824522,0.091810427960154734,0.16518361901868736,0.93483629675446511,-0.0039525962152857641,-0.20000000000000001,-0.17063959290216707,-0.080772752730860112,-0.052252734185377542,0.53329862725119215,0.026006370648092247,-0.20000000000000001,-1.2847795743953228e-17,0.4100621126399559,0.60554343784680564,-1.3093458717632875,-0.87420431796089104,0.368675714484478,-0.32812407935150845,0.95106275309708821,-0.30516974608059333,
0.64306102404777032,-0.55758835253296979,0.69988014092007744,-0.010584314841003802,-0.064059497362725551,-0.69916543971332112,0.71200564673846467,-0.5709878012144316,0.13654549364371454,0.19480449223283139,1.0310175632285534,-0.00014473934323910864,-0.20000000000000001,-0.1165296228212899,-0.08373374771018173,-0.094483379954473229,0.4566446268683243,-0.086399212836915568,-0.20000000000000001,7.6169437781842958e-19,0.38077731952228328,0.5813351668144926,-1.336896953640391,-0.84516117966571103,0.36155478177403211,-0.33774556505989861,0.94383011743939171,-0.30795649244041867,
0.63605678325516224,-0.55903350019589271,0.69006337046345367,-0.004688660344983389,-0.066022532432007966,-0.69724272866848258,0.71377280628668027,-0.63783185934253273,0.186518112009987,0.1777967808555633,1.1174059871082815,0.0015032448899258699,-0.20000000000000001,-0.07595612107759224,-0.075696553036116138,-0.13303193642127809,0.41041917529165595,-0.19000606928213037,-0.20000000000000001,-1.0076303940537157e-17,0.35950655222835098,0.54423022623597128,-1.3658684876593068,-0.77812646336462044,0.36869988226558081,-0.35811891233194298,0.95012117444811606,-0.33906758551879063,
0.62993047574709327,-0.56382129766540268,0.68631977271969635,-0.012652414505087924,-0.06795189322034606,-0.70558845359084388,0.70524278853047739,-0.67548702407832939,0.24031819842324173,0.11403051947067314,1.1867185988422597,-0.015681842998191753,-0.20000000000000001,-0.060563971575813419,-0.058622526636074812,-0.12965476971591361,0.41835228090840731,-0.22172389637072365,-0.20000000000000001,-2.1765358612646502e-17,0.36191966531410424,0.48703917568077421,-1.3928465458908237,-0.65781024145034106,0.3896064750941215,-0.39387882677473252,0.95959846447123209,-0.41172373990540084,
0.62595907101470771,-0.56718894928694052,0.68301566857512985,-0.021689331867549091,-0.066916604967409157,-0.72145880570417309,0.68887512114655669,-0.69556197763087468,0.29572021222611378,0.059105435690719549,1.2330839039671497,-0.032799288091009071,-0.20000000000000001,-0.057439901785050082,-0.042038438163053138,-0.099641559940615049,0.43229635079259704,-0.24820902202751718,-0.20000000000000001,1.8241701552068612e-17,0.37906902396068998,0.43732603993145819,-1.4152998594971018,-0.55639700153565674,0.40153494684688984,-0.43673126717842514,0.95788238908301004,-0.50663938434433353,
0.62479085164987724,-0.56808583625177989,0.68282803682895121,-0.021868603415904572,-0.065226727142779509,-0.73491408632751787,0.67466178487318296,-0.68260434441429962,0.3222622245271215,0.066405869129124689,1.2297245757544526,-0.031862855332288664,-0.20000000000000001,-0.068939673617827074,-0.037209355113540114,-0.063808694715657893,0.44686369911877816,-0.25020398145191747,-0.20000000000000001,7.1774183818540394e-17,0.40000577715044849,0.4423633343262407,-1.422870247085759,-0.58400098087035013,0.39347785439719091,-0.45782213519294485,0.95183374991178216,-0.55473187878803853,
0.62639595358804856,-0.56598837222557963,0.68558887663463386,-0.015198323906248425,-0.064931828658850568,-0.73440623318382303,0.67542605312366089,-0.64516810415927817,0.3020861888318338,0.12813767460909264,1.1792612880954545,-0.0048961610173655079,-0.20000000000000001,-0.087816647313489676,-0.045559669601714599,-0.058036559436217522,0.45849872246920959,-0.22742011947559326,-0.20000000000000001,4.3205456573547352e-17,0.39998400494224201,0.44590285301731075,-1.4229266172644053,-0.60739587466896594,0.37522677032135382,-0.43300951014968259,0.95460838904580669,-0.50689001429205693,
0.62961201187132532,-0.56227113470462819,0.68820091795711302,-0.010870894278854621,-0.06827133173137602,-0.72250736267819926,0.68789821906805038,-0.60089871211115331,0.25795940769330516,0.19568669624132515,1.1116029872433204,0.034054862947697079,-0.20000000000000001,-0.10401017519337147,-0.06052124954946296,-0.082762750981857508,0.47281660260347685,-0.20461310009659137,-0.20000000000000001,-2.3635607360183997e-17,0.3881501736520086,0.46456550916872041,-1.4183748653892647,-0.64436474966596213,0.36349280308943832,-0.37957497878158891,0.97041705736627781,-0.39845749017531107,
0.63624566754199563,-0.55980994666444306,0.69300784216013189,-0.013098665180876511,-0.070867946455810946,-0.70502442769323459,0.70551166928084375,-0.5407039203562588,0.20301692461005688,0.24276388553205716,1.0262190631385231,0.061384904628362602,-0.20000000000000001,-0.12887519001556624,-0.080621396889086441,-0.11381707963364388,0.50460213382720087,-0.15204247870961135,-0.20000000000000001,2.9724927217995162e-17,0.37104210343243854,0.54604226353188212,-1.3996656813838255,-0.77868229580250337,0.35815208568760787,-0.3155680452912818,0.99933507032417768,-0.27849985440660197,
0.64429236496380349,-0.55824289019636886,0.7019869693777061,-0.020374494117849147,-0.07079792931156316,-0.69116432796210459,0.71893282366805933,-0.47226195011733824,0.15604707891342962,0.26976194473520476,0.9379700357529307,0.073126446055066963,-0.20000000000000001,-0.16232817589036536,-0.097226971140164611,-0.12173353316848987,0.54463767467138169,-0.044887359236618796,-0.20000000000000001,-4.6752830556648362e-17,0.35448659601618554,0.62621516125049292,-1.3768062278742996,-0.89217002246799337,0.3554296542900246,-0.2571958310002907,1.0318266376197418,-0.18711208900634194,
0.64951209196320892,-0.56191004531629352,0.70763241337902794,-0.030900755934539691,-0.068492389835739395,-0.68757239511695289,0.72221751383527122,-0.38825871543209928,0.11868620356840279,0.2537508001547305,0.84356526985916958,0.073193512655336967,-0.20000000000000001,-0.21940549493752842,-0.10345617676127732,-0.098090269355027765,0.63469617647388987,0.051165991175772751,-0.20000000000000001,1.599198204416119e-18,0.34337604202750677,0.69079646731659494,-1.3470291975923829,-0.97805533667273203,0.3540910200124105,-0.22092249220576898,1.0578362320719346,-0.14188854354044883,
0.65302361742418968,-0.56486128584894113,0.70406054375134408,-0.044513280387837695,-0.062238266570834762,-0.69787908529628728,0.71211638680021183,-0.31372997959887716,0.10037339587974115,0.21779973382722348,0.76219331753069719,0.077393269056743874,-0.20000000000000001,-0.28290464722558689,-0.098190661188083228,-0.070910142379043445,0.72947553265236853,0.084087911174951124,-0.20000000000000001,9.3376912105314069e-18,0.34503720437868307,0.71235472086433349,-1.3156920016116507,-1.0003893829977475,0.35569970341112983,-0.22112113808612857,1.0687256574007418,-0.16026976185852043,
0.65628351515694283,-0.56082323687850333,0.700551859860994,-0.056325685774685524,-0.055355766880486573,-0.71220113636373206,0.69751895856477875,-0.24277652483309642,0.086312743065013756,0.19074054330996967,0.65903787100469891,0.074369581027775633,-0.20000000000000001,-0.3512253178078652,-0.098657940128764041,-0.071262225145160368,0.80756298712243457,0.071043873563663262,-0.20000000000000001,-4.391018798566293e-18,0.3503075589672755,0.7149069299878974,-1.2897426854850265,-0.99698333813728801,0.35486869209837019,-0.23211567998942598,1.0721490531327913,-0.19141803283041087,
0.66094198571702323,-0.5537575139350579,0.6961900284025917,-0.067164596255850931,-0.047450840696837873,-0.72739127041475937,0.68127767793415495,-0.17227613374397432,0.077725792886684991,0.18170971570090219,0.55409667449316213,-0.013492161755685933,-0.20000000000000001,-0.42450224014714771,-0.11190567086967783,-0.091317063247820129,0.87451689155212009,0.056599023743221288,-0.20000000000000001,8.7278274885083107e-18,0.35432131925986698,0.69850037515838137,-1.2782531092349667,-0.95880851054417893,0.34678368063491194,-0.23631933395874916,1.0665779883325874,-0.21551701432574522,
0.66465832274822478,-0.55295386942242053,0.68575963854961575,-0.074413453341669794,-0.044231459553906401,-0.73866281201990536,0.66849343009961137,-0.096257465559115796,0.064422993635107034,0.18232631391055829,0.46339797457916554,-0.14786413379502511,-0.20000000000000001,-0.50602887238502481,-0.13408801498092046,-0.09402430648227636,0.97213735534082224,0.041337505101994021,-0.20000000000000001,-2.2822455730819868e-17,0.35324715793644756,0.68765478175014771,-1.2772111910126025,-0.92958591931131995,0.33097810585278542,-0.22444890722952565,1.0598071922866985,-0.20732176491343804,
0.66880279363534056,-0.55740466173203185,0.68264090142152678,-0.081744971824630294,-0.0529173399428517,-0.74575185686224943,0.65906879967213594,-0.034384006126152306,0.045476769242418641,0.2021406641092611,0.42499011804580017,-0.25494597278356446,-0.20000000000000001,-0.58746271659351201,-0.15551117348425442,-0.047300273651868313,1.0806383885744761,0.027669888581845964,-0.20000000000000001,5.7191664598610359e-18,0.35555848562530007,0.68656222354584107,-1.2884444897125735,-0.91552478724506736,0.31428921097600571,-0.20283612582980157,1.0634888608799753,-0.16003592251694876,
0.67001432703357133,-0.55945663541020563,0.68198729744459352,-0.08426352889136618,-0.069967815400293454,-0.74410529489510835,0.65902311994037654,-0.0065294913830936108,0.025906275298358025,0.2213968248084732,0.42036285885537089,-0.28652778701779547,-0.20000000000000001,-0.65017425055078315,-0.17095854388302323,0.014365619929856854,1.1586428937504829,0.014237005225971627,-0.20000000000000001,-8.9785492408955836e-18,0.35585485390406374,0.70598305365720915,-1.3085514572670716,-0.94013841481080451,0.30131745336392346,-0.17695781360188279,1.0822145124627032,-0.080616289567411806,
0.6691086452861903,-0.56026648357876729,0.68072019796793426,-0.084579915388578009,-0.08066285918444599,-0.73561706644819647,0.66723854251024861,-0.0013012473816093884,0.01636086956367094,0.21297554514852632,0.43238121539946939,-0.30404020555806122,-0.20000000000000001,-0.69732593486282723,-0.1825593988336679,0.050555876587950757,1.2132346803506748,-0.0075401485261739065,-0.20000000000000001,-1.2685165418080402e-17,0.34289352990787059,0.74140829502490657,-1.3271442266799418,-0.98825636602355726,0.28680830492083753,-0.14047253590982284,1.106461985187184,0.010173906509293555,
0.66743706070786779,-0.55986068914533826,0.68082355923448801,-0.085171196448367778,-0.072806473049364745,-0.71923246201202795,0.68567466802105403,-0.025655318985801437,0.02774219686528747,0.16993030575871401,0.45900913180635255,-0.30968633597989315,-0.20000000000000001,-0.71038101392301145,-0.1865902218787818,0.027894789112361762,1.2243891491328331,-0.028388243902916915,-0.20000000000000001,-3.0708226590638998e-17,0.30566825656477342,0.79732861384840858,-1.3370978916808742,-1.0651457952037271,0.27584470329739258,-0.113,1.1284728279845022,0.053768907776293395,
0.66684955715510175,-0.55950152429155231,0.68178193477372151,-0.08887645801494938,-0.057395635640135716,-0.70445230023712091,0.7018216817046985,-0.054153603269579492,0.046202164696536409,0.12446722743789465,0.48443551672434798,-0.308323247024196,-0.20000000000000001,-0.7023723791316242,-0.18230522224116671,-0.019985745146580108,1.2136320296673175,-0.039605537938453617,-0.20000000000000001,-5.0984607161130846e-17,0.26876136516317017,0.84686465346487028,-1.340813453320679,-1.1302408931014327,0.28408891935258035,-0.113,1.1380958215021522,-0.0040987224740353639,
0.66737681667657334,-0.55942967234593755,0.68306193158781014,-0.090975452874019327,-0.043562055186143325,-0.70340684826136735,0.70359407341260094,-0.067068434345495184,0.05971845467691686,0.11509721133647349,0.48599887431138056,-0.29606987351099512,-0.20000000000000001,-0.67045529599315012,-0.16324686098148494,-0.069198620975044256,1.1734586187388745,-0.02120788914212382,-0.20000000000000001,-9.3010993872100212e-17,0.26202251055185194,0.84340311860472927,-1.34044661523784,-1.1121110668600287,0.28973724926474193,-0.11300000000000003,1.1480236875008709,-0.038866757697950963,
0.66790187503840115,-0.55909123770314095,0.68354904110186199,-0.08826695474575115,-0.040043971554802119,-0.71599293024913913,0.69134618598447561,-0.060693999169258828,0.060653369806058788,0.14996375681892737,0.46500109148396662,-0.27370113966923992,-0.20000000000000001,-0.6285834524465943,-0.13861987726238303,-0.092337698122741452,1.118039983323817,0.021122987421227118,-0.20000000000000001,-1.1648397090641138e-17,0.28819162458292885,0.78685370345809469,-1.3412871832143516,-1.0142826521455433,0.29155277990392658,-0.11300000000000002,1.1554966458586586,-0.029612559610518615,
0.66727135209552668,-0.55998190357224342,0.68292289324935951,-0.083359211635910091,-0.041952893153536154,-0.72985368434082987,0.67720365920866366,-0.051728774264276106,0.057805903305942534,0.19725801214724989,0.44733103683529502,-0.25028947963949427,-0.20000000000000001,-0.58147108289982397,-0.11542607319471879,-0.10044273914698149,1.0616177344656128,0.058558652346315465,-0.20000000000000001,-3.1655315304787712e-17,0.32304713728141776,0.71708272990825073,-1.3517968824754567,-0.8975213907174221,0.30523764284769883,-0.1325588617701827,1.1547009573983793,-0.06436152353810555,
0.66385942351937099,-0.56276023098216943,0.6825113807126939,-0.076633116641404764,-0.046782106113476961,-0.73843305761451639,0.66832284070162418,-0.057573896370638145,0.05953644829508016,0.23510327891198632,0.45462969999998554,-0.21332757420439413,-0.20000000000000001,-0.52070966101792959,-0.093411029444060031,-0.09738742858184013,0.99540223349583512,0.072555663755316635,-0.20000000000000001,3.1550283219328179e-17,0.35697324989554546,0.65956455959513316,-1.3682897103194367,-0.80977710402050962,0.32074396288400775,-0.18869021886220189,1.1562254261140072,-0.13111289413645788,
0.65913263163519098,-0.56492862851495074,0.6854122160361944,-0.068234934691715307,-0.051286521151061963,-0.7416887339062338,0.66529054437321378,-0.079810920733275365,0.06530673309333701,0.25336664726185476,0.47866312528342764,-0.15109289873993073,-0.20000000000000001,-0.45409530784211127,-0.07092671868201289,-0.087616081631997272,0.91703759511364902,0.073381456316460036,-0.20000000000000001,-1.6784804882791216e-17,0.38254466063716774,0.62251430270045316,-1.3811762048988165,-0.76082099363386313,0.33004445154030448,-0.22997500877649316,1.1547243429273468,-0.17672675174131311,
0.6548833338659269,-0.56407155724185409,0.69163993012770886,-0.057630442467152036,-0.055635529868664726,-0.73674330960127632,0.67141098864632176,-0.12625818547254586,0.072821797956598072,0.25290400084270837,0.52714228162650256,-0.060325052098047977,-0.20000000000000001,-0.38093075084823819,-0.051334348078409461,-0.06401675192185774,0.8136234811910581,0.072526698158400571,-0.20000000000000001,1.3826965830979199e-17,0.39079302751779893,0.61329610242514132,-1.3827308313235376,-0.76660110879375598,0.33088740947058121,-0.2505113619975477,1.1405422184326082,-0.19470806485849496,
0.65294336438521017,-0.56414731612625746,0.69914586034683124,-0.046463456760588488,-0.059476122247662043,-0.72582821942516329,0.68372299504575307,-0.17746978798253726,0.080030599263856736,0.25590029919966717,0.59207516509680014,-0.01416225295132717,-0.20000000000000001,-0.3172606016541345,-0.043730277043645072,-0.036734151206371163,0.72146293710443254,0.077619309193660391,-0.20000000000000001,-2.6644268388831271e-17,0.38190489453849474,0.62303385015475987,-1.3776201713322418,-0.80846545009596626,0.32270452404546357,-0.25069949980363315,1.1165993078051288,-0.18489241927363523,
0.65346041829160895,-0.5631117075222869,0.70453775731450263,-0.036557847140294072,-0.061985126486576628,-0.71489699065910661,0.69551682988513175,-0.22660437803269268,0.09134429244003256,0.28571489967910446,0.65998923088654493,-0.022383579865676462,-0.20000000000000001,-0.25636161519916034,-0.042657100977994314,-0.013908828514394872,0.62831895842582852,0.070942857348546939,-0.20000000000000001,-2.7074561126036456e-17,0.3701258280205717,0.6282393432281157,-1.3733743717178071,-0.84322627608390854,0.31235811368469679,-0.24892342251438548,1.0944134988396752,-0.17340527980373463,
0.65504532399166959,-0.56261234918766034,0.70128842797326152,-0.025891334923532953,-0.063193558175089329,-0.70578543515367764,0.70512632379310791,-0.27543484732610685,0.11309798710701958,0.33764729558732076,0.7374309445665137,-0.06674880648461412,-0.20000000000000001,-0.20075947957595436,-0.053902850482795958,-0.040756869056667561,0.55101197614137465,-0.0093882290350845443,-0.20000000000000001,1.6462932362834581e-17,0.35378524944836165,0.62121953356312942,-1.3744282275725745,-0.86262905500974918,0.29887013143636593,-0.2511223662864584,1.0844692988766915,-0.16255936246992986,
0.65505957448884511,-0.56302212287774345,0.69327987614938802,-0.015342811708350808,-0.062296234799683603,-0.69804958814887685,0.71316936960573973,-0.32717159284463687,0.14356233254242651,0.37853037670502543,0.82041253395424696,-0.087532868179293954,-0.20000000000000001,-0.14933703704210893,-0.063875497034553586,-0.096590168615553834,0.48452411643279136,-0.11980986745855544,-0.20000000000000001,-3.499940138054769e-17,0.33388525883117565,0.60393867620871156,-1.3812325844182747,-0.86469805095869423,0.2843253084456131,-0.25857527166906458,1.0807098549081979,-0.15981656579064429,
0.65216268849790549,-0.56703755936516931,0.68596586370668056,-0.01337518168435224,-0.059835848019361711,-0.69345798144633597,0.71788355864658693,-0.3758086448848616,0.18897365861989115,0.38190118061173561,0.91184208217973828,-0.093427442475542105,-0.20000000000000001,-0.11680988215994204,-0.060379289859178314,-0.14619337711095637,0.4618737261135008,-0.20534678190392797,-0.20000000000000001,3.1211470040426459e-17,0.31417321793184233,0.56878858257683373,-1.3975153408736085,-0.82758457546802522,0.27591685695011586,-0.27158871760170467,1.0791822069746542,-0.17820872632592424,
0.64902231346984629,-0.569466137654833,0.68193856753134019,-0.022224177256349373,-0.055641206346982046,-0.69609857023276522,0.71544176745660504,-0.40802160301159712,0.23732319385896145,0.36072622823684275,0.97738263464471753,-0.086649735977066766,-0.20000000000000001,-0.1084827604323087,-0.041916654865588751,-0.15194682237905707,0.46799636386529947,-0.23474049649391071,-0.20000000000000001,-4.1240340135917375e-17,0.30654983411391734,0.52175991071138816,-1.4130872176969733,-0.75555084936179306,0.27548080851425549,-0.28611226749158009,1.0710234404501089,-0.21861610065710804,
0.64654778658046363,-0.57114251250221204,0.67874238237953466,-0.029007673780937375,-0.051636158254729413,-0.70503330372178841,0.70669675439020641,-0.42681388389426195,0.27890326054501013,0.35117407094307251,1.0191369335601062,-0.08046426124166059,-0.20000000000000001,-0.11243138805022457,-0.027236365930071803,-0.13834876486961423,0.48493136980301371,-0.25868264211257297,-0.20000000000000001,1.2061749168901237e-17,0.3033964407578158,0.4735996091706634,-1.4215127180979812,-0.67699918280659921,0.2723642441691585,-0.29883057872845625,1.0512075892585928,-0.26011749749629204,
0.64436203588507135,-0.57153300007545627,0.67854294438511265,-0.026680418168858296,-0.049107001299514036,-0.7195209001431665,0.6922184134844086,-0.42066656649271056,0.29896796059582909,0.3779510661452522,1.0127278540679341,-0.074746572485315327,-0.20000000000000001,-0.12688641669208225,-0.021645888822756303,-0.1071614316986684,0.4993300872984614,-0.26204382598503823,-0.20000000000000001,-2.4665599424045226e-17,0.30626447956474284,0.44466050319212208,-1.4328775875816071,-0.6313179526470335,0.2613131952886919,-0.29962193098480733,1.0331560296082563,-0.27387016761252042,
0.64254280424897636,-0.57102681351170881,0.67962933324499331,-0.021844988275439816,-0.047820464101219332,-0.7312268464474605,0.68010535855475518,-0.40366784223638658,0.30328862099320186,0.41926435833021636,0.9819456279523896,-0.069031472062386828,-0.20000000000000001,-0.14276057780638257,-0.019894592870526653,-0.079217846690462362,0.51020799766067193,-0.25409825701608579,-0.20000000000000001,-8.1315162936412833e-18,0.31459535160900587,0.44698464882777883,-1.456311485101567,-0.6439843259634821,0.24943818037038387,-0.28625666498162816,1.0360326408494354,-0.25525223923070411,
0.64265340040921626,-0.56946499095609759,0.68117871638439842,-0.022370257542936724,-0.046066781576093382,-0.73047859369791368,0.68101280998363156,-0.37934255390463195,0.28443726856367424,0.443528858318743,0.92299989588736409,-0.062565747788457332,-0.20000000000000001,-0.15849597905137475,-0.021438978694715088,-0.079525640437966866,0.52377189741562313,-0.23205461246037914,-0.20000000000000001,-7.7249404789592191e-19,0.32463106860035379,0.44480419803652738,-1.4932831530185218,-0.63036461688181922,0.24504890300813661,-0.2540304779370362,1.064760831435078,-0.2036620717481348,
0.64468542217967428,-0.5678833908980585,0.68347155653540193,-0.027175296230984622,-0.042287154499259114,-0.7175731801860562,0.69466684886842267,-0.35888164583942911,0.25150421074603518,0.43435538395086348,0.85741744461819036,-0.058217163588304088,-0.20000000000000001,-0.17683384244862599,-0.028043569543971129,-0.10105511928005284,0.543567078735405,-0.19601619824179126,-0.20000000000000001,-2.5678650828961369e-17,0.32892539656955966,0.47997167827740467,-1.5161037919614226,-0.67611308164165584,0.24709126108617904,-0.22171862512550297,1.0998982250744662,-0.15008501746065364,
0.64631924461081081,-0.5665718441751959,0.68725186511064718,-0.031403190209824405,-0.037985862478170603,-0.70123073171258399,0.71122877810045704,-0.34183716136381709,0.21614194541078932,0.40419451955548558,0.79420355912071416,-0.054113296770949004,-0.20000000000000001,-0.19660073947895773,-0.036351776231120611,-0.10965900168297468,0.5633244781229152,-0.1463109463881046,-0.20000000000000001,-2.2650508042527245e-17,0.32706264698113041,0.52986479374325679,-1.5226619067003824,-0.74508792533166635,0.24907744967879808,-0.19931245564663039,1.1282634487173968,-0.10904112623781087,
0.64269486082205207,-0.56421897025195034,0.69149254019256401,-0.035121104390901624,-0.030822916384936467,-0.68674549102919724,0.72539443505099865,-0.32427682335904712,0.18374824025920863,0.3239999413189909,0.72277838308987241,-0.040464045882236899,-0.20000000000000001,-0.21099521788277109,-0.043302408964302833,-0.11802905801876565,0.56280405055195759,-0.088063400916448889,-0.20000000000000001,-4.2615921642258359e-17,0.31463376303607937,0.57880580046300167,-1.5124509178854328,-0.80406460068153385,0.24638493505115949,-0.1835897268128229,1.1534276313021923,-0.079673082226062772,
0.64538270171188372,-0.56241741776274723,0.69368085523326717,-0.041957758810936843,-0.020793626191898451,-0.67468411800952421,0.73661965252840322,-0.29623245960634537,0.14861679175451409,0.24478473129216391,0.64649972597234018,-0.067616834856516983,-0.20000000000000001,-0.21336215383215243,-0.06608449604603342,-0.12473170890248311,0.54491769379685651,-0.039487515955356323,-0.20000000000000001,1.0503208545953324e-18,0.29483082523197696,0.62790960741284629,-1.4964769801315922,-0.85012225840791278,0.24313163196261561,-0.16292529690942487,1.1835674840978541,-0.053187466791409059,
0.65858705268955253,-0.56163092337371845,0.69146815109441795,-0.051931776425121902,-0.011888919994475253,-0.66748631476770137,0.7427137832143208,-0.24678239490085693,0.11367839654456012,0.21185250554346988,0.5690935106158802,-0.14194052027447485,-0.20000000000000001,-0.19947129835192051,-0.12119894532850477,-0.15890201519036504,0.50089696808704098,0.0052236820323289801,-0.20000000000000001,3.4156603598029661e-18,0.2690790727531272,0.66829882065538815,-1.4803140699679378,-0.87863140521173522,0.24519907348179276,-0.13782151031713757,1.2286016195555221,-0.027352269314742859,
0.67488744962990532,-0.56151903234749101,0.68599587574279142,-0.059721630919297712,-0.010748603026458223,-0.66592155544085496,0.74354978066875344,-0.19739175999349953,0.086612323102064973,0.23297246624866383,0.51762968225554828,-0.21498191252278115,-0.20000000000000001,-0.18111053758514234,-0.18127459163614615,-0.15730729553749953,0.44912952780327181,0.018704443419514494,-0.20000000000000001,-1.8136245950135452e-17,0.24872754155654708,0.68746151606825578,-1.474767093942867,-0.89278463915686213,0.25215819788809285,-0.11755687938224314,1.2733073653360301,-0.0034024456237746713,
0.68119927116458079,-0.56064461688219391,0.68521068121569617,-0.064457617734690387,-0.012028308025539742,-0.66703554590170466,0.74213483668779889,-0.16422905675652627,0.072527033288678724,0.25018814724021132,0.48193237663008537,-0.23929182139690369,-0.20000000000000001,-0.17692668622382485,-0.20834599571261572,-0.073306234409178939,0.40685264443825642,-0.0025488784842589984,-0.20000000000000001,-5.4329844672303498e-17,0.23430871470684717,0.68842728488103977,-1.4807263980737164,-0.88835897346839465,0.25763342944967671,-0.113,1.3115844246112809,0.0075823826893405477,
0.68269636866710159,-0.56161238048605899,0.68415773580820083,-0.066913427512930709,-0.015303887260688103,-0.66645794367856503,0.74237604592344064,-0.15227478293680646,0.067329765360856497,0.2604993312226962,0.47763994480984512,-0.25349148509895258,-0.20000000000000001,-0.19006426116250394,-0.19372624807475736,0.12669376559082107,0.4047154923794814,-0.02979378313882225,-0.20000000000000001,5.9025490929415919e-18,0.22446073020810187,0.67633419369091219,-1.4954604782635001,-0.86785965705823809,0.25585723047736325,-0.11300000000000002,1.3321726632169224,0.020621562399005786,
0.68259155665112325,-0.56389791839784598,0.68256892539042491,-0.067826013330135979,-0.020544161042526207,-0.66217886577508578,0.74598707702186084,-0.14743790831085332,0.064664998266476537,0.26095032980559751,0.48796676871011552,-0.27194833107083483,-0.20000000000000001,-0.20089506708634935,-0.17181062176693271,0.32669376559082108,0.42044211508239893,-0.021484349879496573,-0.20000000000000001,-2.1566094111804927e-17,0.21682821579225237,0.6673931250028553,-1.5065176945869101,-0.85736176618407955,0.25095684257035589,-0.11300000000000003,1.3374956765364776,0.039115449743394939,
0.68040121094512185,-0.56547926934715909,0.68092499213529945,-0.066639635266959055,-0.026829061535549485,-0.65805072450680169,0.74953892790480336,-0.15226576308580023,0.06555577154649278,0.25611710415868105,0.50889961288436414,-0.28058001141325273,-0.20000000000000001,-0.21377053300556326,-0.15873122830693898,0.41426202667235434,0.45323619262856901,-0.012424012249909633,-0.20000000000000001,2.0085692278241224e-17,0.21752847479395829,0.65751199681284,-1.5166915263328382,-0.85196609046640082,0.24345941896477771,-0.11300000000000002,1.3198462571773708,0.047589093533442525,
0.67763959849913369,-0.56552456359137582,0.67960994704501188,-0.064963632179190767,-0.029705569400256183,-0.65902496976945191,0.7487211729750044,-0.15923394035234217,0.070706601499447991,0.26246694583024588,0.52285582938731556,-0.27867245425375808,-0.20000000000000001,-0.23208155087965793,-0.16086512217315602,0.28871303039849716,0.49159962430031223,-0.032982777433132549,-0.20000000000000001,-4.7764187895669996e-18,0.22666537383764948,0.64202124147145478,-1.530723287109218,-0.83310083823021297,0.23908701581407049,-0.11300000000000002,1.2979344462938522,0.033324126244952998,
0.67567999135982337,-0.56514269998378741,0.67935896973280452,-0.063740057733021604,-0.031116808932315144,-0.66503481062592473,0.74343637918641137,-0.16121042393473028,0.076355191130795488,0.28121937530965613,0.52700602163904908,-0.2740741633522375,-0.20000000000000001,-0.25340081887477656,-0.16902460893139032,0.12966652305346332,0.53292586510921658,-0.06579955098201401,-0.20000000000000001,7.9366987157727942e-19,0.23815707701269873,0.62318442714212496,-1.5486837489802394,-0.80045661706356341,0.24037438138905109,-0.11300000000000002,1.2885811316543334,0.0057930191525439713,
0.6727859723986277,-0.56491229191938841,0.67962087563236495,-0.062474603170463099,-0.031172415810690256,-0.67252979891302134,0.73676921354331149,-0.17418340895414894,0.090106041000287268,0.29961400256034476,0.54485676683731343,-0.25877278535360648,-0.20000000000000001,-0.26458116584523267,-0.17323148852398754,-0.020901818072281197,0.56550739014054296,-0.072400643386134778,-0.20000000000000001,-1.886765890008954e-18,0.24582593042528114,0.60665064399222035,-1.5614814083811499,-0.76165173975028466,0.2505291943635779,-0.1195095856139668,1.2998063720593007,-0.026796747541035133,
0.66874999512363653,-0.56463381358834863,0.68098973417277797,-0.060823587517814512,-0.028120889679749208,-0.67725959387478041,0.73268625568496193,-0.20653940586343192,0.1124790951830744,0.30024304701858473,0.58303701844397038,-0.22773197356646949,-0.20000000000000001,-0.27241327118271025,-0.1640771665180005,-0.13467984254796064,0.59157103184951154,-0.052193293469456614,-0.20000000000000001,1.4762090204747946e-17,0.24606106911429287,0.59237258156821593,-1.5698103754949289,-0.72083875017229582,0.26280260193265154,-0.15165012558602886,1.3184305913272463,-0.078986432833671738,
0.66371570818701531,-0.56403871774628611,0.68533403136571058,-0.05658486706106388,-0.023327212574207307,-0.67497043570207627,0.73530191411511303,-0.25684954733586807,0.13710583192013681,0.27189310933152466,0.62980703449802677,-0.16290012627639905,-0.20000000000000001,-0.28029448644847466,-0.13737851498328754,-0.18735545535503714,0.60646759028963571,-0.012409978763628787,-0.20000000000000001,3.6983152543017261e-17,0.23356834898840845,0.58896543251616285,-1.5783639218756063,-0.69860089278686466,0.27175261658969474,-0.17761044886413305,1.3364089534330843,-0.11146240696276542,
0.65924189044534098,-0.56348301857243954,0.69069709637014454,-0.049798572642842112,-0.020103890830075577,-0.66670614890683355,0.74338337803992305,-0.30159090399769517,0.15864666888944079,0.25360861372077681,0.66364010253333894,-0.08683794532326336,-0.20000000000000001,-0.28547286749829659,-0.11049550384282936,-0.19800786150447,0.60747614922003845,0.0025858518178306367,-0.20000000000000001,1.3676094704694427e-17,0.21267016973945074,0.59844311865230004,-1.5892697542889405,-0.70746563759144176,0.27422312868642379,-0.18478060274486774,1.3427971404168437,-0.1137171369603136,
0.65503405669102621,-0.56358114582528585,0.69358033618671666,-0.042668410319506252,-0.018299226193247649,-0.65730053169157854,0.75219715242714313,-0.33385393412987213,0.19083905547733307,0.2870371845719667,0.69231281150309609,-0.036676290906806075,-0.20000000000000001,-0.28155243094585647,-0.092809373487671348,-0.23320554793364204,0.59636755849297629,-0.023745112377383887,-0.20000000000000001,-2.1772207668118441e-17,0.19159215061436577,0.60944800968206492,-1.6026906639706628,-0.72464024066476174,0.27352587710327442,-0.17977341817262987,1.3439247522202198,-0.10294259604687875,
0.64953070348970754,-0.56638047525851254,0.69125549846949674,-0.036921149342077984,-0.018024660211941233,-0.64693901422013866,0.76143407609285463,-0.34855596394105803,0.24776228279970713,0.38447655252647517,0.71977620582515889,-0.034470195827961375,-0.20000000000000001,-0.2583800157255447,-0.084516483145984506,-0.30638337881042421,0.57153112052104826,-0.096927776433153687,-0.20000000000000001,-2.0088656893556614e-17,0.17255915627902457,0.61706264490074303,-1.6186518561300376,-0.73876731688958863,0.26627091006613157,-0.16099150342416962,1.3479154048882276,-0.070856711718753948,
0.64270166846661947,-0.57082674613542461,0.68627001162036194,-0.031449312084631066,-0.018611862516253658,-0.63613320801403272,0.77071335852238509,-0.36059679000012596,0.31023436131364535,0.47581082566959065,0.74743121316559513,-0.043650637748172905,-0.20000000000000001,-0.22816064703826638,-0.075783597338041006,-0.37572545025313209,0.54348015396048843,-0.16564463592947498,-0.20000000000000001,3.0969642133985356e-18,0.15404027551793201,0.6221077081256936,-1.6350220756407698,-0.74820238273347983,0.25524869641947406,-0.14043307983225423,1.3561047313127086,-0.029326009352738238,
0.6354617604580991,-0.5753469506428851,0.6812904423863958,-0.026541115794081509,-0.019709297267683955,-0.62679643986486877,0.77848142928803721,-0.38024716064222519,0.3602835419751772,0.50908735264960159,0.76786931542035552,-0.037221999273179845,-0.20000000000000001,-0.20773744490658269,-0.065307173654265027,-0.40357932688590226,0.52947876971380747,-0.22042026048655247,-0.20000000000000001,-1.2908782116155537e-17,0.13612718069345459,0.62135549089129438,-1.6481452908941561,-0.7482031543293568,0.23914633687893302,-0.12294257918004295,1.3633560357204937,0.014787525559214754,
0.63135831317965363,-0.5772662337667156,0.67863703698146882,-0.02622264343714277,-0.019916090407092395,-0.62381539252791662,0.78087776147058141,-0.40366144469094029,0.38630088534274221,0.48150461854056859,0.77739406050536708,-0.021762790128957266,-0.20000000000000001,-0.20445106276841885,-0.055813083197082725,-0.40109040039027166,0.53304510892919343,-0.25120184427710468,-0.20000000000000001,-3.4978225556866333e-17,0.12783903707522545,0.61052062017661091,-1.6510381212822509,-0.72925384055789233,0.224005231726423,-0.11526701158332638,1.3631362198618449,0.035666207660161438,
0.63019442498536637,-0.57708900877940816,0.67733726861436738,-0.031851226668172312,-0.019636361983179036,-0.62613327375848493,0.77881771688905532,-0.42211541854397799,0.40323765332126627,0.43795402727857757,0.78028654147656207,-0.011662793126280629,-0.20000000000000001,-0.20756860045098929,-0.04766992426432666,-0.3997240961956614,0.54608084299806892,-0.27051884335479642,-0.20000000000000001,-9.639658456227565e-18,0.13108855329785338,0.5907915411519753,-1.6446963450497361,-0.69311024086053818,0.21242047068745729,-0.11378704397116171,1.356244577399861,0.03224452433490041,
0.63120867371546785,-0.57587300335098035,0.67681202213166802,-0.04321221748686991,-0.026318286161879492,-0.63709312055291811,0.76912444234825494,-0.4105049479330628,0.41355788982394648,0.41596575997509866,0.77211904811205034,0.00081275220173882001,-0.20000000000000001,-0.21194826010861681,-0.044948828730650023,-0.38619811942825644,0.57247517070280329,-0.2765590791487027,-0.20000000000000001,-4.5309645233204644e-19,0.15677660016482903,0.56201834083395896,-1.6210061038025412,-0.65603801589457844,0.20703278649703333,-0.12469251999133417,1.3311069424479092,-0.0047813110889833865,
0.6306107011033667,-0.57609992034933799,0.67442895560131122,-0.053239904932593361,-0.041288449396910905,-0.65050970454846535,0.75650373479410882,-0.37049214689784948,0.42517862458882816,0.4372594638402304,0.75598567004444384,0.01782064703386943,-0.20000000000000001,-0.21190988199243893,-0.046632500225714142,-0.35752069768738926,0.60459375011593508,-0.28776996052304038,-0.20000000000000001,2.9569920188647625e-18,0.19139978027683402,0.53874258248215545,-1.5867013382550637,-0.65004330449366354,0.20565191121113485,-0.14096493341842628,1.2956848159033643,-0.04567418429161664,
0.6292602275318333,-0.57734819724272413,0.66587577842497359,-0.05976408215803098,-0.067571262593342743,-0.6624808416520036,0.74362726778904653,-0.28857334479226548,0.42850998457559764,0.54837775042740433,0.72556616776570215,-0.00047971046485012492,-0.20000000000000001,-0.20241289375767441,-0.057909784151044835,-0.31823955512344981,0.63691368159438677,-0.30636893837326618,-0.20000000000000001,-5.2519430861555638e-17,0.23114155240609444,0.54040813773481122,-1.5289454877350876,-0.71275037393174445,0.21009665576203654,-0.16304238518982683,1.2470494500930025,-0.083614485383507339,
0.62962466916676207,-0.57792565650162109,0.66204197037915247,-0.062110681590741172,-0.095357894841382226,-0.66854503320828462,0.73491269800996573,-0.20560214251080913,0.41230428698287336,0.67390179538804684,0.69277074802899996,-0.051262522315435877,-0.20000000000000001,-0.18899854710016692,-0.076887706601136377,-0.28206533225684716,0.65950906206761961,-0.32328874051448375,-0.20000000000000001,-3.2856831540467937e-17,0.2626408153443564,0.56168673324882534,-1.4675843043209713,-0.80505560445794411,0.21769074566032184,-0.18431421147655785,1.2006198406690003,-0.10929401507445444,
0.63228946763144345,-0.57735993644014338,0.66214349693594332,-0.063965215809295983,-0.11904701865060253,-0.67100613834653366,0.72903156366384148,-0.14225901927906476,0.382505994907403,0.75864415794214701,0.66333957360033646,-0.10195267114069459,-0.20000000000000001,-0.17784485993536919,-0.097999730163282645,-0.25131530021052439,0.67691777692897892,-0.3342238233817425,-0.20000000000000001,1.0703108321505339e-17,0.28440597746474,0.58331198332147838,-1.4169456246452101,-0.877280011998401,0.22431803183450769,-0.2007627653667341,1.1600779933663194,-0.12827273600215294,
0.63524934118001308,-0.57678275125799183,0.66243530798204997,-0.064698965530870595,-0.1339670769100598,-0.67106628329239848,0.72631736148293735,-0.11302764639789759,0.35282171489136327,0.77817455113685263,0.64525673313906995,-0.11917428921866211,-0.20000000000000001,-0.17087400507663031,-0.11364376947822578,-0.2310670051939718,0.68598471973336683,-0.3378953495105177,-0.20000000000000001,3.2729353081906165e-18,0.28864354066803333,0.6023573875817676,-1.3897036160913319,-0.92113296025317171,0.22576766504006701,-0.20823494214529686,1.1365316829816416,-0.13633457738069515,
0.63626192087248268,-0.57683403142576972,0.66275899602263777,-0.063556430720717066,-0.14522067500837813,-0.67094952044890421,0.7243605985098438,-0.093486501845415584,0.33207374373921894,0.79277350967616278,0.6306032411070297,-0.1189428723926656,-0.20000000000000001,-0.16519169098471603,-0.12380756883192152,-0.21529400030261261,0.69013634141194613,-0.33895329303911859,-0.20000000000000001,-7.3996798272135678e-18,0.28746479494944627,0.61846564835333773,-1.3776417745267833,-0.95820045756480154,0.22372316840182621,-0.21192661216722442,1.1242587301137492,-0.13829022658637879,
0.6355747565047839,-0.57746590083732152,0.66342975222260503,-0.058521314077589863,-0.15615053629660522,-0.67386950519186684,0.71978618754834633,-0.081230501275142725,0.31570979932177812,0.7988731868673653,0.62092720834224502,-0.1029005825328663,-0.20000000000000001,-0.16183973514370975,-0.13206773527231866,-0.19283476689133086,0.69141442702292655,-0.33924625173391465,-0.20000000000000001,-1.9395360426228969e-17,0.28710971242965638,0.62477686967294099,-1.3812496713261162,-0.98269136082367203,0.22120579544586949,-0.2193520543677363,1.124620096567136,-0.13999120378933624,
0.63406696180569067,-0.57815231967905412,0.6643434945186204,-0.051817236284735696,-0.16636549980674123,-0.67880152633561663,0.71334842983096425,-0.072168524633570125,0.30141960196300965,0.7952557746335297,0.61208164436089119,-0.081579953193992513,-0.20000000000000001,-0.15970482055080534,-0.1393523976821866,-0.16780108944154112,0.69040959636091559,-0.34007859618392033,-0.20000000000000001,-4.5875304423292906e-18,0.28980535803282048,0.62202063408179908,-1.3931825452877937,-0.98986297075157992,0.22081104955667014,-0.22949694194373599,1.1308637991674872,-0.14356127042867567,
0.63325148089650685,-0.57835503350202422,0.66529397386077194,-0.046673007205774115,-0.17595381351787626,-0.68420298195179796,0.70620688568942314,-0.06511630114977178,0.28668049784628102,0.77294130319977827,0.60294722594830596,-0.061221594667880352,-0.20000000000000001,-0.15724890867939734,-0.14666315807731312,-0.14384734452991149,0.68881264961062083,-0.34161640563095308,-0.20000000000000001,5.3932281817575811e-17,0.29382437624819474,0.61845505467386119,-1.4023159021718379,-0.99160458554192454,0.22312044046757087,-0.23959257155189695,1.1346809055290303,-0.15078552128874972,
0.63546874643976126,-0.5768197630862808,0.66661599143896022,-0.044053169767056456,-0.18245490702673689,-0.68994758695611591,0.69910074552153967,-0.066880169660592056,0.26438209631089726,0.69263932947817497,0.5898854880739629,-0.040883059052972209,-0.20000000000000001,-0.1572613668964343,-0.15547430480787444,-0.12211105620174073,0.68532468962952953,-0.34218996300007165,-0.20000000000000001,-3.5948078281472506e-17,0.29699687113392081,0.61757701890586958,-1.4044384226493778,-0.99419463036261235,0.22682358017624848,-0.24677855268275944,1.1328466740137106,-0.16253631612689867,
0.64032688303925867,-0.57436146492407669,0.66825679613395994,-0.042078653248321135,-0.18699331626037946,-0.69633904909950872,0.69164645254200874,-0.073641087560458673,0.23428382688423327,0.57140822297431226,0.57435739642948247,-0.023268097014161215,-0.20000000000000001,-0.16068049092708075,-0.16661608835618583,-0.09747425235022264,0.6822150103736313,-0.34258153929055535,-0.20000000000000001,-3.1956859034010243e-17,0.29861819890236174,0.61877470686269143,-1.4015526639537024,-1.0000821422098261,0.23004900469052073,-0.25284192166324759,1.1280061700113417,-0.17737167526711323,
0.64896551824841264,-0.57216835902536034,0.67095091549252284,-0.037981380948390403,-0.18914033689705437,-0.70469183977382233,0.68278309778135804,-0.079636353625147413,0.18720748176814872,0.38827304114670569,0.54727112358956242,-0.010125015264581594,-0.20000000000000001,-0.16801332512709877,-0.18303184288731403,-0.063623668756632418,0.67637953268928674,-0.34173670560483782,-0.20000000000000001,4.254138274289998e-17,0.29763863580650263,0.61642664576151729,-1.3972768982217638,-0.99965347046899067,0.23113679009795116,-0.26233267967745533,1.1233590975993295,-0.20119863505994304,
0.65867776668072364,-0.57214962798745606,0.67424961287944651,-0.031675782193715057,-0.18800807643066775,-0.71391691969241244,0.67377462092019635,-0.079199082642239016,0.13743901014851256,0.19657833418249884,0.51435653288608751,-0.0041286996161413181,-0.20000000000000001,-0.17545667116747332,-0.19956190394751858,-0.027591305602578026,0.66640494086078605,-0.33948813150947116,-0.20000000000000001,-3.4762232155316486e-17,0.2942927910469445,0.60582606290068597,-1.39644688179414,-0.98278401598307785,0.22873280724983816,-0.27571850491168731,1.1240110955939515,-0.2310334423369772,
0.66733240386479042,-0.57438241361392162,0.67755399111283121,-0.024119611795475799,-0.18394271349559138,-0.72442201535836637,0.66392474433691462,-0.073254355297260723,0.094631340739032774,0.012500487416102629,0.48095549257940629,-0.00034455312927578197,-0.20000000000000001,-0.182259553608554,-0.21211179570560504,0.0078196744484302777,0.65408645050950787,-0.33754156102242594,-0.20000000000000001,-3.2092384305570931e-17,0.28951089632854837,0.58679737136368426,-1.3996410816301359,-0.94674091986945419,0.22266434266954874,-0.29270220414984649,1.1311551054380224,-0.26479329993280531,
0.67086128445494919,-0.57944447435947299,0.67996698444030934,-0.014246997528464903,-0.17694190157116665,-0.73788582936793656,0.65116287466946088,-0.061756039339364133,0.069337042329034301,-0.1543366789529487,0.44977884208548558,0.0040544685511954559,-0.20000000000000001,-0.19191879141196999,-0.21364510559449162,0.04471113382872248,0.64539486313329997,-0.33839842956813881,-0.20000000000000001,7.589415207398531e-18,0.28532051496015387,0.55059478783941085,-1.4095862941356196,-0.87577272151440821,0.21035274828984538,-0.31087389083671735,1.1525597658279085,-0.29750825804867909,
0.6708984321413175,-0.58468107436700967,0.68134357724087125,-0.0035109756373137577,-0.17167129195782604,-0.75248117179291663,0.63583702838444733,-0.049037660806954111,0.051196621547098004,-0.31279651699552902,0.4214213124523129,0.010949465456421975,-0.20000000000000001,-0.20489831664610758,-0.21048069293483027,0.085666637941855542,0.64389017932192116,-0.34302921673876696,-0.20000000000000001,-7.0066565396875724e-18,0.28637894635666111,0.50470928988646779,-1.424051355271265,-0.78720575399875958,0.1968610363371299,-0.32600452657881729,1.1832302482303023,-0.32337667189959829,
0.66941823441371573,-0.58835059199569584,0.6818983645990967,0.0052168354889673653,-0.17168029029389364,-0.76592128435022244,0.61956698486232409,-0.036890237571573212,0.036978736788323321,-0.4306255810874442,0.40095131237595161,0.018920462072480437,-0.20000000000000001,-0.21725411341522655,-0.20667844475360317,0.13005606012600074,0.64808321419094761,-0.34845293314039066,-0.20000000000000001,4.9290541266622245e-17,0.30244837099792282,0.4554494198886111,-1.4483434017762318,-0.6942370523835375,0.19125999363566618,-0.33139229080732036,1.2259302388505386,-0.33158589867059157,
0.66904263756305837,-0.58979546576417907,0.68226006278829654,0.008760675300708131,-0.17618538210073628,-0.77383364719354408,0.60832840487144002,-0.028749063709395437,0.026167767833637202,-0.47745118330001046,0.39275245923960533,0.027907705735427973,-0.20000000000000001,-0.22224409617158164,-0.20647440609153336,0.1633457061738646,0.65145871816062217,-0.35083337016503879,-0.20000000000000001,4.7170417799644732e-17,0.33050082382529961,0.45927101170933482,-1.4676986171765807,-0.71011031464058982,0.19871316148952289,-0.33118715777392049,1.2656758838963906,-0.32562020174772593,
0.67116626419092396,-0.59076435365080293,0.68310665730951381,0.0099124529143293436,-0.18016945760575337,-0.77820091295106886,0.60153474455378964,-0.024349622248616656,0.016610483089207144,-0.48461032095752832,0.38874739108549261,0.042250143105610843,-0.20000000000000001,-0.22197029139955185,-0.21022950966303849,0.1873403814252515,0.64881704192977341,-0.34891234027399542,-0.20000000000000001,-5.9868288711933948e-18,0.35239520612896652,0.46164069085733334,-1.4781560166334815,-0.71841282191784828,0.21068749676022305,-0.33129138456115581,1.2963267620869563,-0.31927845382700326,
0.67463053689116659,-0.592254279412749,0.68435782582709848,0.0095741627629054755,-0.18106144751873654,-0.7782139962862975,0.60125540630743568,-0.027537280090042013,0.009751528125180757,-0.47003744088427679,0.3933499731886827,0.05961473218687946,-0.20000000000000001,-0.215321113429008,-0.21619932181689888,0.19368513240274537,0.63958995517391726,-0.34631416875557641,-0.20000000000000001,3.0135738197413497e-17,0.3608984643282917,0.46143699336691246,-1.4751576169272365,-0.71528559534935754,0.2215808791803496,-0.331979254858909,1.3047790264042107,-0.31947916725220316,
0.67696623715108428,-0.59406838335244805,0.68536528385936901,0.008945959018162036,-0.17963797530611486,-0.77669478623023369,0.60365170147025737,-0.035578761473136433,0.0056953403492523728,-0.46387517959388047,0.40415242704241777,0.071047544317630218,-0.20000000000000001,-0.20710142877169765,-0.21969151705971368,0.18976405645151867,0.63002422034455674,-0.34535292439668153,-0.20000000000000001,1.1717853792315991e-17,0.36404494454684877,0.46004601767900843,-1.4707151254199855,-0.707682927790793,0.22876101265446402,-0.33130777371922093,1.3031190635709398,-0.32387876697658546,
0.67765718315980827,-0.59546678390356678,0.68570917582889279,0.0073750805449680906,-0.1763658703577925,-0.77287977513515027,0.60950598122326327,-0.051138670674974615,0.0047021752957177787,-0.46098363969576173,0.42653585156517426,0.073539763687271276,-0.20000000000000001,-0.19899650192472321,-0.21970448480200008,0.17367944758039908,0.62351249494379446,-0.34517068490145941,-0.20000000000000001,-7.3183646642771549e-18,0.36387136060315756,0.45794685995975803,-1.471780271751894,-0.69679743683751738,0.23367843915080433,-0.32816305749899571,1.3038625966389172,-0.32356372058965421,
0.67734639221879944,-0.59562411203684829,0.685425960129603,0.0055386761632576957,-0.17362775421558155,-0.76825049955757441,0.61612814897710166,-0.068425237183079177,0.0051447355324956865,-0.45261443237583288,0.45179668387262761,0.072500000000000286,-0.20000000000000001,-0.19451443301691088,-0.21841130904725636,0.15496327364408069,0.62206535251778972,-0.34426234790084975,-0.20000000000000001,-4.492662752236809e-17,0.36374515850079581,0.45577524826949778,-1.4791265193252103,-0.6847125552665082,0.2376712864106518,-0.32410868976221863,1.3133833719491765,-0.31372136572265236,
0.67654336721432751,-0.5948388152392019,0.6848133443572495,0.0044101330685589711,-0.17251275336884372,-0.76354911408461601,0.62226413285036453,-0.084539415798953674,0.0051220817769987359,-0.43995107114868459,0.47506049713905329,0.072499999999999953,-0.20000000000000001,-0.19361166836253463,-0.21799192465563774,0.13869203729572088,0.62446472717638124,-0.34258407205373809,-0.20000000000000001,-8.0054777910898434e-17,0.36585988386264628,0.45336496990047465,-1.4887930902740367,-0.67071107266139218,0.24326229861512394,-0.317601453652326,1.3255265068863467,-0.29603688550171936,
0.67482132335040146,-0.59253939604559858,0.68354729105452816,0.0044963310851073137,-0.1726560519733514,-0.75951464358816012,0.62714207074545625,-0.10207100970092767,0.0085189807888342677,-0.40414380734228628,0.49912987014930577,0.072499999999999953,-0.20000000000000001,-0.19959706618281514,-0.21750188237649551,0.12663977114684374,0.63251777143138144,-0.33661464380029776,-0.20000000000000001,1.5947936330903967e-17,0.37072329211497929,0.45092873387432253,-1.498003923016237,-0.65625659377125412,0.25134841547601172,-0.3075688282673319,1.3363372974461549,-0.27445867781325506,
0.67316104286461265,-0.59011015368139219,0.68208623377598054,0.0047891002626304288,-0.17190689914764529,-0.75637788186171506,0.63112406258555964,-0.12341347329824351,0.016292639884399295,-0.3442339063839418,0.52886414933173553,0.072499999999999953,-0.20000000000000001,-0.2082838326404115,-0.21598894243138991,0.11713436889712589,0.6421562014266291,-0.32958957496379948,-0.20000000000000001,5.2871796567613427e-17,0.37621286900204687,0.44863883285235789,-1.5051024839618419,-0.64242195087169585,0.26042691537282281,-0.29823244165516993,1.3468851013122976,-0.25775292452882809,
0.67033491966993974,-0.58824217539412871,0.68018173512086555,0.004839645427814572,-0.16731540542978698,-0.75367440093062477,0.63557614045829558,-0.15342362482438493,0.038271784635953772,-0.25087791156921158,0.57196181405645485,0.072499999999999953,-0.20000000000000001,-0.21948175899094574,-0.20933568800122709,0.10269371494651149,0.65453226848833035,-0.3262883178082997,-0.20000000000000001,1.7096513007380798e-17,0.37911893911096217,0.44603469661384393,-1.5097014380332716,-0.62695759863113054,0.26789578327368924,-0.29142707876976026,1.3585167371584337,-0.24792334155584705,
0.66672857034777488,-0.58588824884282253,0.67811023823328076,0.0044505502415283175,-0.16011068506065246,-0.74965350344823412,0.64215604482068422,-0.18542973732050017,0.072773918375392099,-0.14576462318085465,0.6133129707175724,0.072500015725053657,-0.20000000000000001,-0.23108256164899238,-0.19978473219508794,0.079706439644355462,0.66652162775192747,-0.3270961378787749,-0.20000000000000001,-9.0937457217221684e-18,0.37693015884148628,0.44303153871518336,-1.5140406980756647,-0.60978367165537595,0.27158798575195392,-0.28595700170803584,1.3690677046421591,-0.2395308628666824,
0.66039351038030725,-0.57866660344803378,0.67559241958389304,0.0045923667861239043,-0.15186986424203974,-0.74245622614499163,0.6524363622307876,-0.21446185116838007,0.11695042403907414,-0.031868750212693017,0.63034155396948044,0.080368103231632626,-0.20000000000000001,-0.24650330258752501,-0.18674045253976021,0.042646680503784395,0.67325597804436765,-0.32095796004772348,-0.20000000000000001,1.208207795963534e-17,0.36997220726001895,0.44464013646573564,-1.5208294291971294,-0.59974690386101981,0.27246229609237738,-0.27571692033715467,1.3800618096367923,-0.22032853629353424,
0.65231220832525105,-0.57143337436264596,0.67311472851293364,0.0023552856460010161,-0.13829350833433543,-0.73157662322881378,0.66758145759692356,-0.23802096207842366,0.179220053165385,0.1051064672126866,0.63762982948228597,0.05292819639688745,-0.20000000000000001,-0.2565089540741825,-0.16818097655075892,-0.01696097438787636,0.67144463919287789,-0.31664216428506531,-0.20000000000000001,8.2755118946745143e-18,0.356554719021005,0.45260385230782862,-1.5317508418260686,-0.59440469704406163,0.26959605051936597,-0.25400175090488214,1.3967225956763092,-0.18615244079949128,
0.64485849969513753,-0.56820353625793862,0.67102387785258277,-0.0021513200454700504,-0.11983170375343587,-0.71952650384101979,0.68404484126987586,-0.25983250054591722,0.2478290174342872,0.24558099845311068,0.65496101587445388,-0.0046314893652423805,-0.20000000000000001,-0.25914868209817882,-0.14690194477152332,-0.085865426177915177,0.66570532080282518,-0.31905231869343931,-0.20000000000000001,5.1347137262555687e-18,0.34015964343568167,0.45874104562392631,-1.5453305203860737,-0.57812839943964822,0.2647812700100925,-0.22437460862400763,1.4171225818374464,-0.14645851700056922,
0.64027914617983495,-0.56963689282600793,0.6694685373200091,-0.0097207166472954385,-0.093923390887931654,-0.70553508085103389,0.70235614470188912,-0.28621914987952868,0.31473902364200423,0.36864872247562364,0.68371837781523892,-0.070940757780574737,-0.20000000000000001,-0.25633786137890296,-0.12334402781676326,-0.16200956291852517,0.65635095263617593,-0.32619365381690679,-0.20000000000000001,-4.4542815718143485e-17,0.31911312639234141,0.46265959793589762,-1.5620711050772527,-0.54537592437047056,0.25650607701577843,-0.18318498963522112,1.4447777478939774,-0.099485317836705417,
0.63743221033559605,-0.57046978679420357,0.66800568348156197,-0.017050089984825129,-0.067690672658868592,-0.69234898716919369,0.7181783533581968,-0.31188544436399956,0.36241726483284697,0.44474592537063873,0.69678861560209149,-0.099874652360103539,-0.20000000000000001,-0.25717437880812721,-0.10033815707706609,-0.22714693293533686,0.64530258218701864,-0.32768357233600043,-0.20000000000000001,1.6661788650043861e-17,0.29811802157924977,0.46501280505157838,-1.5779718492012664,-0.50795849535370874,0.24675406204660735,-0.14052980116056291,1.4743611257284477,-0.053385964297186804,
0.63492924839949272,-0.57106663370126498,0.6661770304532838,-0.024340527621766112,-0.042395034241140446,-0.68002830046598095,0.73155431127985027,-0.33651715727275255,0.40165711271935978,0.50427509419355054,0.70274297570612321,-0.11488489573518193,-0.20000000000000001,-0.26086216496982545,-0.07755348641587273,-0.28435896831634622,0.63641493444404762,-0.32737963668317116,-0.20000000000000001,9.4207004393623284e-18,0.27954110023951073,0.46573079922982025,-1.5930859882217216,-0.46760004761629059,0.23842477270954548,-0.11300000000000003,1.5058013967211188,-0.025709507336324509,
0.63151737734040558,-0.57316281836468641,0.66513641260816481,-0.030863367650747493,-0.01924949099018089,-0.66866173595798573,0.74267650595634638,-0.34816079996263249,0.43032384214656039,0.5663247332261212,0.69069386630378804,-0.094841501688035859,-0.20000000000000001,-0.26685033183314033,-0.055239403942031674,-0.33332792927390809,0.63284164546943467,-0.32741927861428521,-0.20000000000000001,-1.1892342579450377e-17,0.26271274973947795,0.46878459521302079,-1.6036430043350867,-0.4347099412339559,0.22991213135257962,-0.113,1.5389671556447342,-0.024862743621262964,
0.62884394310459502,-0.57471061681511482,0.6751956555481945,-0.03712990261833362,0.0035267062618222311,-0.65519633718360459,0.75453740292690852,-0.34197684521802207,0.4499266344856454,0.68024758771453953,0.66232795559158264,-0.08986717282060247,-0.20000000000000001,-0.27560809401055497,-0.03634662315859731,-0.38246973400758499,0.63283419203488678,-0.32707897982451156,-0.20000000000000001,-1.463672932855431e-18,0.24507737643925628,0.47535725288507297,-1.6104281223601509,-0.40769394979081081,0.21981211050684707,-0.11300000000000003,1.5724720605734175,-0.022285396202825117,
0.62988613084870393,-0.57390554247180547,0.68108547333632308,-0.039416053362028393,0.02030185027153706,-0.64397350516949381,0.76376196177384337,-0.33051370884500408,0.44928234886805218,0.7873917634149441,0.63143187350606755,-0.10519371241917425,-0.20000000000000001,-0.28824372477751015,-0.031528279802292634,-0.41540918568570939,0.63654481975957555,-0.32366414151425016,-0.20000000000000001,-2.1792463666958639e-17,0.22422541760682904,0.49794503234082449,-1.5938836178250675,-0.42750754365762733,0.20619711323268369,-0.11300000000000002,1.5924723309330304,-0.015499744872354428,
0.63339026607552307,-0.57235654398737701,0.68158913163956691,-0.040586555492746305,0.025962732124384262,-0.64072122359009487,0.76626038765884508,-0.32928287836241849,0.4479282407178492,0.82226557818137291,0.63064753723988398,-0.13070531129822344,-0.20000000000000001,-0.29621130619527497,-0.035793060048922222,-0.42212852668626566,0.64229171303350818,-0.32069283185628883,-0.20000000000000001,-2.5709144015062524e-17,0.21081210890713067,0.53149028976895851,-1.5499099835485752,-0.4904667874281875,0.19174703398922241,-0.11300000000000002,1.5840880170270373,0.019832699317539899,
0.63405188462884232,-0.57462641412999438,0.68083367512079962,-0.042494453560028955,0.024633514614803724,-0.64416562160151225,0.76330731905379656,-0.33819802841629104,0.46493485985073935,0.78661920204124491,0.65795739297684142,-0.12457167143577925,-0.20000000000000001,-0.29507857102486917,-0.035112688926378741,-0.41571111294302354,0.65032770730957101,-0.32424564966821268,-0.20000000000000001,5.6598741535532349e-18,0.20965776948047884,0.56658356119797593,-1.4899440183013353,-0.56911827857047947,0.17197679915308681,-0.11300000000000002,1.540317533388688,0.066590775909420072,
0.63184475463411693,-0.57954575974153633,0.67652594539111999,-0.040287929043137424,0.011256163342327851,-0.65337623863564664,0.75587675737950843,-0.32904473821267577,0.48279047949260512,0.76283438392061487,0.68836715471832655,-0.10843801280713773,-0.20000000000000001,-0.28655881243624648,-0.038252949137527949,-0.39023466219214331,0.66220611789827921,-0.33311261615761845,-0.20000000000000001,3.5439858513119926e-18,0.22636848070275453,0.61056201451747771,-1.4109555476814297,-0.68512532684008631,0.14036122740893983,-0.14781599876757426,1.4062764149600766,0.013765430585918252,
0.63061197427063043,-0.58308219556004948,0.67039335397872213,-0.032199037014713064,-0.0093479371738596911,-0.66399136251709601,0.74698815826531628,-0.30289875309522724,0.47758888526551602,0.76548172683919979,0.69889433631887177,-0.090439235375211605,-0.20000000000000001,-0.27830739926797299,-0.053220373301903129,-0.35140766278390967,0.67315873825468187,-0.33859113606004121,-0.20000000000000001,-8.1450688207973521e-18,0.25359936715434561,0.65905511972135811,-1.3308482809497404,-0.82423124629507516,0.12722112058985771,-0.25677882571067651,1.2314036893889433,-0.14612376386131209,
0.63260904077563651,-0.58408845703321732,0.6653822009966861,-0.023477587920693772,-0.037484152629191005,-0.67743126001389231,0.73425515260234131,-0.26443692604876778,0.44627449433900623,0.75841113863824128,0.69101062759811738,-0.069440655084539671,-0.20000000000000001,-0.26789259568275159,-0.078364131245206484,-0.29341821594927475,0.67984048176287515,-0.33723076642399241,-0.20000000000000001,3.3989738107420564e-17,0.29534914387392325,0.69715524388961025,-1.2457902149909124,-0.9601770596079594,0.15257680949518396,-0.38205609197979618,1.0488963992007989,-0.34612376386131211,
0.63624057218192775,-0.58347737261466781,0.66736740441034004,-0.018658573690719535,-0.065001141044801147,-0.69050292916542777,0.72016138059789481,-0.23050128422182148,0.40217326906793482,0.70941127385787461,0.67093052471684311,-0.048377557762705081,-0.20000000000000001,-0.25686930085655313,-0.10232857120425876,-0.23369630664031446,0.68235163659518161,-0.33241207072928136,-0.20000000000000001,7.0473141211557788e-18,0.33811125821310944,0.70409167571230014,-1.1744197724436245,-1.0382139562279953,0.19715791585583875,-0.49497765401377386,0.92718692782071632,-0.54612376386131212,
0.63985836076557101,-0.58221067683663219,0.66887546430045408,-0.014490887595812863,-0.092173220024415151,-0.70234344272229632,0.70569667715811779,-0.19974051371839871,0.35027710556714076,0.63317923176342883,0.64242275730090026,-0.026049238704193234,-0.20000000000000001,-0.24730159532882551,-0.12605197458033673,-0.17488717758898484,0.68441481962231698,-0.32640519337836116,-0.20000000000000001,-5.3668007538032469e-17,0.37395675950905405,0.69175322643337789,-1.1139492990686981,-1.0737991402579345,0.23718163053959951,-0.60205510356871661,0.85142818594499647,-0.74612376386131207,
0.64800785940508054,-0.57894241860816587,0.67132594704342707,-0.0082148522264923699,-0.1211653949613586,-0.71370010958304431,0.68984318279439794,-0.16668631794413927,0.27561333392495813,0.53255895351575755,0.59439580689580995,0.0014437562560160044,-0.20000000000000001,-0.24094748328273496,-0.1591993032408025,-0.10279964370194616,0.67905915295684505,-0.31380160947916086,-0.20000000000000001,-4.391018798566293e-18,0.39616518042536608,0.66464589030247301,-1.0661012371613121,-1.0581924409104055,0.22917434637491102,-0.73469291461607722,0.85044786499602587,-0.94612376386131203,
0.65991154522092599,-0.57545188596151542,0.67479165552486886,0.00064907648117747249,-0.15108320627608396,-0.72607114997547006,0.67081601699300408,-0.12806101443177495,0.18839314909474938,0.42157468548574306,0.53314847449747016,0.034500805542686891,-0.20000000000000001,-0.23709821630422229,-0.19885692828013843,-0.015339119692311345,0.66749642777472062,-0.2967676802618357,-0.20000000000000001,3.9573379295720912e-18,0.40779310226052173,0.63733106002965445,-1.0207496942513061,-1.0060491338644988,0.14408807120192385,-0.86048198080532567,0.92001503375285532,-1.146123763861312,
0.67248014204941464,-0.57755777599466285,0.67943914638644898,0.012365046948285812,-0.17513653414385846,-0.7414784035176657,0.6475987006927495,-0.090373306532899961,0.10367718896599361,0.25784904401733366,0.47432193796965488,0.061809220086307459,-0.20000000000000001,-0.23522232309770341,-0.2350685331755033,0.081300538897168997,0.65298466471012517,-0.28448970827013031,-0.20000000000000001,2.1277467635028025e-17,0.40863238049478923,0.61245608133704676,-0.98520455371858751,-0.91525672172564165,-0.051418651371527929,-0.92237481386294462,1.0482843101495987,-1.3461237638613119,
0.67894007346308105,-0.58592449918057832,0.68253211472321607,0.022171357993857322,-0.18608815515181651,-0.75598528583924407,0.62718886867630075,-0.06518716707338755,0.051073817559399215,0.073334743322048285,0.44217375972281586,0.072118270234703463,-0.20000000000000001,-0.2327503065900863,-0.25240383815967316,0.15201235503474644,0.64383822642860844,-0.28399948715002793,-0.20000000000000001,1.13651492730793e-16,0.40833479311450988,0.5878298071765653,-0.97801192173522167,-0.83620821280977975,-0.21536693297271622,-0.90575466814181382,1.093981464638724,-1.5461237638613119,
0.67993118782447315,-0.59560890044977544,0.6841850192643083,0.029336575071243248,-0.19082068793248574,-0.7682554900867764,0.6103362453366088,-0.048000230372788,0.018910667752205186,-0.11283129460924882,0.42694478654668427,0.073359654848857259,-0.20000000000000001,-0.22825222617999805,-0.2571247346293859,0.19935181534550417,0.63990992244760925,-0.2898202313481868,-0.20000000000000001,-1.28816770618434e-17,0.41357080947801145,0.56027906666193283,-0.9956408818277136,-0.7840300808402223,-0.29069228916582118,-0.84329020402008581,1.0545040427564738,-1.5825288004400657,
0.6741157194012648,-0.60194105245115104,0.6841878962346285,0.034813695497609334,-0.19305966766634541,-0.77603390360513136,0.59940583228872701,-0.038437623873080959,0.0040832313989763577,-0.29079988310723387,0.41781822315382711,0.072499999999999953,-0.20000000000000001,-0.22565688712060616,-0.25101275243711424,0.22134110620468192,0.64288339158989571,-0.29868026032929884,-0.20000000000000001,2.5316120727536529e-17,0.42868760667209516,0.5389583538439604,-1.0526532370987576,-0.7804507131113636,-0.32901192119238365,-0.7427669784989277,1.0399968663743153,-1.3825288004400658,
0.66748414460805938,-0.60494366685055445,0.68356458427515643,0.040217386847970271,-0.19646670525749266,-0.78041134267161916,0.59223435542854708,-0.031959826703760727,-0.0085374774439729208,-0.45440905275574306,0.40637650878642828,0.072499999999999953,-0.20000000000000001,-0.22628674203307636,-0.24545124228853762,0.23602750667663988,0.64847808694344156,-0.30665053558079869,-0.20000000000000001,-2.7755575615628914e-17,0.44425133098196967,0.52824409143447659,-1.1224677716348312,-0.78688100363867886,-0.39303386115847033,-0.63173193240017955,1.1115319763613014,-1.1825288004400658,
0.6639557983096227,-0.60787175685975148,0.68270385446856163,0.041651494800818166,-0.20030294404285576,-0.78023589652087244,0.59108022244775915,-0.028923804594972458,-0.019096209114981236,-0.54835049470346953,0.40862411903409046,0.072499999999999953,-0.20000000000000001,-0.22186639240339068,-0.24575677035019311,0.23675383081921175,0.65514098199373583,-0.31703188811276523,-0.20000000000000001,-7.8631762559511209e-17,0.46065354196873287,0.52470165268420765,-1.1920837825912425,-0.79042439324728297,-0.4670742814428912,-0.52076999025947468,1.2845146391417981,-0.98252880044006585,
0.66442727509763133,-0.61185736891575848,0.68272403270968107,0.038581018959634082,-0.20180089191883427,-0.77772841856587005,0.59407609946187057,-0.029585263073177881,-0.024289857298143029,-0.55638492238889636,0.42483189645518915,0.072499999999999953,-0.20000000000000001,-0.21111285698404639,-0.24975279514352575,0.22561337748471949,0.65841995584585045,-0.32722475116524474,-0.20000000000000001,-3.5832881800645922e-17,0.47380393037795654,0.52191127902721168,-1.2369699718202563,-0.78321460121014397,-0.52301852581375508,-0.4416316327341846,1.482599656274554,-0.7825288004400659,
0.66580482224078563,-0.616071282854603,0.6831495523933977,0.034415653589337673,-0.20042963288552312,-0.7758787587383088,0.59720656123999016,-0.034329047559192472,-0.025553981324647944,-0.54300023206115688,0.4442952433481831,0.072499999999999953,-0.20000000000000001,-0.19876713401040069,-0.25205781262586469,0.21178573580871152,0.65710177964012506,-0.33478261744852955,-0.20000000000000001,4.3617749860623382e-17,0.48323337128863419,0.51737975607448217,-1.2662231915070346,-0.76972218341474585,-0.56637529777404527,-0.37278390925622762,1.6683754402724529,-0.60901676240375868,
0.66809498473386864,-0.61737252393002728,0.68369633798828933,0.02863984222362758,-0.19419090785820001,-0.77275501931633195,0.60358871002034908,-0.046873369495549794,-0.018670690874820678,-0.51559413891177264,0.46081366415614361,0.072499999999999953,-0.20000000000000001,-0.18872265530125504,-0.24976043642684789,0.1881714481542866,0.64994336210382087,-0.33522248360090345,-0.20000000000000001,3.8136811417177618e-17,0.48528565384377387,0.51463825422005871,-1.2808618024553668,-0.75613120649024967,-0.60745069722384137,-0.31680240819381422,1.843614748114623,-0.56641067491479014,
0.67024090461449248,-0.61644428667252138,0.68391990181261675,0.021445317599304035,-0.18784976955943772,-0.76762980494274324,0.61237002293800857,-0.059835343711485384,-0.008241048952041646,-0.48549247807341833,0.4745245438686238,0.072499999999999953,-0.20000000000000001,-0.1797926053331329,-0.24602516091074383,0.15770968008215192,0.64313442821874345,-0.33368679471067597,-0.20000000000000001,7.589415207398531e-18,0.48546148810538903,0.51395598098182094,-1.2947893732809397,-0.73999112519436028,-0.63673708842415722,-0.25241458163076336,2.0139671940289507,-0.50031674294196382,
0.66998453253964529,-0.61191834638887777,0.68316636948135256,0.012809026861772752,-0.18363659996275591,-0.76037843004838512,0.62284682796184043,-0.073307837118671434,0.0085001164299935879,-0.44265162730267482,0.48961138215222738,0.072499999999999953,-0.20000000000000001,-0.17523916372949211,-0.23890057190185759,0.12163114388371131,0.64256378245351664,-0.33257532964914188,-0.20000000000000001,7.1394713058170467e-17,0.48693598473365701,0.51263824996058283,-1.309027850313077,-0.71971130726689292,-0.64037300419311149,-0.18769441966230913,2.1713669733785994,-0.40607936859965438,
0.6671304880193859,-0.60570918076796099,0.68151881976097251,0.0057349029905303939,-0.18199823968030007,-0.75352254225324788,0.63170208956213181,-0.087503754238951431,0.027462837405089612,-0.38856158395087259,0.50809033254865399,0.072499999999999953,-0.20000000000000001,-0.17720179955507104,-0.23003541021243681,0.09113632354971711,0.64950544644732455,-0.33320282978448129,-0.20000000000000001,7.2099444470286045e-18,0.48995330419257105,0.51003877708023448,-1.3212147988648411,-0.70293749787749715,-0.62029709723017712,-0.14531262438702611,2.2770446848670773,-0.32114684858584452,
0.66326455443831267,-0.60024361597255405,0.67940210891011243,0.00072518328005878694,-0.17924155320715862,-0.7477015445508961,0.63938590850072696,-0.1074189233702342,0.047348967045818979,-0.3253349310789776,0.53500499887959241,0.072499999999999953,-0.20000000000000001,-0.18360773107859313,-0.21973936946452613,0.064474910236437297,0.66036282185785544,-0.3358134155174376,-0.20000000000000001,-4.4133804683738065e-17,0.49177405435795601,0.50640134039219564,-1.331978316333267,-0.69036240562798157,-0.59435231891678031,-0.11992352146901189,2.3511507553495257,-0.25932470091698834,
0.65902931984681645,-0.5955639818138968,0.67708358805027891,-0.0019972243279771183,-0.17170087940097351,-0.74086146602303682,0.64933743713889824,-0.1392026061886906,0.077652246814282427,-0.23257962993097303,0.56955654874287442,0.072506340381671086,-0.20000000000000001,-0.19391232658681895,-0.20749027534949566,0.03173497084439747,0.67066780437180062,-0.33773321375710458,-0.20000000000000001,3.5497456753533219e-17,0.48607621229213888,0.50636427440218346,-1.3400616768364453,-0.68848498037638539,-0.56100608164765386,-0.11300000000000004,2.3690298672508985,-0.21632754146163244,
0.65311571255174261,-0.58754586041237378,0.67439840502176129,-0.0036794183859955761,-0.16091913587093876,-0.73069414225521323,0.66345878852028872,-0.17511817888517245,0.11750109365748729,-0.12263538588499766,0.58814510090332894,0.080287715350890132,-0.20000000000000001,-0.20857104912361457,-0.19231508515391679,-0.014931213300576923,0.67595218886178343,-0.33262216880030071,-0.20000000000000001,-1.531435568635775e-17,0.47350074984054752,0.51175793366338562,-1.3482115415516001,-0.69440944333720478,-0.51971111246788926,-0.113,2.360801150449654,-0.16360582479707572,
0.64659901971550338,-0.57965873140082314,0.67142159061637896,-0.0068907758413556137,-0.14170226044256312,-0.7154013507784539,0.68415926062440724,-0.21856760621139013,0.17142956717090022,0.0028241743985685797,0.60311419794916166,0.052870028708589756,-0.20000000000000001,-0.22340925029102987,-0.17207273239665596,-0.085713438423620142,0.67629906905676807,-0.32544690390088649,-0.20000000000000001,7.3617327511765751e-17,0.44881828766604326,0.52231353743388897,-1.3551675481953114,-0.69753902382179778,-0.4727007124795764,-0.11300000000000003,2.3106477711151556,-0.10201814887548409,
0.64130366265458549,-0.57542638690451198,0.66886329308509995,-0.012453484885108227,-0.11772420085083568,-0.69930820707453822,0.70494961150882507,-0.25992640363398772,0.22413793228429105,0.10269442781972585,0.61977690776147121,-0.0050722864103686649,-0.20000000000000001,-0.23311059329757094,-0.14971163854002459,-0.1618794389333604,0.67339422457580111,-0.32191467938164797,-0.20000000000000001,-3.1116602350333977e-17,0.41907762386936653,0.53367142670391776,-1.358631984943232,-0.69117466297290997,-0.45044163066078308,-0.11300000000000003,2.2325023394965964,-0.097140286067847872,
0.63851487443090882,-0.57468569514470691,0.66730454881658452,-0.020837682117490371,-0.091247267805527457,-0.68398556181810599,0.72346629385643579,-0.30101100728774244,0.27408046334756853,0.19055976308791631,0.646216590374876,-0.066143764300637092,-0.20000000000000001,-0.23712312624834864,-0.12672035337373189,-0.23407228149914558,0.66801375861457446,-0.32258119372821259,-0.20000000000000001,-8.7820375971325859e-18,0.39043732683896315,0.54223996068383062,-1.3601683936600211,-0.67155494354736323,-0.43390953279992606,-0.11300000000000003,2.1367339629126865,-0.096439947380574043,
0.63572137081525326,-0.57434727045763079,0.66522556320457404,-0.032623090891766938,-0.063857355502549187,-0.6705167296499801,0.73842080641622221,-0.32900966699905188,0.32528261580720808,0.28991072469827883,0.65728285864502467,-0.075136731521202649,-0.20000000000000001,-0.23872558344285946,-0.097766763534243725,-0.29880368437802984,0.65639476266469887,-0.32148592377243768,-0.20000000000000001,-3.5561831257524545e-17,0.36950546279990065,0.54232510381393251,-1.3601483901143143,-0.62925959659283126,-0.42882854605397219,-0.113,1.9852182919547441,-0.091365194619264817,
0.63153739278887033,-0.57510101623581855,0.664794698417149,-0.04574806087550904,-0.035720240168832608,-0.65660268564152446,0.75200006155368704,-0.33963520316967311,0.38579177707731549,0.44468872206438664,0.66136154815326853,-0.081269259065361726,-0.20000000000000001,-0.24075506855592149,-0.063943621526752273,-0.36070462604838827,0.64604890336792253,-0.3236360576906373,-0.20000000000000001,-6.5052130349130266e-19,0.35379513140826635,0.53534084592707265,-1.3600809954526636,-0.57041740728488599,-0.43350988575946348,-0.11300000000000002,1.7894709536173454,-0.081134550597974586,
0.62951593452418697,-0.57584416984393338,0.67303115521845247,-0.051837886165506476,-0.015373475682769993,-0.64780471926226768,0.75988521205828041,-0.31918841261065289,0.42170240477558407,0.64468872206438665,0.64647821973095176,-0.10279688323412142,-0.20000000000000001,-0.24665783386798926,-0.043060042805919824,-0.39428727119814477,0.64059750206256527,-0.32677454860205157,-0.20000000000000001,-3.7296554733501353e-17,0.35020625243133874,0.52393545891665227,-1.3567815342856135,-0.52488525830153931,-0.44194596019189047,-0.11300000000000002,1.5954244339707553,-0.079186310366823442,
0.63170211633867746,-0.57528726027571464,0.67492441948837967,-0.049078350582921593,-0.0101452004876878,-0.64885784691589243,0.75925745627342822,-0.28604042311001227,0.42191576891715332,0.80080060591651381,0.62813862853058922,-0.13330171173601885,-0.20000000000000001,-0.25523702647396423,-0.044773457424740502,-0.38696773472777291,0.64248105336074435,-0.32716977435321537,-0.20000000000000001,-3.5995512126518747e-17,0.35902813849541343,0.51723580907400502,-1.3463593778267096,-0.52415436651956648,-0.4436934663017264,-0.11300000000000004,1.5080852649992595,-0.097830025718702196,
0.6351394925261864,-0.57531481180542443,0.67451370228389029,-0.046179557910859731,-0.013212749966287549,-0.65740873122334387,0.75200174985221879,-0.26328059477917498,0.4194113684699986,0.86024252500396758,0.62993443209023381,-0.1415032162741415,-0.20000000000000001,-0.25963293952511657,-0.051804337935301439,-0.36030077910620506,0.64764409124528011,-0.32702018486662909,-0.20000000000000001,5.5511151231257827e-17,0.37586097355508791,0.51311436671567567,-1.3278486760541026,-0.54597773697397289,-0.43345936796530105,-0.113,1.5108808683894093,-0.12294916331601723,
0.63421445637258467,-0.5790674753149998,0.67012020632814639,-0.043970004125530947,-0.02694247926637346,-0.66985522942794173,0.74069880056350923,-0.24869277021923622,0.43203651702125745,0.83848445640604885,0.65591500387933888,-0.12439940345694295,-0.20000000000000001,-0.25326979345667283,-0.056951092531016101,-0.32614626807043789,0.6584990812170668,-0.3348040715395646,-0.20000000000000001,4.9873299934333204e-17,0.39569581639928247,0.51407128638871824,-1.3087488978948558,-0.58297747262417821,-0.40892121745130555,-0.11299999999999999,1.5914067962598111,-0.14261573875734823,
0.63052559656507534,-0.58438249656583874,0.66357213255987535,-0.038328010312670691,-0.046439857523719597,-0.68130343996848142,0.72952033963815033,-0.22967518880402546,0.43830362197601747,0.8148296482839259,0.6751673397715684,-0.094941471262536062,-0.20000000000000001,-0.24247991980916095,-0.065146656776996312,-0.29125856971636599,0.66999243558634225,-0.34607019028579472,-0.20000000000000001,4.0766001685454967e-17,0.41374271036974863,0.5160454793191922,-1.2980147226955643,-0.62102006194795534,-0.37859294669182914,-0.11300000000000004,1.6596151788559481,-0.15062325242814925,
0.62884425143616307,-0.5871615099790658,0.66416638609152134,-0.027507063960314673,-0.071920631627619164,-0.6919907258189022,0.71778800460804315,-0.20790783198148366,0.41342687773687758,0.77227664250322858,0.66971771502768429,-0.055648153693654334,-0.20000000000000001,-0.23428365207905433,-0.086359638752946957,-0.24551547408780891,0.67879899191277138,-0.35068828970362576,-0.20000000000000001,-5.9197438617708542e-17,0.42858006135486626,0.5145150479549383,-1.3013267030674569,-0.65849380142683478,-0.34994008878751531,-0.11300000000000002,1.6878632266952112,-0.15263092617635893,
0.63172723673083697,-0.58572724967773127,0.66638668937911516,-0.017510712130490998,-0.094830503880027131,-0.70021081509727678,0.70739335939443926,-0.19129001820895492,0.36592159082132802,0.70727797010377236,0.64484737545806259,-0.021570042543827939,-0.20000000000000001,-0.2320656665800917,-0.11322550703488764,-0.19769242363876913,0.68170776276837652,-0.34500770449513973,-0.20000000000000001,6.0715321659188248e-18,0.44024334522200154,0.50811604130125176,-1.3146554707805764,-0.68414999287410361,-0.32790872088269024,-0.113,1.6734707103708981,-0.14476689100134524,
0.63639133392949265,-0.58279695744202209,0.66839903305752912,-0.009891893913264253,-0.11556981096643387,-0.70677396354687438,0.69786555559092667,-0.17572845280223715,0.31112199008703312,0.62088468643517913,0.6104669136242693,0.0081782589010409024,-0.20000000000000001,-0.23097388466514648,-0.13914825224704688,-0.15135289840413238,0.6813043889591035,-0.33514512725765022,-0.20000000000000001,-1.6913553890773869e-17,0.45225817149870562,0.50231013027301274,-1.331121333354947,-0.7061236882900338,-0.30594889616571258,-0.11299999999999999,1.6563383858886467,-0.12774115134418357,
0.64646863515966257,-0.57812034799258361,0.6710978941063187,-0.0051439607280333094,-0.13523760750373057,-0.71407292367350328,0.68686548090661126,-0.1575495442637013,0.24506407499332891,0.5118758237357095,0.56730183459806338,0.033069033199441378,-0.20000000000000001,-0.23150061703190566,-0.16733423263402472,-0.092523544982941158,0.67488659321634703,-0.31955659145050475,-0.20000000000000001,4.6620693416876691e-17,0.46773787753495261,0.49514615670323098,-1.3525222567155009,-0.7183864175828607,-0.28169856612510252,-0.11300000000000007,1.6468099698649412,-0.10080346817576383,
0.65921546070892068,-0.57426539795173104,0.67470482927170805,-0.001427124584799187,-0.15457150457426894,-0.72402021317681164,0.67223533394226642,-0.13407451546989224,0.17516022901899012,0.38548405001082109,0.52039936544290477,0.056334688099896668,-0.20000000000000001,-0.23061413926173385,-0.19581076139810116,-0.021764725435029636,0.66405052233130046,-0.30312756528693224,-0.20000000000000001,6.7437375128598376e-17,0.48712067506217877,0.48336842972293209,-1.3761129065826876,-0.71917139106805494,-0.25882358806533773,-0.11300000000000004,1.6488284338501853,-0.10760798325298707,
0.67091210724133665,-0.57561740584795917,0.6787029175006829,0.0015036093340862415,-0.16831846046915996,-0.73830734065759773,0.65312242784593477,-0.10409617977299446,0.11350919252889573,0.22329454987079786,0.47332787019171318,0.070272855725346639,-0.20000000000000001,-0.22379317286700667,-0.21669201977491967,0.049601019016354414,0.64690291307176762,-0.29286269784852781,-0.20000000000000001,-6.8684207626956706e-17,0.50992139390718971,0.46214292150956687,-1.4045715166138109,-0.69460449443913863,-0.24347382317180569,-0.11300000000000009,1.6582494114400037,-0.13411918622841104,
0.67573184268267006,-0.58216901674401322,0.68164162659672478,0.0045012027030016458,-0.17395997880779224,-0.75222783641050595,0.63550841621223886,-0.075796559673588615,0.077120716241660683,0.063271610818686069,0.43820587312218634,0.073152114568900195,-0.20000000000000001,-0.21412502161538258,-0.22417325977518196,0.098498658011159396,0.63253528729583131,-0.29390875581729725,-0.20000000000000001,-1.1926223897340549e-18,0.53110681404555871,0.46646515886893652,-1.4245733964468992,-0.71650986354028001,-0.23857718101082984,-0.11786137648516259,1.6695793385191768,-0.16931659920672967,
0.67688794069920555,-0.58872268205809908,0.68344976485200104,0.0079459394680627352,-0.1773158396063495,-0.76373329231326637,0.62065079818123503,-0.053624246375645002,0.053256434391710232,-0.086595560029625776,0.41271111122732851,0.072645837256163914,-0.20000000000000001,-0.20806124177065857,-0.22715299001803099,0.13523874326897503,0.62519012001609475,-0.2985900974261041,-0.20000000000000001,3.0113715340784886e-17,0.54694576648420368,0.46996194862873875,-1.4385031209218357,-0.73425224177386161,-0.2393116197576004,-0.13325674529069881,1.6789511289464645,-0.20894432829463624,
0.6736816605430892,-0.59291029471129364,0.68367355217817294,0.0098812055725356774,-0.17873880251322627,-0.77093721935149118,0.61123694756711344,-0.039770876011621242,0.04352059717095532,-0.22576035530026001,0.39646881397836781,0.072499999999999953,-0.20000000000000001,-0.20588911779339572,-0.22309787975856929,0.15277415991701501,0.62608508419427733,-0.30347550451461525,-0.20000000000000001,7.4322058923881329e-17,0.55539858753586047,0.47224036766556754,-1.4440388494222662,-0.74563011341778795,-0.24267381966972892,-0.14365314189739942,1.6845648364163246,-0.23596405949645805,
0.66971853355966138,-0.59541745985882866,0.68336992977438038,0.010330502732433381,-0.17857018465539226,-0.77605945603330939,0.60476250757360794,-0.029577632662564302,0.039160846139871634,-0.35743138613850933,0.38279785038234732,0.072499999999999953,-0.20000000000000001,-0.20438983646765221,-0.21560986985080624,0.16075538618658575,0.62781181524233376,-0.30612927017400293,-0.20000000000000001,-4.4858864886587746e-17,0.56075661186556569,0.47370650152103772,-1.4473213336158763,-0.75286256635530469,-0.2456657213435918,-0.14753691983509915,1.6880515884656977,-0.25184224892989171,
0.6671521518247413,-0.59773075217499805,0.6830150839157173,0.0098161196363806807,-0.17670104743828491,-0.77875061040901228,0.60185369519268406,-0.027170608916639735,0.036444129107068249,-0.44895904152675536,0.3828589459246815,0.072499999999999953,-0.20000000000000001,-0.20247216529306739,-0.20920772142162533,0.16172685142568322,0.62964544303606562,-0.30846408520097962,-0.20000000000000001,-1.0083080204115191e-17,0.56241026861346299,0.47400500774255233,-1.4492640692020244,-0.75474474656396251,-0.24596312187935013,-0.14544309400420541,1.6926910186142983,-0.25605611209750095,
0.66677898571087657,-0.59992843482569125,0.68292063208521636,0.0090884016753795104,-0.17439141089027568,-0.7786288591597782,0.60269572459594278,-0.032370189776021324,0.033537559936830809,-0.48289876157402201,0.39524289584059175,0.072499999999999953,-0.20000000000000001,-0.19956269834321061,-0.20714600181947276,0.15744967914470251,0.63022089706739359,-0.31057089793679449,-0.20000000000000001,3.2173699468507344e-17,0.56104293050827947,0.47296288239992268,-1.4522112546916981,-0.75040098868551852,-0.24292016039905942,-0.14168343361796382,1.7003900094916884,-0.25082987746558472,
0.6668227215830439,-0.60178356080402673,0.68294024190887104,0.0072642300349133179,-0.1719498710730655,-0.77690528093593025,0.60563904865341978,-0.040444431895890892,0.031484260543514518,-0.49983256956627864,0.41122284170975149,0.072499999999999953,-0.20000000000000001,-0.19404310271386982,-0.20581033955854647,0.14710028315603324,0.62858304367647522,-0.31239834442022185,-0.20000000000000001,4.6078592330633938e-17,0.55918856926866889,0.47072927591836028,-1.4572735185402941,-0.74017477323744973,-0.2369263106690985,-0.13802207412568285,1.7107601988297487,-0.24173307436939126,
0.66649147425161748,-0.60140783134621489,0.68272180870274035,0.00327001235217046,-0.16735583997479075,-0.77148516772622289,0.61383382590403957,-0.058304227505272227,0.035193454012936665,-0.49095143771159044,0.4345648241222006,0.072499999999999953,-0.20000000000000001,-0.1870082536882916,-0.20178423680126381,0.12039453672065457,0.62378999151105385,-0.31157034255318211,-0.20000000000000001,8.611275754966119e-17,0.55301202737342992,0.46621977109988738,-1.4655727184193976,-0.71868684332799715,-0.2280071459369824,-0.13139229351372567,1.72281072097711,-0.22181124197025995,
0.66592835892793845,-0.59986689677434757,0.68221293379876491,-0.0023232682664242419,-0.16093122041779184,-0.7641344748222213,0.62465530423391957,-0.084125333392264634,0.043242031257226685,-0.46059068294377536,0.46741591413317535,0.072499999999999953,-0.20000000000000001,-0.17993064419187099,-0.19518036366166389,0.084847983345699568,0.61827464544942712,-0.30911483626566716,-0.20000000000000001,-3.5236570605778894e-18,0.54401806595821778,0.46068544822667679,-1.4740629258761593,-0.69106114505302474,-0.21821211774753677,-0.12420864933410668,1.7339893594542026,-0.19956168114767645,
0.66419891951169552,-0.5964947291624384,0.68092676693586196,-0.0083670621419717466,-0.15222078949172965,-0.75378695879973956,0.6391901471871001,-0.12344024201334122,0.063605879325611334,-0.37786317712996842,0.5147862752512733,0.072499999999999953,-0.20000000000000001,-0.17739528931896531,-0.1854613744408993,0.038132167596570544,0.61615840413565071,-0.30583664123364362,-0.20000000000000001,-4.2283884726934673e-18,0.52966227605728811,0.45393569882697743,-1.4827196826771472,-0.65568614496345923,-0.20893732366318379,-0.11734280209461609,1.7455398463763696,-0.17564301510484573,
0.66096757010799034,-0.59211858025508746,0.67892965753856838,-0.012946066665191441,-0.14314086228723191,-0.74270462372390722,0.65401294696718171,-0.16572430894707293,0.095488069146178259,-0.26313236397326245,0.56220093660251602,0.072499999999999953,-0.20000000000000001,-0.18158572398101652,-0.17434396430817425,-0.009362258069498669,0.62008644594676654,-0.30397046317710152,-0.20000000000000001,-3.8597597340483958e-17,0.51277394287037803,0.447387598930511,-1.4905160577688652,-0.61984288239080942,-0.20287075297755058,-0.113,1.7568787918359878,-0.15531069366042127,
0.65543427527227238,-0.58589992754319764,0.67635157775211974,-0.015922004643325379,-0.13347488035502036,-0.73104027685741957,0.66896267436575141,-0.20539123777840745,0.13685021684655102,-0.13496405370165232,0.59585138771785506,0.078927183267438916,-0.20000000000000001,-0.19154562835572092,-0.16065516158003199,-0.059850663241996477,0.62566905024464725,-0.30033634535997772,-0.20000000000000001,-1.3167635384836451e-16,0.49364307761628701,0.44094398372957205,-1.4993762909730832,-0.58396830554046075,-0.19963478267011486,-0.11299999999999998,1.7697469226160198,-0.13603552112883799,
0.64724210244996816,-0.58065373499929374,0.67336543180229991,-0.017876549831678544,-0.12076848911843621,-0.71942903377989442,0.68375234285280007,-0.23402971583606597,0.19349842691032085,0.0231013747603733,0.61583413394363185,0.058175252941265299,-0.20000000000000001,-0.20367481630105616,-0.14171987735104241,-0.11431077114412638,0.63063096375678884,-0.29832094449615854,-0.20000000000000001,-8.2778835869268264e-17,0.47063975356078025,0.43388951718128782,-1.5112319180794507,-0.54504232471043013,-0.200365489598547,-0.11300000000000003,1.7888842739410096,-0.11540274912890794,
0.63955952762376667,-0.57794026053478864,0.67073742793520241,-0.019957881086791893,-0.1056878907926687,-0.7077873052533602,0.69818971866141744,-0.25529902092418144,0.25311633088483254,0.19597263208572488,0.63611495335347401,0.0053400266012324782,-0.20000000000000001,-0.21309538145087401,-0.12186453161788141,-0.16826646265715869,0.63344164722560459,-0.29861280425493075,-0.20000000000000001,3.2959746043559335e-17,0.44636178303703233,0.42605969060744109,-1.5251055470800428,-0.50145193078879335,-0.20301953361438987,-0.11300000000000009,1.8128379519341031,-0.09496222842338975,
0.63521672747395086,-0.57855354571361373,0.66956220468709371,-0.022969288141245343,-0.086326718288497736,-0.69503123759519392,0.71340850028487601,-0.26738619805251318,0.3010041670985022,0.37448304221935502,0.65295571150152421,-0.05957770081630151,-0.20000000000000001,-0.21940830205417794,-0.10381431567806544,-0.2208337204129053,0.63389472640491706,-0.30283408010663393,-0.20000000000000001,-1.2793585635328952e-17,0.41831415013908257,0.41637927290098459,-1.5413011842293054,-0.44668757631755451,-0.20854145508932065,-0.11300000000000004,1.8405730641646163,-0.071517307109061637,
0.6340049865384555,-0.57936855014547717,0.66888846633728283,-0.025834236625640786,-0.067071138122309013,-0.68242095439327544,0.72741714006058422,-0.26545691323415277,0.32456281073328763,0.53256587525788035,0.64705632866091278,-0.099000908885448796,-0.20000000000000001,-0.22562969447799947,-0.090543932972223753,-0.264962591738928,0.632077303507804,-0.30570903722979492,-0.20000000000000001,-6.613633252161577e-18,0.39055632951528552,0.40706172926457812,-1.5550045386161142,-0.39341350440559775,-0.21695608127708513,-0.11300000000000007,1.8603897897874735,-0.055357652252300535,
0.63343707695234841,-0.57937118260961729,0.66805609700173973,-0.028432198558348314,-0.048302194334208563,-0.66815944392975057,0.74190394634017509,-0.24524388262138647,0.33607467516730083,0.73256587525788031,0.62029982097799363,-0.13533078974956639,-0.20000000000000001,-0.23271343510723025,-0.078606514612005587,-0.30609414276027747,0.62981730160747862,-0.30878410050302774,-0.20000000000000001,-1.4528309111305759e-17,0.36347556661440727,0.39852235444742251,-1.5659377362727342,-0.34441248961959442,-0.22727998894304033,-0.113,1.8694766840078452,-0.04751843867170992,
0.63636321945242869,-0.5773972140775524,0.67012848533815317,-0.028076993945053075,-0.037958173516420203,-0.65907947378609644,0.75058983919857902,-0.2230280942956924,0.32818969666088194,0.90214772068092086,0.59040468607262264,-0.16377394877513329,-0.20000000000000001,-0.24181077901218767,-0.080076430856721226,-0.32377462086611375,0.63017020683854319,-0.30685827821746248,-0.20000000000000001,8.1423583153661383e-17,0.3396492665162108,0.40370308001057859,-1.5587699689419356,-0.34113850599509205,-0.23228456641003548,-0.11299999999999996,1.832436421345355,-0.015286504404019095,
0.64045909517615984,-0.57580720497413429,0.6717306300347059,-0.02931027424187788,-0.03368165919207515,-0.65636291765323329,0.75312294745789665,-0.2160483818132497,0.32798334443914445,0.959331205635649,0.58981457179696783,-0.17846978289973014,-0.20000000000000001,-0.24803875803919223,-0.084765706684039668,-0.32586281477739198,0.63384896140505442,-0.30442627573479086,-0.20000000000000001,6.3967928176644762e-17,0.32378054801720485,0.42128293989722054,-1.5367783360625742,-0.37204002804636066,-0.23159469537229835,-0.11300000000000003,1.7573420510337201,0.03277978281973714,
0.64004628011452702,-0.57789020211493058,0.66955656746273085,-0.030714375052152711,-0.039327303990037053,-0.65906848457220946,0.75042569450260843,-0.22610018942589083,0.34407585708504929,0.89076530107189311,0.62053430031234325,-0.16503707703630982,-0.20000000000000001,-0.24484296222453972,-0.087126532278571991,-0.31877029618530106,0.64279089965157066,-0.3093164486900194,-0.20000000000000001,-5.0221886034833139e-17,0.31872948613367003,0.44636050883148487,-1.5080364300124149,-0.42738047665623319,-0.2383358255204866,-0.11300000000000002,1.5944325561931125,0.086999999999999994,
0.63490069448383946,-0.58275363087761822,0.66692973506322617,-0.02925977723545669,-0.050910164962688173,-0.6625302307948252,0.74673001400945371,-0.23209866425793518,0.36322659450154926,0.81936781944720705,0.65187294321527656,-0.14043841012847888,-0.20000000000000001,-0.23538751782060524,-0.087099283221609453,-0.30951844642222981,0.65279352081040565,-0.32044787686169784,-0.20000000000000001,-2.0274580625478933e-17,0.32024849037435776,0.47222889056963513,-1.4863729606716045,-0.48829778144871017,-0.26260622981926057,-0.13290919818772864,1.3944325561931126,0.086087121377123252,
0.63132848693203591,-0.58563926159615332,0.66738125868595466,-0.023022349814271911,-0.06512515664603731,-0.66720987521330721,0.74166007564024972,-0.23166228371870845,0.36220619724486203,0.76968392730806445,0.66319133382679341,-0.11537828103165701,-0.20000000000000001,-0.23034574632057525,-0.09581669649664494,-0.29114391196930078,0.6616182815172662,-0.32712425818242452,-0.20000000000000001,-5.5836411883003478e-17,0.32008219025359497,0.49873185774206863,-1.4693297763077309,-0.55289124026895631,-0.27841132734743712,-0.2200272905775707,1.1944325561931126,-0.033185906892949292,
0.63297179697920103,-0.58450373138186051,0.66831514059071961,-0.018615116259066485,-0.081819697913784725,-0.6766100016257508,0.73154488596391676,-0.22423110735546539,0.3382535490152242,0.70411390714485078,0.6560600176824799,-0.092124352195376541,-0.20000000000000001,-0.22825931864955393,-0.11147132008501678,-0.25377228613355018,0.66627891719301835,-0.32391791036601925,-0.20000000000000001,-3.2546393965299236e-17,0.3252896248689065,0.51268098705809417,-1.4533875992754139,-0.58797136606854905,-0.26867795776627579,-0.30676610751114325,0.99443255619311266,-0.21271661124364377,
0.63602644460510571,-0.58202549800883618,0.66876436693610586,-0.017725292262827194,-0.099785829579403254,-0.68762051256470669,0.71896219158561991,-0.2153761848812028,0.3031420536957472,0.59319903229319326,0.63871393764755879,-0.067006052586533277,-0.20000000000000001,-0.2245148515381839,-0.12624785890900242,-0.21077170360880201,0.66878378001916183,-0.31754666092285588,-0.20000000000000001,-1.0581813203458523e-16,0.33680650075289542,0.51769370866992548,-1.4373007655725316,-0.59576099439137142,-0.22001409373302339,-0.38540188023757732,0.7944325561931127,-0.41271661124364378,
0.64383162971723917,-0.57786963302696548,0.67013499896947892,-0.016544944031917041,-0.11933632187340669,-0.69947083299197055,0.70443286472326527,-0.20069932334376689,0.24256352085553651,0.42625678025084512,0.60035637391965169,-0.037343545152715013,-0.20000000000000001,-0.22126192685494445,-0.14765899312169414,-0.15272106056999837,0.66492993157949021,-0.30519835140133245,-0.20000000000000001,3.1441863002079629e-17,0.352817408984819,0.51683069462131004,-1.4221441536461521,-0.5862495900480158,-0.15590910481566739,-0.45950280184117431,0.59443255619311275,-0.61271661124364374,
0.65492143511813139,-0.5747134009025433,0.67294332561768122,-0.01294825830578504,-0.13512705780800802,-0.7101849470647924,0.69080414143053315,-0.1803330644592735,0.17338983989800366,0.25041041706338407,0.55196176813120346,-0.013880451587510223,-0.20000000000000001,-0.21922091120741419,-0.17217202232052378,-0.090022177543347043,0.65468519454631025,-0.29221387513520253,-0.20000000000000001,2.2768245622195593e-17,0.36823322451428447,0.51127136653596295,-1.4123485275760845,-0.57325431142371563,-0.13717180974118526,-0.51620913524449485,0.59925524210378756,-0.81271661124364369,
0.66581977501270062,-0.57476526640374115,0.67665501443141651,-0.0067730341850041178,-0.14858992078094443,-0.72165810768776073,0.67608042203480634,-0.15273555785417872,0.10756632503912153,0.072702959223354707,0.50119351240242849,0.0048953029844137075,-0.20000000000000001,-0.21611238829731094,-0.19605761477112818,-0.025219267840548815,0.64197340700953609,-0.28296042748088113,-0.20000000000000001,9.2157184661267877e-18,0.38338354857560797,0.50124654456575612,-1.4069781029090618,-0.56511296682403511,-0.17092069756068382,-0.53320082457945728,0.63383269118658103,-0.96662149617640591,
0.66954429230078194,-0.5803171515676635,0.67935188432739113,-0.00023225897538900006,-0.15525560952320036,-0.73536181483868635,0.65965039456101382,-0.11853432766384098,0.070953976737764074,-0.10970483875235985,0.4546682687032822,0.021999540142721513,-0.20000000000000001,-0.21077869085345668,-0.20423597771108859,0.024977403766814718,0.63071606668883584,-0.28359047744827059,-0.20000000000000001,7.589415207398531e-18,0.39987694678358965,0.47520371428336117,-1.4131981406053138,-0.54722202091864647,-0.26380055580783324,-0.49103537592131524,0.7209646535073404,-0.84910807009255873,
0.6685625805016423,-0.58613010600388471,0.68091857253055432,0.0051650696733061456,-0.15754919289942515,-0.74950964838314782,0.64295167847403578,-0.087940764298008414,0.055079377013341292,-0.28533525743677479,0.41496448738040004,0.045742020111347315,-0.20000000000000001,-0.20764341472878473,-0.20115158256381371,0.06416667263348827,0.62226339250399887,-0.28617191520410967,-0.20000000000000001,-6.7871055997592578e-17,0.4183544369319892,0.44472373934651532,-1.4269824343845825,-0.52353470161373716,-0.36037697094748311,-0.41789725306035391,0.8408149974336494,-0.67779914557378851,
0.66280514690564718,-0.59121796805639049,0.6810976905898859,0.0089500844994633844,-0.15613414038202247,-0.7618400688717305,0.62860300321915119,-0.069213912184045503,0.05368612080780065,-0.45598701184800106,0.39617830216338767,0.065857854976424879,-0.20000000000000001,-0.20669990032960583,-0.18792082396236695,0.088266359743709,0.61945238371681932,-0.29202523940923164,-0.20000000000000001,-6.7871055997592578e-17,0.44307008692523303,0.44775794804670221,-1.4415614687822675,-0.56751304616638476,-0.43661351669408138,-0.34166522411890082,1.0261792255194759,-0.53438001926233736,
0.65597031051947807,-0.59358666190398945,0.68030898642442883,0.010641473896955479,-0.15441080654225409,-0.76876668646693869,0.6205173999453315,-0.063592491268939608,0.055316561706064721,-0.58764489921662211,0.39542286574258573,0.073212020679530643,-0.20000000000000001,-0.20741374460233547,-0.17391085946749124,0.096616941413960461,0.62185391385558819,-0.29812782144149769,-0.20000000000000001,4.742029251908475e-17,0.46405238653378489,0.45010309591991315,-1.4531545082509456,-0.59574437736223462,-0.48212891771738409,-0.290793399893997,1.2244691293265648,-0.4749991966111779,
0.65102183693324889,-0.59507977582785243,0.67956984695819134,0.010392819529977674,-0.15447616014906304,-0.77212261998018605,0.61632439912983461,-0.060545904476822995,0.053515774081276467,-0.67430282402237363,0.40017799887495076,0.072885517563837154,-0.20000000000000001,-0.20556917969967553,-0.16484300417604397,0.097898193399934441,0.62491577628317829,-0.3046898553707873,-0.20000000000000001,-1.0200309564015186e-16,0.4829941134260089,0.45250254333257228,-1.4595444867157574,-0.61775870750289941,-0.51263852714997049,-0.25532367749487622,1.4159767496860112,-0.45195822560924237,
0.65038035025016916,-0.59665642268441477,0.67954290221461211,0.0078612204236644199,-0.15424913858592057,-0.77014803015061795,0.61888400861072101,-0.067931758504057027,0.051776828365010408,-0.64894354712406976,0.42132477346990388,0.072499999999999953,-0.20000000000000001,-0.19864528393788755,-0.16389088829617043,0.087139122131547092,0.6243832563087135,-0.31081816042293287,-0.20000000000000001,7.407811343507209e-17,0.49356115243942977,0.45378468678680228,-1.4608842919817677,-0.63176928297096258,-0.53047101320140599,-0.23746354701539746,1.6088691113102824,-0.44864426980971095,
0.6512346725737741,-0.59935559862804622,0.67985484533546625,0.0049926931048849266,-0.15203719358447915,-0.76539739511918448,0.62532119133072972,-0.085575537398356258,0.052797929607328681,-0.57047363355215963,0.45878085837992844,0.072499999999999953,-0.20000000000000001,-0.18886562669593573,-0.16559062386902532,0.067217688904641568,0.62146859197735993,-0.31827944665816343,-0.20000000000000001,3.4694469519536142e-17,0.49726390298106027,0.45384173454208404,-1.4613356940336952,-0.63813159345299419,-0.54252394929832637,-0.21411409430472436,1.8069530752314105,-0.4359105650851603,
0.65211691933530647,-0.59845831219488388,0.67988444759005995,0.00036924366040677462,-0.14516420234691266,-0.75276922455554607,0.64207921051700911,-0.12615040969571364,0.070714453097425398,-0.44009187709151498,0.5098219611339041,0.072499999999999953,-0.20000000000000001,-0.17937612401729117,-0.16556926095228688,0.017246818755791066,0.61299026360636655,-0.3213504368711062,-0.20000000000000001,3.3718687564299188e-17,0.48780197750181048,0.44988861859683221,-1.4653395669953599,-0.62004051338873256,-0.53952325964417303,-0.17884765410423195,2.0061229028665144,-0.37816501701452687,
0.65120969480467705,-0.59188502272118659,0.67907217849214696,-0.0050265394803990886,-0.13558575900993686,-0.73376179182103041,0.66572131460404815,-0.17904086759318394,0.10564312275091625,-0.29688111443868082,0.55374269220282635,0.072685837478264348,-0.20000000000000001,-0.17584636460435221,-0.16169612941715003,-0.055191071393326963,0.60250336961269757,-0.31621877164346285,-0.20000000000000001,-8.9988780316296868e-18,0.46799931915772197,0.44274377118958447,-1.4736260434917463,-0.58016745980397466,-0.51417047077860922,-0.14326984352169314,2.1573583314779956,-0.27965763088545637,
0.64699384003245097,-0.58075998489842562,0.67732094574840118,-0.010241785402854676,-0.12447874841881293,-0.7117373796400932,0.69125252219930566,-0.23157303422309908,0.1504116312534988,-0.15004566726008062,0.57835113070427679,0.078214044495106327,-0.20000000000000001,-0.17964037539323419,-0.15225724491414805,-0.13751219128086972,0.59142704615893904,-0.30403081234726992,-0.20000000000000001,-7.3847720473418921e-17,0.44388964861303409,0.43462986210295368,-1.4842030653308378,-0.53263404916234269,-0.4710729815595166,-0.11553499218739929,2.277472043569122,-0.16268114236472742,
0.63949660603297109,-0.57300352627819329,0.67474994184558557,-0.016186846399936457,-0.10782669594293573,-0.69020538032937906,0.71535160767977013,-0.27676772904558378,0.21129273584919808,0.0012223181812924394,0.60348755727455972,0.054879887510447645,-0.20000000000000001,-0.18477432579001996,-0.1316484520113777,-0.22103602023305932,0.58199191580200194,-0.29535344924313101,-0.20000000000000001,5.0930397052506571e-17,0.41551624492549494,0.42569540151772151,-1.4962841933678928,-0.48044112500578234,-0.42155408875399425,-0.11300000000000003,2.3409741401391857,-0.058499568947513923,
0.63240182758348384,-0.57110638347558118,0.67240320461562353,-0.022974723159623262,-0.087727398739382151,-0.67063951953829481,0.73621919320240836,-0.31502693870829535,0.27796095909144614,0.15622875657987675,0.64110929079534351,0.0089871112945064113,-0.20000000000000001,-0.18558745690349382,-0.10642737974897344,-0.29634931358229588,0.57303619327251987,-0.29401532050524182,-0.20000000000000001,1.2903869325061462e-16,0.38892884809464273,0.43345537151006608,-1.5038951956853208,-0.46350402601584895,-0.40020335665999646,-0.11300000000000007,2.3812308934113786,-0.040082867019038911,
0.62683617880597953,-0.57454396811218478,0.67037831335234033,-0.028994223551724412,-0.065471721775397174,-0.65550530138371188,0.75178826042060987,-0.3374345308890212,0.34126902462854136,0.31646339921351319,0.67931100944344835,-0.039200562829571184,-0.20000000000000001,-0.1858803618665911,-0.079539013606349449,-0.35311033483210019,0.56644170478983313,-0.29657325709619242,-0.20000000000000001,-3.8109706362865481e-17,0.36701137418008722,0.43663672410659782,-1.511530115927445,-0.43682948472301231,-0.39781097880270894,-0.11300000000000006,2.3582089269248705,-0.058657508338710113,
0.62231608684086059,-0.57805743881239346,0.66886883491677018,-0.031242954860894862,-0.048821627470197089,-0.64789232343203396,0.75952344512895853,-0.33296405452320615,0.37888680839554334,0.45340536127519271,0.6851272607214105,-0.049040218154035059,-0.20000000000000001,-0.190518228767599,-0.058897908744576746,-0.38187228921210536,0.56351638751323252,-0.29716455250623541,-0.20000000000000001,-7.6978354246470815e-18,0.35490140904871936,0.43076336025053563,-1.5181952857411614,-0.40130259228326592,-0.40661945884585565,-0.11299999999999999,2.2751259573980716,-0.088277218595887871,
0.61829347165953552,-0.58191575893186753,0.66995987049651684,-0.030762126363842922,-0.036173909891808138,-0.64431943925893054,0.76328081334314413,-0.30921529372297496,0.39852045256487245,0.59556360285080734,0.67022192153589444,-0.040532944954174643,-0.20000000000000001,-0.19606226188170739,-0.043740732791155632,-0.39839507888680159,0.56377925747215363,-0.29963392988918347,-0.20000000000000001,5.3234326669038268e-17,0.34772644457376239,0.42221860007786621,-1.5240783586300632,-0.36847000310727979,-0.41541766130139934,-0.113,2.1626004578897371,-0.11824233578183629,
0.62017364659559915,-0.58161880033855162,0.67378673107605314,-0.028758211969021015,-0.031234066771659408,-0.64587241007555041,0.76226388358654928,-0.25614240376492681,0.37695546550503822,0.78117006831041946,0.61994640333031115,-0.070853369742608835,-0.20000000000000001,-0.20469227685459584,-0.044798202533789008,-0.39150906418276021,0.56800683312713596,-0.29879604535863669,-0.20000000000000001,-3.7730235602495554e-17,0.34773959587963432,0.41500580611249432,-1.5219177219614199,-0.35408865810606005,-0.42054005237425374,-0.11299999999999998,1.983043891807073,-0.14641705699524316,
0.62528254779891068,-0.57825117273322246,0.6744529989149185,-0.02596725961995431,-0.031651228064459677,-0.64695289293269276,0.76143013830282624,-0.20475597070671969,0.33099482068521779,0.93963949619188492,0.55651787782332374,-0.12481879864192726,-0.20000000000000001,-0.21469057841461189,-0.057335439590601882,-0.37820352987004624,0.57499746512404915,-0.29484904285947544,-0.20000000000000001,-6.0281640790194047e-17,0.34842801184941674,0.41834801218208872,-1.5105615768983403,-0.37089916486379615,-0.42203264249561084,-0.11300000000000004,1.783043891807073,-0.1684194619701857,
0.63055743977904943,-0.57576154268189461,0.6729165245245442,-0.025549611565574344,-0.039808000862060614,-0.65406668503891396,0.75495649671912901,-0.17019424240407469,0.30196324973369848,1.0146625611626199,0.53003426377189711,-0.15904905359521904,-0.20000000000000001,-0.21801888714662004,-0.070561379416080552,-0.34693082012021903,0.58311064810818258,-0.29051784708365413,-0.20000000000000001,6.7220534694101275e-17,0.35832823680464299,0.42929114108658939,-1.4794357893729231,-0.4163138068877148,-0.41732678469073636,-0.11300000000000002,1.5830438918070731,-0.1826132792583976,
0.63006128897302682,-0.57794228593705088,0.67055410963175832,-0.025800673797890139,-0.054927406409467187,-0.66609274277127017,0.74339610120322175,-0.1580263391380918,0.30940194753876826,0.97766845717204254,0.5515821239333194,-0.13629043501002511,-0.20000000000000001,-0.20996045952760781,-0.074822065216567757,-0.30688122670492357,0.58983905709988727,-0.2915307061610799,-0.20000000000000001,-1.6046192152785466e-17,0.37974817601848826,0.438392084624389,-1.4473006837457743,-0.46387534872562125,-0.40048250250752881,-0.11299999999999995,1.4737732465963114,-0.18601341422254611,
0.62593993715838248,-0.58130285859199726,0.67015676223471055,-0.024895950429552945,-0.074074268176531288,-0.67834495837276043,0.73057601377035264,-0.14935679175333877,0.32429766005625738,0.91240876546808025,0.58068115993468883,-0.10183276862829119,-0.20000000000000001,-0.19803522450375885,-0.076560430960032108,-0.2677471177165216,0.59656896023983252,-0.29449191480545828,-0.20000000000000001,-9.8445557261683803e-17,0.40674436699591249,0.44225040018186568,-1.4292624179077587,-0.49908884412812826,-0.3702299593285121,-0.113,1.5099066534068191,-0.17898527174739876,
0.62207364835253653,-0.58195586045493042,0.6698930558639693,-0.018974763339594001,-0.097673401442308183,-0.68545518783623172,0.72128430627270157,-0.15301959954855845,0.30575922622958229,0.76092730702032751,0.58211864483199205,-0.053108625068261639,-0.20000000000000001,-0.19060314489404545,-0.091425580256458014,-0.24038512296614098,0.60630379856554906,-0.29581069040645114,-0.20000000000000001,1.3444106938820255e-17,0.43108101595688469,0.44858807743599732,-1.4368043572546865,-0.53809019742969355,-0.33172967681434534,-0.11300000000000009,1.6130432907839323,-0.15140035967575,
0.62314142314135668,-0.5795435007127453,0.67006348316934849,-0.013036327499669379,-0.11936041556232342,-0.69107395333350985,0.71274114262199362,-0.16072533267243036,0.26592866349290634,0.58063355775959957,0.56835170164392357,-0.0068344325969578734,-0.20000000000000001,-0.18828991383845045,-0.11474617431943331,-0.21357408215150567,0.61418861470667685,-0.29172776976201775,-0.20000000000000001,-3.2959746043559335e-17,0.4526600511078413,0.4533586283746372,-1.450149834204213,-0.57168415687403296,-0.29934594953043642,-0.11300000000000003,1.6881718570136919,-0.1257122089914163,
0.62997658990610184,-0.57624134661081428,0.67118251431593279,-0.010211484941390929,-0.13557959833899516,-0.69916553461534203,0.70191271059553495,-0.16201575434957788,0.21075213160092524,0.38063355775959956,0.54188925916314401,0.030228679948752502,-0.20000000000000001,-0.18752878034291789,-0.13844376245208923,-0.17497392054205382,0.61527136847730346,-0.28287055688601048,-0.20000000000000001,2.9056618222611519e-17,0.48072209544028172,0.44278713465999792,-1.4662846446926927,-0.57217724019989513,-0.27850770139874631,-0.11300000000000006,1.7132961373645215,-0.11291811149130861,
0.63996109065760998,-0.57466675055162897,0.67380964236957874,-0.011354713478452214,-0.14306417269389429,-0.70843884347786368,0.69102685767268179,-0.15425526086747068,0.16100593333730506,0.18063355775959955,0.51532998900477922,0.051871815923990316,-0.20000000000000001,-0.18409863210796001,-0.15470053231795947,-0.13309059590077688,0.60708085453514737,-0.27301423829058358,-0.20000000000000001,4.3801767768414379e-17,0.51195014818218298,0.44643961248206115,-1.4729422339354181,-0.59962945335303197,-0.27242192168802259,-0.11300000000000002,1.7082997514713993,-0.14629779129875098,
0.64998187035679045,-0.57525441291822754,0.67678804829099337,-0.013358455119851368,-0.14655883994588237,-0.71854956330784858,0.67972684453435273,-0.14122024952350926,0.11951892433269057,-0.019366442240400461,0.49187878632553211,0.064977005475859662,-0.20000000000000001,-0.17800411661400845,-0.16653378578111142,-0.092739429990614602,0.59482875785164202,-0.26476930904583063,-0.20000000000000001,4.2283884726934673e-17,0.54178517125716008,0.45201757355425548,-1.4737750370751905,-0.63119282560080092,-0.26886418993718164,-0.11299999999999999,1.708951046906106,-0.17962265121110194,
0.65516158979113948,-0.5791556837830022,0.67920550233189203,-0.014944883976262905,-0.14677533086296632,-0.72970046917346454,0.66766075066685537,-0.12091325006753323,0.09386974067275812,-0.19511709269334462,0.47054415757873047,0.070072897584563199,-0.20000000000000001,-0.16796250698957915,-0.16905250834886296,-0.061705175268250922,0.58038875478574847,-0.26221185118751567,-0.20000000000000001,-2.4069288229178198e-17,0.56805636294465611,0.45862990911209151,-1.4686654828062771,-0.66664483258272522,-0.26781535012345947,-0.11300000000000006,1.7211112053177959,-0.2101322040575537,
0.65544290706760611,-0.58421343434103223,0.6806017886197967,-0.015274029762073121,-0.1467831890479521,-0.74116076657629382,0.65490618985911342,-0.10013939798191196,0.077622431916813922,-0.35260323764921053,0.45214841481478241,0.072216859755013518,-0.20000000000000001,-0.15964054768382283,-0.16553817724794001,-0.036567896786883547,0.57159667136549119,-0.26540236954475327,-0.20000000000000001,-4.2609145378680324e-17,0.59367507795003271,0.46582706689797398,-1.4621110612125763,-0.70284964001545824,-0.26809480087938609,-0.11300000000000003,1.7384007126841665,-0.23867129424934419,
0.6539131510529973,-0.58863075987922875,0.68124997029008738,-0.013338895947088012,-0.14649604839791439,-0.75089859730831621,0.64382627953440319,-0.089720007552529027,0.068851608315933524,-0.43828140272525018,0.44854053486151713,0.072739933432201143,-0.20000000000000001,-0.15772392873996874,-0.16142846576825232,-0.014660614786144749,0.57045987220762262,-0.27268321156443864,-0.20000000000000001,-1.0354130747236567e-17,0.61650327619074874,0.47265383828431085,-1.4546465661179016,-0.73436340680536327,-0.27012130310621119,-0.113,1.7601255421846742,-0.26246116149753901,
0.65325521975667034,-0.59061328374963917,0.68144572447045537,-0.010375228286275866,-0.14555247969901314,-0.75567261949654618,0.63848705737446565,-0.095276195253169466,0.066213187599199197,-0.42640999751780329,0.4622580887088944,0.072500000015611132,-0.20000000000000001,-0.16148651467276659,-0.16006397385231655,-0.0010011931892677239,0.5734773780296798,-0.27916985019165952,-0.20000000000000001,5.0794871780945883e-17,0.63018804330143985,0.47692518862137684,-1.4476025211581627,-0.75249269133132379,-0.27251524093251656,-0.11299999999999996,1.7810829656412011,-0.27621022264756051,
0.65346069938722851,-0.59136965729905155,0.68158863398059455,-0.0084743719995433973,-0.14365395312629906,-0.75690522328565413,0.63748428194999007,-0.1083937398555066,0.06808569880954668,-0.37436275020591125,0.48373860425373044,0.072499999999999953,-0.20000000000000001,-0.16438899189952,-0.15929829360952724,0.003868161689884464,0.57448884662230171,-0.28288539506246047,-0.20000000000000001,-4.7054374285870892e-17,0.63896934647905113,0.47930778509475869,-1.4404852456874,-0.76157239121964104,-0.27360154283108684,-0.1130000000000001,1.8027444870648668,-0.28163606258100049,
0.65396711026205667,-0.59119186475081686,0.68149900791385409,-0.009415455410948936,-0.13890426152835389,-0.75000598762252246,0.64661269231204543,-0.1353895612815062,0.08281053167654441,-0.2798893672745647,0.52093543662685105,0.072499999999999953,-0.20000000000000001,-0.16177164539484401,-0.15759184577629987,-0.018163638167880788,0.57101272836724082,-0.28463929827429513,-0.20000000000000001,1.8323016715005025e-17,0.63740562977654946,0.47737754705291696,-1.433289741277076,-0.7511936732060831,-0.27166734402970422,-0.11299999999999996,1.8264020053343335,-0.26826267300594048,
0.65359272675348268,-0.59157957223717206,0.68113160850244181,-0.011852600031837971,-0.1321649099364863,-0.73828499254185642,0.66130720715975633,-0.16928946313912738,0.10644367475065657,-0.1779958135922271,0.56751942564052849,0.072499999999999953,-0.20000000000000001,-0.15481071662616058,-0.15391477234191159,-0.058279170689940013,0.56597763766905551,-0.28811198362692131,-0.20000000000000001,4.9331198848090452e-18,0.62975106372141465,0.47272993224362714,-1.4264370001530502,-0.7268694395667129,-0.26841284535120957,-0.11300000000000003,1.8514683513099299,-0.244900854533526,
0.65191822965027257,-0.59050806473104311,0.68040991423302377,-0.016175664097220641,-0.12251390160227732,-0.7199092453287238,0.68297830880301658,-0.21089068293950183,0.14252563425341502,-0.062185804835448624,0.61734626270341519,0.072499999999999953,-0.20000000000000001,-0.14481279177668957,-0.14610236421658182,-0.12209905939603552,0.55580384545321537,-0.28965142702155677,-0.20000000000000001,-4.8463837110102048e-17,0.61289246403555908,0.46432083701445698,-1.4216987291317391,-0.67978608935981566,-0.26472143416816452,-0.11299999999999998,1.8758480917339533,-0.20838596020315175,
0.64817105540991971,-0.58666816228169472,0.6793171527541918,-0.020810215855048129,-0.11302655197311802,-0.70057290070876255,0.70426525134898177,-0.24591297581888527,0.1800638874563126,0.037742658712425131,0.64857550257435137,0.072500012424178639,-0.20000000000000001,-0.13814514512206966,-0.13426474893267465,-0.18808368947234791,0.54353108915609405,-0.28651608185573207,-0.20000000000000001,-2.5370330836160804e-17,0.59325699573538737,0.45523435597151124,-1.4206898911363612,-0.62401159379739646,-0.26265185725977147,-0.113,1.8937499590723961,-0.17009570447122957,
0.64194378882892478,-0.58014362644402762,0.6779032191463199,-0.02510917432115399,-0.10431349788422473,-0.68195209712174099,0.72348431963334725,-0.27263356940580674,0.2158680111593537,0.13275369739240495,0.65981374890906253,0.075274495347157189,-0.20000000000000001,-0.13585299882742244,-0.11840065834572995,-0.25017707171494041,0.52883772397710405,-0.27850756251541242,-0.20000000000000001,-2.0816681711721685e-17,0.5740371790622214,0.44678599553361859,-1.4214648222865727,-0.56926748341467948,-0.26379324212162936,-0.11299999999999995,1.9093188078450902,-0.1441557800884691,
0.63429730575027043,-0.57639138529816114,0.67626443138423775,-0.028327606163866485,-0.094794194317880803,-0.66821468817638996,0.73736065663824146,-0.28359386903518818,0.25072924968705673,0.22721424935354614,0.66395006682882696,0.062605305477441531,-0.20000000000000001,-0.13655900376124283,-0.098376549219147194,-0.29639926689721741,0.51745574461080546,-0.27296615992132189,-0.20000000000000001,-4.1850203857940471e-17,0.55709414367909704,0.43974887397021878,-1.4229785333112468,-0.52306775168405539,-0.27239611360099009,-0.11300000000000004,1.9249542266309325,-0.14683801419249332,
0.6280904317856052,-0.57699988957894055,0.67487045262576262,-0.030342491752287318,-0.084219471365452617,-0.65846011752936473,0.74727283334830341,-0.28712316130426763,0.28194525572082396,0.31930548508525791,0.67322759999636328,0.059818802520558434,-0.20000000000000001,-0.13694888218264883,-0.079587652615286081,-0.33010376793645357,0.51061146944132219,-0.27243027144646298,-0.20000000000000001,8.2399365108898337e-17,0.54242845135663631,0.4337953629903068,-1.4226766573230907,-0.48250566203005901,-0.28333199975753004,-0.11300000000000002,1.9424322618921639,-0.15299901995778042,
0.62384619848228717,-0.58059988638646165,0.67386725333479991,-0.030514654470342361,-0.074945201791384974,-0.6535780732881048,0.75252094635831435,-0.27152757202798933,0.30695148690555984,0.44009459209329371,0.67320085481732739,0.036840486675437739,-0.20000000000000001,-0.13776189415014059,-0.065639849912810244,-0.34760392297826659,0.50932397472158564,-0.27598858218135247,-0.20000000000000001,-3.7079714299004252e-17,0.53213026229795568,0.4295302522548135,-1.4205506149219824,-0.45217048106757601,-0.29567403173616807,-0.113,1.9610569850392181,-0.16174952167996345,
0.62283980966873032,-0.58215621555083497,0.67352949218238212,-0.030302699311279033,-0.070458437359853715,-0.65379459487494351,0.75277485527318588,-0.23864621211011305,0.31513028278610999,0.5701151908035953,0.65278739137010255,-0.010421832010800935,-0.20000000000000001,-0.14010046805954204,-0.06059827329836355,-0.34812995780997869,0.51027037543618325,-0.2767472695586306,-0.20000000000000001,-2.8839777788114418e-17,0.5300258861233953,0.42771741439103789,-1.4172417706642659,-0.43709103818648803,-0.30456983349681116,-0.11299999999999999,1.9705591733450556,-0.16915914845948821,
0.62590562169199204,-0.58093827195741377,0.67376346742453741,-0.031291323487005362,-0.068484096706827507,-0.65694589784490232,0.75016856030990586,-0.1988550658728287,0.30788926504735281,0.69934182801445344,0.62280163616413997,-0.087895050351353046,-0.20000000000000001,-0.14419153204151677,-0.062929576089801084,-0.33843727124185652,0.51192102359629021,-0.27287435430629703,-0.20000000000000001,4.640385298237959e-17,0.533304251507148,0.42706920772985008,-1.4125994061126832,-0.42826090038689468,-0.31183960103199887,-0.113,1.9643221663151567,-0.17392299921104232,
0.63238322886170595,-0.57839703365897976,0.67424795385760139,-0.033271531616313889,-0.070230473404074345,-0.66583772137677832,0.74203828377053693,-0.1586024740159499,0.27909806063564258,0.77406343626933416,0.58434738522270413,-0.14059958666537031,-0.20000000000000001,-0.15061089552580023,-0.071911629373160951,-0.31235373114054743,0.51833873890637427,-0.26599042987001353,-0.20000000000000001,-1.8431436932253575e-17,0.54311305323456893,0.42832302245417286,-1.4031227560134016,-0.42989414835904083,-0.32159189971859581,-0.11299999999999996,1.9078560692818989,-0.18073271035372293,
0.63728356676554487,-0.57715595169261702,0.67447747832011529,-0.034533655304530356,-0.072961277108988934,-0.67629167906754717,0.73219781720374622,-0.12394047852737222,0.25152326622774224,0.81672099174002444,0.54783582089155325,-0.16817044275329993,-0.20000000000000001,-0.15677655192403483,-0.078783731463102635,-0.28272410400259829,0.52646576235217513,-0.26089082469239266,-0.20000000000000001,1.1167282376600696e-16,0.55235759590325573,0.42998401898492117,-1.3904771760614296,-0.43426022495795241,-0.33363706236797391,-0.11300000000000006,1.8245225233242388,-0.19157565200455123,
0.63937270463011631,-0.57736816686577208,0.67489411638093166,-0.033246259197253991,-0.07649372762599041,-0.68630232877824249,0.72251817236442628,-0.098977871299034445,0.22863591050199206,0.82985098944282099,0.51627140226617763,-0.17158912788279074,-0.20000000000000001,-0.16002996503948302,-0.082526001475274391,-0.25407362074843631,0.52994967523657621,-0.25666988672652014,-0.20000000000000001,6.591949208711867e-17,0.5503551178020234,0.43372162206097031,-1.3647527914502113,-0.46317432981658446,-0.32977951062651434,-0.11299999999999998,1.7561501089115077,-0.19111090031569544,
0.63975419408248557,-0.57774009499231005,0.67565101775756542,-0.029633847892659649,-0.079061737171504928,-0.69274655152575448,0.71622153843882275,-0.087006588905435292,0.21108631681744569,0.82173373926284565,0.4921704703593261,-0.16455230745594435,-0.20000000000000001,-0.16078721304133159,-0.084867263689920883,-0.23502748865779691,0.52610007271779646,-0.25140604132001942,-0.20000000000000001,-1.5612511283791264e-17,0.53541935660478712,0.43806164109928108,-1.337209376413883,-0.50072580725838667,-0.30524247557056666,-0.11300000000000002,1.7431346431313115,-0.16513002384620895,
0.64041978219257722,-0.57761949500621412,0.67672229799519779,-0.025712632289558036,-0.080838885647544878,-0.69667970831853199,0.71234915534814136,-0.078993854638562136,0.19334205629659287,0.80491588585795437,0.46779608332952305,-0.15751315260080803,-0.20000000000000001,-0.16052000408523134,-0.088342324082090862,-0.22314242097024564,0.51891356281823287,-0.24376383516105243,-0.20000000000000001,-7.5460471204991109e-17,0.51969242674564287,0.46168716814844291,-1.3179648054968214,-0.56234546321238332,-0.27038235873536781,-0.11300000000000003,1.759548273627628,-0.12155819600869749,
0.64163658762660492,-0.57727048125239611,0.6779937876552411,-0.023705746104490982,-0.079663961178099901,-0.69648225105887807,0.71274410895566287,-0.076884062358662811,0.17956361910991211,0.76489884197058777,0.44577960639314212,-0.15083222194302714,-0.20000000000000001,-0.15738856777979926,-0.090200662756988473,-0.22516486558479229,0.50713473946759868,-0.23438238057343019,-0.20000000000000001,3.2634485391813683e-17,0.49957081942910664,0.47515732904997893,-1.3220461399283201,-0.56956935419950216,-0.22699871233575714,-0.11300000000000006,1.7944397532833309,-0.060028629452019651,
0.6429947378563553,-0.57695517110514838,0.67914090048962883,-0.023206084979241631,-0.076723382479352439,-0.69410988591220346,0.7153925261559636,-0.075924990004411289,0.16763278676558488,0.71264207934912638,0.42247152112047626,-0.14406473224960303,-0.20000000000000001,-0.15120225905071527,-0.089894563823727694,-0.2348242094220627,0.49111594201389336,-0.22404720663052793,-0.20000000000000001,-8.5326710974609199e-17,0.47974842267116946,0.4881243728535275,-1.3311356182204055,-0.57396165230996665,-0.17992238852158859,-0.11299999999999998,1.8271684569753743,0.0016226112803342518,
0.64448338391252014,-0.57669314610123512,0.68029299595308212,-0.023688093483833349,-0.071814980765099762,-0.68993891538526142,0.71990678271691444,-0.074477939681315802,0.15711449397625027,0.65147433550035916,0.39594436304189973,-0.13575852401546251,-0.20000000000000001,-0.14173436073337919,-0.087063288235536537,-0.25016553522512774,0.46909541329611409,-0.21182903536014538,-0.20000000000000001,6.4428714099951101e-17,0.45969664828204421,0.50293328076111288,-1.3345819891368322,-0.58923018252540005,-0.12580948141112977,-0.11300000000000003,1.8553884008961439,0.05676188882386915,
0.64560235978839509,-0.57650871513291224,0.68124593255393051,-0.024196072222853082,-0.067145023377382457,-0.68605459205425579,0.72404087774510761,-0.0717590299776351,0.14901216907258116,0.59932311938044736,0.37151962798880778,-0.12743064690299608,-0.20000000000000001,-0.1325191298832985,-0.083494124089073321,-0.26351632394063984,0.44801572342320872,-0.20083843275938104,-0.20000000000000001,5.2574276244890354e-19,0.44286294205666921,0.51542952102892658,-1.3294456960223311,-0.60297708640451275,-0.078514485460884936,-0.11300000000000003,1.8743023182054459,0.086999314591320237,
0.64645814715928418,-0.57635928925298752,0.68197148581690914,-0.024481830468946648,-0.06329668398165704,-0.68332382268643188,0.72695441612457223,-0.068596828944336843,0.14236035914115364,0.55326208915609654,0.35024525920162758,-0.11988707264937515,-0.20000000000000001,-0.12531266283880815,-0.080218728212152243,-0.27289330158291392,0.43067398057615497,-0.19193296113865313,-0.20000000000000001,4.5507014573880235e-17,0.42787304934432141,0.52366642003446351,-1.3206915908790082,-0.60404055387016442,-0.037462324600362057,-0.11300000000000003,1.8894164173959114,0.08699999999999998,
0.64710268391610637,-0.57621627775957696,0.68256414621399208,-0.023904363605054109,-0.060159971290046362,-0.68316450691213881,0.72738959007571224,-0.06440392785476555,0.13665350668293946,0.51898595067400555,0.33169907612401428,-0.11515309767397007,-0.20000000000000001,-0.12346225134883705,-0.077960762242478707,-0.27447216193290747,0.42106673520777355,-0.18567361487539341,-0.20000000000000001,-2.2719912370744068e-17,0.41675310734739829,0.52514158310459147,-1.3032708967759559,-0.58761656675720519,-0.0010525923639262101,-0.11300000000000002,1.9005881600665027,0.086999999999999994,
0.64784251562653927,-0.5760238072235947,0.6831832195960581,-0.022588303633597182,-0.056691474003220103,-0.68471682364372399,0.72624976195076862,-0.059776981654899489,0.13079200095952065,0.49292873767756373,0.31344297543442756,-0.11249600032630999,-0.20000000000000001,-0.12544491125564589,-0.076341783800866383,-0.27135579966371692,0.41561386717187493,-0.18041863906182329,-0.20000000000000001,-8.2481361628955162e-18,0.4076776553680278,0.52297828323307283,-1.2789002109257552,-0.56256114579129635,0.032940333090763135,-0.11300000000000002,1.9076366411002728,0.086999999999999994,
0.6489646489842531,-0.57561054359286135,0.6838747574547076,-0.020099800065174988,-0.052360377115407017,-0.6880145823336854,0.72352631150627611,-0.054388522360378097,0.12382597502100498,0.48438428927188748,0.29378156207987793,-0.11476966464465807,-0.20000000000000001,-0.13296261980124499,-0.076360985732384243,-0.26388360948576051,0.41553812186217731,-0.17664399559850896,-0.20000000000000001,-1.1681032950580711e-17,0.40074203257086505,0.51759967212016211,-1.2428495617967195,-0.52979798645685616,0.061371059413428145,-0.11300000000000003,1.9077586389552674,0.086999999999999994,
0.65027111960315687,-0.57501945605342242,0.68444310212480841,-0.017240042821842771,-0.048312448320103257,-0.69152060486779543,0.72053309521776754,-0.049835599373250078,0.11694910101793558,0.49151775687394306,0.27699513529885611,-0.12093560639581985,-0.20000000000000001,-0.14374860839103581,-0.07839509616613316,-0.25598766554079522,0.42060141152804958,-0.17549369436914775,-0.20000000000000001,2.6810667136681024e-17,0.39617577444202956,0.51222746026004518,-1.2036054002696523,-0.50128090645942724,0.078736091424594548,-0.12126385241484874,1.9039558925072047,0.086999999999999994,
0.65166176081284821,-0.57434237950114575,0.68487598229503999,-0.01441471025459351,-0.044932404051485464,-0.69432674057422461,0.71811118395273843,-0.046096555997148347,0.10988474547396464,0.50054135950116119,0.26224269181225601,-0.12817681103717216,-0.20000000000000001,-0.15583578718739155,-0.082206429325008962,-0.25040755106977663,0.42924318324636901,-0.17583352502334165,-0.20000000000000001,-1.5646156698950868e-18,0.39198771541466415,0.51014038382581495,-1.1638993393298869,-0.48220626445328224,0.090974477808527299,-0.13003451236758928,1.9004633045831467,0.08699999999999998,
0.65324059889425956,-0.57354560462622883,0.68532855299244055,-0.01160864857778347,-0.045036447729789014,-0.69587867104259182,0.71665182120892978,-0.04251454014174659,0.10066901327460261,0.50781146222804319,0.25182024811935855,-0.13996491655776219,-0.20000000000000001,-0.17192535277915008,-0.092061428253565239,-0.2426316746708648,0.44951086147852165,-0.17705912954528494,-0.20000000000000001,3.6190060796635133e-17,0.39097309494998295,0.51913856394473701,-1.1193577666361041,-0.49628837043004537,0.097697499157486045,-0.13554603998827591,1.9008933578562459,0.086999999999999994,
0.6547968900207658,-0.57274677728173651,0.68614263091248451,-0.0086128390745963245,-0.047710831313003056,-0.69659339860280289,0.71582618882064808,-0.038596794497418999,0.089913820184558554,0.51385629121283516,0.24371828647546318,-0.15353991425090946,-0.20000000000000001,-0.19144241895736777,-0.10589160802239579,-0.2288052600932822,0.47787238230999934,-0.17523076356042533,-0.20000000000000001,5.1030197948235933e-18,0.39307995008151242,0.53523426369059757,-1.0705873487767703,-0.53346565889925157,0.10358533773079565,-0.14059499457670332,1.9060440285197333,0.086999999999999994,
0.65592080524335206,-0.57212020542122966,0.68657636512420428,-0.0065051084491822876,-0.053258506485499901,-0.69483514626721099,0.71716478898703728,-0.034745150036643802,0.080058311283477651,0.51521940545382794,0.24003104288738444,-0.16531656323374638,-0.20000000000000001,-0.20511453071360264,-0.12088517219880124,-0.2087956566944589,0.50299179452871634,-0.17674840747607531,-0.20000000000000001,2.6150869222687865e-17,0.39898679011164467,0.55991749968377702,-1.0169378152281821,-0.59987965800855336,0.11098866989174798,-0.14525857255968364,1.9194462227999585,0.086999999999999994,
0.65638381742970753,-0.57183034548382083,0.68602289045508491,-0.0064724082729172164,-0.057065036871999091,-0.69015663867908683,0.72137750421338365,-0.034133864688466645,0.076907969010794011,0.51083498784431591,0.2415464419200489,-0.17048939280389019,-0.20000000000000001,-0.20230819105156508,-0.12838095775949543,-0.19572237994711603,0.50520747994606685,-0.18531553564563968,-0.20000000000000001,-1.5636388274860347e-17,0.40393386672558468,0.58575893559438663,-0.97307496272561933,-0.67197664940296997,0.11810005495348776,-0.14733920758081237,1.9324012774716384,0.086999999999999994,
0.65657518852800445,-0.57158765475093476,0.68481317499101191,-0.0076321060586009345,-0.057248946635871878,-0.68332352723875323,0.72782777233915863,-0.037951533161602519,0.079403645506245915,0.50420327368235673,0.2463118557813456,-0.17455591501546627,-0.20000000000000001,-0.18687029344083472,-0.12884993203378328,-0.19688248433744501,0.48703804599133044,-0.20042777122007407,-0.20000000000000001,-1.4634668763155489e-17,0.40581530305459101,0.60925306588688444,-0.93649785767003879,-0.74171974762205495,0.12571586992702485,-0.14869867971008702,1.9316249492641271,0.086999999999999994,
0.65646328534044984,-0.57078203705656649,0.68401998880311088,-0.0090656910772532306,-0.04940878442435858,-0.67609045970593762,0.73510426169463394,-0.048921846428717206,0.089081528110782529,0.51339115875254016,0.25120322567894521,-0.17846661742346351,-0.20000000000000001,-0.1627297728008176,-0.11623652073505873,-0.21951975808329791,0.44274366825596295,-0.20833553959503437,-0.20000000000000001,-1.0676847756615527e-17,0.39834532389042471,0.63514492852410798,-0.91542387593914398,-0.81123229519368645,0.12199296109121367,-0.15045534780406192,1.8858148840815745,0.086999999999999994,
0.65638135687928489,-0.56934155150382237,0.68421374680560976,-0.011008923718402076,-0.038084507786203176,-0.67104705433652856,0.74035412116872357,-0.060553108798129737,0.10064658734670226,0.53988381156424703,0.25259603332205582,-0.18319771481706143,-0.20000000000000001,-0.13980272748694408,-0.095231238306891897,-0.24714081068593949,0.39004437675951187,-0.19918176845319785,-0.20000000000000001,-1.7115586183263755e-17,0.38645623137404733,0.66737583601791517,-0.90796067008754588,-0.87980104822716365,0.10345643191897871,-0.14963398901190184,1.8187320206045434,0.086999999999999994,
0.65685731054029861,-0.56705697669287403,0.68482918417010608,-0.012966030915457791,-0.026509494924644959,-0.66949791174484519,0.74222750884781341,-0.07012512757105098,0.10897560424610114,0.57990478608340368,0.24783111051336976,-0.18605497146566852,-0.20000000000000001,-0.11996701059208791,-0.070369253790061786,-0.27208614605942938,0.33339335583122048,-0.16540151179338541,-0.20000000000000001,-2.2026434416923152e-17,0.38288527905814496,0.68801182972895858,-0.90784603348819581,-0.92098749628044407,0.07348407878912136,-0.14243591794766244,1.7685891158231708,0.086999999999999994,
0.65796495094980845,-0.56484204922580405,0.68618570443497284,-0.013884858352591026,-0.020330543911229699,-0.6697112352226825,0.74221340671622937,-0.075240996648792857,0.10937763893504385,0.61307293155274079,0.24008870910349039,-0.18660907956054923,-0.20000000000000001,-0.107783305230309,-0.055043748528816425,-0.28038888116426974,0.29467392721719676,-0.12983535521954884,-0.20000000000000001,-1.1134869945146548e-17,0.39224184389011452,0.67925218140594645,-0.90617922002166029,-0.91639604414611253,0.05529533646879526,-0.13577146854434174,1.7663958442663075,0.086999999999999994,
0.65918138877081878,-0.5630431066884265,0.68705188033120479,-0.013560754458598997,-0.018196423593670647,-0.66824682151395953,0.74359342495977154,-0.078728282319314141,0.10470904292639875,0.63511577822511123,0.23193384003092132,-0.1863191416744728,-0.20000000000000001,-0.098278773530437444,-0.05002737063151641,-0.28102417783666722,0.26967641492234945,-0.11067243218964704,-0.20000000000000001,2.9088704369845211e-18,0.40312164400872769,0.65145145582827624,-0.90180072417734658,-0.88767970898662218,0.055360870181702833,-0.13697803438838102,1.7849837748610007,0.086999999999999994,
0.65950931552554504,-0.56227782692103245,0.68697167826717054,-0.013700138520630236,-0.019408785233555093,-0.66244578383205766,0.7487330557304146,-0.081494532881570173,0.10135606366057365,0.64133726759450116,0.22856009497132668,-0.18342370170992139,-0.20000000000000001,-0.091141405598420239,-0.052233373557009986,-0.288705437837802,0.2619872582325094,-0.11498521565463433,-0.20000000000000001,-3.0378721301515399e-17,0.40679459357290171,0.62605852369269677,-0.90792175069456049,-0.8580982256484081,0.066708431848552407,-0.14274353596317657,1.8050396097624104,0.08699999999999998,
0.65897651662345724,-0.56198769109663405,0.68695562837733726,-0.014606123642355324,-0.020254665076324254,-0.65450467376054167,0.75564544709830506,-0.086247499147053971,0.10346605693080539,0.64358399201753602,0.23178396300881537,-0.17952440822498789,-0.20000000000000001,-0.085061949528704189,-0.053586936604584884,-0.3115927007452437,0.25918822997220131,-0.12603173804003676,-0.20000000000000001,-9.1019094739660926e-18,0.408178841304005,0.61133472938300315,-0.92045491727771889,-0.84189101171547043,0.070583434251472121,-0.14339752780066309,1.8114715914875716,0.086999999999999994,
0.65815341631920798,-0.56184338736412154,0.6868703056605332,-0.015714840843885042,-0.02005302400058848,-0.64798887655372794,0.7612235781085086,-0.092481429378921828,0.11082564591129082,0.66213792977485386,0.24236650580753349,-0.17729553765276707,-0.20000000000000001,-0.083778135813335097,-0.053531317628554592,-0.33628081001976196,0.26252642743404769,-0.13876407833142831,-0.20000000000000001,8.6618395075616474e-19,0.41506571748926946,0.59639067730353279,-0.93083496006764677,-0.83237185447791684,0.058672472256077163,-0.13342251936861535,1.8030103313444541,0.086999999999999994,
0.65784432190536624,-0.5614272461164076,0.68693163750151964,-0.016562265980384922,-0.019599973154835131,-0.64558502168003651,0.76325717302905949,-0.096910579933805391,0.1179009348676467,0.69768884232368378,0.25369098154281999,-0.17961109811217285,-0.20000000000000001,-0.085424238829289206,-0.052848766418351498,-0.34908268635937301,0.26652927769381268,-0.14633665474791213,-0.20000000000000001,-1.404212629545193e-17,0.42642543129815302,0.57600414739953831,-0.93166775028827886,-0.82168983112453298,0.039246867441353347,-0.11926473162278724,1.7870384593339166,0.086999999999999994,
0.65799322507853497,-0.560806214800182,0.6869927301461306,-0.017268988733304159,-0.020105489280753324,-0.64460754605229698,0.76405409684219772,-0.099614920861574197,0.12261921903416886,0.734949051226788,0.26372654299750964,-0.18459587708849076,-0.20000000000000001,-0.086363620202087002,-0.053131910093980682,-0.35421030150232113,0.26931648872579805,-0.1524010703428843,-0.20000000000000001,-9.8594483477070021e-18,0.43854529752038734,0.5533666304412892,-0.92768317604062833,-0.81061112375925681,0.024086381025261852,-0.11300000000000003,1.7731965188518442,0.086999999999999994,
0.65853981174130927,-0.56036319658760292,0.68690078466762805,-0.018177101265897635,-0.021463858022356855,-0.64095664217629,0.76706158725258855,-0.10381449749467531,0.12575509513484198,0.74744980988826704,0.27540020495937162,-0.19075774094682085,-0.20000000000000001,-0.085249533011803602,-0.054683931952287407,-0.35819442109388488,0.27264844867851701,-0.15948850321984448,-0.20000000000000001,5.9418075801881891e-19,0.44906603134421608,0.53587908608639756,-0.92157838544329906,-0.810974582385105,0.016449963654719228,-0.11300000000000002,1.7653001163320126,0.086999999999999994,
0.6590234670623667,-0.56018978132840802,0.6866579511458949,-0.019145632253898117,-0.022896531177038736,-0.63378192226992658,0.77293574676650456,-0.1101593954034972,0.1281324423568056,0.73687572821314073,0.28722003180337108,-0.19438740678778463,-0.20000000000000001,-0.083001932870213735,-0.056612569307634787,-0.36670564056729416,0.27686840470544671,-0.16714774846822678,-0.20000000000000001,3.5906096004557702e-17,0.45848179375403414,0.52281683609139007,-0.91688379058002234,-0.82003595986642475,0.011307146936963938,-0.11300000000000002,1.7605260524451349,0.086999999999999994,
0.65925974056445558,-0.56021746573718922,0.68634180601925965,-0.020359066365230431,-0.023717838946727455,-0.620789315488947,0.78335406956701137,-0.11917643719298697,0.12955575483170456,0.70352954723302652,0.29690583156347278,-0.1914845745444988,-0.20000000000000001,-0.078918044636265422,-0.057753355528461864,-0.38750245530717065,0.28024775193612739,-0.17195930163649023,-0.20000000000000001,2.6663915977746363e-17,0.4664245157717043,0.51705276526901467,-0.91609804796275418,-0.84051840972272351,0.0071478124588481512,-0.11300000000000002,1.7557958814128296,0.086999999999999994,
0.65904781423581238,-0.56051029008702613,0.68597998268986626,-0.022037856230093272,-0.023090994057623337,-0.60602636096582752,0.7948038680710664,-0.12986985638774795,0.13328980148088304,0.66841824026476859,0.30647300946337175,-0.18153742239088189,-0.20000000000000001,-0.074120701061588079,-0.056302355692578576,-0.41550884432763591,0.28121876015464642,-0.17338975470368018,-0.20000000000000001,-6.8740973941662453e-19,0.47153433391772487,0.51849860335469611,-0.91976938354120352,-0.8634243887360199,0.0033652276341627437,-0.113,1.7500113663518,0.086999999999999994,
0.65835425183729657,-0.56132852269483191,0.68538470507201332,-0.024390964080797609,-0.02138479262578051,-0.59183807220692464,0.80540391593408134,-0.14238434189132018,0.14242631877608497,0.64235660136450412,0.3210654144331086,-0.16465491848253064,-0.20000000000000001,-0.069247812161316105,-0.052242613364480564,-0.4446514306588345,0.28144829933172288,-0.17404391427286492,-0.20000000000000001,1.461567261888116e-17,0.47571186112114727,0.52263600953363853,-0.92545154842340027,-0.88403008969049879,-0.0014400861225375744,-0.11300000000000003,1.7425774629811415,0.084901931139903575,
0.65740939268435072,-0.56296104736682984,0.68448524661331911,-0.02738065870667921,-0.020043018892951462,-0.57880272759159024,0.81476130213393216,-0.1543590987542468,0.1559285471189672,0.62781008593441712,0.33953498869687271,-0.14194539902554038,-0.20000000000000001,-0.063979843070856871,-0.047300854277775757,-0.47354541613620404,0.28325410816764879,-0.17551638702152103,-0.20000000000000001,-4.1978952865923125e-18,0.48183282578429104,0.52904593796642263,-0.93372271697744469,-0.90294257277460033,-0.00770060849755247,-0.11300000000000002,1.7319533590597229,0.072427585007622877,
0.65715100999405229,-0.5646779088907643,0.68361168699894426,-0.030128372322388797,-0.020027280287324745,-0.56586232766999656,0.82370566062725958,-0.16449910955163435,0.16723243250965047,0.61601912547067328,0.35743065659011453,-0.12301383840094984,-0.20000000000000001,-0.058445659629506569,-0.045019634352178595,-0.50274842791293739,0.2872656876742426,-0.17720237274849915,-0.20000000000000001,2.9007490311670769e-17,0.49069997395259168,0.5362606377559912,-0.94336363668619128,-0.92396934399911645,-0.016017061308547915,-0.113,1.71908516627189,0.041866459966957641,
0.65822680595673499,-0.56614780946718335,0.68411036894166721,-0.031682571109271099,-0.022180578095085311,-0.55173185474062802,0.83312435872907975,-0.17506803737219256,0.17284310262539912,0.59736629990309642,0.37716780914326875,-0.11237000926454277,-0.20000000000000001,-0.051561888456829047,-0.047616708981500555,-0.53385769575458075,0.29248196624051137,-0.17915569188113656,-0.20000000000000001,-1.1485766764768313e-18,0.50376576342347323,0.54628012877193532,-0.95416005638982004,-0.95295026678372818,-0.026117874433118162,-0.11300000000000003,1.7055420584240004,0.0062470384984374423,
0.66002107281691935,-0.56717320789014825,0.683979716373043,-0.031341198409870631,-0.025269884843259423,-0.53815886695509041,0.84188134325441288,-0.1858635353794639,0.17222231316115649,0.57315246256367158,0.39533567415644494,-0.10754952664555678,-0.20000000000000001,-0.044556088684940515,-0.053207902025860884,-0.56197697714066808,0.29632550474448416,-0.1809590426152192,-0.20000000000000001,1.1008040182516887e-17,0.51636446945003411,0.55806648692047556,-0.96280928382148456,-0.9848873336737497,-0.03494090340921463,-0.11886452766272361,1.6954618160385388,-0.017612931224819564,
0.6617230624535988,-0.56800630129646867,0.68364030686386978,-0.029910277864091808,-0.028132200677529095,-0.52418544638517806,0.85061364458907163,-0.19711146512820343,0.16899727097251496,0.54650394973544136,0.41108577890986941,-0.10276355613620065,-0.20000000000000001,-0.037739504348356129,-0.05892368132219529,-0.58946963751144255,0.29861997362335302,-0.18314618348643774,-0.20000000000000001,-1.9268305484140824e-17,0.52702212350231203,0.57136067675812074,-0.96996290903021487,-1.0174682612208659,-0.042114698346152848,-0.13117600118378947,1.6882023491754881,-0.039769834089082731,
0.66374303541562085,-0.56862255480365964,0.68320371162172355,-0.027160346612001361,-0.030088978160571312,-0.50913727299366007,0.85973031016345325,-0.2062478209652433,0.16068561763657871,0.51692504307832599,0.41951497299275864,-0.1002232819455636,-0.20000000000000001,-0.031972492925411142,-0.065114378353498509,-0.61608618789914793,0.30047976234443868,-0.18640061091166998,-0.20000000000000001,-7.7164701494866761e-18,0.53455835606091007,0.58722081801173109,-0.97531532928904086,-1.050353270858932,-0.046043182508583066,-0.13922104901359614,1.6847294818075145,-0.058048560156738108,
0.66605650540275552,-0.56921368218822355,0.68354418625652369,-0.024119389688544567,-0.031503840313492522,-0.49354286792817342,0.86881597625952278,-0.21221725480723297,0.14952966380380625,0.48538237545085283,0.42196348952055823,-0.099746284672422858,-0.20000000000000001,-0.026802519678832182,-0.071412586286066199,-0.64137502904255206,0.30286383255528326,-0.19041549999935009,-0.20000000000000001,-3.7133924407628527e-17,0.54101785237732292,0.60421992341659303,-0.98011884124072468,-1.0824393164728707,-0.048688837576142889,-0.14894282121569655,1.6833851368250685,-0.082273308913188681,
0.66887626394181099,-0.56997989411379191,0.6838483867355778,-0.021313728531376194,-0.032360246452070772,-0.47799013406863011,0.8775100974682315,-0.21206719194659854,0.1354249350976256,0.45663985503255644,0.41582715564414563,-0.10218644421924752,-0.20000000000000001,-0.021699831796894581,-0.077113214234942204,-0.66142912751569016,0.30538354276368673,-0.19504029429648756,-0.20000000000000001,6.083390627180385e-18,0.54668634950401751,0.6193158406358068,-0.98294124375265168,-1.1079562964439298,-0.050622392384022628,-0.16090938694228918,1.6870414446815676,-0.10574906593116673,
0.67154775852008997,-0.57068024664931749,0.68405756440290599,-0.019437144507219294,-0.032754745479660008,-0.46614692568808686,0.88388707860988303,-0.20734562161352746,0.12245301841882751,0.43826592269885123,0.40514366423730597,-0.10643361561978221,-0.20000000000000001,-0.017850865384183068,-0.081240053248463603,-0.67085512026938754,0.30751256719630354,-0.19872824964649927,-0.20000000000000001,3.7716683075339485e-17,0.551052189488897,0.62770382906203914,-0.98311725363139113,-1.1198405202021326,-0.052827023649421323,-0.1728482953416588,1.6938810220900029,-0.11996553048365839,
0.6740734434453417,-0.57129474939480462,0.6842264092249406,-0.017807429071460396,-0.033281101291052877,-0.45603407268089902,0.88916150856905185,-0.20169183719427636,0.11048926314439216,0.42449992124408242,0.39432611270159712,-0.11013203558100579,-0.20000000000000001,-0.01497448515490088,-0.085291062524163117,-0.67417924474529045,0.31010824150028737,-0.20131900821265092,-0.20000000000000001,2.7830114514987292e-17,0.5552405573376884,0.63271816775078626,-0.98200830480995205,-1.1258991363909316,-0.055945762253741566,-0.18293809847875703,1.6995429197088219,-0.12539996415159008,
0.67644043024578859,-0.57179822574583949,0.68434721912860319,-0.015492319096621007,-0.034474197425159746,-0.4467731415455915,0.89384857652422456,-0.19313091569650531,0.097059060237584455,0.41204893770543816,0.3791645932930704,-0.10972381800211524,-0.20000000000000001,-0.013573111867795973,-0.091253242123568515,-0.67472237953992142,0.31506421314739697,-0.20086201195990189,-0.20000000000000001,2.2158381900172497e-18,0.560238467950255,0.63494819752804532,-0.97808948600524548,-1.1283319079201302,-0.057896863645997471,-0.19063014152298025,1.704328987929338,-0.12206413092532753,
0.67882029456337389,-0.57227101495967048,0.6847241685599833,-0.012341549601768073,-0.036299034943612869,-0.43699077011622695,0.89864850361463156,-0.1821482830726936,0.081335104621887686,0.39805500294873697,0.35983103848237979,-0.10576624290061862,-0.20000000000000001,-0.012294713486058206,-0.099123371717533715,-0.67845165527412477,0.32146559203350122,-0.19803243127063713,-0.20000000000000001,1.2298918394132441e-18,0.56650206182577323,0.63659483313802556,-0.97146007463013617,-1.1315393280542188,-0.057233827054545737,-0.19783454897293923,1.7112239594843861,-0.11605576001556374,
0.68145281500076216,-0.57235316301014061,0.68640602681104868,-0.007311416276261546,-0.038127758694020582,-0.42875663964288807,0.90258548690478302,-0.16536352205602539,0.060732410132577783,0.38952786446987964,0.32868758220169586,-0.095037043205563512,-0.20000000000000001,-0.012154740730883962,-0.11012311154440206,-0.68611481169500455,0.32731145322449129,-0.18972255396799093,-0.20000000000000001,3.8438355146400149e-17,0.5735823771680495,0.63139665598333883,-0.96077361154633689,-1.1263704904579173,-0.056871838764810445,-0.207905492806645,1.7263111983090114,-0.11274419958596188,
0.68385558495708065,-0.57187356970424796,0.68843158807310911,-0.0015533720285926794,-0.038373920817281568,-0.42545067946603704,0.90416632793880203,-0.14598831805811105,0.039881914007819146,0.39185232105723311,0.28983189351365279,-0.081093537613149774,-0.20000000000000001,-0.013812364201190086,-0.12071952857015977,-0.69680583818478847,0.32870098939957826,-0.17765174097295894,-0.20000000000000001,5.2563476574812862e-17,0.57752736524566151,0.61928614008621596,-0.9522448257875048,-1.1080273173869426,-0.061306139277094489,-0.22019930387799938,1.7467137269567832,-0.11502150357991153,
0.68629034509491016,-0.57095751463651856,0.6906239330083076,0.004157794494977201,-0.036316634721711059,-0.42565435268471474,0.90414721524096053,-0.12236737773815631,0.018078023132091239,0.39885813700414641,0.23882861912774841,-0.063190474708195055,-0.20000000000000001,-0.017232670404503339,-0.12973937530872937,-0.71274062918237768,0.32625625315661211,-0.16285542276850484,-0.20000000000000001,1.0184724157785707e-17,0.57615118540877153,0.60848496080200554,-0.95604307183172965,-1.0816659781717428,-0.072140646669113934,-0.23243928171482636,1.7689394707444335,-0.12215054623035455,
0.6886793814033596,-0.57019176093835444,0.69230233378589956,0.0087064883065842476,-0.027993053707544679,-0.4306214388397594,0.90205640755834626,-0.10938962957336779,0.0052420453815836465,0.40466737503094585,0.19920679723961116,-0.054355406381989546,-0.20000000000000001,-0.025805107669870653,-0.1336180986766255,-0.73227586942422396,0.32192887105984147,-0.15067983771295757,-0.20000000000000001,-2.5705755883273507e-17,0.56038543218991055,0.6070345378918236,-1.0031808752910572,-1.0273254265614771,-0.099036323893245015,-0.24917264320448865,1.7561193646060997,-0.14585655207676185,
0.69064604857799972,-0.57026935212614938,0.69322035524880699,0.012445331963879222,-0.01724494472597168,-0.43692964551808267,0.89924424405227632,-0.10736030050053588,0.00074657971507138994,0.40884426690252507,0.17801173340122878,-0.055141110220793099,-0.20000000000000001,-0.036697315290119797,-0.13440633418090803,-0.74265947005857336,0.3193369696543738,-0.14502678621883447,-0.20000000000000001,9.9306142736094172e-17,0.54095906325119814,0.59917515905758401,-1.0764013183988013,-0.93851647977331798,-0.13440854459731114,-0.27002608823039403,1.7088330548329789,-0.1843347684095332,
0.69100130467032472,-0.57131792178730301,0.69322171058116155,0.014850705207601159,-0.012910336671959661,-0.44078753896917494,0.8973957461740899,-0.11127614731547433,0.001795287759248235,0.41296478190444452,0.17987353091291883,-0.064681060429879977,-0.20000000000000001,-0.040696317363454582,-0.13555089686473298,-0.74369616962009977,0.31992913758040697,-0.14953456839596294,-0.20000000000000001,3.7472737586530247e-17,0.54453549446349658,0.58822906788128204,-1.1310455315756374,-0.87489910959157768,-0.15721631014813431,-0.28561682750185446,1.6571135931206915,-0.20669421697968518,
0.69009893590985361,-0.57243473058984939,0.69283163695659566,0.01515224529679356,-0.018248512474869305,-0.44049553718384465,0.89744140921624327,-0.11272584857157469,0.0031234329049672311,0.41705372527222861,0.1937814083335353,-0.074859040526313841,-0.20000000000000001,-0.034334750134898256,-0.13854248873347991,-0.74191786111651337,0.32247524643750952,-0.15809434118926027,-0.20000000000000001,-7.6520956454953493e-18,0.57256157639645211,0.58883803588884454,-1.129690705270213,-0.88690456818358898,-0.15406729060802105,-0.28457683517429466,1.6363928509253396,-0.19007321931544252,
0.68936972461129742,-0.573057904568262,0.69229323247111674,0.013641410223697078,-0.026079619561876904,-0.43962680782490343,0.89769818714994731,-0.11559891131680539,0.006241129037314999,0.42044232522961311,0.21643443277176555,-0.0872953999649453,-0.20000000000000001,-0.025068408436005829,-0.14107283940970367,-0.74264054233716492,0.32486171394742624,-0.16438170963615786,-0.20000000000000001,-4.8301206784229223e-17,0.59813113355496639,0.59440600296477064,-1.1151904448027701,-0.91785249473973329,-0.13804387189719425,-0.27305401479984126,1.6377542242904668,-0.15497798654844777,
0.68886304240920737,-0.57344497560164465,0.6913528704226789,0.0086134820345306288,-0.031034105520911872,-0.44268476700286286,0.89609870510194289,-0.12382275638637316,0.017779430102423815,0.42706604378810431,0.24854976538711693,-0.098947152182918607,-0.20000000000000001,-0.016502743091367039,-0.13462957811233797,-0.73412352094551969,0.31942083063554633,-0.16471119673947987,-0.20000000000000001,-3.2688695500437959e-17,0.60795231505184633,0.58503655301437152,-1.1118115465007392,-0.91098371433704095,-0.11815482343263392,-0.25709623661343572,1.6465095024239731,-0.13121582261932005,
0.68822122004081765,-0.57381401716315128,0.69032712947691366,0.0023761074483716455,-0.032850797047322987,-0.44875933879043017,0.89304548321747035,-0.13403872952918783,0.033425103262928843,0.43487396256282518,0.27995811049659347,-0.10638990184595913,-0.20000000000000001,-0.0099714104057621322,-0.12271160466430307,-0.71923052918799724,0.30854255666238484,-0.16083090747826251,-0.20000000000000001,2.3472977034311171e-17,0.61008485513781607,0.56490748995862039,-1.1184740792264629,-0.87971066625060068,-0.10101322151224307,-0.2478008321197665,1.65178378270597,-0.12805166938305695,
0.68691223759237185,-0.57458419396527471,0.68940084134961876,-0.0031033005469233983,-0.032062172317221492,-0.45558515888183448,0.88960921175459384,-0.15156796910155765,0.053827718546352508,0.4417965029539791,0.31833296841905717,-0.11150455201846728,-0.20000000000000001,-0.0060302995170690155,-0.10885821155077734,-0.70392573841360728,0.29637098917697469,-0.15631430528411194,-0.20000000000000001,-1.8024861117571511e-18,0.60392369466130302,0.54146030126062628,-1.1294834186465386,-0.84102191008934846,-0.083162914905887772,-0.24925741769041498,1.63934168696242,-0.14227456024049323,
0.68512647157162476,-0.57580688305655314,0.68878597233214367,-0.0056336034679461454,-0.031268956676442743,-0.45959061193105383,0.88756238332027793,-0.1734455507153993,0.073399999077544395,0.44603895150707951,0.35990436208327409,-0.11624179991281289,-0.20000000000000001,-0.0039013247253244787,-0.10005734858524158,-0.6973578973324901,0.28979239608976892,-0.15653785109321999,-0.20000000000000001,1.5246593050577406e-17,0.59396862893878233,0.52371123854463653,-1.1436038776760293,-0.8117121082078379,-0.063827417751461543,-0.25875636083319542,1.6133298422527769,-0.16208569352646204,
0.6832009248983717,-0.57739128798700246,0.68814123154263096,-0.0070582876636052835,-0.031571453284990871,-0.4618362294193466,0.8863750454003384,-0.19902696160065467,0.094167173711797766,0.45009983974061107,0.40841383035019219,-0.12166705067627108,-0.20000000000000001,-0.00083890243628162442,-0.09400317023092121,-0.69738535932625401,0.28603469841296225,-0.16139557592829165,-0.20000000000000001,7.9322941444470718e-17,0.58422999718697322,0.50626066906505207,-1.1625409305078971,-0.78237131700203699,-0.041625864719337595,-0.26906997510193675,1.5825076770836504,-0.18008565195812357,
0.68149687288747507,-0.57936367191264682,0.68736686023999671,-0.0077620957911605538,-0.032532138538763654,-0.46436316404087075,0.88501314211314119,-0.22945466291859806,0.11950103734259102,0.45465368086116964,0.46443545174349904,-0.11550655792167636,-0.20000000000000001,0.0021405337813110714,-0.090087610591965253,-0.70006248192704978,0.28489977903714403,-0.17064940527687603,-0.20000000000000001,-4.0522056196645728e-17,0.57038809965579662,0.47793234025643955,-1.1932449141542785,-0.73168615656594216,-0.012940413739991139,-0.28443351736291111,1.5427800943546564,-0.20810335134779917,
0.68018782492982588,-0.5812329963371462,0.68640108601462202,-0.0096830506016127114,-0.033160731039800696,-0.46828634335528635,0.88290118647269222,-0.26072223786415616,0.14935483678677003,0.46127600730079277,0.5213503905260104,-0.096322635974163004,-0.20000000000000001,0.005105906265759047,-0.084862848170985258,-0.69941050441148744,0.28323625697769661,-0.17915170262685098,-0.20000000000000001,-2.1494308069525125e-17,0.55672186814783642,0.45425753402220875,-1.2301862090637903,-0.68918293043290257,0.02231849910768853,-0.30323978364666759,1.4981892248850575,-0.24728316641848549,
0.67941623228810988,-0.58255425326678067,0.68553872039251373,-0.012641199451789523,-0.033843604735728498,-0.47102688782694679,0.88137873893064433,-0.2874521788901373,0.18132216111326516,0.48022924051567373,0.56967214151213241,-0.058925238651227757,-0.20000000000000001,0.01033302499698302,-0.077881203688627568,-0.69720987571763882,0.27753455223211854,-0.1835412642553006,-0.20000000000000001,-6.9266966294667665e-17,0.54343185404028505,0.4605112736982116,-1.2776748003210363,-0.70506737378170758,0.069759104931830393,-0.32381891779305927,1.4511283254919873,-0.28958507766888486,
0.67899861703116615,-0.5834998655394853,0.68796905217505722,-0.014780356378927426,-0.034364596750899895,-0.46976395352196554,0.88199911764517802,-0.3021925622121544,0.20564776972802548,0.51006919148912866,0.59657277590772273,-0.018060647897698068,-0.20000000000000001,0.016627475481105602,-0.071333979611301557,-0.69895359045530925,0.27001758864811853,-0.18372867579131583,-0.20000000000000001,8.6871699070401043e-18,0.52343320620398204,0.46269880735602203,-1.3254452879439569,-0.70303749197751852,0.11673784697600809,-0.33577044311691817,1.4120549290676307,-0.31425301129941752,
0.67810615801397445,-0.585301692698175,0.69076818396259254,-0.014728351920451783,-0.034783360356488241,-0.46532512296086903,0.88433349107306258,-0.3101412387382958,0.22299994158542769,0.54085823323013438,0.61087109205726053,0.018905853083738378,-0.20000000000000001,0.022560673180091362,-0.065573030944639149,-0.70652895258809445,0.26363793055326323,-0.18436767053793787,-0.20000000000000001,3.9437854024160224e-18,0.50011074380921372,0.46191300785199935,-1.3721943298681545,-0.69166595777267248,0.1605191728825571,-0.34160333432356593,1.3747136736192271,-0.32510288765658585,
0.67741725924296647,-0.5877130701342379,0.69177192971681112,-0.012558179534048201,-0.034836110717678656,-0.45996712071169543,0.88716344907860611,-0.30815183096137322,0.22897818727924654,0.56746006460440412,0.60966195162285586,0.034490259090409786,-0.20000000000000001,0.023947679426200547,-0.064651154287293122,-0.71412958909869628,0.26614777135919288,-0.18643200115490577,-0.20000000000000001,-1.7116841798114901e-17,0.47440531572829342,0.4579439932401681,-1.4151904689852708,-0.66883694198795662,0.19828882083130597,-0.34302642791525567,1.3433958112345099,-0.32074911235442799,
0.67783187680885293,-0.58922673000173409,0.69143307335627713,-0.010354965691861444,-0.034474584002319689,-0.45699275551724777,0.8887417505373203,-0.30223310710588425,0.22829942037867021,0.58829680853930633,0.60273484052741255,0.031538313522412931,-0.20000000000000001,0.021024293603584376,-0.068832261025600097,-0.71598617058363845,0.27539243541447639,-0.18802206950178596,-0.20000000000000001,3.3711911300721153e-17,0.44923677727897893,0.45228266833867214,-1.4561391573807325,-0.64039385799953452,0.23384724195317033,-0.34440733424546949,1.3180809068457577,-0.31407228168258572,
0.68016846984825519,-0.58887501378920359,0.68884801067607682,-0.009828933331470743,-0.033892663934615867,-0.45904322213312243,0.88771279117438717,-0.28811474017885935,0.21858783359811704,0.60289591990482894,0.58773103877312005,-0.0053753517526086703,-0.20000000000000001,0.013621506564379604,-0.079164950257888514,-0.70866366455528196,0.29183331804483265,-0.18801931225745927,-0.20000000000000001,-1.2071913564268288e-17,0.43263820995804708,0.44424356185192837,-1.4970027455760053,-0.59822706301974882,0.26863087238419359,-0.34481790932176526,1.3082678956207057,-0.3036410994037762,
0.6830080340603546,-0.58773050948230299,0.68634958946898406,-0.011427979207273405,-0.033096113969316436,-0.46455410069473818,0.88485226792898664,-0.26955379603443974,0.20624845885945084,0.61458736113084567,0.57100819663781865,-0.058392762883455906,-0.20000000000000001,0.0064178733983005776,-0.088561453040109359,-0.69704266948790761,0.30674911827389184,-0.1880621744965445,-0.20000000000000001,-3.9463265012577853e-17,0.43072038688314079,0.43543250684006995,-1.5323599670601888,-0.54812775997088869,0.29672863784919551,-0.34287799248332568,1.3162095974188035,-0.29099410543100784,
0.68523056032633933,-0.58698656960146511,0.68600945863533669,-0.013523153271170747,-0.032249402245936712,-0.47035001960998984,0.8817867993076709,-0.2495561116184804,0.19485630767767939,0.63289582647626286,0.55423682095961557,-0.10862597636026421,-0.20000000000000001,0.00084222531878705431,-0.094692652949998832,-0.6855585831105746,0.3180389637356088,-0.18960322721823752,-0.20000000000000001,1.4868816356101988e-17,0.4388277969921171,0.42574983620337314,-1.5699730387965867,-0.49078663088004792,0.32139581057926941,-0.34021936110713258,1.3319885562485156,-0.27515628761092192,
0.68667485847464527,-0.58592170047307524,0.68563058321944803,-0.015196975798400009,-0.031097769835343556,-0.47643772328005091,0.87852665097512694,-0.22776392455506342,0.17961124144887197,0.66053266848890979,0.52855951693253889,-0.14583280204694477,-0.20000000000000001,-0.006356563851622421,-0.099337726291404402,-0.67233162399381552,0.32792255901199291,-0.19108678437830101,-0.20000000000000001,5.0473846293936503e-17,0.45684230761084393,0.41595960399431958,-1.6018531804571809,-0.42750845995180387,0.34393124046031637,-0.33218132963666358,1.3262248081419006,-0.25968754435817609,
0.68803288477174596,-0.5839972984245958,0.68540840331424235,-0.01661907198033729,-0.030159874057653389,-0.4837868176017216,0.87450814950927547,-0.20435015638762385,0.15980788365132609,0.68994440994047557,0.49334349983144327,-0.17529141214823585,-0.20000000000000001,-0.01643585234517389,-0.10539720858630022,-0.65426230718912703,0.33945639684041162,-0.19016099960146987,-0.20000000000000001,6.6102451203725598e-18,0.47308307521604992,0.40808409139003027,-1.6222697824247461,-0.37091827184390258,0.36677607144947444,-0.32455005214599986,1.2865749796265318,-0.25402905717948099,
0.68917536506995958,-0.58145489689513841,0.68533789944826462,-0.017994862554285552,-0.028838476640596172,-0.49448256981843558,0.8685226049634277,-0.18055763736346003,0.13825634750289795,0.71761057000091166,0.44989082514752471,-0.18911347183405661,-0.20000000000000001,-0.030572113963518111,-0.11097656171473244,-0.62569759486728427,0.35167443903442686,-0.18587779567737198,-0.20000000000000001,5.116079001415974e-18,0.4648348904673632,0.40445974197108669,-1.6125612587110809,-0.34127548201452862,0.38759352513153944,-0.31528706161462583,1.2340718125562857,-0.24913583760327263,
0.68964890503563958,-0.5794709830419621,0.68518797509514373,-0.019554917350101182,-0.027887675702310755,-0.50646981835179883,0.86158470613750404,-0.16276998805538265,0.12379983496171611,0.73519987546917698,0.41498277565544073,-0.18796696491752349,-0.20000000000000001,-0.042896796428906342,-0.11283815223908468,-0.59485456167894823,0.35948049740412547,-0.18150390848251299,-0.20000000000000001,1.1638232695274087e-17,0.43502836863202859,0.40268987834831715,-1.5907194038341093,-0.33339687313784211,0.40062072812021315,-0.29717052938880822,1.2113421338072561,-0.22709522289938655,
0.68943799570395981,-0.5782260909385738,0.68487026857532851,-0.021225316436853152,-0.027337113082753706,-0.51871681082586907,0.85424530338603311,-0.14891853426628351,0.11522582707192983,0.74576388020423889,0.38956252353069687,-0.18581483526444403,-0.20000000000000001,-0.052461156250941263,-0.11167388013707687,-0.56592067832886306,0.36383284404889288,-0.17917719229892734,-0.20000000000000001,5.0661040575279703e-18,0.40078193472540852,0.39875432578581471,-1.5857380280138043,-0.3220077489757841,0.41107261284040725,-0.26181134986099364,1.2185488056083011,-0.18411318873012245,
0.6889380122740405,-0.57687164113671063,0.68427352516669193,-0.023675839281469088,-0.027147964218708708,-0.53515794440895781,0.84398365932586428,-0.13778024816207923,0.1118286381936312,0.75821100200543345,0.37350284824449914,-0.19203958640084545,-0.20000000000000001,-0.059663170575865732,-0.10835611542310133,-0.53478873166368068,0.36323089771798028,-0.17762193590719647,-0.20000000000000001,1.9188260870625293e-17,0.36682805900002974,0.39224468744526542,-1.6171053439130949,-0.31135621277173275,0.4192983252452338,-0.22180146849914179,1.2441481817823381,-0.14040832379129639,
0.68890503358673505,-0.57491409643440039,0.68456761112978171,-0.026039568589127426,-0.026393998940532716,-0.55601611527538963,0.83034413181625122,-0.12635077070907913,0.10779492292785682,0.77980068115171275,0.35752657817340755,-0.20433572219461144,-0.20000000000000001,-0.068667457823251149,-0.10627584615843852,-0.4963752681885284,0.36182734454250665,-0.17473128962334006,-0.20000000000000001,-2.8409485050909233e-17,0.3342353948775631,0.3858711689455096,-1.6599794460415269,-0.30395746228950588,0.42516382513060907,-0.19703471035409378,1.2676412847459542,-0.11316427623943144,
0.68961509564514889,-0.57271885060826055,0.68550697845377395,-0.027323358776180133,-0.025477119600303518,-0.58524233997381958,0.80999737897355473,-0.11451715093544314,0.10350757016020894,0.81691697667732299,0.34351920714076006,-0.21888500740656555,-0.20000000000000001,-0.08253599429102669,-0.10715311907041568,-0.44753897305945134,0.36262985244892687,-0.17228042484184028,-0.20000000000000001,-4.492662752236809e-18,0.30400940405704258,0.38094323225565835,-1.7040004274656293,-0.30335002422103552,0.42480231787313127,-0.19024137767010812,1.2805060294240858,-0.099496402708681056,
0.69060180891612422,-0.57129841297307915,0.68582570638611695,-0.027153000422125276,-0.025061759494031905,-0.61513867450075488,0.78755255946037883,-0.10519766944799661,0.10053491121537707,0.85065522863447196,0.33526616728051289,-0.22648198164335412,-0.20000000000000001,-0.09724345415801719,-0.10998420403093988,-0.40579554052721833,0.36540776167105848,-0.17030749105005843,-0.20000000000000001,-2.3293406049493259e-17,0.27904592091737723,0.38016889875712595,-1.7315797005724232,-0.31750608808284797,0.42077037074907886,-0.1909959884595622,1.2764082175343789,-0.093915132159762396,
0.69151792360608788,-0.5703292326170285,0.68586830124733511,-0.026913556631376009,-0.025368802830707613,-0.64307785342787005,0.76490715694323941,-0.097587286306537929,0.098269796890516403,0.86892697513684558,0.33010511902840739,-0.22960760751159823,-0.20000000000000001,-0.10996106529595637,-0.11295200605308081,-0.378330661510211,0.36778184834545458,-0.16691093707153626,-0.20000000000000001,1.7479371899539742e-17,0.25241906753710847,0.38736324781948583,-1.7449910789248775,-0.35472088179609362,0.41804302660093234,-0.18672637846823456,1.2661420205695049,-0.087756862132840938,
0.69273268947081745,-0.56983864982661225,0.68579192076627049,-0.027929159188814237,-0.026404491443221507,-0.6705157792531421,0.74089901786355628,-0.092966420733810187,0.096866972328984488,0.84763752693046102,0.32993296955246476,-0.23100337913064908,-0.20000000000000001,-0.11832779446235775,-0.11664403831749699,-0.38072307127242666,0.36902147988721851,-0.16222102327308832,-0.20000000000000001,1.8079071226195786e-17,0.21282446978659239,0.44921834194544058,-1.7248279901308228,-0.50998832973798935,0.41529596810960656,-0.17491689395538873,1.2559976875838263,-0.080139092168367718,
0.69433291489359905,-0.56950113500602351,0.68578733572996631,-0.030109853183016014,-0.027503302669255304,-0.69871226671188591,0.71423954905194031,-0.089626027933851146,0.095544920993436241,0.80254910418189263,0.33197743976237848,-0.23496968250611677,-0.20000000000000001,-0.12449113341038681,-0.12102883184967769,-0.39870454212814999,0.36991056490926477,-0.15764842609528595,-0.20000000000000001,-2.0715037758051169e-17,0.16950561045534229,0.51855558326038054,-1.7004416501498902,-0.67329330658995112,0.41212863694859336,-0.16107930245518343,1.2491139070956108,-0.071919917642618042,
0.69619614177413969,-0.56975361403965519,0.68586339132639162,-0.033596039229953939,-0.027871611285471647,-0.73023104237608505,0.68180430050179897,-0.086682347071860594,0.094057990945204215,0.73353967616761806,0.33566091663981956,-0.24041099416871964,-0.20000000000000001,-0.12796727513946721,-0.12496352802759063,-0.43181507467587799,0.36922926622424557,-0.15485138061026218,-0.20000000000000001,-1.3552527156068805e-18,0.12393770380228164,0.58927640537770887,-1.6803392996913027,-0.83282618614252601,0.40733616896749675,-0.15022070268279752,1.2434408499197467,-0.069008555786181605,
0.69767679326815646,-0.57057607844570457,0.68591441618758398,-0.036593252837027898,-0.027137644167776143,-0.75881560621673461,0.64971021069224244,-0.084068187763506608,0.092368589790605374,0.6707395971895509,0.33912963266979157,-0.24587866895043656,-0.20000000000000001,-0.13018419078115412,-0.12728530594843993,-0.46326177631829824,0.36765084932781622,-0.15340625004648167,-0.20000000000000001,2.8460307027744491e-19,0.086492343105369268,0.64056987540211074,-1.6729297730738808,-0.94725236389880729,0.4010117424687607,-0.14601392932940113,1.2376428381640276,-0.073651491855781945,
0.69883861974530348,-0.57162400473240194,0.68582462889100893,-0.038739992910169836,-0.026129380218650106,-0.78569868292511857,0.61684199604796952,-0.080960699398950037,0.090314970383919904,0.62134262712113142,0.34239635836014326,-0.25105650413140745,-0.20000000000000001,-0.13343090138949248,-0.12897457132392651,-0.48725962257292821,0.3665420144314685,-0.15341417104025143,-0.20000000000000001,3.5643146420460958e-17,0.052912992927491284,0.67922792144679622,-1.6738926821355653,-1.0344356026901622,0.39385403413758707,-0.14555956365323641,1.2313986223225244,-0.081662393010915962,
0.69995874553467496,-0.57314648822653413,0.68550995026975825,-0.03976768329300856,-0.025344321168507055,-0.81329464326711698,0.57993794494154927,-0.075775760177874588,0.086256918866489576,0.59172205163707781,0.34472761190269102,-0.25589552712161723,-0.20000000000000001,-0.13883997164812695,-0.13113160573732402,-0.50324860935294957,0.36628695243279374,-0.1523004735693379,-0.20000000000000001,-1.1980434005964824e-17,0.024175240387196966,0.70253414678343518,-1.6817343170945296,-1.0911815035316514,0.38439550639088588,-0.15035578554323775,1.2225109911924608,-0.093375635545034086,
0.70131497211623506,-0.57494790381469174,0.68510842386039572,-0.040962444078113724,-0.024981823797887139,-0.84129849889194852,0.53843738950506881,-0.068300703358528864,0.080938327686734882,0.57187883893622748,0.3462610278483918,-0.26075381174421575,-0.20000000000000001,-0.14465228469449498,-0.13383220101046334,-0.51958709838048733,0.36626492143758804,-0.14986912203922836,-0.20000000000000001,-1.9203930980149497e-17,-0.003229761097339693,0.72095771727830837,-1.6907996033011721,-1.138469935821361,0.37411611441451148,-0.15707006204435525,1.2110428904167099,-0.10707487305577665,
0.70329459981086007,-0.57759514073350193,0.68480251952100013,-0.042390742213857149,-0.024974514174591303,-0.87015317539232651,0.49031902876693712,-0.056166584934652625,0.072297403472034047,0.57278493316304013,0.34404653653256395,-0.26796705014072375,-0.20000000000000001,-0.15117438541085579,-0.13793479493211719,-0.53694318011469577,0.36642222763309873,-0.1411384231264301,-0.20000000000000001,-4.2731118123084944e-17,-0.028211583637450143,0.73167604020620747,-1.7026168926985961,-1.1699353747872667,0.36200330011302423,-0.16517852066860139,1.1956201746861321,-0.12320207023619378,
0.70509892728821799,-0.58054693132074953,0.68459518031390021,-0.043638489036027413,-0.025406888253247193,-0.8931692971328723,0.44687669324223056,-0.042570585956218931,0.062300134812097632,0.58881891277466769,0.33866079906190749,-0.27534846260721368,-0.20000000000000001,-0.15710138355098338,-0.14187423406361901,-0.54620185823505041,0.36671668642308425,-0.12984629010432594,-0.20000000000000001,-1.2380233557068854e-17,-0.045872110848428738,0.73362241289881491,-1.7154525910828509,-1.1809521591818919,0.350817669333926,-0.17171497139202951,1.1797200627387365,-0.13730169461977901,
0.70619172342133618,-0.58368224660212953,0.68434697437104819,-0.044437842022499355,-0.025773560361867641,-0.91235839432785315,0.40615657335830241,-0.029493185405331829,0.052492024701220712,0.60448328745933178,0.33263313115161114,-0.28235242897795743,-0.20000000000000001,-0.1640163004716394,-0.14354118489099096,-0.53598793338155126,0.36684150496344892,-0.11854218635465852,-0.20000000000000001,1.2617402782300058e-17,-0.06060221122465427,0.73162626096300132,-1.7298313817360256,-1.1819262397017023,0.33935318714939089,-0.17709996045771331,1.1639843360660935,-0.14913595176251565,
0.70553573082581722,-0.58683440306017476,0.68401893738311892,-0.045888911215880283,-0.025391061606246847,-0.92873784407001203,0.36700888110523278,-0.018891942299270117,0.0464312761843379,0.60436968530412405,0.33088361634494412,-0.28807520221153182,-0.20000000000000001,-0.1725179186279216,-0.13713524002287455,-0.48521714140298666,0.36632693517639969,-0.10759845389548482,-0.20000000000000001,3.1399511354716914e-18,-0.070175043134685477,0.72398253612794194,-1.7460945952307498,-1.1671167772628261,0.32745902080042805,-0.18166462530639574,1.1476883989691218,-0.16091922427166336,
0.70406218253015695,-0.58999369559880022,0.68364592420714199,-0.048195168279728771,-0.024245744405607689,-0.94387709526236607,0.32586101127901906,-0.010215735340686288,0.043020517902519477,0.58745316595161912,0.33335130160361287,-0.29414048595981146,-0.20000000000000001,-0.18065404583313549,-0.12571634211246718,-0.41782918827990134,0.36454218939217947,-0.095624370345239504,-0.20000000000000001,1.2906876292024215e-17,-0.076836034509904019,0.71398329841953934,-1.7627877033260604,-1.1451010304509137,0.31568577724336105,-0.18677922837791447,1.1301617856305013,-0.1743853321557961,
0.70175480802375745,-0.59318916259803189,0.68321726994609577,-0.051808759596750943,-0.022067438923069969,-0.95703320904678268,0.28445793599412855,-0.0073649629343753853,0.041761646888211539,0.52567919345908365,0.34301570980066565,-0.29976061524114717,-0.20000000000000001,-0.18515077676145664,-0.11027736126891972,-0.34608425264844767,0.36088653458177433,-0.08299032930248787,-0.20000000000000001,1.2277573163861633e-16,-0.082193405221919341,0.70733963618585571,-1.7775096720935339,-1.1243238603874777,0.30316235508041584,-0.18693774234171184,1.1096793494973785,-0.18305434076128918,
0.69935366144905464,-0.59562422520228009,0.68285308560355984,-0.055927348625632992,-0.019802889169920467,-0.96525597149932385,0.2544816039346009,-0.01105872249153092,0.041033658702391444,0.42995929967296276,0.35571159643104594,-0.30221903911012327,-0.20000000000000001,-0.18558263132337768,-0.097074799543177701,-0.29175326644642419,0.35912502449538214,-0.074503719050041217,-0.20000000000000001,-2.0396553369883552e-17,-0.088839559296475273,0.70998285669188643,-1.7867841874308306,-1.1171504173856026,0.29148578656951629,-0.17802711286447143,1.0917062558619548,-0.17723951203760441,
0.69702397285718276,-0.59746938706135222,0.68246319521793219,-0.060032572657514313,-0.018134023474710458,-0.97050813181955575,0.23276858354351601,-0.017018155689759396,0.039087979636012543,0.32441191306921613,0.36734033072487543,-0.30139416303072603,-0.20000000000000001,-0.18555036775190087,-0.087607579613259837,-0.25121511955464237,0.36176915892363187,-0.069911463904010013,-0.20000000000000001,2.1196152472091612e-17,-0.10059276603844583,0.7202416139272203,-1.7943353082794438,-1.1206893009644301,0.27847331507789536,-0.16110352226321656,1.0763420086800954,-0.15669758281768684,
0.69503446701521687,-0.59843975665552529,0.68211957767497811,-0.064142514643998352,-0.017443734884338688,-0.97285236081284554,0.22167484744395807,-0.021419906903369812,0.036928698534598757,0.24144358565967147,0.3750902204469484,-0.29644836191677071,-0.20000000000000001,-0.18545128229998664,-0.083119447625889326,-0.23113493349046524,0.36981740196050367,-0.071362096469741954,-0.20000000000000001,1.1397675338253865e-17,-0.12676326737947166,0.74454884833262613,-1.7980039458803732,-1.1459266860471029,0.26122713487308397,-0.13081930792771571,1.0706579325842251,-0.10829654800935645,
0.693346205645757,-0.59914074337839918,0.6818013504883762,-0.067645834838308522,-0.016829963289094529,-0.97465680838468005,0.21256739927398347,-0.023139352059667218,0.036049895064950342,0.18905649273543099,0.38054227570026827,-0.2913858342140328,-0.20000000000000001,-0.18598217467734526,-0.079440167711468876,-0.21688713209188551,0.3777781804188291,-0.073168346658506134,-0.20000000000000001,-1.8045189908305614e-17,-0.16489332667712331,0.77568878101807925,-1.7999503060950603,-1.1814938692476566,0.24582588561882349,-0.11300000000000004,1.0752502510204129,-0.073346362748047983,
0.69203370996924241,-0.59960995276780116,0.68168010326749251,-0.068627358810898362,-0.016161900549787091,-0.9771817197089927,0.20036208538502168,-0.019801395540508374,0.035963165939302676,0.18402770871153359,0.37893562145784782,-0.28766295618686599,-0.20000000000000001,-0.19019966866324617,-0.074927316749250364,-0.1994219472636348,0.38459023336735054,-0.075343658895105581,-0.20000000000000001,2.1833121248426846e-17,-0.21798926307510741,0.80692131276812917,-1.804620139677046,-1.2184635498397318,0.23644291547281626,-0.11300000000000002,1.1009244835816714,-0.052975475419101345,
0.69116794969277895,-0.59998022714232513,0.68178963011597016,-0.066565219505891712,-0.015572954892910546,-0.98025286588773708,0.18555558074850254,-0.012797954771673725,0.035105720272156152,0.21373338570389114,0.37014459784386761,-0.28723282668362804,-0.20000000000000001,-0.19772157696738951,-0.069993575781152159,-0.17707587611491368,0.38902552215114994,-0.077421255858200699,-0.20000000000000001,-1.8187491443444337e-17,-0.26302269811461837,0.82540218367462792,-1.8122749803775531,-1.2414865411990212,0.23968555862046395,-0.113,1.1308787506589135,-0.051343106814196168,
0.69044581798318139,-0.60061732559939185,0.68202470062688381,-0.063965852759361785,-0.014954435668692085,-0.98327041014735295,0.16989418784424226,-0.0040262424560695842,0.032788417467299928,0.24700167109488738,0.35812610579234561,-0.28814038650700435,-0.20000000000000001,-0.20494482606549436,-0.064958638346030037,-0.15143470800711253,0.39170795913488765,-0.079634935525248127,-0.20000000000000001,5.3993268189778121e-17,-0.28999817671533767,0.83476724631089283,-1.8189369770789661,-1.2544224925041152,0.24892638809713805,-0.11300000000000003,1.1477111193921332,-0.052636409741110703,
0.69007439767980761,-0.60169049331933322,0.6823999946547018,-0.062500164200973526,-0.01403792065564685,-0.9856243667508785,0.15633705231149381,0.005049094881274363,0.029142787117062634,0.27431863728254235,0.34605106146540376,-0.28817134503146136,-0.20000000000000001,-0.20959719946367927,-0.060496725893889554,-0.12632213338766865,0.39248870222040028,-0.079499109318643318,-0.20000000000000001,-7.272286071946521e-17,-0.2941206517781278,0.84001951243198514,-1.8141464844463884,-1.2609809333844137,0.25777417010244336,-0.113,1.1446098177477788,-0.042646805432502599,
0.68995301147024124,-0.60292904968539196,0.68269210821638338,-0.06228716405135705,-0.013090172738779372,-0.98736895000929559,0.145091395780899,0.012507685070042823,0.025607108004307051,0.29542311303864355,0.33736496340383848,-0.28645018968546188,-0.20000000000000001,-0.21275876770701213,-0.056869911893139967,-0.10412061493095146,0.39341226648569694,-0.077496999248824944,-0.20000000000000001,1.4230153513872246e-17,-0.29588563292357739,0.84732384006611783,-1.8022231160244075,-1.2706595607802869,0.26766595101312574,-0.11300000000000002,1.1363235384181045,-0.04249908500419991,
0.68991984762789349,-0.60393990469057879,0.68289101267763341,-0.062444716946755414,-0.011736224181924554,-0.98855546946183603,0.13682471328119208,0.01656193693364616,0.024027998748102256,0.31056825184555459,0.33348184626529559,-0.28419487947259092,-0.20000000000000001,-0.21415186055259813,-0.053467259692945787,-0.08804081875680278,0.39279511425420438,-0.075624703196230492,-0.20000000000000001,-9.540979117872439e-18,-0.30231213885645358,0.85142438753722249,-1.793667784490613,-1.2797921007126143,0.27360894709828282,-0.11300000000000002,1.1341686204713797,-0.037984923646978551,
0.68980907308299977,-0.60449475039819389,0.683026852908028,-0.061460492725266533,-0.0099813404381144683,-0.98926304050083591,0.13221806750995677,0.016946267100740875,0.024598459282471431,0.31898668660780349,0.33229242432720457,-0.28282074975874816,-0.20000000000000001,-0.21393222128921857,-0.050351971351999744,-0.080249268667413304,0.3887126707022035,-0.074739321819567217,-0.20000000000000001,-4.708147934018303e-17,-0.31331882564282204,0.85080144883129116,-1.7946342940530355,-1.2858078715621781,0.27557550233125799,-0.11300000000000002,1.1365953626038312,-0.035069657499900674,
0.68954869854827072,-0.60490417776801764,0.68322073244272863,-0.05918252243874985,-0.0079558015483574291,-0.98988449846783433,0.12869659650742213,0.016903953001128791,0.025455132336030854,0.32590205197501776,0.32922811584664718,-0.28235268401478864,-0.20000000000000001,-0.2134459426122961,-0.047128566060235903,-0.074887499908394078,0.38246781986175604,-0.07448491039360125,-0.20000000000000001,-6.1962154157546578e-17,-0.3258408857661873,0.85051342932326301,-1.7989553738328659,-1.2916181228770813,0.2767395908323087,-0.113,1.138518765636825,-0.036897763801276344,
0.68926014651798595,-0.60553427622012101,0.6835044792292857,-0.055453925403336102,-0.0060243683926178371,-0.99056895758887731,0.12514675147248583,0.017781255843124288,0.024585900104293443,0.33324905320000653,0.32205864601584194,-0.28414862014572606,-0.20000000000000001,-0.21492910382467395,-0.044426556183089619,-0.068323854646615861,0.37711324219769082,-0.074273726409788104,-0.20000000000000001,-1.3064636178450328e-17,-0.33418766840105224,0.85154173309680492,-1.7980495104792715,-1.2984444256026328,0.27498901088519745,-0.11300000000000002,1.1333489252215594,-0.036522683397530717,
0.68902874811676229,-0.60641301659918989,0.68384983490396045,-0.051875519148363497,-0.0044524349430226746,-0.99132355766648494,0.12069262757778175,0.020639674065552505,0.022044658835091102,0.34203025811481158,0.31230131684822943,-0.28771282485507543,-0.20000000000000001,-0.21773248381572829,-0.042236546140096747,-0.059228365716121112,0.3742146740981746,-0.075014518873503411,-0.20000000000000001,-3.9925745001778701e-17,-0.33768314575027325,0.85301377910531051,-1.791296108215386,-1.3050582732620375,0.27344029088984512,-0.11300000000000002,1.1228579396916416,-0.036883319834598582,
0.688734064241595,-0.60757420051078392,0.68428632850664683,-0.048847504306565794,-0.0029713486999647658,-0.99224618325683944,0.11424799439008944,0.02571733098830431,0.018198899014733844,0.35346967501454141,0.30096166742114722,-0.29394272365023261,-0.20000000000000001,-0.22160911589920546,-0.040024957510990777,-0.046851572696868626,0.37393782023485,-0.077423058870630959,-0.20000000000000001,-6.2097679429107266e-17,-0.33475937371354109,0.85594557810862848,-1.7757431973679585,-1.3102914683142839,0.27292341804314613,-0.11300000000000003,1.1063814954893323,-0.041845381853929345,
0.68832436458492574,-0.608643634552262,0.68462258151875988,-0.047127009268505819,-0.0016329251159093354,-0.9931014802376853,0.10735841142030013,0.030232660255255228,0.015253627228153505,0.36487421705120471,0.29355610795047304,-0.30046705124840267,-0.20000000000000001,-0.22487288533053054,-0.03774595146795303,-0.034902218973883153,0.37526759752195682,-0.080814362730902811,-0.20000000000000001,9.7578195523695399e-19,-0.32764804994004904,0.85932375903629454,-1.757350637924054,-1.3126907918908746,0.27370101600946412,-0.11300000000000006,1.0908619650520157,-0.049765098121500956,
0.68779279241826397,-0.60951862951006519,0.68473176187544527,-0.04592302598180327,-0.00032120816601982345,-0.99392670993265975,0.10000333890639439,0.032792516828205553,0.013690187239259046,0.37768662150513077,0.29072460518669718,-0.3047920930378496,-0.20000000000000001,-0.22746765651475476,-0.034920604120463321,-0.022803233906686995,0.37647341318142291,-0.084064757864423578,-0.20000000000000001,-7.3075226425522999e-17,-0.319076793779621,0.86176267437918908,-1.7391866281860648,-1.3118931864013288,0.27456770325623109,-0.11300000000000003,1.0772259122026606,-0.057721487332801989,
0.68699373206434677,-0.60985003130677173,0.6842006526495773,-0.045640463068629948,0.00092381931529932125,-0.99474520168194636,0.09164103021844254,0.028375502600652525,0.016704434539670934,0.39394637395929044,0.30223151973811696,-0.30404634791218499,-0.20000000000000001,-0.22768216001334077,-0.030606388939988495,-0.0095723609977518553,0.37564425689988556,-0.085596416675314757,-0.20000000000000001,2.8799120206646212e-17,-0.30452921788505222,0.86113400621207115,-1.7186482805840573,-1.3060104881020274,0.27525414662915049,-0.11300000000000003,1.0638099246975341,-0.067066878018494577,
0.68605324804635837,-0.60983078418434533,0.68317565918432765,-0.045569669461290728,0.0021377555766634222,-0.99549804674994891,0.083081129887113567,0.018125386243244446,0.023462087598590461,0.41183496639882522,0.32496543216042267,-0.3013590533860615,-0.20000000000000001,-0.22607388675919604,-0.025535699705991302,0.0043157101498831757,0.37213173847199471,-0.08443087462966746,-0.20000000000000001,-2.5438093471941148e-17,-0.28612833511685276,0.85797542015984929,-1.6959825308192127,-1.2975008255784823,0.27526904656135964,-0.11375551758520494,1.0480243623511309,-0.077881767958712947,
0.68467630788023703,-0.60920123743981769,0.68089903727836654,-0.045884032085557712,0.0030890231638397627,-0.99604751484764797,0.075989878939824979,-0.007476006351234854,0.03973542756612896,0.42261808090530117,0.37628200662202027,-0.29995145964805875,-0.20000000000000001,-0.22095030413652922,-0.02036592047189717,0.015326085149984459,0.36436934593442682,-0.07748310784111756,-0.20000000000000001,-1.6032639625629397e-17,-0.26500939873904705,0.8533859514273705,-1.6714742051636946,-1.2899618775112993,0.27577434468195977,-0.11763368233309568,1.0327136875741509,-0.091405364562050465,
0.68308099158899471,-0.60799175277945727,0.67937169847797751,-0.046990671194052716,0.003935833832052987,-0.99628850471046704,0.072011120075725132,-0.043141107857106412,0.063013896492353907,0.42008437986338487,0.44544207375835659,-0.29723118485488909,-0.20000000000000001,-0.21392044302624694,-0.015659601133618018,0.019868426947364501,0.35605779961498213,-0.068150285598699456,-0.20000000000000001,-8.383593298744163e-17,-0.24723063601666972,0.8502851802658653,-1.650102432315657,-1.2879212904685324,0.27848119943057237,-0.12168316516915484,1.0241786079703596,-0.10486040740630237,
0.68126751383127027,-0.60631871633821566,0.67950923229802218,-0.049321890327613395,0.0051207355270578708,-0.9964051618555384,0.068686844663377877,-0.080681233880612671,0.089365291224787771,0.41164530867980464,0.51797975188645307,-0.28987610595802804,-0.20000000000000001,-0.20614931907677209,-0.010020477718887918,0.02174596731902062,0.34958844137867917,-0.059843223771767484,-0.20000000000000001,-1.2414114874959026e-17,-0.23007532813791784,0.84781905738254548,-1.6292062544137511,-1.2884401135818644,0.285000685927007,-0.12653180109228468,1.0210409199132537,-0.12138833436483935,
0.67909829576741876,-0.60415441459707708,0.67989124207443219,-0.054324726060290679,0.0059318528094593724,-0.99648796227795511,0.063445869021157245,-0.11365559516529999,0.11296981258594947,0.39380251965450708,0.58012578746048948,-0.26522753931585197,-0.20000000000000001,-0.19706999369079553,-0.0032672499994244554,0.025994515444990055,0.34692080304137091,-0.05530218809312043,-0.20000000000000001,3.2661590446125821e-18,-0.21143144840984351,0.84198610735158286,-1.6090469336123114,-1.2838932523441342,0.29906462634533187,-0.13736316329025955,1.0244137747893867,-0.14743732118367975,
0.67689483700891329,-0.60227578203669285,0.68128461997546674,-0.060635123356762501,0.0059597046507468649,-0.99657761508208187,0.055865202526222388,-0.14098319434532458,0.13081278349583902,0.3715832199554745,0.6301040387844361,-0.2334953250234641,-0.20000000000000001,-0.18766690851973256,0.0029044214062226483,0.034997950159826166,0.34631952524431225,-0.053230103007737339,-0.20000000000000001,-2.4936649967166602e-18,-0.1921471417174036,0.83273849426709434,-1.5903107912499073,-1.2721889745505111,0.31752136364421379,-0.15586881297325442,1.0298504730813705,-0.18403602606150557,
0.6750212515147701,-0.60188464319703294,0.6818198001535607,-0.066947025141664215,0.0055614007988539571,-0.99673472298842847,0.044800207979614828,-0.16015762295847841,0.13402975538787387,0.32805911296755619,0.66038725324796965,-0.21096218074174378,-0.20000000000000001,-0.1821770213175746,0.0074862429315566952,0.05123896586913216,0.35158281347418352,-0.054309044508083354,-0.20000000000000001,2.4814677222761983e-17,-0.17534377176390245,0.81965984759410127,-1.5751592125753986,-1.2497094151745691,0.33690423880332682,-0.18279266329287358,1.0349839949029047,-0.23017264325667933,
0.67372627510370731,-0.60286680501457679,0.68087109084443009,-0.071014964975084152,0.0052922533735122361,-0.99689878863791037,0.033491372263387276,-0.16702991740838782,0.12326359485585965,0.27277686461202277,0.66739655730308212,-0.21015183840502932,-0.20000000000000001,-0.18283272828611083,0.01018627602454345,0.068787311011321545,0.3618873345904362,-0.057211571141516177,-0.20000000000000001,-1.4548637902039863e-17,-0.16475406066984827,0.80727909854463831,-1.5660053281812698,-1.2246363088810901,0.35000906203598031,-0.20888213203832212,1.0366999067902449,-0.27128054313048316,
0.6723084732127611,-0.60379395187683649,0.67950848749356962,-0.073823909967830378,0.0052400767825285782,-0.99698930804377472,0.023127722732040609,-0.16702572847589747,0.10935532689547864,0.21713313225568645,0.66608846846056735,-0.21815479956872597,-0.20000000000000001,-0.18581765953954682,0.013051254621335348,0.08396243201923087,0.37424189263959212,-0.061038315649663666,-0.20000000000000001,-7.1374384267436364e-17,-0.15687756196221314,0.79649325008805483,-1.5594562620757955,-1.201023508862896,0.35830049601262021,-0.23186512601417786,1.0352206709924636,-0.30639399792605732,
0.67027744002762935,-0.60404469056133236,0.67845398376544253,-0.075594144240192507,0.0052080036325621859,-0.99700066929617237,0.015750158022714074,-0.15463622509856134,0.10022880638195604,0.19450278206233632,0.65566150986748906,-0.23072353440881035,-0.20000000000000001,-0.18857134625856131,0.01608169161153733,0.093226168589823008,0.38659736975727066,-0.066599896214129567,-0.20000000000000001,3.4094770192880097e-17,-0.15274361897452629,0.79176333589942849,-1.5558871818491049,-1.1862750775291802,0.35841258989386154,-0.24445563476891249,1.0349666641502209,-0.32216587417895953,
0.66781401423903708,-0.60400070512171999,0.67782050347678402,-0.077078260850934374,0.0050213488385093914,-0.99695775770604178,0.010438252237741991,-0.13760189639189008,0.095368979089298131,0.19611258973635523,0.64301183100755543,-0.2421992655981301,-0.20000000000000001,-0.18967687072812933,0.018620795403230424,0.098843631153731529,0.39747034507747042,-0.073134276632055212,-0.20000000000000001,-5.1838416371963181e-18,-0.15065924674381359,0.79185812753373264,-1.5529795335864935,-1.1791692085924124,0.35437325006171777,-0.24906205664383052,1.0394663931494823,-0.32351828796654719,
0.66486024270386956,-0.60371260096804324,0.67786234658830802,-0.077720688571744634,0.0046850051696262036,-0.99691169767330656,0.010228017237967757,-0.12185917520775318,0.092284553173342637,0.20276570718153883,0.63081498224836585,-0.24774676100997997,-0.20000000000000001,-0.18768260632297165,0.019414147657425711,0.096065118898210178,0.40416226072078193,-0.080829859529129633,-0.20000000000000001,-6.2998922484985842e-17,-0.15239183596735348,0.80392847215034147,-1.5473539800617639,-1.193559031942387,0.34639959113576918,-0.24281160938704599,1.0532036805618941,-0.30555656213057919,
0.6622014393659641,-0.60318076497986106,0.67843110438378085,-0.076945029936218823,0.0044851513775602042,-0.996906658215863,0.015377275119965908,-0.11586570090035912,0.090080806771062755,0.19539838405676044,0.62471924551110969,-0.24607137333617032,-0.20000000000000001,-0.1837504975062613,0.018606048267717043,0.085349593155355563,0.40510556715083618,-0.087820734552259722,-0.20000000000000001,-8.5787496897915538e-18,-0.15757061829534177,0.82588577201086921,-1.5381818323470378,-1.2276406746573536,0.33785524930430516,-0.23124091779086395,1.0703351162091825,-0.27855940494191694,
0.65974862827403891,-0.60236752601002441,0.67903031807851344,-0.075311230323501899,0.0045165606421672831,-0.99688358206525718,0.02304220206204392,-0.11706761288145966,0.089552837439738991,0.17931593717007405,0.62401414862023508,-0.24232297603470901,-0.19999999585765083,-0.17915679638635618,0.017590285835938337,0.070899119758824597,0.40301812299846856,-0.093608848475085535,-0.20000000055822681,-4.9596723674489217e-09,-0.16350161181628814,0.8509994468772335,-1.5254650974063413,-1.2689538604328294,0.32958379153491468,-0.21997912688624041,1.0861983664553447,-0.25064007301566543,
0.6571304990181388,-0.60113679751500138,0.67980275256949196,-0.073020627760428475,0.0047464620269352274,-0.99685665488274122,0.030368876101878654,-0.12811196705022374,0.090740539456152347,0.1568457140475526,0.63268537196922425,-0.23422520837471777,-0.19999996575583281,-0.17333961552321941,0.017542845096510034,0.056324943612418653,0.39779797663441707,-0.097943948346739931,-0.20000000461218959,-4.4050986917493129e-08,-0.15835566267503151,0.87291426597711308,-1.4982244987719315,-1.3070899089888441,0.32258001461515406,-0.21596007256721866,1.0860850941408757,-0.23682253317785357,
0.65419411637431502,-0.59982187911921925,0.68069097093284636,-0.070946287883212389,0.0047492189661123502,-0.99687813464220287,0.034322788742847964,-0.14277821945736713,0.090649531146465165,0.13042945161514163,0.64571975341189913,-0.22246699430844669,-0.19999983068678373,-0.16711460967488845,0.018509447817289752,0.046982425869318396,0.39255076353256052,-0.10286562304451695,-0.20000002276844853,-2.2587081409356367e-07,-0.13883975077048127,0.88538067105311669,-1.4593633903681749,-1.3314498104195132,0.31738245774609508,-0.22004090143178423,1.0695388149122746,-0.2420460333325338,
0.6509420207379718,-0.59854839739824517,0.68343381591433228,-0.069240258598626855,0.0044253056701801493,-0.99711303333446,0.03085128868415583,-0.16606086208127507,0.086325424822011693,0.09187155072864929,0.6688788677510169,-0.18824692154345404,-0.19999932757827782,-0.16224334234661397,0.02134912701881251,0.051054602939099983,0.38982078036418166,-0.10887681003129286,-0.20000009180712905,-8.4895184914093186e-07,-0.090400763729644257,0.86688781325306496,-1.4040878270009605,-1.3155853513682509,0.3166711475226095,-0.2399960855070758,1.034718049025106,-0.28519871993468332,
0.64836061261905809,-0.59769093864491629,0.68882209205102685,-0.068837730796762003,0.0039818863387529645,-0.99737566285731127,0.022074839520973451,-0.19394354061196661,0.077813565801162013,0.049249726481743965,0.69896903068801242,-0.12352206980043398,-0.19999773247504332,-0.15954053600976395,0.024936730758990378,0.065952529109964006,0.39042393855433033,-0.11443811539785724,-0.20000031922220265,-2.5831604076363591e-06,-0.029875710242646798,0.82068102915348984,-1.3503038583742373,-1.2637272538752879,0.32101756943347209,-0.26779977094155227,1.0010458255587569,-0.34904198188745478,
0.6447195217200522,-0.59722855479187831,0.69795103376747292,-0.070306521560474344,0.0049166577540055009,-0.99742653417781924,0.013157827351816757,-0.22348949683293778,0.067177631278946659,0.0065781382239509878,0.73844551976259665,-0.015492736566763135,-0.19999341514098271,-0.15564894824005013,0.029828452499670956,0.081438914977409196,0.39555893125392844,-0.12309767487187274,-0.20000096772230483,-6.7447670403864495e-06,0.029088370599266802,0.76758099347729258,-1.3017192562814366,-1.2030922500343748,0.32813762687110365,-0.29462194998337127,0.97650522241622861,-0.41448154731649361,
0.64120021962278584,-0.59416427074093103,0.70052980878169557,-0.075036553631850966,0.0047593512246352134,-0.99712169192907407,0.0097568273263318947,-0.25331401341934895,0.077789782617589967,0.0064588572752585149,0.78939417747687624,0.045100510077964499,-0.19998319235235798,-0.14566182757901128,0.035552129569959859,0.08670422112563754,0.39704524610486525,-0.13113775559613294,-0.2000025888629586,-1.5624524170969272e-05,0.083161304761266361,0.7253686323251245,-1.2648402938857564,-1.1639930923846962,0.33525928861182713,-0.31798279498651782,0.96386650321900946,-0.47277232202696706,
0.63767391702193554,-0.58937592420253715,0.69430710960812347,-0.080679783393967072,0.0031298800691849176,-0.99666661185308503,0.011689363521889165,-0.28086348983572845,0.10914962137267002,0.041028791818303663,0.84378228653542642,0.019094570419111206,-0.1999615694369356,-0.1317175585974755,0.040526961690605462,0.081780454724964466,0.39421347290348707,-0.13797740915353515,-0.2000061941826547,-3.2700671691212276e-05,0.13479645099202925,0.69560241436920267,-1.2341131508016308,-1.1484773957220777,0.33909947904850896,-0.33828767912749669,0.95622730469241879,-0.52229230794358605,
0.63488457692293843,-0.58677563884748274,0.67938165685056118,-0.085210473368468403,0.00068121624592878147,-0.99614903514890918,0.020635187051375743,-0.31155166905632226,0.14308745905603187,0.087751999507565209,0.89819704326737682,-0.093516513950562555,-0.19992021870682547,-0.11837163887081675,0.039527128985037359,0.066538522287032498,0.38955680531915476,-0.14374807720480631,-0.2000134067724737,-6.2787701645709382e-05,0.18359478009141028,0.6817687449478117,-1.2091634804973577,-1.1599120299434258,0.33448335535209023,-0.35308144313879164,0.95392488894786032,-0.5580672134085759,
0.63237332644854982,-0.58902342179317602,0.67803333789578857,-0.087179732580940167,0.00013912240092813784,-0.99567993437796931,0.031955330528038811,-0.34288355540967619,0.14903493361125805,0.1041073422609515,0.94249960533751953,-0.19784832164802876,-0.19984795023516644,-0.11098382329386304,0.033317714326300776,0.049476958251171196,0.39015460887358139,-0.1513868430852679,-0.20002653378854929,-0.00011186348971439906,0.22019380640667816,0.68074016529854053,-1.1906245176037706,-1.1823805567672014,0.32375540819097914,-0.35896254856747462,0.95441297589420282,-0.57707430698872841,
0.63104053735306453,-0.59227219795365604,0.67820970162028904,-0.088096422806311456,0.00022380148876340617,-0.99517684985507193,0.043150987406556277,-0.37732809559875102,0.13532611387926852,0.099073498542321128,0.97896946690370779,-0.2737218048127546,-0.19973135149651533,-0.10688967157395685,0.026262986145782395,0.032608371015664918,0.39134915563137918,-0.15731300477298019,-0.20004846688053624,-0.00018631655707877776,0.25173646541696637,0.6827399402712524,-1.1735724639233922,-1.2041365827953896,0.31085778287705979,-0.35989709321189745,0.95390679803448153,-0.58806593727543588,
0.6303828797461114,-0.59432949822657999,0.6782580785788721,-0.087531008783743314,0.00072647855828805654,-0.99474171746212159,0.053166815502844439,-0.40931921812264238,0.11094923397230429,0.080950078003918305,0.99900568840498516,-0.31715452527602878,-0.19955642099084481,-0.1054027094427049,0.02172997438586026,0.016236692949290293,0.39188590293402098,-0.16163250170760318,-0.20008235631564392,-0.00029168346883477308,0.27889254447736755,0.68634006726783747,-1.1585775202827651,-1.2232723140873374,0.29491027977674983,-0.35706104337817235,0.95400343508175001,-0.59368583250533624,
0.6297433736153325,-0.59502085760545287,0.67830206023653605,-0.086582863197826793,0.0010480314659034088,-0.99431257643440574,0.062006530098747431,-0.43757049829766459,0.089614228276963803,0.065571646503654518,1.0098824320230813,-0.34699292694180467,-0.19931097130781539,-0.10392884403552906,0.019347040235850786,0.0012378509254688109,0.39114798418787083,-0.16514505103499852,-0.20013105923119809,-0.00043152929838634292,0.306759811873483,0.68888656172032048,-1.1449126245086241,-1.2395905580062134,0.27731231415050811,-0.35448688216286084,0.95636105741425859,-0.59994931735841128,
0.62929468284874968,-0.59464332148925403,0.67854896325014102,-0.084556328673959236,0.00058450566678755196,-0.99413128265065365,0.067475021227660942,-0.45988201956876995,0.070309020016840529,0.055942546014518479,1.006198717014793,-0.3683400782994668,-0.19898708153695149,-0.10331783942508833,0.01832820300196733,-0.0074640504792275585,0.38831133559415043,-0.16771788053911726,-0.2001964899526105,-0.00060547114237679363,0.33416067587949827,0.68764332785157245,-1.1321555405547008,-1.2474004991883516,0.25767924752588589,-0.35589615917058515,0.96480110943670561,-0.61153378785472878,
0.62920670164053516,-0.5937989559977277,0.67894302153723596,-0.082160131859029109,-0.00052542212008233774,-0.99417754147184745,0.069716946989206566,-0.47197021824591817,0.056883852212328521,0.054710203936032417,0.98997561510444021,-0.3808796724095207,-0.19858327377701371,-0.10332711677534104,0.017789953921997,-0.010104608871910023,0.38402066562024983,-0.16876926713721949,-0.20027897869457326,-0.00080780274181649825,0.35532225410944979,0.68396169354862457,-1.1214261231553613,-1.2478874061809961,0.24053578196373285,-0.36133171259552133,0.97658271144379749,-0.62551968580668149,
0.62932658995419166,-0.59307925801717987,0.67936185428290319,-0.079520125393378605,-0.0017423040580491578,-0.99428043316525749,0.071273657536979479,-0.47866630199205812,0.048121571339587096,0.060253352854161252,0.96776968126169938,-0.39092958605313927,-0.19810571308798758,-0.10379101241685312,0.016966642499043595,-0.011355128956320806,0.37926951913502616,-0.16860650127523408,-0.2003769173329743,-0.0010274361198419242,0.37322033278696432,0.67932726159056889,-1.1100722218998675,-1.2466049054293429,0.22493080555278672,-0.36804791102494561,0.98918179698528941,-0.63995100220730938,
0.62969141406167251,-0.59262020520824388,0.67971783709840483,-0.076695153705931773,-0.0026315159437572842,-0.99442842673471465,0.072270551566882085,-0.47630983960303397,0.042750456768025594,0.069934892724140607,0.93271097420037563,-0.39732806976228857,-0.19756741582100479,-0.10521195452842567,0.01616329936972213,-0.011822825694192336,0.37503719060513868,-0.16790686716175185,-0.20048702034001553,-0.0012482313837020901,0.38908509563866478,0.67290474427624214,-1.0968683274040356,-1.2437178134420808,0.21154386379200502,-0.3768340396831783,1.005509871909666,-0.65672408129205861,
0.63008648115527233,-0.59220925601066898,0.67999540108622236,-0.073773839195277288,-0.0031797239711812723,-0.99457050461044849,0.073326812045623205,-0.46938002470400503,0.036076861179134966,0.075991960656327587,0.88940498597691153,-0.40224039522783145,-0.19698388156404389,-0.10715880158994837,0.015730629518855396,-0.012795695175785625,0.37144942955879534,-0.16747305366311524,-0.20060454291497329,-0.0014770454588892109,0.40521136060126439,0.66430519811667676,-1.0821772924556046,-1.239065805082854,0.19820161406389755,-0.38693196816808201,1.0259200987193666,-0.67527403938628117,
0.63024698079364516,-0.59172218177311309,0.68014176731486653,-0.071654070835786815,-0.0030558263087185457,-0.99456682935455787,0.075453151066422988,-0.45297840655603555,0.026767757974481499,0.070340100799090644,0.83180231093161228,-0.40529378074104189,-0.19638025813257642,-0.10799697709437751,0.016213655385959785,-0.016410202476471729,0.36836751135905227,-0.16834778457419627,-0.20072381008671641,-0.0016987893382963424,0.42262784730733594,0.65236516654829202,-1.0659582926793474,-1.2312479701285646,0.18405648041636297,-0.39830865513722069,1.0538388539977728,-0.69359491031484177,
0.63002981995991125,-0.59126031124441369,0.68013092592246438,-0.070873850083931988,-0.0023062969914725479,-0.99444344992255085,0.077806190464530203,-0.43117780249071752,0.017987402377162034,0.055088219039426616,0.77419616439480454,-0.40596939957294131,-0.19578229817304935,-0.10732478454666457,0.017518080877533003,-0.021286526213057919,0.36639906878495354,-0.16996071661495404,-0.20083957515566569,-0.001898555953839107,0.43698016880448931,0.63916387377386086,-1.0515759658537569,-1.2204336422345354,0.17174982429261229,-0.40826859137785571,1.0824947223539894,-0.7074169901310694,
0.62960198880510554,-0.59094154861680848,0.68005983922080016,-0.070395005804522945,-0.001265594021809677,-0.99433383619794935,0.079643980446879176,-0.40713999590738847,0.01185844346089733,0.040517855024844715,0.71797493777412025,-0.40662572082961274,-0.19521615057430597,-0.10649270789857747,0.019163393409099554,-0.025110001625178215,0.36528410107264192,-0.17190514133770332,-0.20094749172760765,-0.002068836726731622,0.4487581984884193,0.62681839465912936,-1.0392816560488076,-1.208702399990395,0.16025202614568265,-0.41708895911172955,1.1105607881298221,-0.71940966948877594,
0.62886586249647891,-0.59103076685921074,0.6799753187343851,-0.070038893892500509,0.00011302461422516232,-0.99420517566966826,0.081551267552353549,-0.37966240951013108,0.0094560447721568196,0.031076550055154778,0.66073273766957652,-0.40627711036371134,-0.19469319269322746,-0.10532260754235599,0.020391264406032752,-0.028338238223198725,0.36481218833854928,-0.17433229114547441,-0.20109277590269131,-0.0023129505133258404,0.45623150577251953,0.61617295280769468,-1.0301090428193314,-1.1962544488373505,0.15032506995056752,-0.4243331635846842,1.1385773783619071,-0.7286384717718456,
0.62795623199193784,-0.5913642722385376,0.67988236163302784,-0.069467129203822614,0.0016493973963429005,-0.994001718289662,0.084452243816298636,-0.34951770504791341,0.007521897805924601,0.022027744163913607,0.60116223319635109,-0.40603444391858418,-0.19421354794557463,-0.10426010476182503,0.021648936077625199,-0.032812548496934366,0.3644926688702102,-0.17777588552905574,-0.20121611564644029,-0.002394060584046862,0.46240181253503831,0.60737338247447936,-1.0220911636816736,-1.1848354970509667,0.1402811990153823,-0.43067828053484297,1.1666713578214429,-0.73632450151866335,
0.62652914820447925,-0.59182195605121568,0.67979284178888078,-0.068830708580971664,0.0033702981836432749,-0.99365072238834917,0.088933776168037409,-0.31750885978671001,0.0047237031266678014,0.0028573876720634789,0.54263434570419855,-0.40646743550418518,-0.19376856647311783,-0.10161314370788527,0.022719214842687654,-0.040458091409913514,0.36424891374744739,-0.18302416368711266,-0.20129743889307569,-0.0018682919152470695,0.46754944706391061,0.60265741871236889,-1.0164438213071734,-1.1762678028369375,0.13070976397395612,-0.43725256546455959,1.1951586887750225,-0.74258812581032951,
0.6247985923254521,-0.59220624890523688,0.68223619732120921,-0.068186487839044338,0.0049188408672590795,-0.99324013962450231,0.093810622636233312,-0.29280606775731083,0.0018026595268153664,-0.022630540373629427,0.50030206864488391,-0.40707708505131607,-0.19345032044524199,-0.098536263818782374,0.023658747547844916,-0.049539225378276333,0.36370783506170323,-0.18766076015920016,-0.20136762401606284,-0.001480639227532657,0.47143856493210501,0.60318132697238624,-1.0149067315665392,-1.1736542210514407,0.12311631069417857,-0.44248719088763749,1.2180797276934936,-0.74635247670046712,
0.62296060286864585,-0.59261791793603114,0.6848171952059916,-0.067869117151190331,0.006537586454636795,-0.99281048534649841,0.098378773556680302,-0.2721497673242872,-4.3980416122655535e-05,-0.046130805231562232,0.46660430766193056,-0.40512106161699318,-0.19335331634011924,-0.094853503704225489,0.025290129791332869,-0.05843075546200685,0.36238353622013136,-0.19054905819534912,-0.20148795465868766,-0.0018616051829970627,0.47646753362669364,0.60423324272460033,-1.0145493800126055,-1.1733712058098009,0.11749393787564698,-0.44721326133210526,1.2387230589205358,-0.75038276287402295,
0.62080507269083629,-0.59303050978870864,0.68677939768510787,-0.066562017697319648,0.0075912067263241446,-0.99249424623740368,0.10230856545836294,-0.25581619544723522,-0.00062433635506353681,-0.060753381914050102,0.44173667865790145,-0.40608614471003046,-0.19321642639032821,-0.090983295854810561,0.025602723409787219,-0.065437892175011947,0.35956995790264112,-0.19362953424108573,-0.20145550962578856,-0.0023048120436452097,0.48054677040784283,0.60783045662223967,-1.0163106942248969,-1.1766405216446036,0.11287512700467074,-0.44970910644361695,1.2509052366161586,-0.75345370015951385,
0.61839452631992065,-0.59330964961018695,0.68840033834562198,-0.063866336694294312,0.0076773947330170574,-0.99231136445131041,0.10573695961272539,-0.23952975054324185,-0.0015495688311065181,-0.072922924795244773,0.41976403694304232,-0.40563303859829081,-0.19347911658380063,-0.086426329473249255,0.024648020854057141,-0.070838846063949079,0.35677294831726203,-0.19851876625107415,-0.201317780978477,-9.2945656739029057e-05,0.48431328300479037,0.61396909471286787,-1.017790189817438,-1.1827994211668365,0.10736242269104514,-0.45309748634015751,1.2583657502075611,-0.75621284599247307,
0.61562281671819064,-0.59333986444832976,0.68915645305066708,-0.060203280997719925,0.0062407200124683752,-0.99221162319787448,0.10887016653737051,-0.23247063881114616,-0.0031771743099844587,-0.080156819051304395,0.406421933323666,-0.40648792639643816,-0.19388836985891245,-0.085236887896843139,0.022115328343850039,-0.076180437511311774,0.35589417690070729,-0.20378646151195695,-0.20126135435649709,-0.00043883349872563774,0.48699375957103125,0.62224948178889217,-1.0274910801216988,-1.1938924202351044,0.10168879210607819,-0.45577291102243689,1.2645738112812035,-0.75894741882250039,
0.61322659525631329,-0.59330800867803024,0.68911121646293672,-0.057999540404889582,0.0041970495163901741,-0.99203232836183541,0.11175999987998471,-0.23036709474406777,-0.0044181119361156648,-0.079132525651278929,0.40259647546036614,-0.40509670818410287,-0.19438644010268796,-0.085014146720116091,0.018956618045990595,-0.081588889200660916,0.35871838881004364,-0.20721213890478923,-0.20117384364062801,-0.00059954892621037748,0.49026521988966815,0.63183198415554076,-1.0399113068385915,-1.2060532643777733,0.098690632430092962,-0.45810640066919256,1.2659494749561384,-0.76109850948719948,
0.61109917122389312,-0.59351632470795679,0.68891734444145114,-0.057712544146560955,0.0022588254281840081,-0.99172447927070906,0.1146591347039437,-0.22679575767232463,-0.0044530891486009036,-0.069825070093674432,0.39955184792476806,-0.40136717601999927,-0.19497807438756326,-0.085361370112506468,0.015770990986573558,-0.087301027056991012,0.36522298982748147,-0.20980587053888389,-0.20107015195660904,-0.00097651011553813753,0.49467721145409616,0.64029653390973529,-1.0525773387352093,-1.2161714029418265,0.097768600017723167,-0.46008761424559325,1.265238284562499,-0.7631597793586743,
0.60908584587763337,-0.59420098412228162,0.68878185655277602,-0.059479476830591058,4.2482987453581397e-05,-0.99155323624681446,0.11525784016553364,-0.21927068349548073,-0.0036890653936463079,-0.050655149511022457,0.39642768275072654,-0.40137453658519345,-0.19558063615185822,-0.091113670110637299,0.011624163760290475,-0.090970597063747716,0.38411751842945879,-0.21209497819201611,-0.20095525023524946,-0.0011010260542232578,0.50173094392570605,0.6448474485749186,-1.0638340606235197,-1.2211932785294239,0.098989237319133228,-0.46476362002167493,1.2628864077203303,-0.76996559520833663,
0.60687828323948556,-0.59509787943366232,0.68855579689829627,-0.061826515840885866,-0.0026121472806585819,-0.99161278144315412,0.11346695688231054,-0.21065124132287805,-0.0036874483902962765,-0.031502181434568614,0.394260459614865,-0.40319157770603642,-0.19616403047099371,-0.10167225983685875,0.0066161811131580338,-0.092429018475767774,0.41265794321994781,-0.21416915754557916,-0.20083226841505894,-0.00098730078508926442,0.51006794295732893,0.64648634353910361,-1.0743805185424204,-1.2228147996296421,0.099671953707972633,-0.47286991086691604,1.2629648014667874,-0.78210021275605524,
0.6042605383128371,-0.59611092134911181,0.68796231763972526,-0.065236195144967896,-0.0064417264807831798,-0.99161921566123079,0.11132867615470818,-0.20137077962666403,-0.0076273131810791275,-0.025596092737410588,0.39357488038844135,-0.40387953889294081,-0.19677387388679624,-0.11932380956346293,-0.00045796015494988787,-0.09326682620806892,0.45572641194621355,-0.21666951467160186,-0.20070091899090411,-0.00085569647720262635,0.51975295981682712,0.65099700825150919,-1.0821685092975737,-1.2292719661386893,0.098060422561476346,-0.48476520567449477,1.2674946504740978,-0.79719086538708261,
0.60192138870096878,-0.59705050854099362,0.68713807954040995,-0.069378043660182992,-0.010350102657358818,-0.99118656513699299,0.11237773589460404,-0.1934123172078073,-0.014686084378309835,-0.03623749730407403,0.39386208281654167,-0.40097301365613292,-0.19738197417968964,-0.13714695342474031,-0.0082780334528305289,-0.097998214556110519,0.49973261904179306,-0.21834940722127064,-0.20056838719152992,-0.00072029685031295291,0.52782412665569978,0.65956197202454758,-1.0850618954302096,-1.2418384138952692,0.09537337310666115,-0.49367259596237684,1.2743713021746657,-0.80449182663172158,
0.59991159544498784,-0.59801557887130141,0.68626064369634698,-0.074086863632040895,-0.013612008776245721,-0.99029836828981765,0.1167689668395137,-0.18621924890275512,-0.021890169021899317,-0.050548910804729202,0.39438948937589319,-0.39375478070655184,-0.1979576708778541,-0.1527484253898331,-0.016373793674715698,-0.10823576016971032,0.54021157259613217,-0.21880937913136289,-0.20044203858577855,-0.00059065978824449821,0.53486638788949337,0.66964529595202049,-1.0855223085624102,-1.2567354394538623,0.093362218474581857,-0.4968806628601487,1.2808591449821065,-0.80210227415920032,
0.59821770711976896,-0.59888523988489739,0.68533860364687893,-0.079495169568150698,-0.01560856194937638,-0.98883849181717953,0.12504130481536596,-0.17959714519506711,-0.027771928645795651,-0.066114025681797084,0.39458769905740598,-0.37805755382555029,-0.19847367647668121,-0.16526525946678036,-0.024648106290807818,-0.12432281529791857,0.57492999675287626,-0.21747254500437876,-0.2003283508548398,-0.00047097303057047797,0.53994648913636745,0.6811972459017791,-1.0855691552100684,-1.2729323123744398,0.092182196267868652,-0.49206989524998507,1.2880945485035507,-0.7866348488342727,
0.59636022705662539,-0.59949645798089468,0.68445193948769345,-0.084656547398383089,-0.017166190692364545,-0.98718902155526156,0.13415076071519058,-0.17339031035286034,-0.03267198631083576,-0.08227555496614726,0.39506728812751213,-0.36155892389582156,-0.19891102351296386,-0.17663268719167197,-0.032647752836026923,-0.1406864584055374,0.60677173741957413,-0.21687830763389437,-0.20023206061994414,-0.00036433172197781615,0.54312968783441384,0.69450046761678574,-1.0885312402804037,-1.2901700666988478,0.090670623546438164,-0.48512424256202424,1.2967006294426691,-0.76754576950739439,
0.59387935571442019,-0.59978361089049137,0.68376224922257201,-0.088958804768040925,-0.018604855376959935,-0.98558880825682404,0.14267056966851122,-0.16669204172744514,-0.035941668159285185,-0.096832023548939813,0.39520827807921793,-0.34869245731323656,-0.1992614118757767,-0.18695261510182393,-0.040179706263004537,-0.15489577911749866,0.63456261481348308,-0.21357491863784955,-0.20015533489400328,-0.00027383459142582263,0.54164786203633719,0.71048139789726772,-1.0977071889690493,-1.307456327003788,0.087076951235171673,-0.47851228096712983,1.3083319146609511,-0.74888851645704291,
0.59128009179038399,-0.59989516118131103,0.683393365531624,-0.091041667076264904,-0.019910114706421411,-0.98460503611908523,0.14787807490391019,-0.16085661568315057,-0.037074971139381616,-0.10361668107585223,0.39437192298184598,-0.3414009319823782,-0.19952540318790593,-0.19677982602778524,-0.046426937584756731,-0.16290156880989687,0.6556844126023067,-0.20391019702915297,-0.20009805201983719,-0.00019830527272112955,0.53549833171141059,0.72238905924450247,-1.110906327412978,-1.3159772981492723,0.080288162202757682,-0.47534443478053751,1.3206041683117347,-0.73673333438226574,
0.58876207961072624,-0.60004267815064349,0.6830201275049177,-0.092240410382397761,-0.021260055972522379,-0.98401043376939912,0.15087472599972215,-0.15529804022395716,-0.037124536662089896,-0.10350872403921831,0.39230147397866544,-0.33244250558971944,-0.19971214656919387,-0.2087937054275199,-0.052165151686531346,-0.16485557111833768,0.67641225576259534,-0.18536164753530587,-0.20005810107750008,-0.00013686545121391826,0.52785840158909658,0.72865878733370826,-1.1258098549119397,-1.3147599045389593,0.070356039056694547,-0.47513737344779294,1.33356682912619,-0.72885017862457624,
0.58621512663295761,-0.60031262922906792,0.68245429240085986,-0.092833023694925826,-0.022882506176102144,-0.98398210392977092,0.15045809971118015,-0.15092649500848604,-0.036710113125683383,-0.095530584314020686,0.39144230963046128,-0.32218168188586449,-0.19983552830300866,-0.22349594554219301,-0.056528903961067564,-0.15584147769638088,0.69662313417435295,-0.16270772227909092,-0.20003220904350438,-8.9267471458135401e-05,0.5198228394279053,0.72784635959325372,-1.1472576810515771,-1.2985533000399563,0.055356895599111118,-0.47908216688891753,1.3503288104121185,-0.72677149158365584,
0.58345895531727343,-0.60075923564172506,0.6816906433263159,-0.094634080124147049,-0.024912617416696061,-0.98407918818988571,0.14836409182831828,-0.14603006504675758,-0.037023337996800416,-0.086396530420071907,0.39325461417505925,-0.31396303676772985,-0.19991046184480596,-0.23686618903064791,-0.059632940357263263,-0.14072571652965332,0.71581936123895407,-0.14281624450215488,-0.20001678351914387,-5.4916634190400926e-05,0.51416823513103993,0.72516792191278368,-1.1739291762340194,-1.2764426929948829,0.039674057470180352,-0.48427629144671291,1.3694578952139262,-0.72751312105823707,
0.58026580283671869,-0.6017072581487819,0.68081915038813923,-0.098816523850884158,-0.027301069925070004,-0.98402463418982988,0.14555227755877145,-0.13935240186359668,-0.039367656866171968,-0.081103476001837232,0.39930952166256983,-0.31200826150645949,-0.19994962312155223,-0.24273959946356938,-0.060764951913849986,-0.12251866555591202,0.7297983297076116,-0.13173733332954204,-0.20000870328677317,-3.2956506314158135e-05,0.51368975318247423,0.72112793417274723,-1.2035307194923972,-1.2500123036588127,0.026196612681898448,-0.49029528383225185,1.3864955710028926,-0.73169293586620521,
0.5773591809705817,-0.60293052863822472,0.68019824845312749,-0.1039398500767892,-0.028898919062100546,-0.98373945203888502,0.14358986922931224,-0.13269883466542581,-0.042339970948200072,-0.08146239924225003,0.40759962004762951,-0.31644541186228692,-0.19996123059468623,-0.23885774300570928,-0.059460165079833649,-0.1084407419503985,0.7348489430435976,-0.13237487915800863,-0.20000581620023494,-2.2168973452159709e-05,0.51824838808716656,0.71717143406341777,-1.2253281918231964,-1.2281253400916294,0.017990304187107165,-0.49525861238733715,1.3958005016586392,-0.73731663063753339,
0.57473573558002522,-0.60422683210547468,0.67980693677690396,-0.10810123681917616,-0.029457311579857266,-0.98345167894314556,0.14236988648081308,-0.12748604157352342,-0.04430809558160724,-0.082057336748920018,0.41537252005756331,-0.3204672629213941,-0.19994789721241368,-0.23148851461239703,-0.057510168589500338,-0.10029322913699897,0.73604424602728447,-0.14208096121058483,-0.20000715305030489,-2.1964101828519892e-05,0.52271751565707247,0.71526714168199135,-1.239887559848631,-1.2125072576415916,0.010852298306133367,-0.50024457927253041,1.4019389831741695,-0.74401684725237238,
0.57241943755976532,-0.60556929148738847,0.67969767751075216,-0.10982608816350239,-0.028733506854558302,-0.98340670842285416,0.1415056951909329,-0.12623963280727105,-0.044787100695238218,-0.080274004284471817,0.42407516351585317,-0.32520225696826777,-0.19990673536407158,-0.22158618766762622,-0.055812594389825665,-0.10246495204197202,0.7340855246753123,-0.1635614134301932,-0.20001291333301485,-3.2712707197346149e-05,0.52232579851328342,0.71720369020489438,-1.2489950745974381,-1.2036081427292724,0.0018302979006786198,-0.50681126681443511,1.4071171398660338,-0.75319660243301645,
0.57018323869109988,-0.60686619052577218,0.67965988401983801,-0.11049183702548901,-0.027679521871841077,-0.98346445583214603,0.14079439667280866,-0.12707478079165913,-0.044932190264998485,-0.077651176241487138,0.43409794968521181,-0.33182001553588525,-0.19983048657329505,-0.21137514111593547,-0.054593801988303006,-0.1090442135881033,0.73167105901244156,-0.18801135879119293,-0.20002426584214003,-5.5784014164845173e-05,0.51730673988403286,0.71987187842237765,-1.2599875773528808,-1.1927436845591428,-0.0093475615212163608,-0.51458249326997352,1.4140446526484025,-0.76283222415631857,
0.56805919430089846,-0.60805359006613868,0.67972196725068978,-0.11042096278809035,-0.026446983489598345,-0.98362973587770097,0.1399296635399947,-0.12918428325640313,-0.044838192905603834,-0.075116040121660108,0.44508672699202723,-0.34188191580615496,-0.19970997578527533,-0.20161117678267154,-0.053016553482160798,-0.11483569137753187,0.72910215541912404,-0.21055812434088372,-0.20004295032469155,-9.3016928256675849e-05,0.51079563731665067,0.71725191595264071,-1.2753290213279802,-1.1724173734101337,-0.021428757894542825,-0.52029543034027581,1.4216666298006886,-0.76777685516589222,
0.56644064083597279,-0.60895237565876748,0.6798552415586715,-0.10987989772635745,-0.025637640042923918,-0.98389801612509642,0.13861390029060705,-0.13098603845575302,-0.044692736983468935,-0.072144827753982468,0.45345044636799015,-0.35302121605728359,-0.19953762965562183,-0.19578868761085758,-0.051578716327070041,-0.11555485768948569,0.72822232023779199,-0.2236334042401224,-0.20007068122607741,-0.00014584583244231549,0.50712289075665418,0.70898319675155552,-1.2908256397435058,-1.1484285682656092,-0.029504725563860971,-0.52136610947889928,1.4257689534795057,-0.76659396741143748,
0.56498726551711353,-0.60978619843637105,0.67994438674178626,-0.10899324229024571,-0.02517877433650165,-0.98430833570875464,0.13646832127725722,-0.13239856189639504,-0.044591552391171414,-0.067506404840685333,0.45992603497442758,-0.3624764959111863,-0.19931144069267553,-0.19315003630375055,-0.050867047998633987,-0.11476346937485746,0.72920950613800806,-0.23155485206154713,-0.20010843310631835,-0.00021407178954638691,0.50566478743227705,0.69859684293273905,-1.3050709281576054,-1.1247219293793917,-0.034375003473501226,-0.52003343284573633,1.4252180372969048,-0.76419395218168729,
0.5635961854225856,-0.61066242922085578,0.68002799755453391,-0.1083222407662396,-0.024875571592113736,-0.9849028414350528,0.13271733506406008,-0.13244149695989335,-0.044219426706156223,-0.059876337579953261,0.46453139882461397,-0.37058935574151769,-0.19903851638707093,-0.19354312106273591,-0.051299361832666333,-0.11562443232370374,0.73279858797251529,-0.23484820659831793,-0.200155718184065,-0.00029482719954190085,0.5068191819093818,0.6871963675090047,-1.3199152035606794,-1.1003963807248351,-0.035075409596548222,-0.51714996990426187,1.4178659994003404,-0.76264837012723097,
0.56211198831724141,-0.61160402942909553,0.68019426998739674,-0.10815052163627593,-0.024291740976584809,-0.98553189070651925,0.12821961000783552,-0.13131883502912053,-0.043422697606371852,-0.051578692524649215,0.46854270943606852,-0.37936439671742944,-0.19873706099597122,-0.19357052319712342,-0.051827246123476604,-0.11868592639280152,0.73651315078383128,-0.23758766352854493,-0.20021006800851188,-0.00038209378424769214,0.50928070419874061,0.67564792828143849,-1.3370599604798776,-1.0736822216230388,-0.035351159946161163,-0.51511039014221938,1.4097581581428527,-0.76279602159835924,
0.56044206957390619,-0.6126129213781718,0.68049543333928886,-0.10744119688865066,-0.023783681613310979,-0.98621864098397183,0.123545610507936,-0.12931854996566519,-0.042338858284286435,-0.041419926628959776,0.47095105358839279,-0.38923451369766027,-0.19843561596642126,-0.1951287459714246,-0.052667123152549483,-0.1203588212618084,0.74126226317885979,-0.23861239112703822,-0.20026693411226762,-0.000467102493693365,0.51006927691435022,0.6662017176051267,-1.3564266590344383,-1.0477188820271843,-0.036608884375043331,-0.51442723140231827,1.4055766413653172,-0.7607050238315799,
0.55899772231291145,-0.61344990162798896,0.68082426381982386,-0.10609761325766735,-0.023538520626848348,-0.98682318352632448,0.11987176048884864,-0.12729852582217172,-0.04091804500426275,-0.03011203408652826,0.47121482283830118,-0.3970983275095597,-0.19816919440537131,-0.20002636661585924,-0.053583329449052482,-0.11740120828094164,0.74760708175724988,-0.23265140987106511,-0.200320153861444,-0.00053965337031013538,0.50705882700545957,0.66182516187425389,-1.3711959262693056,-1.0302232282790234,-0.037542401160143409,-0.51399899700309193,1.4070607108547064,-0.75354869325346996,
0.55777485512202662,-0.61423933771966222,0.68111429532524093,-0.10482877790852206,-0.023395754249552585,-0.98736337928529183,0.11652091336592291,-0.12509485367263581,-0.03906612731155186,-0.017047643588954442,0.47048332639820717,-0.40298602960805779,-0.19797299860409637,-0.20879257467434945,-0.054622850262432021,-0.11002765882982166,0.75709174646994215,-0.21839574572651654,-0.2003629630457717,-0.00058999497272076173,0.50212807105481239,0.66009901105141866,-1.3810649802450243,-1.0182880416670017,-0.035525186782720174,-0.51123010867608354,1.4096028273734429,-0.73998562235212473,
0.55708439177389879,-0.61554627447707488,0.68126924507692177,-0.10576801440392739,-0.023457649138132527,-0.98768271669952346,0.11289693068906577,-0.12051504053241199,-0.038444616317117722,-0.0040070413337058661,0.46822699556011133,-0.40473188535635851,-0.19787508353091932,-0.22501233056440259,-0.057758648480840433,-0.096751087767777105,0.77639828984672998,-0.15941632027551572,-0.20038935121433515,-0.00061089417489433692,0.49635089611459665,0.66658366135971037,-1.3817722585648924,-1.0245466817711533,-0.021026340344476969,-0.50178087160444418,1.4106334891936918,-0.71244149088689013,
0.55663710970358415,-0.61728878399117226,0.68684272404591606,-0.10831086725812923,-0.023911291467978806,-0.98782900087598413,0.10904527134397117,-0.11411030708219669,-0.039934008402665026,0.0058795915936558172,0.46531315802964901,-0.40522684857665636,-0.19788998944553668,-0.24597881900073965,-0.059908649555510153,-0.075999610291731745,0.80240152443031076,-0.049013931508762446,-0.2003953861844367,-0.00059930799828191307,0.49002769790281753,0.6796021888378645,-1.3789417448736658,-1.0447280514975239,0.0022212612201817205,-0.48778934451488759,1.4101916529068725,-0.67598529150455722,
0.5558020609146398,-0.61934058222599886,0.69079371230233444,-0.11222940232463996,-0.024589088630427341,-0.98786552007050166,0.1045067090191646,-0.10419238778259529,-0.043317812418230656,0.011035389459857367,0.45982058596017017,-0.40276413304114356,-0.1980153648746118,-0.27704737059569984,-0.06203599859397213,-0.053442496434271909,0.84655189293213118,0.027155607414292418,-0.20038013440431493,-0.0005570767392765575,0.47851145822830737,0.7019365900369775,-1.3745228121055804,-1.0837532439680604,0.036769097290400211,-0.46690665416106025,1.407265047896024,-0.62897327594058716,
0.55456243765734958,-0.6210662421543357,0.68525612028779825,-0.116216804593088,-0.024579824268617448,-0.98789639050099154,0.099750730344233388,-0.093173976061740993,-0.045975846080841182,0.012690185658030866,0.45303641940627798,-0.39889169598012231,-0.19823258832046367,-0.30999278235386496,-0.065346244031888739,-0.041671532334535299,0.8965933517186413,0.011714628525790072,-0.20034588979054621,-0.00049042522754718656,0.46281541214405142,0.72485167298391506,-1.3716101880332274,-1.1234065271206248,0.070408251881815653,-0.44641865842529072,1.4021336882038606,-0.58681385223199978,
0.55314582448389493,-0.62268589901920635,0.68191207972131973,-0.11979024510607177,-0.023226764160015595,-0.98806965511338618,0.093963669831463523,-0.082383017257323762,-0.046488741164744961,0.016465492411690034,0.44632133533838059,-0.39576764114334306,-0.19851106364370896,-0.34164949008484774,-0.072875992081223584,-0.04448119289144202,0.94479849980495101,-0.055881274886608497,-0.20029763408496828,-0.00040856190164612234,0.444922124181173,0.74380253163784782,-1.3703684501471254,-1.1539673561363062,0.099633180505581898,-0.42890068917549495,1.3951649753606461,-0.55293161570460914,
0.55160940232837485,-0.6238026852942864,0.68274370584523503,-0.12283530438888526,-0.019657960944814031,-0.98840069411684162,0.087115557947634592,-0.071946562539552908,-0.042906369222385526,0.023385604828015976,0.43905347131743322,-0.39366095857313355,-0.19881501130658305,-0.36775699104474163,-0.084569604888775143,-0.064583139155117458,0.98208122313571233,-0.12554314392888716,-0.2002418880625739,-0.00032168030136658639,0.42216173768051812,0.75988101591466151,-1.3709811028845196,-1.1768516846457751,0.1242945941965645,-0.41577538626626165,1.3798261978492661,-0.53127698298709525,
0.54990490284230742,-0.62436500174993659,0.68367186749037634,-0.12558603770079521,-0.015526452345724822,-0.98867972723646902,0.080619311357712053,-0.060895346651720479,-0.037239151934845421,0.031301544877760011,0.42990895140175911,-0.38865993780916225,-0.19911073423727593,-0.39028849342542987,-0.097820828998387732,-0.091936545491822383,1.0141962657555701,-0.19299909768681939,-0.20018532690964994,-0.00023894371450548617,0.39591694930637789,0.77821814532955003,-1.3723725037408232,-1.202829502710588,0.14835392814790824,-0.40207292349418466,1.3596157304509786,-0.5120373530079565,
0.54821207702168862,-0.62409815330748708,0.68442208741723165,-0.12887179025005185,-0.011990226897320298,-0.98862205970333261,0.076646716854915253,-0.048375906135766478,-0.030073609560016694,0.040663719576426532,0.41809819954687982,-0.37692769945284949,-0.19937233707561797,-0.40634010240184976,-0.10932611993166176,-0.1211968740383798,1.0368455054058003,-0.2515147726192975,-0.20013353309143669,-0.00016703371569035293,0.36454580924704227,0.80544703514799698,-1.3726867814932855,-1.2463842204755597,0.17258403728241761,-0.38537003598433023,1.3332542085896244,-0.48902879807886523,
0.54700736118299553,-0.62341240772259554,0.6847676576747117,-0.13109986917652972,-0.010309646795452619,-0.98836515881127196,0.076425442967764046,-0.038913403120453952,-0.024739814882048045,0.047258731339501037,0.40754253868047258,-0.36281243156051013,-0.19958468785472061,-0.41530799588573192,-0.11517653344654179,-0.13963537842644069,1.0462094577741023,-0.28352717557110863,-0.20009019127650016,-0.00010954927636165587,0.33437294009303148,0.83555593060069155,-1.371830058697608,-1.2988645213471983,0.19049606703156188,-0.3684770784670981,1.3088957905932319,-0.46321906075370817,
0.54616443997471864,-0.62284601495149661,0.68490714776930162,-0.13226664278391445,-0.009541016825415128,-0.98812349404076616,0.077630308058628208,-0.03273327066409449,-0.021615585979457508,0.050083483937030437,0.39951512115876431,-0.35035753617917564,-0.19974347791795238,-0.42281324879299353,-0.11725641896881235,-0.14840620136483498,1.0495050246686728,-0.30304284771843959,-0.20005686154580019,-6.7140844320943657e-05,0.30462392682783973,0.86400041033327546,-1.3711087914155076,-1.3503875650626131,0.20433053695065073,-0.35131862372214462,1.2860731210409675,-0.43481968093734452,
0.54559594901958286,-0.62233295365888364,0.68482266933055247,-0.13171148846575376,-0.0094536574431796517,-0.98803380949815955,0.079698829700549381,-0.031081403754296653,-0.020829774519577141,0.047436852604970867,0.39520020006858836,-0.339272636252688,-0.19985291807393735,-0.42787775181650428,-0.11281150337109534,-0.14405309367052699,1.0425734502467014,-0.31697655783243106,-0.20003327808515198,-3.8251860797214863e-05,0.27426746944782154,0.88780330149355124,-1.3720924601013216,-1.3970768504890276,0.21415291334813114,-0.33194348598546486,1.2659183364442572,-0.40079367959618112,
0.54502338545086948,-0.62175192098723908,0.6847028510823634,-0.13085943072060294,-0.009237142106104216,-0.98805486997133951,0.080858261934761436,-0.030284927289518641,-0.019991160166467979,0.045640013796252349,0.39189996518777481,-0.32868763962541681,-0.19992228373337415,-0.43112394018247929,-0.10493109321661621,-0.13515662141057933,1.0302096799665155,-0.33386754846264266,-0.2000179493695157,-2.011927243732846e-05,0.24329551467744748,0.90739149550153664,-1.374643943145911,-1.4382743822293567,0.22327446236301576,-0.30920337474362847,1.2477942733565122,-0.36228357680878948,
0.54441663403224305,-0.62119895454701413,0.68463875086520409,-0.12966927917164583,-0.0090061459633139478,-0.98817593866409992,0.081320855992288762,-0.028930578222899489,-0.019211788349423636,0.044626955156088298,0.38722324003438446,-0.31748013155886862,-0.19996252177147425,-0.42835164717861285,-0.097304306039651262,-0.12671470061351228,1.006549329758136,-0.34971453317231993,-0.20000883584754853,-9.6845956253828361e-06,0.21199655777607948,0.92133816805231994,-1.3796589038228848,-1.4746235752721373,0.23228087161401659,-0.27847310906032341,1.2301350731606571,-0.31328798249594947,
0.54391779372650229,-0.62084581371107195,0.684693660260555,-0.12820135431718341,-0.0089135546528397291,-0.98838822322030506,0.081078243037814676,-0.027080587820939989,-0.01895411394615272,0.043820081501982341,0.38133407102916173,-0.30890790539367091,-0.19998372671268433,-0.41996518028800545,-0.093479049345292317,-0.12339508777163222,0.97666057598895073,-0.35878718787339253,-0.20000391551089644,-4.2141198196761949e-06,0.1863408342602656,0.92809068461625044,-1.386195787007291,-1.5001878764739998,0.23950263832466695,-0.24708280915813904,1.2129585765991169,-0.26666859934076848,
0.5434375598213409,-0.62057142764979256,0.68481516059472014,-0.12631172128667081,-0.0088730458957531292,-0.98861788121748539,0.08124840342542422,-0.02545030628492434,-0.019015862666373985,0.041849359361021153,0.37515866241686918,-0.30172513542222895,-0.19999376046196765,-0.40859467573858205,-0.092328513845000029,-0.12525000133250741,0.94359370027391543,-0.36452251419263043,-0.20000153190230552,-1.6279769362242711e-06,0.1613881339720824,0.93270062461496983,-1.3938796743635522,-1.5211664371452254,0.24477368696563465,-0.21613041655709622,1.1919734997334732,-0.22219566057173384,
0.54282872101984148,-0.62036026886125806,0.68485316020398046,-0.12305910422855665,-0.0088593600432451038,-0.98902624139227158,0.081271535260293584,-0.02616907096442278,-0.019571011891859447,0.040106390735707188,0.37054726591246528,-0.2942107215527282,-0.19999794870526871,-0.39338884747712205,-0.090665547780736308,-0.12860526133319411,0.90277122191947745,-0.36644975030547355,-0.20000051363127752,-5.4376903756846012e-07,0.13372228565208705,0.93714723236220987,-1.4043985334468443,-1.5387970223370306,0.24749397029494458,-0.18567311718707241,1.1622349167368871,-0.18235009717744877,
0.54209700303092923,-0.62020006711100639,0.6847925964596725,-0.11946137488804814,-0.0088149458455776906,-0.98951451718525996,0.080698803703762673,-0.028011643232252668,-0.020414339438215089,0.039741962968736722,0.3674708069622824,-0.28623133016091895,-0.19999944973122744,-0.37560277213447973,-0.086206612431736759,-0.12845785652323743,0.85593428522931203,-0.36888227111017513,-0.20000014006112399,-1.5090185764117874e-07,0.10332811725476301,0.94268095670123264,-1.4160977796576095,-1.5558324574113562,0.24964523618538148,-0.15841879542752862,1.1281941506692519,-0.14745241665467751,
0.54115129765034153,-0.6201603481410789,0.68470563934395268,-0.11563494638047089,-0.0086362804351016106,-0.99023327292959873,0.077408261955470292,-0.030411524205994425,-0.021275515800652879,0.04346585784067309,0.36630297172128801,-0.28101131342111835,-0.19999989142621064,-0.35330913032507549,-0.076160361413656549,-0.1178365896694418,0.79855623903854889,-0.37334760087617186,-0.20000002783127474,-3.1771693372960822e-08,0.073738900034341026,0.94940462796728786,-1.4254154341969794,-1.5713604457687413,0.25663162162556302,-0.14940921470454255,1.0922251600751378,-0.13627106400808628,
0.54019834643945563,-0.6202830065126741,0.6847459365311801,-0.11257830011685065,-0.0082655962362406573,-0.99102635169430264,0.071586147466812744,-0.031639401276753416,-0.021595333627943844,0.052486255258596973,0.3656922605695887,-0.28114845291686263,-0.19999998795105156,-0.33115217671789848,-0.063849452791378269,-0.098628577268720735,0.74327701311636851,-0.37737897969949369,-0.20000000305696897,-3.9448311634465627e-09,0.05543124437727432,0.95443867513916636,-1.426906782552156,-1.5810598706241976,0.26943471457632212,-0.16249171008702773,1.0624158144013434,-0.15547335850384414,
0.53925578512159078,-0.62043068228452702,0.68478857647131908,-0.10978542967938935,-0.007763551888023008,-0.99180980627483006,0.064808910415758703,-0.031741786089017648,-0.021069259435299047,0.067009909584982319,0.36368110322516595,-0.27970512129178737,-0.20000000000000001,-0.30958032183063755,-0.052068642265635609,-0.076881726826084934,0.6903352628590711,-0.37865762358834665,-0.20000000000000001,2.7020351017412181e-18,0.045912573252308929,0.95767499180914761,-1.4221948398090543,-1.5883515702156394,0.28467424162209903,-0.18202979017695825,1.0348479683228786,-0.18744331365923297,
0.53806707143518429,-0.62060546934246763,0.68492605036339027,-0.10635531398587604,-0.0069594087025264496,-0.99268633104635118,0.056691815733939555,-0.031704907579079469,-0.019994213636295687,0.08190283352432523,0.36138272580412367,-0.27958138229076834,-0.20000000000000001,-0.28797887573544034,-0.042234488000054839,-0.054527452425477879,0.63922429712281326,-0.37663544555686401,-0.20000000000000001,1.7494618492590319e-17,0.042846071990732842,0.96011257482464885,-1.4105415580517859,-1.5919823821678249,0.29919156472559016,-0.20493180427596289,1.0098062633556135,-0.22897479896505774,
0.53660970535549701,-0.62073753172194834,0.68509411833350875,-0.10204760351184458,-0.0059133325550107148,-0.99359335681462735,0.048203323634616373,-0.0325766601883309,-0.018681498422034731,0.094791849053769417,0.36007278395593723,-0.28122220569065837,-0.20000000000000001,-0.26609673817290391,-0.03421594305514853,-0.036438285736886705,0.58882683150205783,-0.3747544651861876,-0.20000000000000001,-2.342554318926493e-17,0.03853186937794547,0.9629718621439558,-1.3983318230440902,-1.593852917552911,0.3115277634245851,-0.22674706656714708,0.98659461989633579,-0.26915335933200546,
0.53461287052114481,-0.620746110227262,0.68538073319374349,-0.096782923044044622,-0.0042973303332884275,-0.99454423037648265,0.038682975375568654,-0.033752502744962137,-0.016606892690064066,0.10866385840631437,0.35915839711413394,-0.28555474529040009,-0.20000000000000001,-0.24305209291758295,-0.028210967030989471,-0.029469863916438965,0.54052554619936499,-0.37444982623116219,-0.20000000000000001,-3.0161149185831126e-17,0.032922073924943479,0.96554917100020554,-1.3902972472843869,-1.592317698294837,0.31926590135930855,-0.24480973448074039,0.96499577284262528,-0.30313743962632356,
0.53248403754450613,-0.62062087861960225,0.68563550922366723,-0.092000295862960602,-0.0025502580031169756,-0.99530818686042266,0.029850542940843525,-0.034260687200205184,-0.013921810829505691,0.12511111536992964,0.35811098697902938,-0.2890587545444655,-0.20000000000000001,-0.22541883638998403,-0.024641434842702939,-0.032510220617212565,0.50754410969986297,-0.37507438714439367,-0.20000000000000001,-7.8238739271985214e-17,0.027075906899559153,0.96673007068065075,-1.3896566686987752,-1.587650113505827,0.32099875645714054,-0.25305910657484099,0.94839783731610461,-0.32220023478766635,
0.53019302522757339,-0.62052228894900174,0.68581198125657794,-0.087667157710753257,-0.00098717714866577966,-0.99592596161689184,0.021094404890026223,-0.034095450470531169,-0.01147421770875672,0.14095238531899318,0.35752313126268354,-0.29302918696329788,-0.20000000000000001,-0.21171964870734425,-0.021359285200039498,-0.032919254169478912,0.48387834777990602,-0.37323450536880898,-0.20000000000000001,-1.9312351197398048e-18,0.019707740986330255,0.96751028603653655,-1.392512347801834,-1.5816358562710338,0.32059596890964021,-0.25555844377286058,0.93376158084730077,-0.33347398851529991,
0.52771847231360236,-0.62041008642582662,0.68572379301195419,-0.083825245761645212,-8.1755306720232148e-06,-0.99640187059398511,0.012515605577344697,-0.033991453058417956,-0.0095402934906999911,0.15714061539815247,0.35849644773599598,-0.29539455853164942,-0.20000000000000001,-0.20626935975994104,-0.018525395506821911,-0.025552316012221549,0.47460820365508066,-0.37184140112697206,-0.20000000000000001,4.038653092508504e-17,0.010929779865492623,0.96617634633055638,-1.3972144998608624,-1.5731198115237921,0.31764739541711001,-0.25148920334597347,0.92042816566945906,-0.33441324249119336,
0.52530370722048558,-0.62038363130414087,0.68554957165933605,-0.080887295166450254,0.00058773883113777067,-0.99671369710210223,0.0043250494541600933,-0.03326881317739222,-0.0082697884873223198,0.17285913370519965,0.35959889114062826,-0.29652732377186319,-0.20000000000000001,-0.20311069950738142,-0.01640318396069558,-0.016629877083467595,0.4683443915117686,-0.36732507393374703,-0.20000000000000001,5.1906179007743525e-17,0.0037115834531400126,0.96285782089373373,-1.4010961708429266,-1.5634667021884485,0.31448999690871704,-0.245454207371336,0.90550845915556577,-0.33158556237071507,
0.52291311422006737,-0.62035864670421703,0.68489945793040918,-0.079642215917778911,0.00072415682059405299,-0.99682072792737031,-0.0022426357156031611,-0.034609873125020327,-0.0068711466457379421,0.1872376764217388,0.36607118888744422,-0.29208697366366221,-0.20000000000000001,-0.19965526651747392,-0.016448207463629461,-0.012976391291767309,0.4630476863454604,-0.35900142066601426,-0.20000000000000001,-3.0005295123536335e-17,-0.0029123118841930667,0.95982506572742232,-1.4073569884880359,-1.5555596162843248,0.31191001480056446,-0.23748693162564527,0.89014366387181998,-0.32485904887179345,
0.52093732022826755,-0.62015413251762175,0.68375000623425986,-0.079932834935471694,0.00060287980018355804,-0.99678814209228406,-0.0048762915558533092,-0.040426832806043936,-0.0045313515824272534,0.1958732744846525,0.38044492483950926,-0.28259400046492689,-0.20000000000000001,-0.1941842898990282,-0.01862881331740443,-0.019289083977303348,0.45722919837346954,-0.34856452991973275,-0.20000000000000001,-2.9151485912704e-17,-0.010202380137373894,0.96098528798974092,-1.4161680525811118,-1.5546447162255794,0.31106220910269872,-0.23042018051597338,0.88096473737600234,-0.31715225391603963,
0.51906068970739061,-0.61960982582176782,0.68229684878459829,-0.079965923928660809,0.0005432994912700237,-0.99678727805874701,-0.0045031251517983033,-0.052377125384149431,-0.0004867854856213296,0.20091517759118724,0.40384771481330639,-0.2716319799731558,-0.20000000000000001,-0.18780368174678971,-0.021070623294603991,-0.031194561179572727,0.45095478042332399,-0.3427496173233322,-0.20000000000000001,-3.0330555775281987e-17,-0.021416240384683517,0.96696936648891207,-1.426869889153765,-1.5604514478509153,0.31055852621191687,-0.22382030042871143,0.87863914543084332,-0.30795267449616653,
0.5172758900506691,-0.61859725154489098,0.68246297005581313,-0.07978875931684766,0.00068307055772922189,-0.99681142116863819,0.00052718976766266364,-0.077529269220877189,0.0067492890118120629,0.20033656567659783,0.44749686045061482,-0.26685887211059628,-0.20000000000000001,-0.18099364577488086,-0.02198407097635461,-0.04472716502216259,0.44467557857523493,-0.33847169936554178,-0.20000000000000001,5.5429836068321414e-17,-0.038860787755703431,0.97810641744133986,-1.4390902983442526,-1.5739488049990968,0.31042477861214496,-0.21609422375949466,0.88345392809737588,-0.29479350071409011,
0.51547883878554113,-0.61727103726934851,0.68254173462663059,-0.080207405734548695,0.0010209575579593364,-0.99675375412518641,0.0069053130519657431,-0.1102949174449612,0.016525559122959946,0.19961313418593926,0.50382580276067512,-0.26606540079586505,-0.20000000000000001,-0.1738862947838202,-0.020883999899823744,-0.054289565348893593,0.43931566328823107,-0.33553093877309076,-0.20000000000000001,-6.9117888495950908e-18,-0.057561540986601475,0.9889823598248737,-1.4513975838520656,-1.5872105862993258,0.31120280378157678,-0.20743377368084742,0.88788266062336052,-0.28082408539657777,
0.51373915653731717,-0.61545478622331673,0.68242617212377288,-0.082746577517309711,0.0015985277412113425,-0.99650747918030191,0.011103718113902107,-0.1511076773846127,0.030874029457384371,0.2038609952705869,0.57178429756326654,-0.25624929252234774,-0.20000000000000001,-0.16564136825155906,-0.017009254327618208,-0.058112906030195283,0.4353324572496669,-0.3330141059588323,-0.20000000000000001,3.1387652893455353e-17,-0.072174962678328861,0.99297082371616097,-1.4637330246717515,-1.5897503474071399,0.31699945842716476,-0.20254289958536548,0.8887819664912503,-0.27559946331658725,
0.5123973416407579,-0.61381363382465537,0.68215793390388213,-0.086793498647530401,0.0020581991080589296,-0.99616833577814157,0.010549843693657935,-0.18653683137144028,0.04593969736531836,0.21421171856170737,0.62809679991150413,-0.22901140176088369,-0.20000000000000001,-0.15793110767555302,-0.012530381109861318,-0.056289661968484561,0.43267675852862403,-0.32865255464308252,-0.20000000000000001,4.946672411965114e-17,-0.078604094487189649,0.98826241030248574,-1.4741278215912581,-1.5786725796826611,0.32756596660641074,-0.20485303055792259,0.88633851514486461,-0.28372555316031994,
0.51120287803876252,-0.61275615570271114,0.68184332095513567,-0.090966318767761262,0.0022177727390833694,-0.99582854263738474,0.0067619525746733201,-0.21436509358717865,0.059902366299000566,0.22761227848026974,0.67049936743120164,-0.19348218004992734,-0.20000000000000001,-0.15159697032723746,-0.0091645865286936537,-0.050897480192520633,0.43131806616792207,-0.32254224807365828,-0.20000000000000001,1.3308581667259567e-17,-0.081090927014722161,0.97894858825035636,-1.4843673916160063,-1.5601839291514255,0.34076327948478002,-0.21231604405633978,0.88309223514857116,-0.30069573359421958,
0.51013061868570131,-0.61287593418375097,0.6814794870608023,-0.093783395607380513,0.0023613102797465624,-0.99558899306452953,-0.0012867831473584693,-0.22924118074151242,0.068611728688478951,0.23086326241529828,0.68934656753600598,-0.16862818540834751,-0.20000000000000001,-0.14920845777550976,-0.0078682125644133002,-0.041548131990655796,0.43268367439110794,-0.31506105458813083,-0.20000000000000001,8.7088539504898144e-17,-0.082117096368635428,0.96487930120934062,-1.4959597526124426,-1.5323782663352219,0.35547045665518501,-0.22773574711285893,0.87674202790756073,-0.3315861057483841,
0.50901393967176778,-0.61344106770516804,0.68111744753328907,-0.095359230622434302,0.0027627302417958756,-0.99538070907768894,-0.010780930048265578,-0.23865496351095156,0.073640289747114174,0.22327382795169801,0.69807475698088295,-0.15774583042193172,-0.20000000000000001,-0.14890297707747827,-0.0070330104029162751,-0.030947577365629503,0.43482090450633232,-0.30747181412043767,-0.20000000000000001,-2.4313233717987437e-17,-0.083698584574792775,0.94882764840007061,-1.5088564663217561,-1.5005857688820086,0.36853277751889679,-0.24548511751677027,0.86745774132681852,-0.36662455549555523,
0.50770704972267566,-0.61367134005403157,0.68066968014067075,-0.095056988274272641,0.0033105581356395017,-0.99526172716940753,-0.020181764462581672,-0.24349669470180407,0.074880692587518949,0.20732280942719325,0.69933906830949888,-0.15555096771695709,-0.20000000000000001,-0.15062038120085175,-0.0048251332247234843,-0.018610859622492787,0.43648225748174191,-0.29653615151530194,-0.20000000000000001,-5.3722217646656745e-17,-0.087881325576315963,0.93235445833540442,-1.5252014592886813,-1.4656457431073289,0.37419300985546672,-0.257860703711561,0.85749444369992767,-0.39014667967440719,
0.506507134933183,-0.61313807754959337,0.68018774072146682,-0.093944316115883844,0.0036284641729328968,-0.99522327601168681,-0.026304573781580184,-0.24375432881683923,0.075057955682922853,0.19827218143023909,0.69816352230775958,-0.15730249145635966,-0.20000000000000001,-0.15280760575618824,-0.0013426878507955074,-0.0080761365167152932,0.43788844955570122,-0.28556699695472143,-0.20000000000000001,-6.4293188828390413e-17,-0.09296888695226653,0.91997156324247586,-1.5412987795034963,-1.4366914609702277,0.37127442149081902,-0.25792301835732029,0.8525928112276373,-0.38907076264884072,
0.50545533371834339,-0.61229308801934301,0.67980004839243302,-0.092195474265335878,0.0036325418303173513,-0.99528138411388456,-0.030029412268490336,-0.24298539802647595,0.07586408592415865,0.19886162792660009,0.69809514855388244,-0.16233023378074035,-0.20000000000000001,-0.15527823130181478,0.0019468908697569867,-0.00084908613299815305,0.43922121265386732,-0.27673419036680214,-0.20000000000000001,5.8601127422841515e-17,-0.099372595735220698,0.91071551418235552,-1.5567395084971223,-1.4126084497692164,0.36481450869192555,-0.25016048416969766,0.85349869435023018,-0.37252767776593687,
0.50446184790750115,-0.61162494159018943,0.67986516754609017,-0.08917140037610459,0.0033971128761991465,-0.9955363697105678,-0.030728774179503572,-0.23902426726873061,0.075874233999256205,0.20729267741125204,0.69595732291183343,-0.17131159074667004,-0.20000000000000001,-0.15686406697588018,0.0032398867270820846,0.00026899887202240513,0.43834966125512326,-0.27407443191610154,-0.20000000000000001,4.469623456071492e-17,-0.1047165089364296,0.90665538576796445,-1.5656446410716949,-1.4002362345566772,0.35846674949243534,-0.2365709271176123,0.86342049216271632,-0.3464990625343195,
0.50340764526541237,-0.61129834345371359,0.68023228846353989,-0.085077423971681693,0.0032647253864973753,-0.99589523959627091,-0.030722064513631988,-0.23368576995094109,0.073694290876996388,0.21139783770982509,0.69097749586381174,-0.18141829583922173,-0.20000000000000001,-0.15780837923750943,0.0033211441739029578,-0.00061198698935058249,0.43508625223860553,-0.27440567207792188,-0.20000000000000001,-4.5319650809894085e-17,-0.10867690306886794,0.9045238004315983,-1.5691732933635822,-1.3940254323413854,0.35453305674343188,-0.22434337765818713,0.87592915067239652,-0.32466542273006255,
0.50218046497719238,-0.611093009111213,0.68075559367480531,-0.080837819031519417,0.0034375305164101168,-0.99625273430294459,-0.030560101310084003,-0.22515304283904947,0.069444842061491818,0.20857831021335602,0.68145879264494469,-0.19317505125972523,-0.20000000000000001,-0.15687824976020745,0.0031608204681903684,-0.0022843891364707491,0.42880347821993325,-0.27481634260291044,-0.20000000000000001,9.2184289715580015e-17,-0.11277887030006276,0.90509421453069794,-1.5661028352083892,-1.393287783197932,0.35541987985465523,-0.21825936310240954,0.88669829650726306,-0.31476191787110253,
0.50103178676319993,-0.61082268349828561,0.68109874056006381,-0.077772070190556181,0.0037786484482208527,-0.99649796259403878,-0.030480115815225278,-0.21614829216237291,0.065714221082684307,0.20336340751114743,0.67069135687915593,-0.20338402090673974,-0.20000000000000001,-0.15495601754639646,0.003489480669031297,-0.0035298649198360066,0.422361564862623,-0.2724633404244064,-0.20000000000000001,-7.0473141211557788e-18,-0.11789807630306096,0.90738436950988932,-1.559748834909195,-1.394883515859322,0.35945850253177286,-0.21935562686739721,0.89145515050500368,-0.31669604663254569,
0.49983915537273793,-0.61040495587639165,0.68123760232846498,-0.07567138811484464,0.0040312452392371485,-0.99666405783877643,-0.030304222394540566,-0.20787646804170945,0.063128062386805461,0.19951854913760733,0.66133700028035114,-0.2108241524353171,-0.20000000000000001,-0.152647311947784,0.0042430015011962387,-0.0042829583822601575,0.41695542333298347,-0.26758336927854443,-0.20000000000000001,-7.8414922125014108e-17,-0.12371126333777155,0.90995349730182351,-1.5538754604330924,-1.3960170412858297,0.36448343580554121,-0.22301093041609768,0.89401717274300108,-0.32219870635076281,
0.49839719675285343,-0.60971491179443849,0.68123945222080173,-0.074302954876887942,0.0040940773493050968,-0.9967798884120187,-0.029869105854457366,-0.19966635583656439,0.061590581641968449,0.19672671737593647,0.6525520007780572,-0.21497250590038841,-0.20000000000000001,-0.14957330483058495,0.0056896551847744527,-0.0042352041313190175,0.41211206643789422,-0.26076621933982097,-0.20000000000000001,-5.7272979761546772e-17,-0.13177639764199575,0.91248944099686291,-1.5498658548001671,-1.3964693400206571,0.36890942679317701,-0.22659796884369554,0.89472656522140548,-0.32761357797093621,
0.49668379989745293,-0.60890829388467393,0.68124084944512653,-0.073464328534512874,0.0040961547182265783,-0.99685061304121225,-0.0295815690736153,-0.18992123449912268,0.059902815184871561,0.19255790125400149,0.64276290218704435,-0.21879575471901808,-0.20000000000000001,-0.14528210727017957,0.0075692597968750521,-0.0027071288680507039,0.40683551054760703,-0.25352673794631847,-0.20000000000000001,3.5155255442842481e-17,-0.14181610969804767,0.91455211902765132,-1.5477547894730328,-1.394961354809066,0.37287420349657213,-0.22851268497120153,0.89566921105444708,-0.33085498551893922,
0.49450014605842718,-0.60802685266534118,0.68111596794541462,-0.073974436780019817,0.0042972651946309908,-0.99679412779859633,-0.030179181585350993,-0.17612103783876104,0.058042960213910991,0.18492466371906721,0.63025226926068956,-0.22500847321131912,-0.20000000000000001,-0.13868953022482133,0.01000788966089553,0.0002697460605593921,0.40089051977088513,-0.24225348399805172,-0.20000000000000001,-1.8973538018496328e-19,-0.15827530166120893,0.91790490500838118,-1.5497170000845917,-1.3898509683323752,0.37634449143787269,-0.22930194113639837,0.9002055809867624,-0.33180830085423713,
0.49228657327304026,-0.60731283745003106,0.68087870322608424,-0.075862765898662185,0.0046260511975876623,-0.99659902976614345,-0.031840450212008965,-0.1613593272320048,0.056526165760136804,0.17850768994285945,0.61846971193012679,-0.23233911685276679,-0.20000000000000001,-0.13098767654814114,0.012047255790704424,0.0031382581975050311,0.39564422358029172,-0.22927114516512972,-0.20000000000000001,1.1438332919722072e-16,-0.17818646230436022,0.92288355691169355,-1.555305101505017,-1.3828934632867966,0.37877605965207256,-0.23064099009990377,0.90771115478103781,-0.33236118649518837,
0.4900639235588542,-0.60669503674362057,0.68069193595450184,-0.07811057160912202,0.0048718648904170969,-0.99636314902882728,-0.033696866215488903,-0.14737961517288417,0.055593104777560146,0.17739445320973732,0.60846245985480529,-0.23907579783988564,-0.20000000000000001,-0.12302364336335478,0.01349913915237407,0.0049469319632513137,0.39094216640087165,-0.21835847207386008,-0.20000000000000001,-3.8282501084105358e-17,-0.20011113754096463,0.92972503184084232,-1.5621341335036756,-1.3776992646730006,0.3798391476814082,-0.23287430860108044,0.91502835518375114,-0.33315595853688318,
0.48796368400407464,-0.60607172174082269,0.68056011910641179,-0.080638991423478815,0.0048720023681504921,-0.99613065045517102,-0.034602657107313382,-0.13866049773912842,0.055924109210605685,0.18000207427350209,0.60510061322185926,-0.24000520490445751,-0.20000000000000001,-0.11594263708577363,0.014363089380997949,0.0046703994388968967,0.38876212923151277,-0.21267502428714979,-0.20000000000000001,3.5194218958416179e-17,-0.21196284600071835,0.93582152425512422,-1.5607599055167789,-1.3773416896555593,0.37726219921212822,-0.23393268155935326,0.91705925342646299,-0.33030888392271462,
0.48605497935604491,-0.60535406119991808,0.68039066233590684,-0.082752685486810057,0.0047919448108717025,-0.9959727453238969,-0.034166077937489804,-0.13506266280064527,0.056998372594689997,0.18001295114745527,0.6068628395146396,-0.23713962379615242,-0.20000000000000001,-0.11049563100545381,0.015261147182705067,0.0024295926390175832,0.38848963355531785,-0.20922301956257155,-0.20000000000000001,-1.3332298589782687e-18,-0.2092547788579871,0.9378092459343994,-1.5499582656051107,-1.3788886284494744,0.37153942897335063,-0.2314319784153353,0.91674083014241992,-0.32024838314762966,
0.4843035951947311,-0.60452033731140631,0.68012633831556557,-0.08382061484807922,0.0046887278933814194,-0.99595234740110017,-0.032109843716066976,-0.13825726890334,0.059138520282475605,0.1773498283183613,0.6151734220518732,-0.23001600225207422,-0.20000000000000001,-0.10760286768945634,0.016240486887998985,-0.0026882064279060564,0.39085201112211454,-0.20828482044315599,-0.20000000000000001,-8.9396333709251688e-17,-0.19289018555427734,0.93415308252546425,-1.5335683299525287,-1.3777129577545455,0.3655970995214769,-0.22432178479805204,0.9202767405818697,-0.30189713228140014,
0.48289504542403394,-0.60385307142921041,0.67993777886379758,-0.083574112598056041,0.0045524394832392543,-0.99605668236898648,-0.029423264711565207,-0.14536639379088695,0.061144891127392631,0.17386657640621375,0.62553950384311063,-0.22195626826179965,-0.20000000000000001,-0.10681461584218203,0.016910094327007623,-0.0082809653160738766,0.39368005560090807,-0.20985697259825178,-0.20000000000000001,-4.6929013409677256e-17,-0.17669903613348806,0.92901022219638429,-1.5214888299560314,-1.3737261557773448,0.36365285764056426,-0.21665348889722275,0.92750152519694418,-0.28574918851943759,
0.48153252334041996,-0.60334326470522348,0.67986784370086983,-0.083020134381117397,0.0044028103466682272,-0.99617187828899445,-0.027015948152330355,-0.1516158060542564,0.062747445910071753,0.17141341583584083,0.63402630695570161,-0.21472687928251141,-0.20000000000000001,-0.10574686973363961,0.017332774991489511,-0.01298090092829704,0.39525282505800541,-0.21212322202068234,-0.20000000000000001,1.6578128843661166e-17,-0.16546838083885013,0.92530374465475274,-1.5120896629692224,-1.3696790810660584,0.36572052306035807,-0.21236357577862772,0.93324112655848379,-0.27934089911291338,
0.48009288489647295,-0.6030426970426892,0.68004193192574103,-0.082070503400062708,0.0042100066413660224,-0.99629607281399257,-0.025314889119952014,-0.15791372450366775,0.063662363711242939,0.16760814462980886,0.6412728817076444,-0.21005275387467992,-0.20000000000000001,-0.10341376404845225,0.017419731406518028,-0.015249203502546715,0.39405096288613972,-0.21520369951380489,-0.20000000000000001,4.7645603283054394e-17,-0.14967572443738933,0.91921121788112581,-1.4969982421030412,-1.3647874825464439,0.36806366329154983,-0.21383251807349482,0.93451904752782022,-0.28478683740445876,
0.4785332955744841,-0.60273934943669216,0.68029659621994398,-0.080807415516057135,0.0040210784841543728,-0.99643259343430191,-0.024001651343829759,-0.16627154974966218,0.064583546745219655,0.16097716977876161,0.6502184985166406,-0.20541472278182629,-0.20000000000000001,-0.10056397691100011,0.017561456343718591,-0.016225553725838587,0.39174531774023208,-0.21838075768050391,-0.20000000000000001,4.3930305018160219e-17,-0.12755247273009288,0.91039291313663107,-1.4754497551904935,-1.3587374336597766,0.36760440371473629,-0.21852282165729883,0.9354041209120818,-0.29287600767821015,
0.47690450844688193,-0.60245437268995683,0.68060165979631104,-0.078602328963308418,0.0037584189923957805,-0.99665762764957289,-0.021934480074684404,-0.186813093363636,0.064086018432604044,0.14266695217830691,0.67125765104748569,-0.18500629337615218,-0.20000000000000001,-0.098414796743726746,0.01736537361105845,-0.018215466852422424,0.38923249739883159,-0.22263404713456933,-0.20000000000000001,4.4110114230994546e-17,-0.098312010601035296,0.89961036965997021,-1.4472782067464214,-1.3521581015048492,0.36136511571074881,-0.22450757425540999,0.93983447268526943,-0.29761278622618353,
0.47565334227088518,-0.60222998688113916,0.68383923208398278,-0.076318138740299774,0.0034515969564804382,-0.99690403231303892,-0.018600498264015133,-0.21621920465662126,0.063408100822822999,0.12120694142417987,0.70157293297763967,-0.1421283655333466,-0.20000000000000001,-0.097549002296270559,0.016702417214620596,-0.023115719511554389,0.38783224442961023,-0.2264063785842157,-0.20000000000000001,6.120998890038476e-17,-0.069970272886714729,0.89020237653176948,-1.4217075176298049,-1.3473526625022316,0.35226106590662498,-0.22738111313334311,0.94676465525998799,-0.2962737288447318,
0.4746187361837243,-0.60204400108938949,0.69032741128647601,-0.075283455159935259,0.0031608525808219053,-0.99705757556305896,-0.014092600982751584,-0.24829049155658606,0.062626883617743975,0.1016866653595267,0.73554693251367564,-0.061098288543417728,-0.20000000000000001,-0.096141819347899574,0.015752776378869737,-0.030755835216835725,0.38753906320922227,-0.23002131239903426,-0.20000000000000001,-3.7211851438775922e-17,-0.043133671830389735,0.88268862024101402,-1.3996721954015701,-1.344367947554717,0.34426758654494577,-0.22601011346484409,0.95266873482424852,-0.29218837359740157,
0.47333820061231213,-0.60092694696884519,0.69383940548276546,-0.076354689038450912,0.0026244147155163426,-0.99704246500206595,-0.0083304796888535385,-0.27946817669953339,0.07294948285647862,0.10729263073029902,0.77811882739760696,-0.000120149719508994,-0.20000000000000001,-0.091042965223816788,0.016015159164196498,-0.041204111060665821,0.38605023791650983,-0.23335110287330982,-0.20000000000000001,4.7305096038258165e-17,-0.011396416885529934,0.87423025319810432,-1.3776199706999954,-1.3425141955684765,0.33978062118428398,-0.22340664196975171,0.95443458450968832,-0.29383598955325907,
0.47162870019676761,-0.59932796801879651,0.69089357457140199,-0.078060887288615294,0.001877622536928704,-0.99694410047761617,-0.0023308651183187898,-0.30770344524229304,0.092181918427554341,0.13120703634973266,0.82572861130153163,-0.003690020147498474,-0.20000000000000001,-0.08298475557418053,0.016994878298125474,-0.051761146984029921,0.38199951107959923,-0.2371380304083269,-0.20000000000000001,7.6300727888667375e-17,0.027065459378886346,0.86189246162802924,-1.3519530665620909,-1.3397408846032564,0.33736479370956041,-0.22412849795746639,0.95441019619536682,-0.30391146353047965,
0.46956862761889873,-0.59862170768120149,0.68153237658585031,-0.07893578489227461,0.0010646922258956972,-0.99687339908623218,0.0033814920029943477,-0.33397690268623492,0.11381937944408813,0.16702707187489482,0.8722587972961845,-0.08604718080963937,-0.20000000000000001,-0.073476664310123452,0.016789448175288692,-0.061144453495131867,0.37445647337152926,-0.23922588500546976,-0.20000000000000001,1.0412406614007663e-16,0.07521338224795529,0.84043724396705,-1.3184810300359535,-1.331216422021243,0.33417492126959436,-0.23101105214821632,0.95398350734917281,-0.32646523303216068,
0.46790385992640038,-0.59950162894805814,0.68196299841961472,-0.078701718111305344,0.00063513587023213429,-0.99687203378697564,0.0071961393937227235,-0.35483649637420317,0.12393212837601457,0.19075608655713502,0.90172084317589751,-0.16971182369721316,-0.20000000000000001,-0.066475661962994939,0.014850233828740523,-0.066908012711977966,0.3672175439622023,-0.23918952640713378,-0.20000000000000001,-3.1550283219328179e-17,0.11941430179581623,0.81579199743220276,-1.2862020808357368,-1.317791989950166,0.32888159634389319,-0.24003382410157709,0.95586484931280014,-0.3512672574160639,
0.46664214886006872,-0.60069180017541079,0.68224357616757803,-0.077824829654958724,0.00040431745350765793,-0.99691869158414925,0.0098109523860490412,-0.37476174441877103,0.12593633328000831,0.20392701650467973,0.92056194506595779,-0.22835435952912198,-0.20000000000000001,-0.062222284491579766,0.012761367226415436,-0.070892814603627591,0.36198352320834382,-0.23774626922830649,-0.20000000000000001,-1.0977546996415732e-17,0.15828317821205234,0.79097618585302265,-1.2572865892307981,-1.3009422918351705,0.32080552337955459,-0.24774968252707469,0.96180995468378061,-0.37155542284096377,
0.4659031581560874,-0.60150389951827998,0.68229802655453142,-0.07641782584470376,0.00033858641151281377,-0.99701870256813585,0.010672768233297564,-0.38861674009451902,0.12133612347644024,0.20992473088948102,0.91783420329205534,-0.26718349497343619,-0.20000000000000001,-0.061493604575428115,0.011710575213502166,-0.072038715212130122,0.35987240414574145,-0.23507054938740157,-0.20000000000000001,-3.5250123132934963e-17,0.19160044654753677,0.76852166428394142,-1.2332124075612734,-1.2804615812696136,0.30928569938998968,-0.25540273676143999,0.98024892481741399,-0.38770033976601981,
0.46535023598484782,-0.60192014698257601,0.68222545416605829,-0.075038935426085779,0.00031107893632154293,-0.99712004126513254,0.010985659171631499,-0.39828949109546802,0.11550609187522519,0.2146080584339872,0.90291095179275616,-0.29935901039166368,-0.20000000000000001,-0.061736571384044772,0.011416349003819921,-0.072599305947358028,0.35876103603271381,-0.23115279212382514,-0.20000000000000001,4.5278993228425879e-17,0.22497729891651178,0.74700983964799028,-1.2098793975743369,-1.2587070442848205,0.29615200748011572,-0.26409848057499641,1.0074094821960886,-0.40362568821315042,
0.46477863890303661,-0.60197405491536449,0.6820601568142578,-0.073922637898408944,0.00045581924836205422,-0.99720757079584699,0.010597008181532102,-0.3995689396120421,0.10650923139396713,0.2137504381459979,0.86882417363842068,-0.32402980932674591,-0.20000000000000001,-0.062173700211667238,0.012069853399373989,-0.072174785214949105,0.35830828493183797,-0.22681995455860807,-0.20000000000000001,-5.2632509760014087e-17,0.26128105859176753,0.72444936871296894,-1.1863493752220735,-1.2344704895599177,0.28179947513935866,-0.27620645903575247,1.0479193747117186,-0.42300446329422747,
0.46415067032394075,-0.60183695568485562,0.68189960660919013,-0.073692144700784085,0.00067393641226294663,-0.99722892731459711,0.010172519161396245,-0.39197608706700976,0.096151443492462477,0.207539524970723,0.8256164911343753,-0.33940984624280701,-0.20000000000000001,-0.061473440437268309,0.013019832358642991,-0.071887356963989152,0.35782874387784602,-0.22310318195509349,-0.20000000000000001,-1.0489656018797255e-17,0.29379617041495509,0.70513089004619878,-1.1671990862515713,-1.2139789984864562,0.26984367897540523,-0.2891152896425046,1.0907269157535482,-0.44212396113082408,
0.46335575955859359,-0.60169315276742574,0.68176634769082711,-0.073766606506473639,0.00084098837967685612,-0.99722736268632484,0.0097656342723660885,-0.37983990641430049,0.086509646441212104,0.20159253016325193,0.77990396483546998,-0.35074741547853394,-0.20000000000000001,-0.060018941865479042,0.013826147968127768,-0.071742299517814689,0.35718269890505366,-0.21976639306213017,-0.20000000000000001,4.7237333402477821e-17,0.32331455239416429,0.68751894026988536,-1.1504662558484924,-1.19516462920554,0.25877810520565542,-0.30320258181805865,1.1334486729181183,-0.46209272912726068,
0.46215067222272965,-0.60151029877359286,0.68166491243708927,-0.074894035413512181,0.00087300684711308189,-0.9971500003908208,0.0090552768655027521,-0.35798208527979536,0.078104652604753633,0.19797680021955974,0.72607699013836502,-0.35157045258470443,-0.20000000000000001,-0.057013602267574348,0.014286857361440404,-0.0714626773122857,0.35718272491398256,-0.21762130075541886,-0.20000000000000001,-3.8624702394796095e-18,0.35088657650149835,0.67176281161580254,-1.1353221792753849,-1.1780891706639109,0.24765105537540563,-0.32203137759715389,1.1797843137134076,-0.48515932433783915,
0.4606666006664305,-0.60133783564504006,0.6815585926958635,-0.076056925355183241,0.00083426270298349748,-0.99707671330661518,0.0072578159894317491,-0.33056638263106092,0.070210622893330882,0.19687241486541143,0.66551153372772287,-0.34636377735785751,-0.20000000000000001,-0.054297570575852827,0.014537498791241143,-0.069488789668043061,0.358463049957367,-0.21635617139197957,-0.20000000000000001,3.5453411040275995e-17,0.37806244236430825,0.6549186468598982,-1.1193821442549972,-1.1589137321824741,0.23350616230846061,-0.34429125399822047,1.2307754945694245,-0.51136370180425594,
0.45864869855957591,-0.60139914293266017,0.68150111805075964,-0.076801586124893101,0.00081966100821394326,-0.99703908451166046,0.0037294075511419915,-0.29283478693157738,0.061771443630720471,0.1992777504158291,0.59026194592999248,-0.33729889738932251,-0.20000000000000001,-0.052280763448674647,0.014400286117404333,-0.0642949948237031,0.36149504812352068,-0.21788899764142641,-0.20000000000000001,-4.1836651330784402e-17,0.40432488474610295,0.63592294934060933,-1.1023592661169035,-1.1349637434147959,0.21211715087763164,-0.37056810877827345,1.2882746672806507,-0.53972439989638765,
0.45653937378875403,-0.60178691846549015,0.68147641671649073,-0.076030169801516737,0.00090693009038769659,-0.99710509941643533,-0.00010712377892346284,-0.25425828007438012,0.053922878640431701,0.20422962100825545,0.51596176883475464,-0.32703831256493165,-0.20000000000000001,-0.052387747013121405,0.013767099027212076,-0.058319796632117477,0.36558760799337187,-0.22159350854023768,-0.20000000000000001,-2.4475017010913008e-18,0.42260940081122772,0.61865320213043939,-1.0890870201162002,-1.1110119372664029,0.18768016575224614,-0.39187578614143703,1.3382049038012445,-0.56069733908269581,
0.4542471329136244,-0.60237646508285803,0.6819019478277295,-0.074742194605119786,0.001271310924535571,-0.99719774216756085,-0.0029412803440962494,-0.21525983975300705,0.046018733963301653,0.20849621358319234,0.44262471015383359,-0.31657782456470845,-0.20000000000000001,-0.053006758668403237,0.012992430641168567,-0.053994691020334412,0.37038300090536808,-0.22705267720949932,-0.20000000000000001,-1.9671493167033871e-17,0.43694300118077822,0.60285370987608244,-1.0798726876541873,-1.0880383987084219,0.16338459694352053,-0.40642497588673193,1.3812269494893852,-0.57422944919131147,
0.45177157497365544,-0.60270694649233558,0.68414068299718633,-0.069855588770731655,0.00082979084057859659,-0.99755224932364428,-0.0030030041613653396,-0.18900739505177061,0.037834840903287786,0.20693635801821694,0.38739934913721574,-0.28590042936610927,-0.20000000000000001,-0.056432895345057091,0.011140373130212431,-0.054934751649892227,0.37390388353143517,-0.23197955291618133,-0.20000000000000001,-1.98544522836408e-17,0.44207887638868648,0.58735034860822055,-1.0780610737470475,-1.0657901401709013,0.13994234941273792,-0.40706283472772492,1.4079785036846737,-0.57174618149126344,
0.44918493162987372,-0.60288075799486829,0.68488690755154458,-0.063094082024011067,-0.00039503046086825907,-0.9980065476558041,-0.001382606460908285,-0.17512087182876779,0.029046752246576386,0.19629696565591795,0.3507710660277924,-0.25204051126829818,-0.20000000000000001,-0.060636277013294437,0.0084023475038396463,-0.05833891303210148,0.37550355579220906,-0.23602979973371777,-0.20000000000000001,2.110128478199913e-17,0.44265589232644431,0.571148759419285,-1.0789279388153625,-1.0416868416253564,0.11725741627668371,-0.40026195599644321,1.4245796501345629,-0.56032576492157127,
0.44662907960769455,-0.6025444180517403,0.68432263452230901,-0.057332254881980842,-0.0015622388741664088,-0.99834256550760592,0.004763806832659416,-0.1736822321253873,0.023111010559241855,0.18024945320884453,0.3370131891685374,-0.21714390362359876,-0.20000000000000001,-0.060647933983669924,0.0069550678228566792,-0.069932933901150934,0.37203611421922006,-0.23577911282538977,-0.20000000000000001,-6.5865281978494394e-18,0.44542593162001876,0.56261512094066712,-1.0757463942299264,-1.0330428488795815,0.10173741681432845,-0.37997570078618115,1.4225804572445815,-0.53092320712732377,
0.44461170265565653,-0.60180537797630063,0.683435004195593,-0.055292615973017635,-0.0017610776770270052,-0.99837932186962874,0.013354957409745672,-0.17641260139582665,0.022139239918798702,0.16633761509004949,0.33657380593674763,-0.18893959840336783,-0.20000000000000001,-0.055973347158640607,0.008065918819729739,-0.086461368163105762,0.36643021476784032,-0.23133790084151445,-0.20000000000000001,-5.5321415851072864e-17,0.45283175495210043,0.56658832316698682,-1.0661616937066203,-1.0467006384727333,0.096365691765225803,-0.35697436387476089,1.4101081442324157,-0.49648678268000329,
0.44283424719138664,-0.60099986068600886,0.68252556215421112,-0.053995422740032425,-0.001761168368564983,-0.99831912664320477,0.020983660010874209,-0.17907712548072,0.022867423128725813,0.15876008055785026,0.33774520382186135,-0.16071077118181065,-0.20000000000000001,-0.051506780156325704,0.0096509514918331468,-0.10224399143757446,0.36185374783895086,-0.22563914902759372,-0.20000000000000001,2.013227909034021e-17,0.46050011196484669,0.57666318923267723,-1.0554134075516892,-1.0681940661525484,0.09258055010925062,-0.34219809975598753,1.4042757537370665,-0.47048904063923452,
0.44105472783613969,-0.60108398570856325,0.68212351688234429,-0.051285167422878003,-0.0019647836049552746,-0.998405345762025,0.023510354774099809,-0.18250803443174354,0.02243556537726276,0.1579893254602496,0.34043687315028354,-0.14987196273617104,-0.20000000000000001,-0.049656524085564244,0.0090904800346972136,-0.10802286822423227,0.35818187357475084,-0.22149464397416255,-0.20000000000000001,-3.8983844364431919e-17,0.4621975296250378,0.58660621161095006,-1.0537556093527645,-1.0792452886421666,0.086717146681565438,-0.34518803371370521,1.4166653566583021,-0.47035952808285275,
0.43916389459023025,-0.60174123710073768,0.68213994500530761,-0.047121929805656763,-0.0022614372282851909,-0.99860791444062358,0.023593279755081822,-0.18489217812194553,0.020688693860166432,0.16129107904524972,0.34051473079770811,-0.14768305707144616,-0.20000000000000001,-0.048697660054195874,0.0071504045955411485,-0.10831349629884404,0.35290967286131714,-0.21851325965470125,-0.20000000000000001,-5.6791865047506329e-17,0.46027201472116669,0.59020489580190305,-1.0588769414993111,-1.076571969771464,0.078034407113748941,-0.35417373336344982,1.4345536287001464,-0.4827211539835734,
0.43735372627351488,-0.60233726250014585,0.68223784330480675,-0.043019046175037969,-0.0026448288826005071,-0.99878825272406868,0.023756951967234961,-0.18499661902468156,0.018393329242477274,0.16356636361096052,0.3365470427959002,-0.14391621144797748,-0.20000000000000001,-0.048153004107313324,0.0052373184388255969,-0.10840038349301798,0.34818306494017853,-0.21659866416014242,-0.20000000000000001,-3.506038775275e-17,0.45782408501346483,0.58427830443833595,-1.0659478954358936,-1.060535738179339,0.068669601648998463,-0.36251412394420968,1.4462625385481931,-0.49702123486411687,
0.43596338253452221,-0.60247239714362566,0.68213501905398133,-0.040951391332092246,-0.0030059523217012842,-0.99884308459257154,0.025028786630654654,-0.18520247210619961,0.017133151115025967,0.16268153333269383,0.33555982703419635,-0.13981076585394073,-0.20000000000000001,-0.048035027349016296,0.0043930310808671571,-0.111045291441594,0.34754310628665619,-0.21590840749164131,-0.20000000000000001,1.8119728807663993e-17,0.4580975451463275,0.57796427603624445,-1.0731100211345059,-1.0454039615571951,0.062803639361518532,-0.36544717246115821,1.4465263545324314,-0.50346622476731229,
0.43469841167192741,-0.60237083101330091,0.68217219132877771,-0.040246747971570442,-0.0033048425449602853,-0.99882953964296461,0.026623824482766748,-0.18747572467297535,0.017093559435189015,0.160932067537542,0.34054432016410963,-0.13666757334597174,-0.20000000000000001,-0.047747548488506653,0.0041706605246531522,-0.11444311186029826,0.34928384815913749,-0.21569833325869586,-0.20000000000000001,-1.5151725360484924e-17,0.46098724181297968,0.57852642472860683,-1.0826117883788966,-1.0388471027097694,0.059384138007562766,-0.36598875387368446,1.443231252055454,-0.50590012026642395,
0.43348381250083912,-0.60231240395789831,0.68232424549066928,-0.038770978362247015,-0.0035947140587086366,-0.99883115586418325,0.028639332092241863,-0.19314440847554248,0.017211329234917593,0.15807767657399205,0.34979053758620865,-0.13744591975504272,-0.20000000000000001,-0.04882833060299363,0.0037672325396998409,-0.11766721825844614,0.35209809580444529,-0.21682389087466947,-0.20000000000000001,-3.9492064132784499e-17,0.4638025305017659,0.58946001558541572,-1.0979704908991597,-1.0429596209704974,0.052241589532454176,-0.3711813001703691,1.4413526517799098,-0.51087636165370243,
0.43223137989631077,-0.60242084654647943,0.68243820369585206,-0.036427659378314589,-0.0039268961789350213,-0.99884274237833759,0.031157360554757277,-0.19970823616518454,0.01657659869728231,0.1543898698751163,0.35899191515146445,-0.14048097058727174,-0.20000000000000001,-0.050273228485184646,0.0028525814401368001,-0.12126189733500942,0.3542182160170696,-0.21943387611854009,-0.20000000000000001,2.6834003769016235e-17,0.46489905964434786,0.60192343084457711,-1.115302944806978,-1.0462174496564998,0.040952438810568301,-0.38113519974845667,1.4426658445931171,-0.51939334985072438,
0.43087391082443294,-0.60272138151593102,0.68227357856634741,-0.035078338388608035,-0.004309056034661674,-0.99879443392953782,0.034067887568185191,-0.2046544641984826,0.015129814879299704,0.14919065333683773,0.3683664490146884,-0.14829905070274749,-0.20000000000000001,-0.054525094983648326,0.00089439931789989623,-0.1257415379625601,0.36375865525344075,-0.22572144874696315,-0.20000000000000001,4.2927629766847941e-17,0.46537207691217297,0.61486433139190111,-1.1336907664277529,-1.0436072372010121,0.027512162645252781,-0.39477006648426538,1.4494012835266958,-0.53167696106164086,
0.42968137215955282,-0.60305266042525552,0.68189725514139399,-0.036005769743131036,-0.0047229114164355794,-0.99869891832758206,0.035801524887563788,-0.20491306877951418,0.013719428277214559,0.14539653643848555,0.37472960185705917,-0.15753676460231275,-0.20000000000000001,-0.063089237057975797,-0.0018664536899272669,-0.12978760675806972,0.38429776486890876,-0.23306820776096199,-0.20000000000000001,-3.415236843329339e-18,0.46698225920374664,0.62190284104744276,-1.1476996418773595,-1.0315200849132073,0.017470664862425656,-0.40658807716990331,1.459112871584781,-0.54432176414806377,
0.42859119796786094,-0.6033889750915965,0.68153362520147354,-0.037794205437026079,-0.0053268774955284167,-0.99861576990121015,0.036190696541307771,-0.2021513941329551,0.012334848680208215,0.14375716187595611,0.37756813025059632,-0.16564143375186374,-0.20000000000000001,-0.077763326870694705,-0.0057013774737142342,-0.13327445559938378,0.4161129840828825,-0.23965554988617047,-0.20000000000000001,1.2217603231196028e-17,0.4701513593421271,0.62346280886809535,-1.1603381077208994,-1.0127626541302781,0.0095917293340106145,-0.41639892370898623,1.4689053876929348,-0.55663328321576555,
0.42729700681558141,-0.6041353002173786,0.68141121484919021,-0.040433344113337925,-0.0064861715200267055,-0.99854381758527544,0.035118636434940849,-0.19630857510909189,0.0099642308339815411,0.14551968070741661,0.37730395214845402,-0.17096309954034711,-0.20000000000000001,-0.1054064696842561,-0.012772934189906531,-0.13310648292829069,0.46916553815662404,-0.24202612630090095,-0.20000000000000001,3.778444571111983e-17,0.4777848529584543,0.61696361541826938,-1.1740466739737718,-0.98584629717763061,0.0028199889175676927,-0.42378261253802979,1.4745838624386993,-0.56753021161829831,
0.42562831275438356,-0.60529470952642284,0.6811962702729234,-0.043920872713113922,-0.0078995743151821004,-0.99842675963400174,0.0339493639484542,-0.18979818416764971,0.0067928270933503938,0.14779999250407772,0.37854309570844147,-0.17641115688988382,-0.20000000000000001,-0.13859325030573807,-0.021799323444106691,-0.12989482154123666,0.5313383925698405,-0.24197500562666546,-0.20000000000000001,-4.0623700150316244e-17,0.48910342046297212,0.60758491086743871,-1.1903531902040694,-0.95595624318302197,-0.0039613499530580468,-0.42966865473727489,1.476633362751832,-0.57697601187960634,
0.42320198546546606,-0.606800545600505,0.68075188957087218,-0.050800714774216334,-0.0098453803566237574,-0.99800726758593861,0.036108859158260551,-0.18063483741296057,0.0018753763288075296,0.14531742981564988,0.38363638337185235,-0.18379173698065182,-0.20000000000000001,-0.16662425191841326,-0.032128717992994195,-0.12491759793722837,0.59002656691886601,-0.23779633709738221,-0.20000000000000001,3.1577388273640317e-17,0.50509418560261155,0.60126522572385932,-1.2074603161771429,-0.92986534264385823,-0.0093268315010075729,-0.43193461918054965,1.4746125662986198,-0.57740747968919992,
0.42069639769908534,-0.60791470928244162,0.68019605261900495,-0.058928986437003665,-0.011986236698426033,-0.99728939565273167,0.042397712272313814,-0.17131374531207494,-0.0035830226571583034,0.13587132220675507,0.39027044640533437,-0.19114983317162984,-0.20000000000000001,-0.17830979162514626,-0.040730581437462936,-0.12456387007732125,0.6249061992075351,-0.23335865029024855,-0.20000000000000001,-2.6955976513420854e-17,0.51818863357760592,0.60277831811648275,-1.2190707336732178,-0.91692861099150824,-0.011859302981258155,-0.42968474218286024,1.4712633622920246,-0.56673484553285491,
0.41835872145045333,-0.60854502001691957,0.67969453742102082,-0.06543122039496288,-0.014283903344675278,-0.99643053104915369,0.051389904611383916,-0.16395387330464198,-0.0092401396655983608,0.12170997472099085,0.3957201895676643,-0.19698857698295244,-0.20000000000000001,-0.18181145106542446,-0.048366621694518393,-0.1306127717507273,0.64570017919165945,-0.23126697933291521,-0.20000000000000001,1.2468324983583301e-18,0.52371697035736897,0.61094671194484929,-1.2262006196663928,-0.91415618971068802,-0.013648056970253524,-0.4241643799347623,1.4685886319792487,-0.54879940253762183,
0.41609116366466681,-0.60873425034277062,0.67920402685018133,-0.068491541777933054,-0.016251918362135173,-0.99566384602904656,0.060813563989284912,-0.16099454214427056,-0.013872459349730379,0.10612760990080447,0.40132322715676505,-0.20158685701217194,-0.20000000000000001,-0.17677607300383191,-0.053941843101747079,-0.14520824611627992,0.65064861793292583,-0.23618667832332174,-0.20000000000000001,1.6330795223062911e-17,0.51698230927025191,0.62081081430599028,-1.2329494816281978,-0.91236069445938051,-0.015146508081125923,-0.41578688322578283,1.4678661203250938,-0.52873846813874648,
0.41365156574555062,-0.6089845079286792,0.67862142966445615,-0.070288668243788086,-0.017656763174493773,-0.99503839618716672,0.068164007687235156,-0.15971057153387991,-0.017395010522818916,0.093437774613356422,0.40822110028258263,-0.20724265081302845,-0.20000000000000001,-0.1690989951189017,-0.057734563863517545,-0.16020461133334432,0.65098235724990883,-0.24438690996409926,-0.20000000000000001,2.847385955490056e-17,0.50601281215130944,0.62542429011234169,-1.2450392471491913,-0.89872294818883292,-0.017913815046097094,-0.40951638832717274,1.4686327004790301,-0.51446592042941186,
0.41085097695045586,-0.60952745914045914,0.67831113384772301,-0.071610480731730541,-0.01759006081328382,-0.99486475814332831,0.069329948899248678,-0.15820638462075631,-0.017932357243045129,0.08964980046664453,0.41652672703941118,-0.21648640559136409,-0.20000000000000001,-0.15935989972842868,-0.057478892940068846,-0.16694871821840038,0.64732601076908103,-0.25344176945368041,-0.20000000000000001,2.8589056035727145e-17,0.49537704471990018,0.61661192736379689,-1.2686910860060114,-0.85994968924712523,-0.024550047064781168,-0.41282088740073714,1.4707332350274869,-0.52024812787705743,
0.40832894847794987,-0.61027695254004777,0.67852432852049205,-0.072211223570932098,-0.016236381973614402,-0.99515110630418224,0.064778041899688721,-0.1559502345687587,-0.015876951032440106,0.094884869603661215,0.42296753162630474,-0.22743669523989227,-0.20000000000000001,-0.15185567939600611,-0.054216680126328999,-0.16290411148666481,0.64312734652690939,-0.25917173051549663,-0.20000000000000001,-7.5826389438204966e-18,0.48932940083574133,0.59943965285443235,-1.2977257369489565,-0.81267396574742778,-0.033642233360108922,-0.42377924246371929,1.471411705051759,-0.54239563934365376,
0.40601335449398335,-0.6110932161210807,0.67890422113019011,-0.072559440869438399,-0.014740064851390563,-0.99551306666506401,0.058920218329626517,-0.15239328778518008,-0.013555142950865925,0.10233820187965506,0.42682291020524843,-0.23921271484515602,-0.20000000000000001,-0.14623316833366373,-0.05082585288819956,-0.15496022465597312,0.64017205631740959,-0.26310699991961373,-0.20000000000000001,1.1310261538097222e-16,0.48591884809053865,0.58266986643989549,-1.3266032722707906,-0.77244576574698864,-0.042009445385910088,-0.43465042308406365,1.4687339615360826,-0.56623361034278052,
0.4037773262456289,-0.6119123561797889,0.67948484618601313,-0.071646363295280971,-0.014031951466890565,-0.99580861037195711,0.055091873027365727,-0.14727140195421393,-0.012648357007652286,0.10835717841481626,0.42580999210417581,-0.25237171478485443,-0.20000000000000001,-0.14252717586113997,-0.049495993916681053,-0.14993733189548247,0.63861525712458644,-0.26677105911073407,-0.20000000000000001,2.5207700510287978e-18,0.4750372317099269,0.57890602938596447,-1.3535843068304989,-0.76040750210456043,-0.043864878814677571,-0.43845197833989091,1.460100716980623,-0.57688953122232678,
0.40144099468552163,-0.61270109978985243,0.68006305741257633,-0.07014083901442264,-0.014251501482983406,-0.99594241167120057,0.054551535655619023,-0.14150547384877354,-0.013399824350367731,0.11027571744078529,0.42254022443495332,-0.26569875212716254,-0.20000000000000001,-0.13911380279926047,-0.050164840472191982,-0.15020655827195503,0.63785629964988755,-0.27117112236145291,-0.20000000000000001,5.0273099485437234e-17,0.45446323647116643,0.58688665447153943,-1.3804771845890669,-0.76934702628713125,-0.03979713752101384,-0.43513516909095162,1.4505458176527741,-0.57136185888664459,
0.39900920802404238,-0.61355818820647734,0.68048989702164664,-0.068374043713921792,-0.01583026348309351,-0.99573160785382597,0.059941288150130563,-0.13512431512926637,-0.016809012581917561,0.10405460286322485,0.41652735588260681,-0.2758274837131578,-0.20000000000000001,-0.13861737188154702,-0.054781696009959198,-0.16011505166593601,0.64209510276932524,-0.27108745597930356,-0.20000000000000001,2.7277849033377488e-17,0.41650094592284076,0.61518067217559191,-1.4086302078866544,-0.820309302003007,-0.024115447172627594,-0.4167253714709015,1.440385670371644,-0.53193381938785278,
0.39705464909454702,-0.61440074379809129,0.68063777115184354,-0.067067518145007901,-0.017913680105726797,-0.99523788869027596,0.06842947457244411,-0.13008182102253413,-0.021434593793076065,0.092658298508377229,0.41057338225674167,-0.27959533652519919,-0.20000000000000001,-0.14267889426610247,-0.061869905424143973,-0.17451091463577692,0.65215447077477895,-0.26343386526010004,-0.20000000000000001,5.7025646140948516e-17,0.37208010377744827,0.6523165260973065,-1.4332379530594743,-0.89536209691362911,-0.0016462615735936409,-0.38908612549288751,1.4321075885691317,-0.4726024239432795,
0.39533801028155791,-0.61527726449462261,0.68065794839788019,-0.06591132022217433,-0.019653984046874649,-0.99470873518874625,0.076314814530732258,-0.12645174459148079,-0.025807414012919278,0.081079547349239306,0.40611574917621862,-0.2804740406825581,-0.20000000000000001,-0.15047306092007251,-0.068992207305033693,-0.18552235140089587,0.66601603361145356,-0.25262455168717868,-0.20000000000000001,-1.282069068964109e-17,0.32694610262912849,0.68712298949794692,-1.4572275368348544,-0.97033034145255415,0.022590321638149675,-0.36021424755027015,1.4249916052502654,-0.41254941101391523,
0.39373030513720714,-0.61645861074788144,0.68262092273370256,-0.065394841375019899,-0.020671726150909009,-0.99439929462302878,0.080412917573612269,-0.12350100385188323,-0.029628846341123255,0.073174020630018793,0.40394761442801486,-0.27929490919033961,-0.20000000000000001,-0.16550871037942319,-0.075263808677675542,-0.18204430652022638,0.68750106412619005,-0.23085704673121843,-0.20000000000000001,2.5380495231527855e-17,0.28200284832100192,0.71322742408778739,-1.483011764736996,-1.0362307346016162,0.05134706456388783,-0.33586789056238991,1.4221376702426669,-0.36276309542821344,
0.39203522426490717,-0.61799505644931452,0.6856344819642699,-0.065571607292218573,-0.021505241943086263,-0.99427925232003467,0.081527034117507377,-0.11966946233002657,-0.033492246512690352,0.069384644849598859,0.40258074234230534,-0.2788835798179003,-0.20000000000000001,-0.18481468837879486,-0.081117184374256551,-0.16766460762502386,0.71414587821530806,-0.19596555286690379,-0.20000000000000001,-2.36559361509181e-17,0.23521595148549854,0.73395679539281411,-1.5112836914507111,-1.0944173069754142,0.082595832903688771,-0.31517118918838077,1.423078500012813,-0.32058326413512483,
0.39011835949353663,-0.62017504428487835,0.69162586890659172,-0.06746382907520948,-0.022298937041777482,-0.9943202483334207,0.079237825105703139,-0.11347539340393872,-0.037782263180820952,0.070987404123366932,0.4022615570751662,-0.28023285931748687,-0.20000000000000001,-0.20948242424418928,-0.08582974155830006,-0.14009225475973372,0.74780031650413026,-0.12465271428862537,-0.20000000000000001,-1.6385005331687186e-17,0.18647601775191591,0.74753177684087402,-1.5412442375087001,-1.1426410464746348,0.11797736885068436,-0.29850861337657963,1.4285946771422164,-0.28665088064653316,
0.38839829867246112,-0.62211146473459655,0.69822163567531836,-0.070246084691795815,-0.022903277744022114,-0.99438127763859419,0.075807665416435147,-0.10716616635766252,-0.041245690969839099,0.074406994973913315,0.40320042367715758,-0.28254414557654378,-0.20000000000000001,-0.23244345364375127,-0.086199228055640287,-0.10772684953950998,0.77745288831614401,-0.039693586331559672,-0.20000000000000001,-2.7003410358467095e-17,0.14563886019782546,0.75340026947351313,-1.5650317786056749,-1.1726028814217333,0.14893462876887298,-0.28580487822738576,1.4382446650949834,-0.26162776634295282,
0.38672533875849152,-0.62341949834952082,0.70189749292805803,-0.073302135486982209,-0.023258753779738718,-0.99435171140974699,0.073147121079158911,-0.10067995596840906,-0.043406011764622637,0.076627013646418801,0.40374420401814309,-0.2845029409145412,-0.20000000000000001,-0.2520815949776391,-0.083714143051176595,-0.079378801030003165,0.80145098778792256,0.020892690947600545,-0.20000000000000001,-4.9873935209043645e-17,0.10808608682949053,0.75783698803152832,-1.5842656169478673,-1.1960910062359968,0.17675543369027,-0.27164213819447053,1.4517181330078628,-0.23394658746259822,
0.38492940366020773,-0.62402542827793706,0.70034026654248116,-0.07640274956876987,-0.022758964036414281,-0.99426376729749921,0.071303649652072115,-0.093142073324099628,-0.043252556917067503,0.078050185469825478,0.40211414924804356,-0.28330187858127714,-0.20000000000000001,-0.26804676900757607,-0.082461342073911356,-0.068290769160232273,0.81641619232043983,0.023495512141236796,-0.20000000000000001,-2.7769128142784982e-17,0.073141487760869803,0.76178784629703267,-1.5951828562599613,-1.2145686872306198,0.20234681228092785,-0.25099733061593171,1.4798388067961517,-0.19659148791754819,
0.38304458523491813,-0.62471422600852278,0.69680737734729936,-0.079221304945825688,-0.021655252564003399,-0.99420928705619049,0.069303163061227427,-0.084705375591180548,-0.042407167041246543,0.080085185777051621,0.39836628529355333,-0.27991659911722522,-0.20000000000000001,-0.2839990558755458,-0.085774019890668643,-0.070338186839455946,0.82786647185437379,0.0050069389259722041,-0.20000000000000001,2.8758462625178005e-17,0.036885421798626465,0.76495722242125885,-1.602300631140366,-1.2296992534962237,0.22934856695881878,-0.22526444295075426,1.5196571030704353,-0.15122993856123729,
0.3812631321903967,-0.62573472429634569,0.69385609195891296,-0.081637885801792584,-0.019873720966260503,-0.99423259222219595,0.066647155827545226,-0.075753412190856836,-0.041060115791918844,0.084092969228137276,0.39256848470498229,-0.27321436986818948,-0.20000000000000001,-0.2997940455887026,-0.093850528577381201,-0.083484478533277978,0.83194054519276928,-0.0053927936813944477,-0.20000000000000001,3.945479468310531e-17,7.3827460088594227e-05,0.76583829022097638,-1.6013069753732831,-1.2361244110368874,0.25916432983343546,-0.19321253845022751,1.5790591790519743,-0.095746625630319923,
0.37995533216519667,-0.6266435301087524,0.69227386960177006,-0.083301202006669003,-0.01825734100568999,-0.9942766675611372,0.064354390581885454,-0.068072700909496145,-0.039819952274467649,0.088203824215755511,0.38610273484332092,-0.26604888267137417,-0.20000000000000001,-0.31186775920501641,-0.10203933624555082,-0.09888881274170308,0.82868952815636332,-0.0042082457883172442,-0.20000000000000001,-7.0635771537430614e-17,-0.029077585703685602,0.76549955289924987,-1.5916758704333331,-1.2348504609047066,0.28586424879326783,-0.1624275955415363,1.6426323202797366,-0.040860684595348001,
0.37876306150299133,-0.62713837988038079,0.69076646494195137,-0.084790694482266851,-0.016990106455068304,-0.99426913178975806,0.062855134888892564,-0.060725172257506829,-0.038358936391144266,0.091811215718545947,0.37940129310928639,-0.2577344648495804,-0.20000000000000001,-0.32205230444957184,-0.10696750465091011,-0.11080447532580442,0.82279970270593017,-0.002861676643447858,-0.20000000000000001,5.4426949058772323e-17,-0.054048277628670253,0.7653842333657086,-1.5771994970424752,-1.2323549633857609,0.31281577375815284,-0.13186899894234405,1.7066358971012834,0.015696658351984683,
0.37765897457712211,-0.62647658863113553,0.68912724675554071,-0.085511047797995121,-0.016427208421751306,-0.99425245551558161,0.062290145522336672,-0.0548790000430735,-0.0360469451507964,0.094045621506869903,0.37303955767586938,-0.24994824210024169,-0.20000000000000001,-0.33158634884969929,-0.10315442830886401,-0.11157308460875889,0.81246236384991199,-0.0040982094812496428,-0.20000000000000001,2.8839777788114418e-17,-0.074031031689364882,0.76661044076198892,-1.5536275993460853,-1.2297818167115935,0.33858931346875021,-0.11300552127680555,1.7742190396710014,0.069448463640778169,
0.37652394616541573,-0.62513336896227756,0.68733264130509153,-0.086043353285652727,-0.016192901346012388,-0.9942341665669977,0.061909234627690234,-0.049798320995242437,-0.033103068697374866,0.094886070957957841,0.3675674769212548,-0.24371892843349766,-0.20000000000000001,-0.34104654753728375,-0.093855942677141549,-0.10412320246858323,0.79911587725195377,-0.0052365439231638056,-0.20000000000000001,-4.391018798566293e-18,-0.09197553990119274,0.7680705546129043,-1.5243662103922115,-1.2269212217132146,0.36356537071120915,-0.11300000000000003,1.8466946817615235,0.086978899633880627,
0.37520209312857516,-0.62317936302363708,0.68590567853363793,-0.086151613542685898,-0.016908086038964015,-0.99415824775262174,0.062780526725469979,-0.045735524805331218,-0.030481922786324445,0.092136456113920739,0.36322322133077489,-0.23986740556739192,-0.20000000000000001,-0.35028750005501036,-0.080307425701723084,-0.087091184426926621,0.78240302934269934,-0.0021316937996319618,-0.20000000000000001,-3.3076481080325268e-17,-0.10514368417306422,0.77197568761169166,-1.4803676571054325,-1.2306124977776942,0.38417426003368643,-0.113,1.9227605536188537,0.086999982799928696,
0.37391241136423825,-0.62125674290743182,0.6855484032693443,-0.086142635541862897,-0.018407133261245531,-0.99400068851816492,0.064832515086325926,-0.042916377536697498,-0.028933378343002317,0.087126905391502113,0.36071914682670858,-0.23753442856853901,-0.20000000000000001,-0.3567682226476383,-0.067919589768196148,-0.067730862989202473,0.76676688117132064,0.0081568324431126604,-0.20000000000000001,1.6013379024153899e-17,-0.11009445397604772,0.77680318610955101,-1.429464144289972,-1.2416031125149583,0.39875117970806201,-0.11300000000000002,1.9860379274199111,0.086999999999999994,
0.37270330699699616,-0.61938421619217754,0.68668567596494201,-0.086154871052421464,-0.020387334563900763,-0.99379449561373701,0.067336433460337727,-0.040410569818316727,-0.027983972163416471,0.081773251528585167,0.35852028382230455,-0.23502680584519139,-0.20000000000000001,-0.36140973893511608,-0.057890765837247109,-0.050315517371621488,0.75117984569833984,0.031356718546198176,-0.20000000000000001,5.5237278066849823e-17,-0.11080749057800224,0.78059491900250766,-1.3740110325771886,-1.2556181600799705,0.41090912948705338,-0.11300000000000002,2.0449286886521372,0.086999999999999994,
0.37140968421404191,-0.6179521376810776,0.68891733748778794,-0.085591738854909422,-0.023352095156653131,-0.99356836506650148,0.07036076911651104,-0.038755803127394628,-0.028960714074408866,0.075261347424342318,0.35705679812294494,-0.23383805306918071,-0.20000000000000001,-0.36467008352311986,-0.055570217272463335,-0.043029198234026705,0.7386453781992488,0.058835601264254966,-0.20000000000000001,3.3252254042818677e-17,-0.096148717187891475,0.77926380223393465,-1.2870366972128293,-1.2804550853950385,0.4189712371109946,-0.11300000000000002,2.1016468866987101,0.08699999999999998,
0.37023805767257928,-0.61710043295106687,0.68995558492533171,-0.08450928627906644,-0.026960599708434611,-0.9933264239254167,0.073715141779065976,-0.038302100106430204,-0.03179392118495894,0.067485497772674569,0.35659184898866492,-0.23298859226812904,-0.20000000000000001,-0.36846955865884634,-0.059690203635025807,-0.044323474881649866,0.72970759884891212,0.070478082463911018,-0.20000000000000001,-2.703234706601104e-17,-0.068524454100313173,0.7600295079734829,-1.1627847393260708,-1.3037585420413165,0.42698298696304671,-0.11300000000000003,2.1592495930681181,0.086999999999999994,
0.3687947807519294,-0.61670016485065915,0.68823025174429009,-0.082811068648925942,-0.031947369450094069,-0.99296389851446742,0.078386151464355375,-0.039030906364683371,-0.037129926760235937,0.056631545236828312,0.35787792676992697,-0.23325648266806936,-0.20000000000000001,-0.37124673623399784,-0.067952242928392262,-0.045082615073124693,0.72618087722892444,0.045996760402243458,-0.20000000000000001,-3.6560080800071858e-17,-0.028995556114991591,0.68621506798243126,-0.96278473932607089,-1.2844097219494635,0.44010304649613213,-0.11300000000000009,2.2163763691540441,0.08699999999999998,
0.36711876393074788,-0.61625822683080533,0.68507901118585057,-0.081034576031583538,-0.037146842749097984,-0.99248655830956045,0.083808956180105601,-0.039677777860762029,-0.042485246808512372,0.045358521834719223,0.35930411633862619,-0.23283160165544467,-0.20000000000000001,-0.37034628475982306,-0.073552483708757194,-0.036138952103701272,0.72634513800509093,0.0013025108747687919,-0.20000000000000001,-4.332200041435577e-17,-0.008643969080663727,0.60098462143086273,-0.76278473932607094,-1.2126653341391291,0.45407287822722731,-0.11300000000000003,2.2590723583805663,0.086999999999999994,
0.3649695910829715,-0.61564478873826101,0.68235309984724457,-0.079314853364023385,-0.04204755568309642,-0.9919412880344618,0.089407148424794719,-0.039070279747220132,-0.046921370729137879,0.034208587701381882,0.3598228957504005,-0.23277318475305278,-0.20000000000000001,-0.36566581050994074,-0.075921101467580437,-0.021361545509517105,0.72660520138607798,-0.042325673133146502,-0.20000000000000001,-4.8845468050174833e-17,0.016137201815008995,0.5684425005864695,-0.64927076199535116,-1.1801974110275419,0.45492864438258029,-0.11879704641934487,2.2920097419454866,0.086999999999999994,
0.36270653686470899,-0.61518671693567928,0.68037032574140899,-0.078046595507250988,-0.045384367895495284,-0.9915816947148357,0.092815574053648264,-0.037324443661746698,-0.049485882357525768,0.025512946440321704,0.36014008958945798,-0.23430847573357419,-0.20000000000000001,-0.35783952374469019,-0.077669751847540949,-0.016003847473084282,0.72745850184272065,-0.078676624364373643,-0.20000000000000001,1.0449788080898164e-17,0.074049321638544774,0.59133980145876852,-0.66076000365140453,-1.2301361346354176,0.43020437657990424,-0.12941799757177488,2.3078834303446962,0.086999999999999994,
0.36060891869585304,-0.6148477721217982,0.67885386856001761,-0.076964804183046812,-0.047512386393784863,-0.99150564019615994,0.093464204460509986,-0.035677727464970332,-0.050924395083780022,0.019631512944565332,0.36103389325520097,-0.23819057919806941,-0.20000000000000001,-0.35123808516304983,-0.080119337127965554,-0.021421914470726722,0.72874532299645423,-0.10648240455724171,-0.20000000000000001,-1.8408452781210764e-18,0.1184530311389176,0.58772577198188292,-0.65491930003091214,-1.2347380504243339,0.4045247146392682,-0.14051622797957558,2.3177053683241664,0.08699999999999998,
0.35876371471849045,-0.61417701333343055,0.67845646244862934,-0.074979588786775367,-0.04765996210191531,-0.99189713973353744,0.090811086692305865,-0.036390258291198282,-0.049953621647139568,0.013454129120273856,0.36284437738588726,-0.24143914538681019,-0.20000000000000001,-0.35024960651075365,-0.079819128311852505,-0.029595050961470609,0.73045290252396922,-0.11765908367339904,-0.20000000000000001,1.7716601616689407e-17,0.1564425454796422,0.55170932805903661,-0.64258531036387112,-1.1832739871598634,0.37521056436352979,-0.15042511397628244,2.3218711098388449,0.086999999999999994,
0.35751213168595702,-0.61332501713943832,0.67927676338595722,-0.0721448792954789,-0.046309924666014052,-0.99249911026091631,0.08715516852234538,-0.039503988544883059,-0.047533012853189241,0.0035894610187072878,0.36446492058522773,-0.24297738446197725,-0.20000000000000001,-0.35416247645805232,-0.076449448006811291,-0.032291280282889134,0.73040062471601908,-0.11229650794913729,-0.20000000000000001,6.222553463184487e-18,0.19255528053011045,0.52402344697651748,-0.6468044826635112,-1.1345758626293811,0.34870640066058234,-0.15773438804701384,2.3209993635506767,0.086999999999999994,
0.35652148176063997,-0.61245513914109817,0.68043016650379218,-0.068872086099695543,-0.045093451640254183,-0.99295922337129805,0.085177444768628666,-0.043371977917396679,-0.045409654435542651,-0.010505877555225501,0.3652139070802719,-0.24318562638120145,-0.20000000000000001,-0.35914546555397869,-0.073460703760285614,-0.0327855690264586,0.72956158119148751,-0.10381677030861056,-0.20000000000000001,-4.4572973730181001e-17,0.23135384702569101,0.51543672398783602,-0.66260627515534054,-1.1122387609086084,0.3255231040681012,-0.16431301008528809,2.3183841093776336,0.086999999999999994,
0.35595210719778458,-0.61152024042459052,0.68169542446727271,-0.064886154809139174,-0.045767694867168272,-0.99292149337940649,0.088329004329492117,-0.046941759709635086,-0.045402695507580776,-0.028005972572526128,0.3625534166368326,-0.24199744094098777,-0.20000000000000001,-0.36391128411890039,-0.075503698469122943,-0.037508875300615391,0.72887899180011151,-0.098708841246247681,-0.20000000000000001,-1.2393340079053642e-17,0.25754342541818304,0.49286779417155563,-0.65759920200221811,-1.0741352223883742,0.30829646576552594,-0.1699040861223243,2.3130032669812617,0.086999999999999994,
0.35557860022536031,-0.61051120129229275,0.68284318096071905,-0.060351808381053307,-0.047940310708585551,-0.99246929987540788,0.095205433873907105,-0.05033148259024979,-0.046998884700556701,-0.045919211267531082,0.35805672901594987,-0.24002074675944632,-0.20000000000000001,-0.36803411480434328,-0.081823799719057705,-0.0478953017770678,0.72905283505700491,-0.098753727436516045,-0.20000000000000001,1.4173803524265341e-17,0.27596346125541804,0.46041080836677112,-0.64233501585784269,-1.0209080613422623,0.29301475749620193,-0.17480469175387592,2.3059097618618503,0.086999999999999994,
0.35553219864858748,-0.60931652606485398,0.68416215672164749,-0.054048659622884236,-0.051339299438102441,-0.99139232521644349,0.10763027561103651,-0.055231460847150304,-0.050201834508462245,-0.067321851480011935,0.35144933030177072,-0.23765386635880542,-0.20000000000000001,-0.37228553470974229,-0.093416940917856475,-0.067440945751339271,0.72936199442199889,-0.10300423742498058,-0.20000000000000001,3.9007182800554852e-17,0.29283332982150412,0.43317045364193385,-0.63645101293161799,-0.97279672521590466,0.2780428599982479,-0.18018041269698473,2.2964997583844209,0.086999999999999994,
0.35586207496884831,-0.60819797471202719,0.68559195366153836,-0.047139291654140728,-0.054458989130948848,-0.98993765512198495,0.12180125063712216,-0.061523042069189071,-0.053508996855926895,-0.086800356247982602,0.34528491867330002,-0.23524867213417142,-0.20000000000000001,-0.37693147523714332,-0.10618021731855945,-0.089749108058669008,0.72953374001953564,-0.10676144783198104,-0.20000000000000001,-5.1968118292011495e-18,0.31012963480698136,0.42423447194160557,-0.65026798445675682,-0.9519079845756071,0.26572401231130816,-0.18492427592029403,2.2885890694749538,0.086999815130034241,
0.356424677716564,-0.60718217034088673,0.68713513719463482,-0.040324239030162579,-0.056973612722430789,-0.98827311269887852,0.13580949126059821,-0.067997473928102792,-0.055620266710756198,-0.097469551680937475,0.33978750301258498,-0.23335681822951077,-0.20000000000000001,-0.3820099367062329,-0.11812514860681579,-0.1102707235747297,0.72917238252677885,-0.10765187378442159,-0.20000000000000001,1.2188804110989382e-17,0.32763878564826593,0.42175785411135364,-0.66998555441883934,-0.94010160062305126,0.25408204750648405,-0.19081743888918368,2.2832628335448129,0.086995832834169673,
0.35764748454902101,-0.60639109377538292,0.68871237366055593,-0.034053382655630959,-0.05883192517103257,-0.98629082658700196,0.15036481337303487,-0.071516348834491567,-0.053486662578821058,-0.068788872936898809,0.33243946518255985,-0.2313180234991391,-0.20000000000000001,-0.38818475101535704,-0.13099756941023488,-0.13213375951976916,0.72954593851898464,-0.10503311303622929,-0.20000000000000001,1.1085967213664283e-17,0.33999218338156023,0.41287015778152492,-0.68210505635022844,-0.91645853453536663,0.2442744099853103,-0.19646737651784546,2.2788318921026605,0.086941961230542861,
0.35924577455171269,-0.60565842395124958,0.69011593368926638,-0.028112728938379631,-0.060113147858467574,-0.98391300221230049,0.16586527063783038,-0.071954999989079241,-0.04797449946054097,-0.013409218498371289,0.3225245972053834,-0.22961710023180465,-0.20000000000000001,-0.39440390511138368,-0.14505828115783426,-0.15853439021263524,0.73032484876856119,-0.10208698735144765,-0.20000000000000001,-3.6103932343767298e-17,0.34984833943527799,0.39819736216187901,-0.68736814723569972,-0.88148928403684268,0.23441948890306522,-0.20187098034196685,2.2731234575817547,0.086344283591537424,
0.36106378654966587,-0.6048503222115581,0.69131265256772889,-0.021792815378815458,-0.060707764329206861,-0.98075442901127807,0.18428345157060769,-0.070116180921599866,-0.04029573288601325,0.051458911976126259,0.31134996065860776,-0.22796265373954874,-0.20000000000000001,-0.39926028824662263,-0.16165214266884484,-0.19558215177605873,0.73115449783163688,-0.10155145030196353,-0.20000000000000001,-1.8648277366750676e-17,0.35716791472962017,0.37994018543158931,-0.68740981496984299,-0.83911491626767809,0.22146505816846435,-0.20933097678444559,2.2618634947281429,0.071133835809868873,
0.36245598198691104,-0.60412211868948595,0.69205758007188434,-0.016444506919805407,-0.060705011110658749,-0.97733559739020093,0.20213760138123346,-0.067724733447828089,-0.033914437657686633,0.092972704187747196,0.30331472900775847,-0.22576565047993727,-0.20000000000000001,-0.40049780643870991,-0.17704110648139759,-0.23484921108138232,0.73151987863250745,-0.10449342916554452,-0.20000000000000001,4.651227319962814e-17,0.3639362013709051,0.3680410030696703,-0.68846033870243017,-0.81036420249632068,0.20985941415906942,-0.2166346078660582,2.2463940247831204,0.041348162148057387,
0.36352306104560317,-0.60353174436264367,0.69268306221111253,-0.011593971311669166,-0.060758495781713641,-0.97363931538649917,0.21954605109925551,-0.065680745939001028,-0.029243884633818121,0.11394517676470908,0.29794623654189922,-0.22422665874339048,-0.20000000000000001,-0.3995248854933755,-0.19166298112494726,-0.2736936033051216,0.73152084050186206,-0.10862629865242987,-0.20000000000000001,-3.5887091909270197e-17,0.37383917546780621,0.36437374996369815,-0.69692133457818151,-0.79770453218680848,0.20081287365768283,-0.22197718332621433,2.2279495109724743,0.023050313736841979,
0.36431196436392066,-0.60325496324616934,0.6931973723629361,-0.0074126359711133346,-0.060437515185818233,-0.96990769947974143,0.23573589899724509,-0.062130265890737932,-0.025050163503957223,0.11810011247813992,0.29511933457606404,-0.22396973576495116,-0.20000000000000001,-0.39554298914281832,-0.20358921789024523,-0.3090634107714828,0.7302987521161628,-0.11373039053895853,-0.20000000000000001,2.3418766925686896e-17,0.39227612813770057,0.37547489281144147,-0.72189558292634759,-0.81277969682277762,0.19212106771529169,-0.22616272191618453,2.2029991538248961,0.013745454661753729,
0.36507493301251126,-0.60316187365081975,0.6937344034337104,-0.0033044265967274167,-0.059618892810798602,-0.9662305700464725,0.25066542221166094,-0.056873149525911604,-0.019925731118088964,0.1222595557635526,0.2927452213818173,-0.22526136677353933,-0.20000000000000001,-0.39022815236592046,-0.21321730206945036,-0.34220255064151861,0.72739868095593141,-0.11840278325069545,-0.20000000000000001,-7.1557343384043293e-18,0.41323794797352026,0.3907901972762225,-0.75334746377983997,-0.8328988223723699,0.18095171252740005,-0.23181241132420952,2.1729786582642792,0.0029925102096162205,
0.36606161646393354,-0.60328894510169362,0.69447398195678867,0.0012004165606008428,-0.058767660836139698,-0.96253652837778036,0.26470427381963435,-0.048779496584060222,-0.013794842653717323,0.13663624770162194,0.29072823262428893,-0.225824824681469,-0.20000000000000001,-0.38208894161122903,-0.22008307951317282,-0.37059826657266148,0.72037005654552932,-0.12347360444037872,-0.20000000000000001,-8.7495115319580208e-17,0.43339229441253024,0.40548601409025281,-0.78670249641723644,-0.84848795482418804,0.16745516288099044,-0.23818047495203509,2.1372387707895784,-0.0080946980405309926,
0.36717596357880705,-0.60353653794323936,0.69519863036652874,0.0052912909009585011,-0.058396756320837379,-0.95934543890897572,0.27607634802052666,-0.039788042369052187,-0.008286008705823902,0.16034841904082373,0.28907227899953097,-0.22529771873782764,-0.20000000000000001,-0.37172306134757466,-0.22296396623823031,-0.38766273559496611,0.70862802565086325,-0.12945921687063516,-0.20000000000000001,3.1983964088322381e-18,0.44761423635876391,0.41447767343224334,-0.81247283505481904,-0.85394776700852437,0.15558577237164606,-0.24256786127281085,2.1048742614171192,-0.014004869492180938,
0.36844281612133767,-0.60375052101326931,0.69577377930344819,0.0094307911981078973,-0.058536451275713539,-0.95590594223599668,0.28762540507982753,-0.03106460661869706,-0.003295109399568846,0.18926340363868618,0.28743337624977,-0.22325599752084219,-0.20000000000000001,-0.35984708374974095,-0.22512121481216452,-0.40135128123408192,0.69410435215411836,-0.1380295065575608,-0.20000000000000001,3.6320772778264399e-18,0.45840485388527169,0.42045037513143541,-0.83340789896894563,-0.85533913593936917,0.14627409111643611,-0.24408151433986536,2.0755043567926221,-0.012946776510398307,
0.37006375299076927,-0.60380273747693225,0.69613349195797236,0.014000961168067344,-0.058606618098932223,-0.95163398742442851,0.30126730884724101,-0.022139946077667935,0.0023288875434026328,0.22278995422312922,0.28421702132914228,-0.21897395573705183,-0.20000000000000001,-0.34398164270651843,-0.22623345122698177,-0.42017578682987866,0.67238107730743812,-0.14953783785578056,-0.20000000000000001,1.4961989980299961e-17,0.46483919300946874,0.42314385026343559,-0.84809463616224035,-0.85274668649029173,0.14145375548906675,-0.23923195416925269,2.047825741241291,0.0032356300320525964,
0.37195900397293191,-0.60365977839421081,0.69638376649003775,0.018935689100216244,-0.057823715429901092,-0.94645805265077176,0.31704102602769063,-0.013232776367238991,0.0096395537109182014,0.25801776557998313,0.2799856943826538,-0.21377115373184125,-0.20000000000000001,-0.3251063364550994,-0.22622761464112559,-0.44812831258987151,0.6448178501076649,-0.16078969256889508,-0.20000000000000001,2.2930875948068419e-17,0.46928313958605955,0.42421983386470979,-0.86011339278688448,-0.8476284910764571,0.13940797732752144,-0.22951699188377583,2.0197092640936698,0.029880791013085946,
0.37444402173253932,-0.60327017886623391,0.69679935223698108,0.023931260470696439,-0.056204618221770232,-0.93972018196027107,0.33644362868002653,-0.0059020003330571003,0.019856689348992609,0.29900210693501872,0.27893389825518489,-0.20572858897157961,-0.20000000000000001,-0.30405338374634178,-0.22553930283373685,-0.48842724661777182,0.61203345075239479,-0.16778899723508414,-0.20000000000000001,-1.9081958235744878e-17,0.47150768577875185,0.42233833973434987,-0.86749350330036901,-0.83952224433812139,0.14040307293268608,-0.21276640325497362,1.9896192301911233,0.067886045045515875,
0.37704758031219665,-0.60272340262142576,0.69735023892813608,0.028070815642525268,-0.054394854076672043,-0.93283552767149391,0.35506493416414237,-0.0029543848833137876,0.030782322064751733,0.34015082609275371,0.28368719028372869,-0.19642760445746432,-0.20000000000000001,-0.28686870476499104,-0.22520472880048401,-0.5314263421638229,0.58318762179482375,-0.16872338885732277,-0.20000000000000001,-7.0473141211557788e-19,0.47047793481212496,0.41698860584128844,-0.86758568530249658,-0.82935934877078998,0.14072960109486049,-0.19788128945895958,1.9635876891666704,0.086199442813556931,
0.3797158123369529,-0.60208310461198589,0.69789091122178792,0.031907151615239458,-0.053217341868320646,-0.92574531487962375,0.37302206393013598,-0.0025744525975729682,0.041146866471501696,0.38317017852520374,0.29202429440779293,-0.18577787177348692,-0.20000000000000001,-0.27202211343052268,-0.22579374592056817,-0.57379549180085998,0.55742154420608026,-0.16844743465858472,-0.20000000000000001,2.5021353261892032e-17,0.46826262702971699,0.41134724056761779,-0.86501220081097585,-0.82094195504151768,0.13869356998319746,-0.18886170956107642,1.9395073003260501,0.086950611499865035,
0.38198570009555544,-0.60023369874718679,0.69805527854651372,0.036117127821507271,-0.053331418360090116,-0.91782718637257976,0.39172001333735734,-0.0056417402270433903,0.053177752317349961,0.44009078283555214,0.30475411518618645,-0.16547966076882425,-0.20000000000000001,-0.25575261152629214,-0.22228581166643566,-0.61831607112341103,0.52617959192883157,-0.1715599680983502,-0.20000000000000001,8.6620765559776956e-18,0.46560056954375678,0.40928282757034412,-0.86275068694547064,-0.82147322198594563,0.13595418118739167,-0.18396492042801424,1.9146646644680643,0.086997890380268547,
0.38372246111605979,-0.59723563953415493,0.6978749831522002,0.040765814337195623,-0.05388735387726918,-0.90885423745987048,0.41160451470406462,-0.0101847928573775,0.068083352641604949,0.51125095866624648,0.31974879911304205,-0.13781221096110435,-0.20000000000000001,-0.23741597495573497,-0.21406586758222709,-0.66641413191806942,0.48882876039783912,-0.17704268661082817,-0.20000000000000001,-2.2330971480620461e-17,0.46366246146426454,0.41128107205222458,-0.86408235149571844,-0.82909624999550036,0.13289619383587598,-0.18168392950838033,1.8882653326946597,0.086999978302938499,
0.38333268923748526,-0.59263006886779679,0.69722735001563096,0.046320254693110671,-0.054667305297191528,-0.89809391996478616,0.43392767906529439,-0.016073284322144693,0.090849665718635647,0.60744322649895444,0.33932912334774751,-0.096577944079853512,-0.20000000000000001,-0.22210715976743123,-0.20171004435213538,-0.71033563646741105,0.45383615799899329,-0.18650960605179318,-0.20000000000000001,-1.704726027169606e-17,0.46143523432775657,0.41810395649279902,-0.8715472315370093,-0.84311298666891754,0.13066818882891076,-0.18100784387340685,1.8632370945669918,0.086999999999999994,
0.38103037990667182,-0.58864468096504363,0.69638599728322803,0.050831939401807802,-0.055259845097253735,-0.8878082051834898,0.45404741411591465,-0.020546521579589444,0.11554143841861762,0.70036392994561103,0.35912271962711806,-0.055079386135479885,-0.20000000000000001,-0.21466217521652531,-0.19307213575938312,-0.73871548853643287,0.4366957643692157,-0.19782934385140202,-0.20000000000000001,-3.3454492093332444e-18,0.45883334140357052,0.42587030881932186,-0.88202357596616965,-0.85541613693236962,0.13096089588141946,-0.18105752937322955,1.8458653502272928,0.086999999999999994,
0.37789574032875278,-0.58575039361628201,0.69545141150830425,0.054307231620253242,-0.055728199631426334,-0.87758119484536157,0.47307117732257986,-0.023316368387178779,0.14000937431644961,0.78194610096299866,0.37850053001863077,-0.014945852732075096,-0.20000000093634554,-0.20965198527088647,-0.18808885096637351,-0.76051400642190548,0.42926623131352887,-0.21052333598228692,-0.19999999294005774,-1.8184390550936091e-09,0.45510264285529622,0.43081396374987296,-0.89060331246804236,-0.86117769425770929,0.13297841999159729,-0.18133582049757854,1.8311064621533018,0.086999999999999994,
0.3759381811467104,-0.58497068610769187,0.69410556242387322,0.056005734434728435,-0.053551879778538557,-0.86637229665032844,0.49335038003375159,-0.027705106195147794,0.1627689012078081,0.8428078841127753,0.39638536098189159,0.014015080558754615,-0.20000000770794205,-0.20339614225538438,-0.18586260754382641,-0.79110014793714467,0.42605202531160163,-0.22473467313443984,-0.19999994187916675,-2.1069969026347022e-08,0.44810350918876485,0.43064142732304167,-0.89596197057537053,-0.85404091867466747,0.13773935966565296,-0.18251526498205542,1.8163827176174008,0.086999999999999994,
0.37573618762941097,-0.58464765654358775,0.6924485840150203,0.057427521294193651,-0.049940700992862422,-0.85350272765995661,0.5155008244992052,-0.03658103243079789,0.18293559622764111,0.89073163967083935,0.41249180127461244,0.034430342603704686,-0.20000003927302021,-0.19571775046828918,-0.18415576488644136,-0.83215841337582008,0.41996740033876978,-0.24044840887137084,-0.19999972196405336,-1.2145231179120089e-07,0.43970935952555956,0.42995545596009277,-0.9021424010332707,-0.84399580766284021,0.14371296052071947,-0.18419822635496755,1.801158474761358,0.086999999999999994,
0.3774563620856396,-0.58451419280296968,0.69050816548095695,0.059303154686815289,-0.046434803065217869,-0.83845200134161102,0.53974548294055535,-0.051662104021315422,0.19781118314212584,0.92190079890292886,0.42625640582002894,0.045095459986003429,-0.2000001509191256,-0.18923358347681252,-0.18547370219044104,-0.87523707989645816,0.41418553906420302,-0.25990625332102663,-0.19999900705372015,-4.8707722428019239e-07,0.43049139453490121,0.42925275502284665,-0.91073109839002886,-0.83212786999176347,0.1514408322524631,-0.18732523662883416,1.7852471397179557,0.086999999999999994,
0.3791464137900315,-0.58389455042104454,0.68874154204759297,0.060898164866434748,-0.04468938018261466,-0.82530384520223221,0.55961400617676138,-0.067395063178756931,0.20712523817889314,0.93157057917682307,0.43597044985866612,0.05127006207985723,-0.20000048423276448,-0.18561966587452261,-0.18669907970157676,-0.90223359504960121,0.40999765396619142,-0.27896022896586559,-0.19999704581008126,-1.5559752400409678e-06,0.42257875923651356,0.42571071863355925,-0.91638397712979036,-0.81684176149402943,0.15860572624422922,-0.19075734264347416,1.771062323497179,0.086999999999999994,
0.38024425012203783,-0.58300398531577335,0.68706156426975284,0.061575716391624152,-0.043391090667768903,-0.81348008509460523,0.57669384907071231,-0.081404936532748773,0.21598586907047657,0.93366651464527139,0.44442687316812379,0.058363026957261983,-0.20000136665137136,-0.18301484806957316,-0.18557487113292154,-0.91798699271683237,0.40602337086684859,-0.29724302966649135,-0.19999225914633795,-4.1694448514260453e-06,0.41518238306689853,0.41863483366210497,-0.91759549434136944,-0.79575225534226934,0.16454029449739105,-0.19442652270282404,1.7552241757112632,0.086999999999999994,
0.3817146080455962,-0.58162372398723805,0.68548427378506038,0.05983332474179185,-0.042404958581080364,-0.80250566833112924,0.59212029608390204,-0.094752639988079798,0.22278616978810761,0.91783361281966491,0.45075802832517159,0.063478837188897602,-0.20000349999624201,-0.18001189666907969,-0.18090796830723951,-0.921124017960397,0.39943321642978252,-0.3133561308847736,-0.19998164489845968,-9.75731825113288e-06,0.40991436328888747,0.40814012487273538,-0.91353620925423551,-0.76828629624732703,0.1677889340469251,-0.1984769787232869,1.7315070818329392,0.086999999999999994,
0.38392691812890672,-0.58015386624282717,0.68622544856131262,0.057207285639329516,-0.041478747535630245,-0.79045720057871693,0.60842769005520603,-0.10910565484131912,0.22765784995981911,0.89218835096171412,0.45671141211580918,0.067099573013937902,-0.20000816722448625,-0.17640774586400382,-0.17569300125090836,-0.91931254919960981,0.39079266086560205,-0.32800858992236936,-0.19996019613631102,-2.0485663759872398e-05,0.40644166021897937,0.39869889382870172,-0.91041786311757011,-0.74152584945581723,0.16944015984705427,-0.20316599362887894,1.701626308096349,0.086999999999999994,
0.38700674294017323,-0.57914783207236986,0.68733493076521013,0.054215356021380445,-0.040621690103038025,-0.77675853511255566,0.62614435363935406,-0.12462699650854527,0.23032718741929983,0.8565657151548266,0.46309602849404308,0.069918828564672894,-0.2000174288226001,-0.17231259042860658,-0.17137600482671186,-0.90691521646219619,0.3809105988829391,-0.34100201145003967,-0.19992045874043418,-3.9273022883504107e-05,0.40506941106878247,0.39074155692093321,-0.9102966251026855,-0.71518631051275161,0.16877455927445703,-0.20888075838566039,1.6644114712872276,0.086999999999999994,
0.39026107152596401,-0.57914187465100075,0.68855647057999247,0.05192590367479058,-0.039714846024250287,-0.76482356820483033,0.64091445689050985,-0.13806081266758166,0.23137565810718491,0.82311257391012138,0.46998716474758856,0.071358207046810049,-0.20003422376024052,-0.16898826579265475,-0.1691551179803015,-0.88679639776139196,0.37294235613835902,-0.35138680051335497,-0.1998525406458431,-6.9531609194470973e-05,0.40463306578437763,0.38463611065279574,-0.91208261574593152,-0.6920680270392856,0.16683685402517381,-0.21469645493960249,1.629757008909422,0.086999999999999994,
0.39327982428337871,-0.57961701763532147,0.68972357940530449,0.049705707762274953,-0.038631651495962406,-0.75396765253773235,0.65388815331468364,-0.15033749788280931,0.23329408439001306,0.79327916513334806,0.47831798155086519,0.07186188586730835,-0.20006221941111763,-0.16587301436890561,-0.16721099694335015,-0.86494379700587443,0.36699069649690852,-0.36233670744996299,-0.19974513718304546,-0.00011486013891060315,0.40368613656595609,0.37822668335707643,-0.91251661862633693,-0.66814457337146249,0.16469228088315821,-0.22049296492319739,1.5960243295338743,0.086999999999999994,
0.39615695019563735,-0.58097146760217611,0.69084578614405401,0.047259174737105489,-0.036896326738306291,-0.74289048611494357,0.6667225488284394,-0.16365468914616207,0.23663708401182915,0.7606022190261339,0.49019087368338748,0.071823174355639383,-0.20010522585324447,-0.16189067602090312,-0.16486298511607478,-0.84048207100600358,0.36279898331068405,-0.37483210773230563,-0.19958720456054455,-0.00017882821597517212,0.40174813779326607,0.37184800305404941,-0.9119427935182044,-0.64236667043217943,0.16192826598186053,-0.22524764438117462,1.5590003766250045,0.086999999999999994,
0.39921901094001128,-0.58297817616493253,0.6919963926685293,0.044579603245887077,-0.034554549524932421,-0.72997279658985803,0.68114488790590666,-0.1789226584606666,0.2405362095971382,0.72427367456683178,0.50416589115589294,0.071961829976939326,-0.20016642818669017,-0.15644819252071884,-0.16206596301481982,-0.81402475599883006,0.35791901262921805,-0.38716819207249042,-0.19936989034148572,-0.00026529626008336992,0.39884075599992896,0.36617346552910912,-0.91248556894663002,-0.61542618946869332,0.15929363288565268,-0.22917433753788083,1.5189445717023367,0.086999999999999994,
0.40345570852873541,-0.58650789164418338,0.69326672020922875,0.040906492317350704,-0.031191325054456466,-0.71349635522081178,0.69876799527042965,-0.19737210604231467,0.24588102481640814,0.68511262726014688,0.52459653136088513,0.071994253928688565,-0.2002474977265318,-0.14709540932465032,-0.15900884232921264,-0.78089592144362507,0.35084551881450626,-0.39715320729474957,-0.1990934990921702,-0.0003761078974132323,0.39523595449496096,0.36258535360256261,-0.91609168998270463,-0.58833563632801011,0.15945191539850362,-0.23094258614190138,1.4790925986144774,0.086999999999999994,
0.4077513547123186,-0.59047135350056357,0.69417398869591107,0.037126192404717956,-0.027902817170625337,-0.69703441128289445,0.71553204548711824,-0.21430423269022694,0.25152028264523313,0.65463597217051628,0.54584360102633855,0.071845380636948508,-0.20037292445509899,-0.13643682257924736,-0.15638724764558601,-0.7482364473377292,0.34383450933172893,-0.40265437565284451,-0.19871673480080443,-0.00051970004227984846,0.39381260205038726,0.36501445909340724,-0.92351284758988261,-0.57552038559400209,0.16299793701305895,-0.23075280962781267,1.4504226233425099,0.086999999999999994,
0.41169945315518908,-0.59423003046788381,0.69477643676385692,0.03375625408469865,-0.025026758646278142,-0.68104569860659747,0.731034153149688,-0.22946911651080834,0.25665613463179782,0.63082967759365594,0.56513309076355511,0.07167160690088073,-0.20051081691719325,-0.12674992765680565,-0.15415621550310954,-0.71527471360697448,0.33841957431840508,-0.40781802647648552,-0.19831037830979947,-0.00067925025386921824,0.39193301649238282,0.3676194121666273,-0.93166313587746552,-0.56335375324448123,0.16744578498763674,-0.2306732219627734,1.4263269978256683,0.086999999999999994,
0.41512391679074856,-0.59807666629430511,0.69499446065053327,0.031081941092737941,-0.022666781257678004,-0.6646482063946072,0.74616545866299366,-0.24118565226070648,0.26128085476513463,0.62048042969713302,0.58122122165551526,0.071519127448939693,-0.20065222142094297,-0.11877396506912548,-0.15218869350098105,-0.67554464309803963,0.33658223673944504,-0.41291948268759054,-0.19790535187392416,-0.0008441585891708676,0.3895322401914591,0.3707184281274708,-0.94157729296383452,-0.55203085908715932,0.17110486391397675,-0.23245970089623333,1.4028023475097082,0.086999999999999994,
0.41842340152450902,-0.60221169853374079,0.69487373553503629,0.028763642466895615,-0.020519260999029568,-0.64710557966992333,0.76158123766289232,-0.25098449940797352,0.26573514597897357,0.6178080367344555,0.59595676908182837,0.071375150643656016,-0.20091209144313771,-0.11182109179199806,-0.15033464687870593,-0.6271053217726551,0.33670502813289205,-0.41604330833845926,-0.1970818528377144,-0.0010182071663466833,0.38736227946542562,0.3743338901677154,-0.95341945999101896,-0.54026500198369021,0.17322370178647553,-0.23775034494427075,1.3747363278599587,0.086773896755507646,
0.42144648489511394,-0.60615115847454437,0.69443595823262527,0.02726282988884696,-0.018890972051580208,-0.62641001790229511,0.77878774948829566,-0.25883492039886125,0.26869559591878051,0.62730636100486792,0.606340783109937,0.071307098794414381,-0.2010240073365743,-0.10693592924718953,-0.14913197858747793,-0.56817908788693849,0.3404655977124737,-0.41853663775148059,-0.19679282845767268,-0.0011400930407331283,0.38439960541276263,0.37722494944918478,-0.96332199000966456,-0.5243359830055121,0.17464617856283587,-0.24877056024042069,1.3403638020450888,0.085373946951612517,
0.42317543022432574,-0.60866417486050917,0.69379732568194519,0.026866147841513217,-0.018011583444163058,-0.60652152669990689,0.79440885607576539,-0.26389463040283989,0.26770040153695429,0.6426613669526714,0.60772029063600852,0.071132081396042462,-0.20141422571881865,-0.10520565384567859,-0.15079617374581425,-0.5143150860747927,0.34480909004969668,-0.41188451459308095,-0.19515526142790568,-0.0018342386527054437,0.37975106930353913,0.37704441413188244,-0.96678281930955001,-0.50493696329455928,0.17742342428178157,-0.26948723536622032,1.3071259732416247,0.045082584407543022,
0.42390330395079878,-0.61007319188333908,0.69329500342628447,0.026554818721803923,-0.017527799650714639,-0.58665068370115825,0.80921480038060367,-0.2676406285557501,0.26615920578530361,0.65842430158504062,0.60455557967776485,0.073786301855989361,-0.20104239656981898,-0.10401053894239033,-0.14469908139659146,-0.46477536148108561,0.34974204993353969,-0.41785284133839551,-0.1967408338395743,-0.0012007355563021696,0.37518441645174849,0.37686168488370581,-0.96152950274497107,-0.48033946425987673,0.18315180569440778,-0.28940454466848048,1.2767489951026301,0.0070604649200555767,
0.42654353224795238,-0.61068278673702914,0.69275533546026047,0.025417389722733805,-0.017206708129589871,-0.56611060274537284,0.82375765304748216,-0.26908822351510614,0.25633350404059696,0.66378481545946022,0.5992807289279819,0.058675916938858055,-0.20099383282561262,-0.10101799135143046,-0.14192180523888995,-0.41889565286302266,0.35255628649023796,-0.41686074952951174,-0.1968919181414871,-0.0011501761617699574,0.36674686380054367,0.37236643878049824,-0.94224161470184919,-0.44676642010173889,0.19151578172354741,-0.31078351687529615,1.245999702190913,-0.037063078412777631,
0.43190122585011304,-0.61112308478441635,0.69215483664432942,0.023287707666019335,-0.016817669800897238,-0.54392466557660824,0.83864224007111909,-0.26927129236892461,0.24050666841847748,0.65772106643753936,0.59597293261531969,0.0264935766482364,-0.20078325000256866,-0.096055864971017105,-0.14119389963585305,-0.37258065931960233,0.35612828188117523,-0.41776055173580479,-0.19760256510420041,-0.001031779756361661,0.35481178455832274,0.36602491016965566,-0.91300520227175253,-0.40710238307996166,0.2030944098495655,-0.33227873729934621,1.2133998065435549,-0.085800801357902398,
0.44067422958155422,-0.61084955476221792,0.69093957108979098,0.019888891393820177,-0.015809294725624642,-0.51861894003905751,0.8546279267799336,-0.26499343284749999,0.21395312762640373,0.63242903842135179,0.58861015286753837,-0.032758098079977552,-0.20067255095905842,-0.091300138152203988,-0.14200802920253233,-0.31682020451975518,0.36207513017077092,-0.41285682278504721,-0.19793025164913886,-0.00090177420549464619,0.34250537258670782,0.36833376301827675,-0.86552270492154304,-0.39455148146389252,0.21944513713464911,-0.35639827591189849,1.174954382763447,-0.14702059660711073,
0.44927917006490925,-0.60978787126770628,0.68930920265850204,0.016412062455091751,-0.014486299888300056,-0.4960370001169479,0.8680253946956249,-0.25633292942165992,0.18530559095270255,0.60340686934896226,0.57596677691152409,-0.095097727782260805,-0.20057109119323652,-0.089845844840116526,-0.14187294318451649,-0.25849046307944579,0.36984034570574753,-0.40303761173951463,-0.19825363254657763,-0.00076215283964468222,0.33137400289375252,0.37473515216262265,-0.80943534525291183,-0.40508351093427802,0.23612271046810898,-0.37934847222909102,1.1355091292769457,-0.21030063984962116,
0.4574434264773396,-0.60866492223269697,0.68736504881300997,0.013394353653846317,-0.012911367764899056,-0.47522674998566611,0.87966665502944708,-0.24614420603562459,0.15819678355716119,0.58219005541828783,0.56291189923288565,-0.15159152396914652,-0.20046288179676658,-0.090969991788039564,-0.14040046323443636,-0.19298820274500583,0.37923579097946131,-0.39154645174191444,-0.19859129493773856,-0.0006161506728348822,0.31849300439375161,0.37803284171189067,-0.750639119478407,-0.41732292695610407,0.25256825500696783,-0.40378301249683712,1.0932504063168687,-0.27790720449524908,
0.46432835788134319,-0.60759113901983841,0.68546444434163434,0.012135884805997241,-0.01194840088791678,-0.45563083926706904,0.8900058956686655,-0.23490789810809518,0.13194232448280571,0.56374997529139803,0.54705207244853449,-0.18706207851917228,-0.20035745511165226,-0.095861908964573195,-0.13595609092512004,-0.12200190950055305,0.39204623560798779,-0.38274161251995836,-0.19891594722455511,-0.00047601356033590415,0.30214131545886669,0.3738046268116092,-0.69030344582791425,-0.4236897095127285,0.26822629686486893,-0.42673645159989843,1.0496002233002406,-0.34559937855645251,
0.47045264187763636,-0.60656155387151345,0.68382686362066014,0.012515905975840284,-0.011617420530107737,-0.43512096464918282,0.90021004979982022,-0.22394168956145752,0.10417690739402044,0.53689314241105612,0.5276831721522649,-0.2103023668541194,-0.20026239363836937,-0.10305760800806454,-0.13066048096178953,-0.056429494452816295,0.40751244633385247,-0.37606459476258491,-0.19920738952419528,-0.00035031944206488533,0.2834800635696616,0.3653199636576841,-0.62927629820219833,-0.42492374804048988,0.2850043671003607,-0.44484431660649643,1.0085357073485952,-0.40671589905377492,
0.47529602898718182,-0.60600934981654464,0.68251323888013971,0.014673199806794303,-0.012361774029489186,-0.41171389887379745,0.91111116183724272,-0.21421190624416864,0.076674931811435448,0.49545555797286744,0.50703692365090847,-0.22112579284752185,-0.20018220171394094,-0.11315031701328025,-0.12340295902256841,-0.00710727522703033,0.42576513103879182,-0.36547194315701059,-0.1994512279821484,-0.00024416155630608129,0.25744292568778332,0.35099445561132175,-0.55816171922934632,-0.41778186161351105,0.30248499176217819,-0.45257655508985206,0.97410267442860732,-0.44854240076257806,
0.47846230231524323,-0.60596877976342156,0.68159874639538376,0.017346188486731969,-0.013745757450792142,-0.39030378180104974,0.92042007899050382,-0.2079135853117835,0.056046234539921969,0.4522942557142256,0.49201917317695881,-0.22283174670764358,-0.20011910628340451,-0.12444074074471072,-0.11527628074098897,0.023183079585403249,0.44322885909563753,-0.35057326267777583,-0.19964197804872355,-0.00016051537324479674,0.22759540783844801,0.33418578136926957,-0.48691979627740084,-0.40340587782408627,0.31629166211268728,-0.45092220902977176,0.95276006114237177,-0.46646707215542405,
0.48103547899118265,-0.6062568937815469,0.68091301389469583,0.019684829845736343,-0.015828782843552068,-0.37058462601038133,0.92845516427686603,-0.20115737981612028,0.038682361312888304,0.41272306940102632,0.47882167002160508,-0.22349624398383849,-0.20007286090692131,-0.13552517900210154,-0.10734281938809088,0.044942130306739457,0.4603969442938865,-0.33915110664732978,-0.19978138627221836,-9.8900678290054771e-05,0.19230393636627838,0.31407976085015865,-0.4081525348724454,-0.37816328544697786,0.32902649577435039,-0.44720032312200703,0.93663615259263511,-0.47869440017894416,
0.48308542031615154,-0.60695258161744658,0.68107178177315808,0.021870351258778984,-0.019240458672589941,-0.35401566841887649,0.93478575031919575,-0.18979165812851764,0.023716400604191078,0.37902520217193897,0.46292634731831489,-0.22197733964861538,-0.20004142988454152,-0.14750900983719289,-0.10248702096612951,0.045481697638820637,0.47793415077794793,-0.33426448977930928,-0.19987592215321914,-5.6752560525340581e-05,0.13351044267297163,0.28500685579063062,-0.29125774539308702,-0.31803263190592174,0.34090826682893749,-0.44725356364904345,0.92827612513487356,-0.49476271112143949,
0.48515277031848186,-0.60770396775838254,0.68111615145312265,0.023753561075356859,-0.022707578819766445,-0.3380662391343634,0.94054843158549284,-0.17654299797773532,0.0093473744085755695,0.34656002656350621,0.44527078779802609,-0.22048276275416842,-0.20002169453742671,-0.16062892763878367,-0.099101094768346165,0.036709731360980852,0.4943003392354452,-0.33084975428787844,-0.19993515991564781,-3.0084619571983814e-05,0.05813040032417368,0.25972073202166418,-0.15964982678304865,-0.23426580270689307,0.35251720598799674,-0.45214700781261258,0.92565020440498913,-0.51707875766007427,
0.48765307431644772,-0.60834465916728964,0.68092826068232992,0.024384165941146757,-0.025877443542932508,-0.32177504696668219,0.94614829150436375,-0.16353000922306329,-0.0027699238898027203,0.31175836019148689,0.43010800592620702,-0.219534376051748,-0.2000103352032444,-0.17708742177071932,-0.093023035905977894,0.037062306995155503,0.50875555243389048,-0.3244200351781753,-0.19996918747012402,-1.456703164557429e-05,0.0051652405475746139,0.25062633215373836,-0.073161969620275713,-0.1642887848927492,0.36243200142678178,-0.46313242393401366,0.93874979301082184,-0.54211850720021237,
0.48989996149361209,-0.60887334943622795,0.68073104403483198,0.02427139814854622,-0.028457815364536027,-0.30809032739525644,0.95062158724808921,-0.15360534139089269,-0.010848312591401633,0.2816000796801289,0.42043985503166958,-0.21910093124945304,-0.20000441268620028,-0.19348675496601025,-0.085677624826660109,0.048308661259482549,0.51951122973338271,-0.31502250507904911,-0.19998688981368903,-6.3451496692206031e-06,-0.00019646809957909686,0.25252928102639821,-0.062087643564981226,-0.14071547558268754,0.36783038529578344,-0.4742000348034795,0.96464254369592339,-0.55680268155467416,
0.49178241196325156,-0.60950126904140878,0.68083043718980696,0.024941739865977246,-0.031731893771862821,-0.29587844084941439,0.95437253982427028,-0.14361735515843388,-0.01858614770870666,0.25533481086889381,0.41139742734349222,-0.21733664891925217,-0.20000165441189408,-0.209835175187642,-0.08036723241568855,0.057919263469035399,0.53068912886395891,-0.30076694403001919,-0.1999951077656974,-2.4341265925283804e-06,0.0043614489886614457,0.25361938513425131,-0.060457907609467294,-0.1286363531960357,0.37063294857114565,-0.48115524225378148,0.99552442719432133,-0.55934556109483202,
0.49341970000675806,-0.61025824247137372,0.68166837132595204,0.027219781773916794,-0.036404321218731953,-0.28447920222235934,0.95760398515237688,-0.13322941891302317,-0.027102737578669541,0.23128565224998396,0.40322178387150981,-0.21424018720549587,-0.2000005248012508,-0.22776184494407156,-0.079896694475695834,0.060632591162542972,0.54646075331658739,-0.27761288440221726,-0.19999845966311278,-7.9521409249773562e-07,0.0086961682688645823,0.25175502586224396,-0.054505583432690845,-0.11196076832587325,0.37044482386829697,-0.48064202845779047,1.0364615059933215,-0.54161181978252693,
0.4952886049027142,-0.61101559836936437,0.68269475903395516,0.029688139007787023,-0.042113111188596834,-0.27210795594011888,0.96088623706574194,-0.12189343335607025,-0.036105766284014733,0.20488577851817177,0.39570616007683407,-0.21180798214240479,-0.2000001332957296,-0.24704815017897813,-0.080310684217022726,0.064658418896753916,0.56679942540623995,-0.25032088882764214,-0.19999961457086127,-2.0832958970423206e-07,0.011306051952903164,0.2491195459909071,-0.046029569805542701,-0.087445238962135657,0.37020790613119098,-0.47621674584496337,1.0839235903233992,-0.51481538386715731,
0.49757311415698713,-0.61194290494693682,0.68349117976728968,0.031405945972221579,-0.048113378192983877,-0.2553035831533792,0.96515224178649384,-0.11005589338030147,-0.044264048596742156,0.17051080962259477,0.38910731790140241,-0.20978564583707662,-0.20000002492035315,-0.2678622922330241,-0.076339622949621586,0.081983917651465926,0.59088172439745568,-0.22204326803058,-0.1999999299490608,-3.885838949990905e-08,0.017272857082917054,0.24687852901220983,-0.039622209547328986,-0.070006467798634772,0.37037683324034648,-0.46405116908647115,1.145006014670479,-0.47172689491589542,
0.49963375319726339,-0.61301989699103476,0.68350171256703973,0.031812870918533187,-0.052660372391315526,-0.23680641321523815,0.96960690441212449,-0.10077567757731452,-0.049184382839352989,0.13451348995267942,0.38483376611493897,-0.20803348489067222,-0.20000000308334981,-0.28449859811162892,-0.068049649630559261,0.10722415798089573,0.60990535393043832,-0.20178694071194567,-0.1999999914831587,-3.9054293041058049e-09,0.026998949703235662,0.24578428803503727,-0.038513916722080793,-0.068856094143442792,0.3716915660487301,-0.44580723324634697,1.2058979037599526,-0.42177716601023213,
0.50143222443538304,-0.61428571934578902,0.68296433611074947,0.031790639550550219,-0.056136800569324997,-0.21733019412784318,0.97396386050980399,-0.093225664945036132,-0.052410012345196599,0.097310430172899642,0.38145561586160814,-0.20737149707206176,-0.20000000000000001,-0.2979770291997369,-0.058444384927426242,0.13249863113497351,0.62298253965239492,-0.187162363166991,-0.20000000000000001,-5.0171455531766718e-17,0.038468845446662799,0.24510917709024421,-0.040201576190468061,-0.075928111991136762,0.37495747550476027,-0.42233733556748021,1.2667173008132944,-0.36783734983686761,
0.50307499260142674,-0.61613093114411011,0.68260926842371061,0.031245412659143108,-0.059022439915593319,-0.19466503451891892,0.97859368489170107,-0.086844593177079932,-0.05341529308976211,0.0533110794762294,0.37903914176028708,-0.20767393702598066,-0.20000000000000001,-0.3062788470841416,-0.046970994731080962,0.16030460427903326,0.62730886085244686,-0.17040311853589457,-0.20000000000000001,2.1074179727686992e-18,0.05006583727483651,0.24458149096399862,-0.043223303895419743,-0.086565507282629989,0.38085699865739037,-0.39299038129880859,1.3282662808122663,-0.30928860989219287,
0.50472705474025348,-0.61833417109508948,0.68272468724771807,0.030833385958152999,-0.061638611365858013,-0.16977833508203538,0.9830693265665531,-0.08141773264803584,-0.053833154436702259,0.0052884046071339924,0.37767312605423481,-0.20754107600055313,-0.20000000000000001,-0.31451591900747239,-0.033649213425667054,0.19308744577080694,0.63061336140219737,-0.14769604068518039,-0.20000000000000001,1.491455613525372e-17,0.060838763667547757,0.24379954732601353,-0.045467964005693903,-0.094629646653402816,0.38959498993118186,-0.36015411255409291,1.3930461566896428,-0.24669724659886486,
0.50668989265848952,-0.62132853986683578,0.68438137218747153,0.029527750339405717,-0.064258620634136759,-0.14077257205282806,0.9875130503399554,-0.076350538594940009,-0.051861850310588736,-0.049521390724529914,0.37774775012454043,-0.20657747869409032,-0.20000000000000001,-0.3212228512768503,-0.019492831543673407,0.22129621003786984,0.63253636463298379,-0.10798590790301289,-0.20000000000000001,-3.0710026535651913e-17,0.069498397917941129,0.24281409181211852,-0.045325862131075846,-0.095831362960999519,0.40096321820235686,-0.32256222563510478,1.4633792325589128,-0.1798889738177698,
0.50866131618670407,-0.62405640444577992,0.68592492984515641,0.02734082479408486,-0.066173085284087829,-0.11473517098791858,0.99081251638336565,-0.072675789013355072,-0.048246360592475029,-0.097145488152904053,0.3790042435701193,-0.20607009250052133,-0.20000000000000001,-0.32489254026611047,-0.010105489824275681,0.23236163111351277,0.63344148507940878,-0.073998844180585249,-0.20000000000000001,5.4413396531616254e-18,0.071129348809492343,0.24173197645789601,-0.040722924268798463,-0.083795283551234584,0.41164076197610389,-0.28846681080140835,1.5256351517853524,-0.12328999390786222,
0.51092171566511202,-0.62663331681198708,0.6866321152121222,0.024339083314947187,-0.06813200010090574,-0.090816648220550328,0.99323611291153902,-0.068369533478461433,-0.043674663260155983,-0.1415152344367043,0.38023757664946956,-0.20647115504466673,-0.20000000000000001,-0.3265447250882702,-0.0028800460838597454,0.23527325383191292,0.63614241521359038,-0.050893293225058978,-0.20000000000000001,1.6154612370034016e-17,0.06870216364633551,0.24113310576110147,-0.033288645199593445,-0.063625705782105052,0.42235135399485679,-0.25875314965111723,1.5843493745282242,-0.072774408932973586,
0.51347440846956893,-0.62812409649074841,0.68569418405550475,0.019795908697194484,-0.069688359415868956,-0.069777198497937551,0.99492853870544717,-0.065239936118041505,-0.038443755010467651,-0.1783456054945578,0.38337594420552257,-0.208852003336541,-0.20000000000000001,-0.32498610511717735,-0.0014056004226532266,0.21927961725090961,0.64127674310515759,-0.049815226083697955,-0.20000000000000001,7.5297840879118283e-17,0.059460661757128476,0.24161680772415917,-0.020237651681880211,-0.027135186927570408,0.42951382887918627,-0.24094970769981677,1.6388347588802397,-0.039833025977934637,
0.51619330444290057,-0.62910807921813072,0.6847454640417493,0.013147842137900059,-0.070858796230635263,-0.048374773356947592,0.99622590136300226,-0.063019635760982406,-0.031644901265761138,-0.21546193384425497,0.38778147625432491,-0.2126113514150591,-0.20000000000000001,-0.32033579236084103,-0.0017260268068086965,0.18983153635137309,0.6437670950481118,-0.049572938404331746,-0.20000000000000001,3.0357660829594124e-18,0.047653112384376285,0.2438424465688625,-0.0054776711424170017,0.015079898003523206,0.43446514469887743,-0.22860948110258131,1.6926359495579371,-0.018609522257106947,
0.518818289015054,-0.62988144552704817,0.68382298201351421,0.0049372689487629838,-0.068518677140543924,-0.021020898998166025,0.99741612983926942,-0.066483579371685378,-0.022274155688091608,-0.24452352862122059,0.3941053739424788,-0.21670175138553646,-0.20000000000000001,-0.31402926988648239,-0.0082646872612080931,0.13133463040430624,0.6403800741576281,-0.055466128111369806,-0.20000000000000001,2.8080836267374565e-17,0.029483347484281559,0.24677274902313018,0.007439049052547499,0.055494761071600202,0.43245661650092698,-0.21521944973287832,1.7458432903862853,0.00050593341277604086,
0.52066357403586916,-0.63115538900727886,0.68389143709127442,-0.0001285934650820719,-0.062878627835313061,0.0068129985864403293,0.99799791817194206,-0.073758387370836065,-0.013085416310441264,-0.24673134132567592,0.39847548917140047,-0.22037585100026874,-0.20000000000000001,-0.31189701853043139,-0.018524027435649335,0.068047639032335336,0.63772007895719596,-0.061127534648030918,-0.20000000000000001,-6.2016364266170854e-17,0.010721030603590014,0.24743854996632972,0.014555587844592271,0.080719941512267954,0.42577128686913635,-0.20010157690595204,1.7887923713117846,0.025781298120662502,
0.52182053788555582,-0.63306623018432229,0.68479177271663549,0.001547404283677511,-0.056265508598981551,0.03451617037286276,0.99781783511063382,-0.080055229977381376,-0.0078476982458441421,-0.22305430265845089,0.39742696061365912,-0.2223397795009999,-0.20000000000000001,-0.31498421324018022,-0.034984109374749252,0.01069362162114279,0.64178330065923483,-0.069474310917085752,-0.20000000000000001,3.1658703436576729e-17,-0.0056694862464532238,0.2442326913353878,0.020502805870515749,0.086544045554121207,0.42295547692388891,-0.18168160656083271,1.8273038004188322,0.067241312492231031,
0.52222754870703059,-0.63546933866200184,0.68625634189875762,0.010742380843208742,-0.051147226678176443,0.058059441224202278,0.99694416280034659,-0.077797102156907924,-0.0081450333310681324,-0.15873629021091495,0.38604566322857259,-0.22524494736682263,-0.20000000000000001,-0.32318782972432025,-0.056208945340273597,-0.025346258570812491,0.65479036977925242,-0.079060770624982318,-0.20000000000000001,2.6535848171582721e-17,-0.015345648658669383,0.23637225832149716,0.028789666168825518,0.086977790678121059,0.4258257934069169,-0.17601744895210153,1.8623098963011759,0.086925097626421505,
0.5225414841920456,-0.63763364674358625,0.68736486887102644,0.019543971189213988,-0.047105446734613476,0.078770609747215281,0.99558741510634785,-0.071132647097970278,-0.0090956752317478042,-0.082632358872715306,0.37206247928273684,-0.23121703610496255,-0.20000000000000001,-0.33129533844814901,-0.075805004941308499,-0.052442749803506578,0.66797332470069226,-0.0875470146890239,-0.20000000000000001,-3.0621935109137466e-17,-0.011084476194456006,0.22706563134931751,0.022344421833724083,0.086999999999999994,0.4271832801898765,-0.18554280099166975,1.8956880886410905,0.086994739123562481,
0.52273307992690565,-0.63938233811186518,0.68795737944994018,0.024977630196215048,-0.043906513641290994,0.096970790306287913,0.99400452809684037,-0.063331065750334162,-0.0088346485725480425,-0.0070979663035075635,0.36041224747189549,-0.23998829372616359,-0.20000000000000001,-0.33817001771917227,-0.091247686032807626,-0.075744870847734957,0.67869261743801235,-0.093436920230712858,-0.20000000000000001,-1.279011280024521e-16,0.062627832618992796,0.21302836276767623,-0.090121623760417102,0.040560243161415543,0.42431109180409743,-0.20048873791254235,1.9260787304801688,0.086996245269711017,
0.52275252255061233,-0.64081014853770923,0.68821915317797289,0.028074818240737844,-0.041471667882287573,0.11198907950546293,0.99244664915315717,-0.059019506325039967,-0.0087772965173539674,0.038097686457319452,0.35462867915553364,-0.24665423813801582,-0.20000000000000001,-0.34343747541256925,-0.10273057633326176,-0.096397871918001227,0.6867583391662504,-0.097453082147351738,-0.20000000000000001,1.4990789100506607e-17,0.20286218888342067,0.22015568616507514,-0.27676297960880197,-0.12054541716957939,0.41890867775174723,-0.21276948658246062,1.948329097401218,0.086996737906469029,
0.52274670368783327,-0.64245154852902131,0.68836014277358792,0.031778840964553273,-0.039457553211559866,0.12759159926655281,0.99053197351630717,-0.056669118142208555,-0.0098506206612770913,0.062592997997412247,0.35082620815669951,-0.24942811706579757,-0.20000000000000001,-0.3482804269585007,-0.11535591654975613,-0.1181969715597283,0.69578716773345173,-0.10254402487275076,-0.20000000000000001,-2.3253595500972307e-17,0.31873117769568399,0.24783157339516965,-0.43403536005488313,-0.25519070417823775,0.41494080431345326,-0.22240490313043546,1.9674914696808323,0.086997843557453894,
0.52276325824030589,-0.6443328784457435,0.68843814975379891,0.035277211554178997,-0.037508187535406363,0.14440739343327871,0.98817769603172934,-0.057004992194185561,-0.010854764993925394,0.06299548538629543,0.34918873783278115,-0.24817812699475347,-0.20000000000000001,-0.35164814224738011,-0.12924147494356314,-0.14581508060823303,0.7043842558457325,-0.10816966934899207,-0.20000000000000001,-7.5576144141850524e-17,0.37709303757765383,0.26775286346567395,-0.50750947345723429,-0.31624173941350109,0.41182512533250404,-0.22892465434242049,1.9840182455667845,0.086999637813179431,
0.52278091286293116,-0.64619285803396498,0.68848028738421752,0.038199113504004609,-0.035350823801706295,0.16201534473372145,0.98541472236559491,-0.057999694979386465,-0.011047562667057092,0.059546295468053456,0.34788812274278053,-0.24592399451146238,-0.20000000000000001,-0.35375248616230925,-0.14365639834236094,-0.17805345793620422,0.71186054805520116,-0.11392844457032165,-0.20000000000000001,-4.9225796185716495e-17,0.41630111852800888,0.28174420144772749,-0.55175139098613635,-0.35335895089515207,0.40756730183676526,-0.23552102535434322,1.9993025031920322,0.086999774537775951,
0.52266865743961466,-0.64772117039619181,0.68866415131928682,0.039733443978979419,-0.032543750019108003,0.17819683997992067,0.98265357272308018,-0.058404919666412342,-0.0095738924460768409,0.061707759086312902,0.34588402498993093,-0.24465366472424285,-0.20000000000000001,-0.35465721316104798,-0.1567200966333378,-0.21345177588712091,0.71669953195472735,-0.11818069693556016,-0.20000000000000001,-2.25125210814636e-17,0.44726650559286735,0.29177621879040921,-0.58132801336378126,-0.38082365812086222,0.39828348081829257,-0.24421594417333051,2.0158693811634416,0.086999814368891037,
0.52242086940465648,-0.64857512233491055,0.68899266227566613,0.03989733520983374,-0.029499786583263223,0.18946095335245483,0.98063372998764176,-0.057648177027058725,-0.0072307846064539657,0.072708898822188589,0.34317702839423159,-0.24444234728168096,-0.20000000000000001,-0.35468447008248738,-0.16585239817396652,-0.24336157898714469,0.71816982567248555,-0.12045982968774629,-0.20000000000000001,3.7540156115175769e-17,0.4693829839827543,0.29803982708360877,-0.599231849660674,-0.40047480625371057,0.38542543655464523,-0.25288657586052682,2.0303305050409999,0.08699979741991945,
0.52208631147033147,-0.64918283413701461,0.68933250572991522,0.039716159934128754,-0.0265569810699475,0.19873294932550328,0.97888843503686584,-0.055974696002422344,-0.004865802301005839,0.086683196792619405,0.34028832192515079,-0.2452627230998371,-0.20000000000000001,-0.35454629656953884,-0.17348553227266236,-0.27068081335115823,0.7186703831210639,-0.12200143393780719,-0.20000000000000001,-1.2309321017515908e-17,0.49019113249088797,0.30422593846580143,-0.61677817885593278,-0.42025058794674036,0.37167184999049685,-0.26100674962157017,2.0434674544075615,0.086999759747936986,
0.52155507754436548,-0.64952434440886153,0.68959257780303951,0.039037020987453243,-0.023769661000235337,0.20667172153612268,0.97734227051000633,-0.052602563072859959,-0.0025871301411885105,0.10251011892265602,0.33718942053207218,-0.24636434732356069,-0.20000000000000001,-0.35310599495087797,-0.18044456043136539,-0.30093528881374965,0.71804149952605401,-0.12388050535019987,-0.20000000000000001,-3.0657642841820155e-17,0.5141106284597291,0.31231123553691675,-0.64002120970168241,-0.44606788410241321,0.35701648371905881,-0.26739250981875706,2.0542016308400033,0.086999690890330439,
0.52087912120515334,-0.64974189786844527,0.68977335000006756,0.038130503513879553,-0.020962299583733666,0.21481399224266726,0.97568519279258681,-0.048037092562801031,-0.00040352674566010265,0.11828240802616483,0.33359715119307282,-0.24708683784162802,-0.20000000000000001,-0.35060147979550432,-0.18819607671256472,-0.33679393786022682,0.71725153784944218,-0.12651566936846353,-0.20000000000000001,-5.438353862022554e-17,0.5403476110873332,0.3217918496710761,-0.66611297442312134,-0.47596405769344019,0.3415730598293219,-0.2732426935468274,2.064779753624165,0.086998067814295893,
0.51989444275075658,-0.6497004161853025,0.69009332162930626,0.036626757731960786,-0.017759190579910853,0.22438797520252179,0.97364938676738411,-0.041030766600094942,0.0020265063454864996,0.13730102496972474,0.3276476512447728,-0.24686410284380889,-0.20000000000000001,-0.34322096610700636,-0.19713799393232642,-0.38612307910907839,0.71276060540093922,-0.129880045109385,-0.20000000000000001,-1.5709496556251881e-17,0.56588050643190491,0.33182661151709936,-0.69305484657523331,-0.5076417579136242,0.32372970136671303,-0.27821173205168342,2.0750879459384235,0.08699620236880419,
0.51882890037878826,-0.649427807443681,0.69049288779333351,0.035077432128194627,-0.014693641619713765,0.23370807718344025,0.97156276447302292,-0.033587295125992928,0.0041916522218471653,0.15550050444832605,0.32140043856333878,-0.24601622107327975,-0.20000000000000001,-0.33277714455078916,-0.20529891363727534,-0.4364744196742768,0.70556828588084697,-0.13353603812311274,-0.20000000000000001,-5.2680790638007582e-17,0.58307588510358288,0.33930809893604996,-0.7134039117337575,-0.53292807299259404,0.30731857014579622,-0.28102803743383165,2.0826159754654618,0.086994850985926991,
0.51771691487552662,-0.64911448034985153,0.69098126132315707,0.033716688982829,-0.011451604027266648,0.2428645861981503,0.96940643613503996,-0.026762279207303064,0.0062848453428390382,0.17402710564576782,0.31623728986784649,-0.24386538904962243,-0.20000000000000001,-0.3222525303339025,-0.21234866089557505,-0.4825269515003997,0.69742217081781122,-0.13674847186195305,-0.20000000000000001,-7.2027023153295802e-17,0.59561721570365711,0.34557037554407938,-0.73046509668511894,-0.5545711932559958,0.29229690086096199,-0.28271342721594067,2.088504804197115,0.086993853349399297,
0.51628116712335781,-0.64853391801854599,0.69194167034702037,0.033172999710028565,-0.0074417845660387444,0.25324714934465881,0.96680404078671245,-0.021157680205369081,0.0077524395148545573,0.19533679600893802,0.31415776236307302,-0.24083639789409142,-0.20000000000000001,-0.31062604689479673,-0.21891303861186079,-0.52548207414041126,0.68652804013617419,-0.13828338367776249,-0.20000000000000001,-5.4770844435357569e-17,0.60237827884126682,0.35050226676746454,-0.74583417567829902,-0.57282276223903361,0.28044186075122618,-0.282261329900858,2.0931311504572765,0.086993696951332231,
0.51447400457840664,-0.6478156949250321,0.6931478535506822,0.032615852490645247,-0.0029730263325243836,0.26500517610638868,0.96369062666270477,-0.015704535293536978,0.0094784994318582519,0.22044184517337914,0.31302494978930656,-0.23736014952489784,-0.20000000000000001,-0.2959819330060155,-0.22424153065834523,-0.57134606114157793,0.67059681900389267,-0.13877394747733068,-0.20000000000000001,5.8654066982044908e-17,0.60706613689137345,0.35538167755672695,-0.76162485102941335,-0.58990827067321094,0.26952147937046111,-0.28084229505338892,2.0981840234132765,0.086993899514484579,
0.5120417335279942,-0.647477333337106,0.69401403609299894,0.031851378610228888,0.0023156577428079662,0.27922608346873834,0.95969418135182794,-0.010788249853947246,0.012635713424352948,0.24978709890447379,0.31255092639844767,-0.23316190886427968,-0.20000000000000001,-0.27859240815762099,-0.22596262010614199,-0.62290093166059668,0.64721872151165738,-0.14320592669934962,-0.20000000000000001,-2.1854297072108203e-17,0.6091365162956025,0.36048141994501282,-0.77931697841593917,-0.60728031859606146,0.25842419584044968,-0.27767361215979641,2.103556100840049,0.086994384752972692,
0.50953161050222573,-0.64778882868314092,0.69419563380004878,0.031043585998755958,0.0072723342796972611,0.2928948338142639,0.95561290554668465,-0.0075523894427934612,0.01669701876297008,0.2761599512435744,0.31224750618883834,-0.22821072453463542,-0.20000000000000001,-0.2634872589837215,-0.22370406808847423,-0.67010757044894786,0.62252471459597003,-0.1511916415755408,-0.20000000000000001,6.7953218193476245e-18,0.60919484179128869,0.36513782078771601,-0.79586114652184192,-0.62245511623975713,0.24987686876053972,-0.27339162799732097,2.108259702140328,0.086994910042188539,
0.50700113406595304,-0.64847677012608373,0.69402738300903777,0.030659111888924499,0.011901339759733726,0.30642644177357575,0.95132602863166282,-0.0048835012951951584,0.020689549464787765,0.30099956693873631,0.31154449153323094,-0.22365093349630022,-0.20000000000000001,-0.24891397149353262,-0.22024156373623849,-0.71883299964196856,0.5972781251830297,-0.161104691625861,-0.20000000000000001,2.647655586527492e-17,0.60890862669216372,0.36998541106825272,-0.81242334490284873,-0.63733549247391019,0.24342332142563544,-0.26851509511053728,2.1119612448878278,0.086995457018290742,
0.50433345274230312,-0.65010763866511456,0.69391859808352385,0.031709597833486418,0.01639182449239104,0.32258617856443145,0.94586678073301966,-0.0033440839549181978,0.025576308900091861,0.33367216955678569,0.31203779070113402,-0.21633154703390134,-0.20000000000000001,-0.23331093545555798,-0.21396156637803504,-0.76846430291466905,0.56683322952145643,-0.17072946687626483,-0.20000000000000001,6.2321084368945588e-17,0.60753360920654864,0.37499565115996986,-0.82973095586544865,-0.65119889801968289,0.24015827772418957,-0.26325196397819761,2.1138174259851432,0.086996476155570129,
0.50162431760085968,-0.65246770717005309,0.69398874108924757,0.033966299953565059,0.021084936932196881,0.34063574105931904,0.93934498871021732,-0.0019157524200799636,0.031351833370095901,0.37884423813855528,0.31392155754939427,-0.20673141403058667,-0.20000000000000001,-0.21834316932406309,-0.20594291189251099,-0.81080146802985942,0.53330498080787225,-0.17878787878827279,-0.20000000000000001,-5.6195553852639302e-17,0.60563722265495834,0.38021420136544587,-0.84749860084725359,-0.66484827037868421,0.23745171886403621,-0.25814350972180844,2.1153686624964982,0.086997725877768592,
0.49967246142380051,-0.65632726533441355,0.694286517734516,0.038340172837486697,0.026944951780779908,0.36973446026178935,0.92795497176061637,-0.0050016208382199778,0.041841977505379914,0.43778012345886452,0.32233077197050458,-0.18815939276891261,-0.20000000000000001,-0.20239350858658778,-0.19857615355123889,-0.8555955935811298,0.49852583397712819,-0.18784471840403724,-0.20000000000000001,-4.6466467246027404e-17,0.59869403168300106,0.38446922890687024,-0.86664804758411307,-0.67395812501774643,0.23959484130933634,-0.25175728227267419,2.1117516271089185,0.086999866793782757,
0.49936386723275539,-0.66107454013635758,0.69408125190681536,0.043017331292933447,0.032552063485106857,0.40141281548805169,0.9143071824793082,-0.011388403653185664,0.056099505244450391,0.50154886978764357,0.33447720301966244,-0.16324899145597846,-0.20000000000000001,-0.18882462408283818,-0.19147380384492974,-0.89566947830747989,0.47001541238875805,-0.20049273680319388,-0.20000000000000001,9.9929730605226351e-18,0.58806706007958531,0.38689246983364234,-0.88256657137054073,-0.67649757643688113,0.24613831272764197,-0.24603648094795219,2.1062021469741157,0.086999999999999994,
0.5003299953366267,-0.66591575329632891,0.69342122993048494,0.046475853261487288,0.037569720450160583,0.43174966105124013,0.90001152289904196,-0.018288792114889069,0.073622599975447831,0.56900118372007047,0.34786230393625744,-0.13453673260875887,-0.20000000000000001,-0.17700105957621309,-0.18374596707079424,-0.93811397886772829,0.4466533745868782,-0.21461612241526914,-0.20000000000000001,-3.1291682027602207e-17,0.57585081606217503,0.3887128025104456,-0.89686802791565623,-0.67654507113885975,0.25268572989895693,-0.24110251301451219,2.1013169500407396,0.086999999999999994,
0.50200907771917269,-0.66900278009998027,0.69282113519423583,0.047176206569560675,0.041230232898167331,0.45613688108776346,0.88770131189516466,-0.02401047685125958,0.093932669811128064,0.64787692695549193,0.36366662718098242,-0.10589653854221229,-0.20000000000000001,-0.17101642208161377,-0.17725366015897906,-0.96563106224821615,0.43431971423024018,-0.22441836371438303,-0.20000000000000001,-2.8715889934656989e-18,0.56342362087038966,0.39033794508785569,-0.90970152058697762,-0.67639141036181505,0.25531107448773138,-0.23729104416861926,2.1004745221392929,0.086999999999999994,
0.50281630891725337,-0.67073975986335865,0.6922718862401861,0.046854406230540512,0.044057983806706037,0.47921910198925743,0.87533571329420867,-0.030461836902554829,0.11378429684956849,0.72491825305632873,0.38239136454498324,-0.080732819632956393,-0.20000000000000001,-0.16739931222662666,-0.17404673034624704,-0.98393301363414476,0.42764187446683788,-0.23226729280984673,-0.20000000000000001,-3.0338408711690502e-18,0.5507492449111514,0.39200856198411088,-0.9225913138071149,-0.67644392423297905,0.25562317143687285,-0.23348584522433968,2.0991777626677344,0.086999999999999994,
0.50255353320014629,-0.67229508349201827,0.6907690999158409,0.046184429567135261,0.045711830971524259,0.50093832503755165,0.86304010421495569,-0.040819232002439851,0.13269150181835773,0.7910443054656503,0.40381754697750738,-0.060208599666185747,-0.20000000000000001,-0.16599896205822784,-0.17021494262764111,-0.98872337822962797,0.42173310011355869,-0.24589230033026149,-0.20000000000000001,-3.1355502974192717e-17,0.5395212843561733,0.39480062122739468,-0.93717191486294327,-0.68003466994385686,0.25320231359814271,-0.2302630683048949,2.0970510001401101,0.086999999999999994,
0.50241271479799821,-0.67419013225354119,0.6885379859785965,0.046002169523990839,0.046392175268365345,0.51903232862605353,0.85225407497645411,-0.054556475824836664,0.14849242998464857,0.8277316860048729,0.42345630289486935,-0.045288960480355883,-0.20000000000000001,-0.16548449749810276,-0.16458630311180703,-0.98798427500854158,0.41490342335947183,-0.26444911082024802,-0.20000000000000001,2.3385689623186647e-17,0.53233137757710658,0.39846659799383832,-0.9515043952907577,-0.68655840801051926,0.24771412546078914,-0.22901792758340772,2.0929851957454715,0.086999999999999994,
0.50347774577186599,-0.67599185546614715,0.68636719151962,0.046023079921655427,0.047243205651996779,0.53764574038833235,0.84058730270955784,-0.07084225207762726,0.16522135258198625,0.84958886005974932,0.44351396902062684,-0.029905967797525274,-0.20000000000000001,-0.16402078265433948,-0.15744523525657611,-0.98811516711785818,0.40659499527831616,-0.28302950525243631,-0.20000000000000001,1.1926028690550521e-17,0.52661061913165463,0.40259245394030269,-0.96692025750695054,-0.69303924567863051,0.24079361411555697,-0.22856475341330823,2.0869245069613394,0.086999999999999994,
0.50568474942658104,-0.67577816598832097,0.68458926805003917,0.045220475676855026,0.046652008179703226,0.56275839568637853,0.82406412784252014,-0.090735098355960608,0.18492068157544503,0.84641469561797278,0.46628810433090517,-0.011446430981068317,-0.20000000000000001,-0.1575030547162323,-0.15001814446922751,-0.98862388906464693,0.3968787084732246,-0.29812476700626056,-0.20000000000000001,-9.3560744724647854e-18,0.52144264452705935,0.40584280053911342,-0.98213783049952841,-0.6946166454500915,0.23397933696384438,-0.22594940951329842,2.076492436989898,0.08699993470133055,
0.50807114387901031,-0.67394989351186241,0.68312649499642319,0.043888012629854145,0.044357826451517847,0.59285628008860347,0.80288707595738651,-0.11200846842806926,0.20558582085896249,0.82815906008794749,0.48973739327513216,0.0098617848963976906,-0.20000000000000001,-0.14700960322323145,-0.14294332665295362,-0.9876428271699399,0.38702528704849193,-0.31059710797703222,-0.20000000000000001,1.0293832589303902e-16,0.51541013790751555,0.40780788143476659,-0.99595139748356498,-0.69100980793437272,0.22980331256547784,-0.22072071619783715,2.0641193333083505,0.086999865875708113,
0.50922795777862373,-0.67043923828753693,0.68296239142627468,0.044131325491453877,0.040665842877698456,0.62400111920974999,0.77911572860416112,-0.13258855116909582,0.22129469971446147,0.79371444779588329,0.51102593070584201,0.033997448153197746,-0.20000000000000001,-0.13668817787754536,-0.13822468510543273,-0.95317892191615383,0.38035492788275149,-0.32160617997025442,-0.20000000000000001,-9.5378662717912795e-17,0.51178669511537211,0.40926655035178766,-1.0074553290293804,-0.68603165486002182,0.22743580131978403,-0.21387179460158701,2.0524815347168572,0.086998976849101212,
0.5086591803437791,-0.66706634942777832,0.68384581815818779,0.046171755793513979,0.037441039967874096,0.64713693309279441,0.76005271351421422,-0.14738933843715452,0.22770201328285555,0.75946110876523365,0.52431441231202847,0.054669580310298171,-0.20000000000000001,-0.13193569379776876,-0.13653152879336353,-0.88815114244375359,0.3786285350091676,-0.32867963853250504,-0.20000000000000001,-8.3448415414072788e-17,0.51255524196883595,0.41115175371066526,-1.0163585136628921,-0.68421535939088007,0.22414004516698582,-0.21012400596469533,2.0437823380566713,0.086996511587293962,
0.50664421115593394,-0.66360479178604259,0.6849200299731113,0.048451293931170383,0.034707431064919553,0.66641223499653102,0.74319755071730265,-0.15895592685061333,0.23005514478794939,0.73178875765426343,0.53560989658181501,0.069037955165654585,-0.20000000000000001,-0.12936929593207677,-0.1367282548418769,-0.81430391464809093,0.3785389108488677,-0.33344645598547007,-0.20000000000000001,-1.0330413824713447e-17,0.51555206318963687,0.41372364140596307,-1.0256235667980542,-0.68471238108560051,0.21780865850128411,-0.20868795438712401,2.0348382912697622,0.086963644991841657,
0.5029614806948931,-0.6598941858092281,0.68605038531122797,0.050223053469550645,0.03166104759384003,0.68509254548215204,0.72603266255054999,-0.16853494044706957,0.230215074676659,0.71154642303531457,0.54767988488998465,0.07284912085216072,-0.20000000000000001,-0.12682641618392185,-0.13648286286745936,-0.73722660067443135,0.37900452498063464,-0.33614486594874582,-0.20000000000000001,-2.3513634615779377e-17,0.52011159930699935,0.41673464244536029,-1.0357492973464066,-0.68540159114302601,0.20889413747442276,-0.20798679918693669,2.0214572637311514,0.086894811420517901,
0.49846808414330535,-0.65571197396580172,0.68729867509572407,0.051465713570890609,0.028156206258384706,0.70479548541431469,0.70698078624201321,-0.1779491287389956,0.23058972743022219,0.69443269661481721,0.56211304070727697,0.072721442984759854,-0.20000000000000001,-0.1232859008120223,-0.13508991156913924,-0.65571048437006429,0.37931394662259987,-0.33970004686577604,-0.20000000000000001,-5.3071696343165442e-17,0.52472584801772926,0.41966449794053756,-1.0459591784601594,-0.68543982913449031,0.19695932025004578,-0.21086171484742047,2.0047700463723337,0.083051806446671414,
0.49426673979642904,-0.65197544258670936,0.68834457907140079,0.052546839747823156,0.024423844183477053,0.72719781128254202,0.68397781304198635,-0.1866935874319639,0.23121403210819172,0.68412891806651588,0.57281480465162082,0.072507055650725849,-0.20000000000000001,-0.11997861168912526,-0.13051334228018413,-0.56557786154899004,0.3809066068473142,-0.34498757869975283,-0.20000000000000001,-7.6273622834355237e-17,0.52930659423831383,0.42262751710250196,-1.056983951533772,-0.68441115083785442,0.18283756133058188,-0.2196931366918107,1.98420721958559,0.047829402817407322,
0.49133261237677045,-0.6492424546786546,0.68904428563770304,0.053704802607225058,0.021703182992061729,0.74703208522309783,0.66225963916893094,-0.19173002656545896,0.23066791311092147,0.6829010025652511,0.57627887438879499,0.072500462125455079,-0.20000000000000001,-0.11750929164759269,-0.12446163930940278,-0.48505481247662141,0.3833229775836362,-0.3508398945791692,-0.20000000000000001,1.1980434005964824e-17,0.53295695895569617,0.42502108169970237,-1.0663930188966857,-0.68263087850288895,0.17268722967395445,-0.22645627217521019,1.9650945706260552,0.023738878987885716,
0.48914126171066685,-0.64713776737230544,0.6895696516495059,0.054908665789797244,0.019825315262097059,0.76492345257620076,0.6414702697669219,-0.19511528684110133,0.22898539204149965,0.68524115840352473,0.57561880965206502,0.072960604119845784,-0.20000000000000001,-0.11591327516514487,-0.11769889097402605,-0.40991301878096498,0.38551420752134219,-0.35527661165670343,-0.20000000000000001,2.7701365507004638e-17,0.53601749669627308,0.42707173188031949,-1.0748254874751819,-0.68032869109752436,0.16348009655356602,-0.23371036473322748,1.9451614854216974,0.0033645611790110302,
0.48712431723998945,-0.64579078569010451,0.68988954021347038,0.05567722637088534,0.019233699590882784,0.78176113530141556,0.62078952842000723,-0.19807820652321975,0.22399931289218875,0.68734609761703047,0.57121107735112442,0.072296876268053867,-0.20000000000000001,-0.11562173691045394,-0.11052866262199963,-0.34071586836412349,0.38727174900779293,-0.35686890064162491,-0.20000000000000001,-1.4501204056993622e-17,0.53695427457147515,0.42870623028756538,-1.0827247829336262,-0.6772714017774949,0.15317074946532397,-0.24336160641236215,1.9193276370200663,-0.018819680934181668,
0.48441723215884197,-0.64460163349423671,0.69015977477250479,0.056232776070543881,0.018637373209656419,0.79910208316222664,0.59826949103312455,-0.20189908512568103,0.21716966829669831,0.68618016222777789,0.56771697935606469,0.06688488888507621,-0.20000000000000001,-0.11525861156860291,-0.103556591674374,-0.27179979873190951,0.38968757116469582,-0.35788314740659888,-0.20000000000000001,2.087089182034596e-17,0.53697180578749826,0.43035292138242037,-1.0916507714236889,-0.67367402694812539,0.14353841309533644,-0.25315308193674924,1.8901629068164287,-0.04139453976915862,
0.48026293836533762,-0.643318180419167,0.69027589526693034,0.056333454305948626,0.017795734107838222,0.81789049647730849,0.57233293592595591,-0.20606400855431783,0.20745664996014515,0.68057485529162975,0.56684637652944514,0.051963436554203934,-0.20000000000000001,-0.11368226487422477,-0.097277069234281852,-0.20581236675154532,0.39328988308249602,-0.35831255756819291,-0.20000000000000001,-8.7278274885083107e-18,0.53519406076883502,0.43194998780804705,-1.1025771886607201,-0.66780062289305009,0.13807164036717851,-0.26029380302712612,1.8608730268397717,-0.057247391679267894,
0.47592464607612428,-0.64227560478697054,0.69015769944395755,0.055813388816809029,0.016647846237457364,0.83423105658262786,0.54833042873569415,-0.2097261296935537,0.19723709477238341,0.66930081764938143,0.56762841717707446,0.032048363782285927,-0.20000000000000001,-0.11087742151094401,-0.09245060249634357,-0.15956869917242175,0.39651612607930753,-0.35815110879463707,-0.20000000000000001,-8.1586213479534209e-18,0.53183365623238066,0.43311635111513186,-1.1132112928923936,-0.66053056228099705,0.13753045613673481,-0.26315463583253285,1.8375644693316471,-0.061203477739424153,
0.47218263410758848,-0.64170425679252119,0.68990468351996526,0.054941546761325281,0.015584813010090844,0.84928064738892117,0.524843711988215,-0.21367772569506469,0.18614975026856689,0.65181033394824317,0.56640463729870216,0.012980143922135201,-0.20000000000000001,-0.10800359498110072,-0.088025144687064003,-0.12540176148233595,0.39897899766231837,-0.35756034733390596,-0.20000000000000001,-4.3490059643824797e-17,0.52716159528065365,0.43398576771024716,-1.1237926561685445,-0.65222599793569469,0.13863281694660493,-0.26509818248384254,1.815742206993568,-0.058989975490441333,
0.46888586623822054,-0.64162428020340356,0.68948587914180459,0.053684043210172096,0.01432720464693125,0.86388759414156502,0.50061060655954115,-0.21752720239166567,0.17235100373113446,0.62085710819004869,0.56190451324311597,-0.0087383345731368856,-0.20000000000000001,-0.10458101735507258,-0.084110031495424301,-0.10632688902138498,0.40086053942222188,-0.35672724579244985,-0.20000000000000001,-2.7050844203513336e-17,0.52075931162841749,0.43483072261242584,-1.1357776625438092,-0.64348920912210217,0.14132433916148548,-0.26681660051482131,1.7935848808645631,-0.052376643411756692,
0.46558348014190087,-0.64164098132708702,0.68896768382781226,0.052256561130342306,0.013060648904438511,0.87855162542278997,0.47460058231738372,-0.22063560761515047,0.15653529527069338,0.58409557625502584,0.55573187023690851,-0.034477875862301804,-0.20000000000000001,-0.10104135986053293,-0.080422268636090685,-0.091594984561747694,0.40315455927889621,-0.35581441631482558,-0.20000000000000001,-1.0991099523571801e-17,0.51320357448714404,0.4355418698443333,-1.1487426019583438,-0.63403941853406343,0.1447572163667373,-0.26905893342084408,1.7712071714874931,-0.045758117629305484,
0.46232086872116773,-0.6415115485061349,0.68823224645392955,0.050665649223308892,0.012237212187057802,0.89372638380640801,0.44557422896189885,-0.22179276538134773,0.13848189766489502,0.54713354961753802,0.54793386031811353,-0.065710539604122487,-0.20000000000000001,-0.097571434562431281,-0.076567576512989816,-0.078353322442222845,0.4061849510704949,-0.35234084480446815,-0.20000000000000001,-5.3193669087570061e-18,0.50289761357709883,0.43566661159135306,-1.1615622606146556,-0.62313896299620164,0.14984660254111851,-0.27045869815542628,1.7487316897383645,-0.037372478654981139,
0.45976245058260479,-0.6412598091215721,0.68746824577932797,0.049272329587987378,0.012245508266913186,0.90593294730964868,0.42036624512811599,-0.2212977720730826,0.12307983989983363,0.52307106291109995,0.54133845629191213,-0.091342275598060532,-0.20000000000000001,-0.095366690328697407,-0.07316012878350299,-0.06424945771985216,0.40893760794657907,-0.34572583468383367,-0.20000000000000001,1.8743145056843158e-17,0.49257630848877471,0.43531367814820404,-1.1712808292178407,-0.61341341565769902,0.15459810496998982,-0.27196075917008888,1.7303120896510817,-0.029648992268317645,
0.45791465673138332,-0.64072489860024162,0.68671237972612553,0.047432314026891458,0.012015098785580349,0.9190043677216877,0.39119916295371598,-0.22387608159047939,0.10893048198705925,0.49265131692794295,0.53622744357692897,-0.10950294239329914,-0.20000000000000001,-0.090847103831795117,-0.069642370583797283,-0.07021988589989861,0.40920116716013916,-0.34089659398556643,-0.20000000000000001,-3.1414757947767491e-17,0.47803351204923183,0.43386912821444823,-1.1814166455200892,-0.59817344121989535,0.16271571413995309,-0.26513712792761918,1.7109467357872556,-0.00708599041708265,
0.45747942674124642,-0.63937878234529733,0.68574509806877204,0.044983739661922387,0.011777595206784022,0.93259098017150099,0.35792710866869615,-0.22824432847633985,0.098317085057383805,0.46386419525904454,0.53138747000339759,-0.11915906360641915,-0.20000000000000001,-0.083120352742735201,-0.067938631373333808,-0.12129827313083982,0.40624208331088341,-0.33390607563590835,-0.20000000000000001,3.233632979438017e-17,0.45705810531622193,0.43083992685228295,-1.1895689773097429,-0.57713920093484772,0.17537984508141588,-0.24948210554236014,1.6907442451811669,0.032528373560465756,
0.45763623978474854,-0.63759307888386052,0.68456276292253937,0.042278090349616798,0.011628997650763808,0.94531704009558049,0.32319192934688018,-0.23090033489258058,0.09071516375190912,0.44910794258305486,0.52582675797878875,-0.12634568368049315,-0.20000000000000001,-0.074340021355608438,-0.06769564540528869,-0.19409535445787904,0.40208465580639952,-0.3211235875139109,-0.20000000000000001,2.5343225781848666e-17,0.43340605021285022,0.42713443538558477,-1.1951586458838228,-0.55500388850688076,0.19039972274047093,-0.23051428340174801,1.671870708769339,0.077850956254994205,
0.45799691546335691,-0.63591616547897389,0.68334984211750294,0.03958607798174911,0.011328057448487637,0.95610204124009468,0.29012670383987571,-0.22634203148276355,0.086511579575245495,0.47129184150085002,0.51554948454930605,-0.13488423763210569,-0.20000000000000001,-0.06643806172918082,-0.068004591524942273,-0.26393623102848351,0.39746249949785745,-0.30057154025810889,-0.20000000000000001,3.3261289772781866e-17,0.40921259347429217,0.42308222874773022,-1.1953034592984682,-0.53566132895501817,0.20588732165475737,-0.2210687176964049,1.6547762045988872,0.086836823065501931,
0.45817495849084044,-0.63499914460864093,0.68243099238372462,0.037176648261182235,0.010219331885396671,0.964455588168178,0.26141706243291457,-0.21724529966236006,0.08317819958782062,0.51048241658068516,0.50150815259731818,-0.14539146145897458,-0.20000000000000001,-0.060223113732174816,-0.067660838449956365,-0.31284970806141066,0.39374380597348346,-0.28337083689869158,-0.20000000000000001,2.8265489449876002e-18,0.39286914517325755,0.43569276437845017,-1.1929663956903966,-0.554804562576662,0.21935785500470947,-0.2184827604526427,1.6404098323730587,0.086966362070851885,
0.45812938052539709,-0.63457562591044991,0.68251230796892381,0.03482305269518278,0.0089747309704102645,0.97103868542753546,0.2362005093308677,-0.20506541969091116,0.076827426677279848,0.54917720384870272,0.48174507801856248,-0.15708130700565534,-0.20000000000000001,-0.055777520406457087,-0.067060235989386527,-0.34504646734528588,0.39131229371398091,-0.27066535462621982,-0.20000000000000001,-4.678057088567094e-17,0.37851885663301149,0.44748048993438655,-1.1897209222113336,-0.57295435455948163,0.22926235964756952,-0.21809207750554419,1.6257257753371788,0.086995348051020091,
0.45765300466514547,-0.63488038788625034,0.68299816976775007,0.032196729154824778,0.0076325994543431528,0.97601961863909992,0.21515301087571698,-0.19048113493761337,0.064284431107581058,0.56626845039031604,0.45321489264136738,-0.1665659096390687,-0.20000000000000001,-0.053835325895570912,-0.066202505670767894,-0.35565826564157577,0.3902145389978835,-0.26332786298290789,-0.20000000000000001,-1.0307332176900767e-17,0.36685358207021085,0.45842276712444452,-1.1898918350233458,-0.58888444592653877,0.23349481733286837,-0.22088895496310845,1.6107617043764073,0.086995844719086446,
0.45704301737622288,-0.63530746144386019,0.68330817472351024,0.029740405413190365,0.0063092576223561818,0.98035891206566672,0.19486432481995214,-0.17585837116385047,0.048649869514638323,0.55833218936864781,0.4210640027065029,-0.17346748554465918,-0.20000000000000001,-0.051635534263698185,-0.064971914809103123,-0.36059324981774499,0.38857335717161701,-0.25854504378616872,-0.20000000000000001,-1.0464668546853254e-17,0.35682423783380324,0.47009374893264555,-1.1933055884075976,-0.60421719478759794,0.23581407211305361,-0.22516147618765928,1.5960880731859413,0.086995991004686787,
0.45642412527016002,-0.6349681371357796,0.68319133141624788,0.027860347790437088,0.0051370412256436038,0.98426644186034806,0.17440465376821779,-0.16100677824812853,0.033687748074994486,0.51924493125639248,0.38738731528553971,-0.17499459411034796,-0.20000000000000001,-0.04750256739238326,-0.061281925773164811,-0.36324121703064671,0.38507488492215747,-0.25853618296151404,-0.20000000000000001,2.1138660110796726e-17,0.34758474303476261,0.4845551186570885,-1.2010763337987818,-0.62051179764553066,0.23594084087129819,-0.22879724467835336,1.5833162360837745,0.086996644422528122,
0.45616460040795603,-0.63361418064136243,0.68292823781005529,0.026834224704372207,0.0052393268708979318,0.98703775984247122,0.15814213380251055,-0.14836357135893091,0.023427275143449007,0.47519594654423369,0.35938522748615775,-0.17043805858780442,-0.20000000000000001,-0.042229161988414782,-0.056386615140260749,-0.36700347582259141,0.37960909451001235,-0.26140672510443141,-0.20000000000000001,-1.2084671998036306e-17,0.34012876439023904,0.49945849265263115,-1.2103022786474105,-0.63681185612787761,0.23350279749475333,-0.2298724288392105,1.5757338625677804,0.086998188400308207,
0.45620342706212202,-0.63182382075759747,0.68277871734034601,0.026008707971110823,0.0069031740714518737,0.98915297246026113,0.14440322146836884,-0.13683033683185658,0.014572462951282329,0.44337315652502207,0.33389892798356763,-0.16426944439600716,-0.20000000000000001,-0.037380882864369677,-0.052496484310146425,-0.37255440037162779,0.373855612516174,-0.2650259586843966,-0.20000000000000001,1.7233335298141969e-17,0.33252222958109634,0.51439987112419661,-1.2193396141330091,-0.65431411096987036,0.22931113506505438,-0.22960057798415498,1.5723989812371679,0.086999765081626518,
0.45635731280256525,-0.62998162615645847,0.68297161022828212,0.024515238178696514,0.011429814392926101,0.99043570137120973,0.13529776010453734,-0.12541846384950442,0.0046003431565139986,0.42896247729316495,0.3075187003424118,-0.15876886222435427,-0.20000000000000001,-0.0352797422868463,-0.052591072418579632,-0.37884992475950197,0.36952706111691463,-0.26949430979138744,-0.20000000000000001,-1.2132747735237888e-17,0.32296956538975591,0.52943252024176779,-1.228460731794712,-0.67326927444697438,0.21612669600447312,-0.22851648429391971,1.5721775395346007,0.086999901805982174,
0.4564337213639163,-0.62828500830401746,0.68321579664570042,0.02165658039204638,0.01679983729242639,0.99143386145230494,0.12770143444160165,-0.11316150686383011,-0.006436365039215677,0.4208447231223621,0.27751067482244013,-0.15661030568813539,-0.20000000000000001,-0.035225776902399142,-0.054253002900441882,-0.38625503402924577,0.36579748449890193,-0.27493984456395626,-0.20000000000000001,-1.5664673090062403e-17,0.31058905221232691,0.5440118048470397,-1.237978460260404,-0.69134262757355902,0.19621270135593863,-0.22588452571430517,1.5712849991979339,0.086999999999999994,
0.45645554554124679,-0.62632719429849837,0.68329036212507166,0.014679682788294693,0.021854956508077922,0.99230785092501339,0.12096279089805483,-0.10101632817790923,-0.016737591103091511,0.41691041057015521,0.24017781541026983,-0.15670039208892594,-0.20000000000000001,-0.038983051537141836,-0.054739405349062339,-0.3994954523863109,0.36153386632508372,-0.2823359485835667,-0.20000000000000001,-7.6083759464415889e-18,0.29291009788219785,0.55914277254315681,-1.2479879522606727,-0.70996113277042383,0.16367307035064715,-0.22209345206764811,1.5652060285737175,0.086999999999999994,
0.45640847349603908,-0.62434644171543918,0.68299063439068031,0.0054066463822573805,0.024984334433078924,0.99289487033971613,0.1162167271132335,-0.09225348324907981,-0.023261323675148077,0.41413391458878279,0.20521909879471295,-0.15681476297408103,-0.20000000000000001,-0.045665622903678399,-0.053039255615041164,-0.41288502489748602,0.35849083854356001,-0.29115579203639891,-0.20000000000000001,1.2628477571158356e-18,0.27620953822022681,0.57158781157488958,-1.2556313972512261,-0.72533271182626957,0.12843407337028923,-0.21953836135294436,1.5573949500622986,0.086999999999999994,
0.45620071168208953,-0.62241428407893318,0.68246912763909195,-0.0034330386718027235,0.027625787224263853,0.99325981851026823,0.11251650127277643,-0.08914321218159324,-0.026696135707184557,0.40890109419278498,0.18194856418682354,-0.15680276203731841,-0.20000000000000001,-0.053186944312249823,-0.051630926640947504,-0.42290080826517673,0.35833537107475077,-0.30165281530274013,-0.20000000000000001,2.6287780870851566e-18,0.26379630312619812,0.58259613042663094,-1.2631371344160991,-0.73770254293750792,0.095684894199223186,-0.21990314948901515,1.5519652436332192,0.08699999999999998,
0.45639855564773457,-0.62040259134445108,0.68173303105858774,-0.0052301963183559574,0.029939692886039173,0.99360086370356404,0.10878227559622257,-0.08859879467624468,-0.027200284690865134,0.40127885992857593,0.1761969761172566,-0.15593967007312914,-0.20000000000000001,-0.055871244903320211,-0.05113649581253242,-0.42850932304184863,0.3625616089862268,-0.31282487802893533,-0.20000000000000001,-1.1456552399894165e-17,0.26724789036622648,0.59110778351473003,-1.2686391214682953,-0.74793602618147004,0.07714842768288642,-0.22668601541749039,1.5598306061562095,0.086999924068144524,
0.45704172282046518,-0.61823541734927667,0.68098693953134593,-0.0003268479106769463,0.031633024506559443,0.99408849499492069,0.10386197114316892,-0.087514647573159923,-0.025372141094492318,0.39305841444968892,0.18209570327252467,-0.15650938173012419,-0.20000000000000001,-0.052303731148119828,-0.050059850411653312,-0.43377386449062971,0.36780632308593886,-0.32188404122720266,-0.20000000000000001,-1.6030239147491768e-17,0.28234011813531368,0.60022984191615936,-1.2694696663340206,-0.76280655093421956,0.070212977474156418,-0.23669258095901852,1.5768927834509696,0.086999839642705953,
0.45794591036264748,-0.61628960367123709,0.6808876147119447,0.0086209791184612434,0.030561141650854353,0.9945883785348032,0.098922457629937066,-0.090936424009973843,-0.017427134711937881,0.38567216967026108,0.20497493825730925,-0.16068021928075715,-0.20000000000000001,-0.044731784302168509,-0.045124321711585647,-0.4317056486503088,0.37025072093411304,-0.32222303419203047,-0.20000000000000001,-2.8422796041326437e-17,0.30838347586521719,0.60615334704169177,-1.2599150642018042,-0.78030522329304519,0.06959981179176733,-0.24791046190701876,1.6003030501457407,0.086999681899568096,
0.45867912469444422,-0.61524735792406859,0.68091816671199967,0.014886515211079842,0.026995189351622192,0.99479973405188193,0.09707286205240577,-0.1033780832947665,-0.0044721300436284094,0.38213758461257208,0.24044107048652363,-0.16742356978825973,-0.20000000000000001,-0.039260399368948873,-0.037691078416539306,-0.4214379136568831,0.36724998422196431,-0.31372517791530952,-0.20000000000000001,-4.3223826600590929e-18,0.33399122657479108,0.6029965855700341,-1.2462994172505555,-0.78658065176251402,0.065350812800927402,-0.25767219468688873,1.6188322762494169,0.08699596085675268,
0.45944308131216693,-0.61470498611089863,0.68078838667373731,0.016605974228145408,0.022709052275554569,0.99477716156307638,0.098116967937198388,-0.11964924605917981,0.0085206257847174095,0.38055620367992027,0.27310261155719928,-0.17000134729997354,-0.20000000000000001,-0.038124401513527834,-0.030384742403106367,-0.41214945784176915,0.36169349878698631,-0.30067254930178555,-0.20000000000000001,2.5842975220728703e-18,0.35540391948230077,0.59208399917113819,-1.2358544491153032,-0.77756129782339189,0.051379605660645589,-0.26928825439766824,1.6321472199082476,0.086913947255093646,
0.4605171121260444,-0.61417518541267435,0.68100983435538753,0.015293285811497531,0.01785643677509624,0.99430201830934228,0.10397480204719392,-0.14277545081073245,0.02460422148483711,0.38461975231278034,0.31127180676512778,-0.17004454043483647,-0.20000000000000001,-0.040345953494735604,-0.024139530459737379,-0.40154292208748898,0.35693558491262545,-0.28757796030145932,-0.20000000000000001,-3.3257901640992849e-17,0.37656569179487143,0.57109167722571041,-1.2296905041401243,-0.75231494335399007,0.021747004392590984,-0.30977168119905751,1.6419142631099848,0.029628239140178571,
0.46181858871624953,-0.61313917519715366,0.68102727676287589,0.014464224368455427,0.013035028846717383,0.99354177863822357,0.11178375703464023,-0.17081337030806343,0.045035773154155204,0.39328332570082669,0.35954746562222001,-0.17241923909475237,-0.20000000000000001,-0.042008130965897644,-0.017783606960166079,-0.38695841326688618,0.35359583837532571,-0.27927534873253734,-0.20000000000000001,3.7919970982680518e-17,0.40101530104711203,0.54813875318896599,-1.2245479864350517,-0.72643954418540801,-0.016437420471904055,-0.36668303239689781,1.6559137443593521,-0.085351749840901506,
0.46315028703193162,-0.6104077548672403,0.68060399038863406,0.015194813821433704,0.0092746922904182079,0.99243460536626238,0.12147695990335521,-0.21429342864048151,0.074880228473729729,0.39371703924119261,0.43719975054184507,-0.16704020208499823,-0.20000000000000001,-0.042893078221726416,-0.010458011660837901,-0.36864877750801373,0.35447814607543793,-0.28306210317421043,-0.20000000000000001,-3.2851325826310784e-17,0.42919904691717786,0.52507863844066027,-1.2175798326192382,-0.70912858299502857,-0.064601595141433488,-0.42667452446743909,1.6773340983565845,-0.21533269150148701,
0.46381877315774939,-0.60709906383508638,0.68174499956363421,0.01598146568052165,0.0068161582213314142,0.99127302587048394,0.13067486722158633,-0.26600453260324908,0.10326405529448097,0.36843578774345209,0.52483955865811205,-0.14768873007780342,-0.20000000000000001,-0.04585585082365437,-0.0041926749379036536,-0.35690807385126067,0.36263372124885007,-0.29333492240822917,-0.20000000000000001,1.6859343782149594e-17,0.45096798540666089,0.50553094944140797,-1.2094119586427623,-0.70066845402793099,-0.11222903494829174,-0.47043367966391381,1.7016245488790369,-0.32387026476004399,
0.46367890936500122,-0.60515552390064653,0.68244357016432389,0.017040703412275902,0.0043076309872430024,0.99015597477420458,0.13886037721912403,-0.31969795106601129,0.12041229701073648,0.31729314085896188,0.61013154147795889,-0.13142516050354641,-0.20000000000000001,-0.052176855665566568,-0.001467911329929553,-0.35016783140454655,0.37929962860812283,-0.30345362301648454,-0.20000000000000001,-3.0113715340784886e-17,0.46735394401908981,0.48639652867605382,-1.2010260981804723,-0.69125499922017464,-0.15620576781898696,-0.49832601081340333,1.7285809446366744,-0.40920211365144038,
0.46305091007599797,-0.60515883039622964,0.68036614770736603,0.019295392231862569,0.003418602824717224,0.98984050263121148,0.14082535405294067,-0.3640249946066399,0.11668177070262457,0.2615326944078834,0.66592817002706495,-0.13244868305690183,-0.20000000000000001,-0.0605291879541099,-0.0049924086092391967,-0.35293564124378951,0.40309439802108282,-0.31341227628224883,-0.20000000000000001,3.8082601308553343e-17,0.47712162386512502,0.4709801091213357,-1.1949918916138276,-0.68892661309067416,-0.1845431841844162,-0.50048066877172226,1.7567858035205852,-0.44381468280551067,
0.46312763686875524,-0.60475262966740262,0.67682393056621881,0.021230761616204016,0.0049141600438626122,0.99048428184252235,0.13588963615803032,-0.39828660735943128,0.10804138011763866,0.23111856917867088,0.69289206399936254,-0.13874516146245491,-0.20000000000000001,-0.066808734270190184,-0.0095335128449744004,-0.36488539102308981,0.42146004411108046,-0.32185693114885217,-0.20000000000000001,2.7105054312137611e-17,0.48493547146957861,0.46128605533405853,-1.1849428957739836,-0.70106267957781543,-0.2005300845447785,-0.48810638726579114,1.7802483892942269,-0.44401526210905723,
0.46524197348880048,-0.60324395220762372,0.67679343616100274,0.017298594465281276,0.0068537618351405009,0.99223130085855571,0.12300743950985636,-0.40512995450419714,0.0968807236612899,0.24599040761121879,0.63699573546385846,-0.13719534879122308,-0.20000000000000001,-0.068134884886843397,-0.0061682085915055777,-0.38846582999538404,0.41285431962023433,-0.31517407106395429,-0.20000000000000001,-4.0196795544900077e-17,0.48756927475999823,0.45288579094458176,-1.1654283537820036,-0.71711924699842178,-0.20261677431458197,-0.46059189025574621,1.7849481757080818,-0.40386090568092292,
0.46800893488967593,-0.60242884970967403,0.67820162231581538,0.0089725700247143478,0.0055417228617632968,0.99398576738547184,0.10900035105443392,-0.38076942248440943,0.081899726834144135,0.28967944175106142,0.50894213256485243,-0.13215528686364242,-0.20000000000000001,-0.062791236303313985,0.0057428806537892559,-0.41303517735290651,0.37923551303710173,-0.29330169939731021,-0.20000000000000001,7.2777070828089485e-18,0.48703698085274677,0.44853477173125095,-1.1510163022110376,-0.73099403734315715,-0.195022862162614,-0.42833729671766307,1.7746258141860987,-0.34496029736547279,
0.46940259761958081,-0.60337996833510155,0.68070777672577909,0.0021708153087425103,-0.0014965012200104737,0.99503269117262638,0.099513775643147867,-0.34056442185923547,0.06285086994886098,0.3359143549254392,0.35690678569072132,-0.12826978853666343,-0.20000000000000001,-0.050247598037972518,0.022942830765940128,-0.42948539275826636,0.33803338017267609,-0.26686239543925427,-0.20000000000000001,1.5480374144019593e-17,0.49205553416784337,0.45326531814848064,-1.1543717128143645,-0.75446170202114404,-0.18789437900875669,-0.39947715664834721,1.7684210064879315,-0.29570406256889398,
0.46716837916814669,-0.60505006501374603,0.68684464629442477,-0.0046665721359898001,-0.012050983110141435,0.99533444409686589,0.095615591327782648,-0.31742168946011445,0.046548208674113578,0.38591795256379646,0.24440426070265422,-0.15166518650018362,-0.20000000000000001,-0.03186227617326487,0.042256967215804325,-0.43502480516098518,0.29524431056074635,-0.23917799119349056,-0.20000000000000001,-3.3474742075489949e-17,0.49664691981690923,0.46353132874343445,-1.186507131130051,-0.77656390450954005,-0.19869945206466894,-0.38349626750180865,1.7754507594144091,-0.27662154114516152,
0.463140866543791,-0.60567982595120551,0.69010587669160506,-0.015586033836750323,-0.019866910675174296,0.99539521583168555,0.092470242288297463,-0.32475265435077216,0.035969866947531494,0.45400289611572009,0.18564653645219764,-0.19404215248634168,-0.20000000000000001,-0.018034051252670991,0.058414035198471582,-0.43667407438310868,0.25717594214794925,-0.21472199573009029,-0.20000000000000001,-3.0655816427027638e-17,0.49408287175293469,0.47450742045503397,-1.2302623049534629,-0.79299530446576649,-0.23032977002636154,-0.38010295274577044,1.7889039322057367,-0.27844124076611215,
0.45849358978590493,-0.60467493097641556,0.69130789359529066,-0.031534117834211062,-0.023852790349742845,0.99525529724861306,0.088901839708321342,-0.35341100600510128,0.030677424625761035,0.51395494701980149,0.17472890572638783,-0.22151467501251942,-0.20000000000000001,-0.017878895423360602,0.068390875123295489,-0.43321316257073961,0.23609781550264328,-0.20161640092887403,-0.20000000000000001,3.5483057193429896e-17,0.48471468264991319,0.48377990139088251,-1.2927367881176404,-0.79428582145267002,-0.2880372234772603,-0.39066255804099409,1.8040935600238399,-0.30329031006217244,
0.4557381074605682,-0.60303873976644429,0.6908479350667468,-0.039771440251351799,-0.025381717069593284,0.99537968358476958,0.083625872106759008,-0.36806308661449122,0.025276506386192506,0.5317247028384805,0.17771044391123475,-0.20732941669051708,-0.20000000000000001,-0.022936682832390295,0.071367763658046077,-0.42945641542356816,0.23669121982094768,-0.20234799407190024,-0.20000000000000001,-4.5915962004761113e-17,0.48497989631010818,0.48777879907138905,-1.3566539346997517,-0.78041678379992707,-0.3393836082002416,-0.40634910808274677,1.8114906305310934,-0.33488685375424665,
0.45418830812413002,-0.60156579007294642,0.68979172541461486,-0.034431056678604813,-0.025122110248826979,0.99632797975706122,0.074255899872356562,-0.36497445411450247,0.02573159430400172,0.51682259695612076,0.18498117973574216,-0.18775095937994321,-0.20000000000000001,-0.01895573647263854,0.060674963091769979,-0.43464141369398168,0.24683920411811491,-0.20992020783544368,-0.20000000000000001,-3.8258784161582238e-17,0.50201632784948003,0.48828926239229042,-1.4148681741126832,-0.76063921576397731,-0.36729512053324431,-0.42044867654255469,1.8106736779850312,-0.35609494130569863,
0.45269367264661786,-0.59979973941872133,0.6878772797849636,-0.013121338465077865,-0.021678741289942571,0.997811586882558,0.061072905087937245,-0.3500126953963893,0.042884322202973876,0.49941046202579453,0.20625202575015908,-0.17886466692176506,-0.20000000000000001,0.0029482503704947871,0.029979336527397746,-0.45570879844914192,0.25890024057914707,-0.22382464613401282,-0.20000000000000001,-1.6364676540953083e-17,0.53436158688668467,0.48628941189666852,-1.4621534079582832,-0.73642403562361403,-0.36684438245971823,-0.43535117877335938,1.7989451333613911,-0.367852166848462,
0.4501729114751456,-0.59802071967697612,0.68600742709458185,0.0068645826766168417,-0.019523064942494419,0.99841167437106848,0.052400915254284822,-0.33652152626844928,0.058107750527307066,0.49395634650413656,0.22522978089736578,-0.1832536277997088,-0.20000000000000001,0.028952516071771267,0.0094652791298290018,-0.47461674612557592,0.26331181302695256,-0.23537960331019103,-0.20000000000000001,-9.7835693539660706e-17,0.56373588136935404,0.48248390055071882,-1.5072639400187477,-0.70950070674434096,-0.36981654945235087,-0.45221719283386913,1.785619824883071,-0.39105686319102001,
0.44643746675003881,-0.59701518304720314,0.68617418216294856,0.01441619599912701,-0.022897922309949865,0.99791069725227244,0.058669402215175186,-0.32504333276671421,0.058377647443281735,0.49699890317419659,0.21915887861917921,-0.19514795417972136,-0.20000000000000001,0.042884012946091815,0.01512267807520512,-0.46825068506426215,0.26524899385412776,-0.23772348282124617,-0.20000000000000001,4.0928632011327792e-18,0.58373866954380138,0.47875311518094077,-1.5550981478116552,-0.68840686988770483,-0.40179616902197185,-0.47426546879357739,1.7703320976231922,-0.45627944194753212,
0.44219345658587511,-0.59700567367364032,0.68791773690096403,0.0087009775923513333,-0.029269226309745787,0.99669614740255263,0.075262175978876897,-0.31888744694449467,0.046145999974637406,0.50380758937487125,0.19710977380835815,-0.20526631715948995,-0.20000000000000001,0.037778057941590504,0.035917563035690506,-0.44129848253967419,0.27351960087145838,-0.23420463143935186,-0.20000000000000001,-3.3230796586680711e-17,0.59284260106821096,0.47710636368383624,-1.5969623034151188,-0.67899095822143352,-0.45527090657793945,-0.4946365671183145,1.7570449395804624,-0.54270381215033991,
0.43768372594810867,-0.59687122480142396,0.68905260275938862,0.0013765598353140738,-0.033753049667097468,0.99536980813165199,0.089987675718115986,-0.31575569742620724,0.034193528042258302,0.50684528731764822,0.18156454810318248,-0.20431296460525605,-0.20000000000000001,0.026619615943767605,0.050988403618070027,-0.4157781951690358,0.2895958643501011,-0.23252800178952762,-0.20000000000000001,3.9925745001778701e-17,0.60149714181808822,0.47439114390597931,-1.6430883484709975,-0.65983562525222816,-0.51064558442203789,-0.50886367602441474,1.7435765461862622,-0.62405429249065947,
0.43228740258163911,-0.59618719180259228,0.68949158437154012,-0.0018664114752930288,-0.033627579473184496,0.99486705336268522,0.095421426002903889,-0.30962027969610662,0.026460976926936809,0.49352529517473287,0.17865212671870917,-0.19737166499918743,-0.20000000000000001,0.018935974402877337,0.049868826219720379,-0.40431285836641884,0.3088472315997412,-0.23245232425947793,-0.20000000000000001,-1.5355013267825957e-17,0.61020022593619494,0.47576046780094144,-1.6724044508199865,-0.65555299181832327,-0.54596597873161101,-0.52414657562100953,1.7320461696495368,-0.68960185571849719,
0.42629190884070112,-0.59514152953898669,0.68972717235789405,-0.00089284570430145989,-0.031504801966438803,0.99494153125203699,0.095383434984570428,-0.30020648857764959,0.021881442177398947,0.46742130890036016,0.18464339272708455,-0.19559911243047406,-0.20000000000000001,0.017997519018746383,0.041447304645048089,-0.40189387265914644,0.32537357443552983,-0.23259312597997736,-0.20000000000000001,9.416295868036606e-17,0.61959564050571958,0.47668951581152236,-1.6956649068182952,-0.64862536963468287,-0.56387718292078082,-0.54070201692132724,1.7219714033195277,-0.7459619231530954,
0.41916477491545889,-0.59359398098741389,0.68978641657604578,0.0041986916847280399,-0.02756320034679792,0.99549499495606053,0.090622050253852435,-0.28505910785558553,0.02103887977908659,0.42721945537638828,0.19979184117488905,-0.19454906606641462,-0.20000000000000001,0.023016679801874274,0.025083505642718204,-0.41224545541827273,0.34067911035364695,-0.22884299692422169,-0.20000000000000001,-1.0977546996415732e-18,0.62316836605875059,0.47670733376548552,-1.7028031011428941,-0.64229329397350965,-0.54685383748002103,-0.55968450462393748,1.7090927321777225,-0.78189539812238662,
0.41226406718630915,-0.59219068656430573,0.68952081450082314,0.010056231617770292,-0.023566712747788057,0.996028670378722,0.085266464917387902,-0.2700713290130351,0.022819278309976092,0.39045594071477441,0.22105699222711583,-0.19231142955006933,-0.20000000000000001,0.028216612427404503,0.006993783117502067,-0.42809267727076927,0.35514005034137575,-0.21788254441013982,-0.20000000000000001,7.8469132233638383e-18,0.6170818954825924,0.47617788337786449,-1.6910077509228589,-0.64031178638752673,-0.50242928563124356,-0.57609842109577092,1.6912431992816339,-0.79060046245117999,
0.40518797832991038,-0.59117243680360954,0.68909475615586313,0.014391440546069738,-0.020203977700499288,0.99637364737323941,0.081389437547105106,-0.25539208282692005,0.023546317305052196,0.36293037143953155,0.24177629564710562,-0.18917406481673996,-0.20000000000000001,0.029198135679716575,-0.010299019381217009,-0.43890040235023675,0.37309260610469164,-0.20120572178694682,-0.20000000000000001,-1.1041243874049256e-16,0.60471470398833627,0.47543788891476807,-1.6704773142874358,-0.64009370922029651,-0.45012275053510831,-0.59021198459668156,1.6661422763352833,-0.78889192455804336,
0.39731115241325277,-0.59078394346896446,0.68943162969712424,0.016929000100151449,-0.017443185863120509,0.99657228297885214,0.079074831778969082,-0.24189527508236588,0.021109112206431753,0.3468668422222897,0.26564612170182866,-0.18903756585957782,-0.20000000000000001,0.020401568392449915,-0.027738840675115506,-0.43053242523425239,0.40481971925041033,-0.18404544367648717,-0.20000000000000001,3.8299441743050444e-17,0.58144545389885194,0.47671600552537879,-1.6263765925330111,-0.65754800050884699,-0.37644567131822748,-0.60022718683074849,1.6178372238132259,-0.76402461085285778,
0.38872951553505425,-0.59086375423140924,0.6921169649266754,0.019578221043681725,-0.014647440270424857,0.99674938862665752,0.076764588363865238,-0.22816490300959011,0.014470526436357775,0.33374206791845773,0.29259665467726459,-0.19295391358531225,-0.20000000000000001,0.0064476589580151344,-0.045480893929986894,-0.41046903213373065,0.4476195426004842,-0.16835931259787446,-0.20000000000000001,9.893344823930228e-18,0.55529537242662175,0.47519537245786081,-1.5818358968158825,-0.66344569352214511,-0.29085442022955843,-0.59987552513210884,1.5527053225455429,-0.72378671770643854,
0.3789901154898514,-0.592638371675835,0.69741367034893709,0.024000243327254967,-0.011468940900029524,0.99692522016966123,0.073705882428315495,-0.21124283966478916,-0.00075941436419018488,0.31992922602194807,0.32033561979325814,-0.20578780719479364,-0.20000000000000001,-0.014389471573264978,-0.065757506032464136,-0.37055095230246671,0.51090661764928902,-0.12428316758138543,-0.20000000000000001,1.8431436932253575e-17,0.52499794903818819,0.47300285193160457,-1.5249674118002869,-0.67226297384055045,-0.18804812971197787,-0.58436516040145525,1.4617962287867381,-0.66361358367133538,
0.37070627486237007,-0.5949140587737225,0.70608265753778876,0.029252693368168343,-0.0089000408673291006,0.99708440540771459,0.069912500284370585,-0.19448390735672261,-0.020851953866662665,0.29985234506820602,0.33878555063913307,-0.22309853295710941,-0.20000000000000001,-0.037173683782994793,-0.074302285671737883,-0.30780008694694294,0.57679070150191303,-0.031012553633256945,-0.20000000000000001,2.9761349634727097e-17,0.49775320436357701,0.46980884770827519,-1.469868564847669,-0.67748645912483241,-0.098518535297451915,-0.55890435210608069,1.3713332218842447,-0.60832128368616178,
0.36278344188580874,-0.59530200547752832,0.7121008609870394,0.034262385845258807,-0.0035162671633252535,0.99723842299530119,0.065797055278115565,-0.18121518793935454,-0.040842107568086705,0.27530098932420022,0.35391615409060895,-0.24410617821610925,-0.20000000000000001,-0.063056181475053708,-0.08155405333741704,-0.24057313852754666,0.6537736398342362,0.054579352057626151,-0.20000000000000001,4.4560709289154232e-17,0.47166395935403632,0.46564347513197363,-1.4169336897732085,-0.67790611398628586,-0.02329095100337681,-0.53042679114701752,1.2891542784939114,-0.56231776249964216,
0.35600681343745699,-0.59436877447412451,0.71104965389349151,0.040750786956206687,0.0018733278208517621,0.99713445929022382,0.063708194930624795,-0.18488444731601306,-0.051185508230772107,0.26706953239057318,0.3891859312246051,-0.2649269649493094,-0.20000000000000001,-0.092237858149373922,-0.097551413490064742,-0.19326892749883059,0.74057936474316421,0.079712958141389623,-0.20000000000000001,7.589415207398531e-18,0.4497605844628057,0.47187989735357566,-1.3620261723808038,-0.70133183802412691,0.038405312696065473,-0.5030642873574076,1.2124787450238146,-0.53163125462405059,
0.34897574349121468,-0.5938092091129441,0.70418866012187653,0.050278783319618825,0.0063781582573037773,0.99674010194043916,0.06277365871849927,-0.20154519312847485,-0.054313017303787049,0.27795970087772148,0.45314260709330695,-0.28752256575174134,-0.20000000000000001,-0.12106743535145344,-0.12657738610534408,-0.16605912067489323,0.83615170314580145,0.048229829691480791,-0.20000000000000001,5.4643789493269423e-17,0.43817365921214696,0.50517957973914906,-1.3070758804201057,-0.78455688235959609,0.098363729383029147,-0.47468446470498638,1.12896682454057,-0.50919323388108717,
0.34158598811809748,-0.59395348829655148,0.69528310143956973,0.06383994035639981,0.0086974829323123014,0.99633553591970825,0.056252250350728131,-0.21787769171610441,-0.062104590773919742,0.28502553259788055,0.5277351116414486,-0.3136929929535186,-0.20000000000000001,-0.14705635022046704,-0.15283680408620717,-0.13899776934543862,0.93058527122053858,0.0068997740809672581,-0.20000000000000001,6.2951488639939601e-17,0.43646814244316812,0.55084222712408792,-1.2360433233884327,-0.90256986629524683,0.16182081214139651,-0.42752056041333769,0.98744617050647898,-0.48445624660652803,
0.33430107514344148,-0.59388983030098907,0.68701159852352744,0.077582567321040088,0.011181031204326409,0.99585131927701642,0.046217742083643085,-0.21671858988852039,-0.066911955725627401,0.27783907350621151,0.57360752109458635,-0.33795721885336938,-0.20000000000000001,-0.16666317897728211,-0.18168221502888351,-0.10932662911989904,1.0061060254822514,-0.027687564819922794,-0.20000000000000001,2.927345865710862e-17,0.44808824139248254,0.60263232604274886,-1.153504428607413,-1.0399945500518162,0.21302590701102619,-0.36392464060778201,0.79884591546239103,-0.46143023070927736,
0.32724016311629861,-0.59453257153141392,0.68069329718175331,0.090028669008167722,0.012266284827653785,0.99505592147835387,0.040100999289402271,-0.20011424152350263,-0.073707667217927014,0.26810055922511922,0.59032970268496965,-0.35509894467587977,-0.20000000000000001,-0.18664956134222666,-0.20409790692497629,-0.070025310155677006,1.061800545401518,-0.041557197473086255,-0.20000000000000001,-1.8919327909872052e-17,0.47123841916340831,0.64667539225409931,-1.0672325770528703,-1.1651326143524057,0.24609983468371394,-0.28226960796291034,0.59884591546239108,-0.43482098763395449,
0.31929819752212163,-0.59588279722986659,0.67655069970867499,0.098678418930559189,0.012087217143441673,0.99386685211565362,0.04842673935765076,-0.16762982684268005,-0.078995890884014874,0.27190876611891157,0.57543919533673726,-0.36184270421760389,-0.20000000000000001,-0.21535557303281969,-0.21588615452568002,-0.013279053768473131,1.0883870321703704,-0.056204082631906571,-0.20000000000000001,1.7536970139953034e-17,0.504626240639794,0.67604986485620788,-1.0003800363637889,-1.2530285910661085,0.26383722225347989,-0.21090071715902464,0.4166909728786633,-0.4106229077056045,
0.31115798069350914,-0.59732209970325167,0.67285029882253289,0.10370691329863721,0.0119572654401288,0.99249173257462187,0.063734297739040449,-0.13144928680854229,-0.084084587595511281,0.28348694382950645,0.54655672759455443,-0.36300668456679586,-0.20000000000000001,-0.25180007683016226,-0.22269082842625973,0.043403999066978664,1.0989388002574123,-0.083172346548187281,-0.20000000000000001,3.2051726724102725e-17,0.53670225957623674,0.70175959450114345,-0.95957735323750681,-1.3185705766462894,0.28871592075585339,-0.16879065718169475,0.33543564465030201,-0.39621009628670023,
0.30473006420011617,-0.59838782730318119,0.67392890397798688,0.10453529924085775,0.0099029799882776014,0.99128894562899039,0.079501751387883193,-0.088844934628343808,-0.088562296369377333,0.2891960204261611,0.49119545763500666,-0.34574640017482416,-0.20000000000000001,-0.28643133463967663,-0.21644682522863837,0.069930305955664671,1.0677579509527484,-0.11470928966675212,-0.20000000000000001,-1.5585406229479126e-17,0.55961663107789517,0.74525917735537739,-0.95163676680959342,-1.3796350888789799,0.35308839175380513,-0.18152754923401443,0.38595126983744993,-0.43376667255115398,
0.30194935173386867,-0.59901435981815854,0.67782824149998511,0.10182766574081811,0.0052191270612867383,0.99095158213519874,0.087286018732904008,-0.052522775769503108,-0.090179565853566498,0.28141636455232399,0.42802739875931484,-0.31475411479518084,-0.20000000000000001,-0.3054631405558042,-0.19763282143902008,0.056941354067957237,0.99982956879756524,-0.13085606799280194,-0.20000000000000001,-1.6628950820496424e-17,0.56703881170170589,0.79467455647752305,-0.96722527542389358,-1.4240426445257133,0.42161231441380564,-0.23093609202807844,0.49383937343899437,-0.49847471300146107,
0.3009047620741242,-0.5993728088150182,0.68126777792435289,0.097198427512939681,-0.0019492071442017485,0.99120093597445125,0.089829676632462205,-0.023407544269332725,-0.087381879441133264,0.26908056192408691,0.36921043325989661,-0.28005357242110096,-0.20000000000000001,-0.31311327460958616,-0.17163579173214258,0.029097486450913396,0.91307701591792012,-0.1381156593405603,-0.20000000000000001,-8.6736173798840355e-19,0.56756305947988839,0.83606241761388156,-0.98553396056961362,-1.450294002970564,0.46896057611781217,-0.27645738678934828,0.56930197470263799,-0.55160276239758821,
0.30215966655253179,-0.59869087059734738,0.68369855317213846,0.088517321417278402,-0.0085552683554619476,0.99210034357022903,0.088478242977071825,-0.0091108925737899693,-0.080554259613429352,0.26102873640036894,0.32138533474108943,-0.24147890076038894,-0.20000000000000001,-0.3005071336030537,-0.14153379919529796,-0.0088607977825461703,0.7813025917013745,-0.13147074011088913,-0.20000000000000001,-1.3660947373317356e-17,0.56208355239834784,0.8621681208677221,-1.0075691295347917,-1.4567271067591694,0.46396452841667229,-0.27329300708981552,0.59244866293386678,-0.51437408263648199,
0.30422438303111632,-0.59717578513759895,0.68503268972336395,0.079753183926718971,-0.011567873444946518,0.99289995351334759,0.087494549948580788,0.00044861325586731393,-0.07545258275909715,0.25871387719782968,0.27804087920677634,-0.19958559404867046,-0.20000000000000001,-0.27181240484435631,-0.11400480452995275,-0.050042025068238322,0.61490260766830906,-0.10550397558570031,-0.20000000000000001,-2.0599841277224584e-18,0.55626442383262475,0.8842365822060223,-1.0343822179982882,-1.4606179426166981,0.42625858088178187,-0.23411899622418791,0.59544010130829783,-0.40264249769841776,
0.3049428537477199,-0.59389085017720711,0.6849284753489745,0.072642274158639331,-0.0059092781874251219,0.99356119588924696,0.086742898611322214,0.0070811995776442205,-0.07711231631652328,0.24604298288364909,0.24482628857778549,-0.16361874138429877,-0.20000000000000001,-0.2359234876748709,-0.090781772560922222,-0.06709417968599618,0.43405382292097522,-0.053982855106165822,-0.20000000000000001,-4.2283884726934673e-18,0.54951336468557976,0.9080208429798986,-1.0723465359823858,-1.4714355839458209,0.34240275724925728,-0.16747598965721291,0.57298556488672459,-0.20264249769841775,
0.30276320671346024,-0.5899279704148519,0.68364460705379093,0.068109621038473955,0.0047029138784790928,0.99382652524023118,0.087451700109117944,0.010848662769153194,-0.08290308515348839,0.21974850657541009,0.23026282519126892,-0.14614745080366967,-0.20000000000000001,-0.21411187846844126,-0.074350493451124849,-0.045123850152855277,0.30495761446518144,-0.0093664095770908951,-0.20000000000000001,3.5277228187247101e-17,0.54383045338664704,0.92894252253698628,-1.1092799264867048,-1.4865511693091893,0.24869523779793998,-0.11677366621452673,0.54178505844514535,-0.002642497698417734,
0.29818076854806336,-0.58657400081075373,0.6821623828910075,0.061906871011074512,0.014208769038154979,0.99398154572686737,0.089254338597438657,0.011013872107259098,-0.087797975373384643,0.1782638649358759,0.22633673098553381,-0.14231926699600067,-0.20000000000000001,-0.20842518777576213,-0.060214669970237104,-0.010082476872755097,0.21702392584278926,0.0015680781693770407,-0.20000000000000001,-7.3386934550112581e-18,0.53794339156143589,0.9473095316166471,-1.1409903115503035,-1.501849073850269,0.2200799602884865,-0.11551481446563668,0.51107750191377532,0.03809459776314747,
0.29107503548508845,-0.58568191674852743,0.68204720558128396,0.055383185003063336,0.019966963129473859,0.99391973091225871,0.093046180499824424,0.0067473604401128151,-0.09245684143879361,0.13221178126292463,0.23781885988429047,-0.15728366405962699,-0.20000000000000001,-0.22352106186893156,-0.050301924604962939,0.0038178436046946707,0.18654797977712165,-0.034378295177313056,-0.20000000000000001,-6.3527471044072525e-18,0.53727863769105522,0.95837802912476922,-1.1614481726341077,-1.509624599224265,0.22001842938752658,-0.12463857118242172,0.50788427099943134,0.03304266273888011,
0.283826424307138,-0.58334580422598914,0.68331294712866364,0.052683061265291473,0.025168706561810372,0.99346742467297922,0.098048495038737069,0.0043496602656050709,-0.095282861625938922,0.097399705081736593,0.25636275157963628,-0.18139984458442659,-0.20000000000000001,-0.23946236549654873,-0.037854167502882285,-0.0023915529127201685,0.1741051907287211,-0.085939917708321975,-0.20000000000000001,-4.1280997717385581e-17,0.54341057758852029,0.96324746510640336,-1.1761652690390441,-1.5103212263652528,0.23399453790428917,-0.13445184795462978,0.52417117798429513,0.023005734703439813,
0.27818938802080151,-0.58235570257950464,0.68183162466209279,0.062730150217508177,0.029227240427043791,0.99174696552020436,0.10792892592894138,0.016893157821858545,-0.10178207942099125,0.090174293445243664,0.27139005279704831,-0.20614066075830484,-0.20000000000000001,-0.2519316099947006,-0.027234368598281961,0.0083432167258249285,0.18667537138847931,-0.11491533470824228,-0.20000000000000001,5.9089018400459992e-18,0.57018850013425981,0.95345944057236931,-1.181531161820037,-1.4942842716665625,0.26787793850277675,-0.14803102546531172,0.55510819338652873,0.012511233897957243,
0.27535831972874808,-0.58224699411671377,0.67814359115299017,0.080877767396408853,0.031775449033281555,0.98897915294336813,0.11987219286858858,0.04124148836052019,-0.1096815492466975,0.10247741807204949,0.27492634738586996,-0.22106023616224157,-0.20000000000000001,-0.25611116936154565,-0.019348775194991043,0.044119098713555092,0.20994612353206449,-0.099837574360752995,-0.20000000000000001,4.0793106739767104e-17,0.60894278237526911,0.93371178403085109,-1.1817034796065382,-1.4674131385391929,0.30358268281761647,-0.162979126034695,0.58154409662661488,0.0085286818423114877,
0.27309917550468943,-0.58300583659777627,0.6777309851101796,0.096520829410460446,0.033734665198879139,0.98626190725769425,0.12974263811966971,0.065061107848968791,-0.11835202315794062,0.11294241048596412,0.27211419562381561,-0.22956296277799088,-0.20000000000000001,-0.26306403249385912,-0.013863263621007395,0.081839947877844335,0.23621834025962066,-0.062165732942861679,-0.20000000000000001,3.7730235602495554e-17,0.64365423782248499,0.91543378374169371,-1.1860906285562436,-1.4409330133584128,0.32927519309289516,-0.17663282438081324,0.60315615015185153,0.0095766562700798311,
0.26979544626213919,-0.58186186637940318,0.67728450309880384,0.10170425826250581,0.035223707227977227,0.98588994684442022,0.12820509744740138,0.075298426192265289,-0.1206540895990771,0.10816862035281985,0.27534407345279566,-0.23609441413325713,-0.20000000000000001,-0.26788777042171102,-0.011067625250354471,0.082258468494042933,0.25148789251831721,-0.02492190410709666,-0.20000000000000001,6.9524464310632972e-17,0.65715740993649863,0.90681525353668824,-1.1980859765444341,-1.4228997972160426,0.34112586716972393,-0.18344973726148639,0.6358301560622529,0.012063605991654073,
0.26514310502857663,-0.58178762046712662,0.67711980728753884,0.10142920491934959,0.034982726320842997,0.98727410039803087,0.11738047508784555,0.076104223351966122,-0.1201739243361352,0.089235387521316045,0.28700487855023149,-0.24402851542452536,-0.20000000000000001,-0.2716171980407926,-0.014603389515430183,0.053614052755823774,0.26286689546312991,-0.0029204787544483413,-0.20000000000000001,5.2692225582795515e-17,0.65707410341356387,0.90438020107964401,-1.2108698980010575,-1.4086356555029393,0.35364560653778959,-0.18353784333601489,0.68537305623020506,0.011599038786032814,
0.25847775700297032,-0.58214993731803266,0.67769968047929874,0.099552153930115031,0.029386327326643199,0.98999454734614167,0.095585608953616813,0.070289217079553712,-0.11143757070265868,0.057166972514211739,0.31170941688848008,-0.25395841521513607,-0.20000000000000001,-0.26917569786831186,-0.019532914207441403,0.012553516517434235,0.27319012235804452,0.003662466620076299,-0.20000000000000001,3.5101045334218206e-18,0.64656789151860461,0.90703084175071469,-1.2197057399171205,-1.3934563133660356,0.3734724439346947,-0.1747431284210913,0.75190920508755299,0.0070893823582442511,
0.25149034322958502,-0.58237860627940452,0.67879086489485241,0.099197494940890946,0.019792842252186697,0.99229156570279509,0.071592939792465005,0.064220391455114434,-0.097082120927823937,0.025304150555162191,0.33980631648172466,-0.26224834478976111,-0.20000000000000001,-0.26029385768767294,-0.020300970919052537,-0.0097021875779678274,0.28054832458411522,0.0055686108445660853,-0.20000000000000001,6.7085009422540587e-17,0.63446169125817486,0.91001013498758665,-1.2226710047453571,-1.3764252800479044,0.39439229646920482,-0.16107375179259525,0.81044137363946067,0.00070300845977329905,
0.24445880717105078,-0.58248564730265318,0.67988740992829999,0.099044518456204753,0.0089197178513424936,0.99388646818584325,0.047961550791252347,0.058105564763273637,-0.081165948282519204,-0.0040710383506097486,0.36757186227263067,-0.26931280569179916,-0.20000000000000001,-0.24947953538273726,-0.017455624618036739,-0.010330845489520457,0.28463812639202901,0.014962853453750508,-0.20000000000000001,-3.8624702394796095e-18,0.62255341063603764,0.91140306580609498,-1.2244433000859738,-1.3573347943278025,0.41066567929689235,-0.1458610801561557,0.85801933308418876,-0.0058966541816608342,
0.23692433773223875,-0.58235429624226975,0.68003961202144514,0.097635611282145165,0.00057575242312372184,0.99498088492279113,0.021908778080224456,0.046872990356970401,-0.068097558517763654,-0.030853077177816296,0.39901427110256982,-0.27011849635121565,-0.20000000000000001,-0.23978233987458084,-0.013573400328456355,0.03010311865338744,0.28915569618508863,0.027070785449275686,-0.20000000000000001,-4.6535990122151261e-18,0.60839336895084839,0.91321727164708877,-1.2265742247746727,-1.3448289441337233,0.42040173239370188,-0.13274547738724751,0.89590792025209975,-0.019248343777162173,
0.22875189090642922,-0.5819107630844248,0.67990899734377919,0.095565612197440752,-0.0041791237090653402,0.99538841727892324,-0.007186615149925712,0.031042189123227676,-0.059230701530258008,-0.057785961796684396,0.43501296453109806,-0.26551160503680155,-0.20000000000000001,-0.23169846176187014,-0.011117587619843709,0.093610795029224592,0.29762466422231137,0.033186996123239193,-0.20000000000000001,-1.1953328951652686e-17,0.59231998911236761,0.91708298885130302,-1.2297076017452966,-1.3406329524263345,0.42736908515298738,-0.1216253600135182,0.93245011856773297,-0.035245906311304684,
0.21971179748820874,-0.58086047503255311,0.68244498511993079,0.093749805740082737,-0.002754977442223167,0.99479600440574623,-0.039803186321602228,0.0071122514221396704,-0.053102804174201622,-0.057624403773988822,0.4831655160893385,-0.23716802390603534,-0.20000000000000001,-0.2248096751759589,-0.010418175322554971,0.18535893910251905,0.31371117604430115,0.031564455320377605,-0.20000000000000001,3.3461189548333881e-17,0.57338621149937685,0.92298208648235613,-1.2358660449118584,-1.3468056450071368,0.42959880908429554,-0.11535731398129559,0.96491529502994755,-0.050570093126012051,
0.21178169655462931,-0.57976307741189026,0.68642122226601621,0.093232370562552819,0.00091777635633262078,0.99331218235269869,-0.068101330057243781,-0.021939887067283281,-0.043561756611182459,-0.016248032419780789,0.54108948765996034,-0.19195728358317396,-0.20000000000000001,-0.21785615463891561,-0.009918093129889359,0.26407861094429907,0.33114542423607618,0.033568452793554804,-0.20000000000000001,-7.3590222457453613e-18,0.55671303657205085,0.92609929239200595,-1.2440470288602419,-1.3512655315597082,0.42720239065164328,-0.11321529833338904,0.98615327694299382,-0.059320252713843301,
0.20410655053270133,-0.57793423566734259,0.69304635143029381,0.094099077826436145,0.0026611803435051028,0.9911290237838325,-0.093816522450476308,-0.051585888269938818,-0.018087444041686357,0.067757598293729016,0.60637702514716851,-0.12555950518366546,-0.20000000000000001,-0.20828411742111114,-0.0055888409254717967,0.32940995268018453,0.3451244640847112,0.050585643244408007,-0.20000000000000001,-1.1953328951652686e-17,0.54217351041735862,0.92567844329946913,-1.2532321191855984,-1.3471357299899309,0.42233468531683577,-0.11300000000000002,0.99879612680013563,-0.065512737646239411,
0.19365667879525555,-0.57354967442969862,0.69803443987016922,0.095486054888757957,0.0013067433935209723,0.98835101287246796,-0.11850308475922161,-0.073502969931647705,0.055028581659435735,0.20503998076084182,0.69098027966860465,-0.075058415601767348,-0.20000000000000001,-0.19774294927750644,0.0034533020971847222,0.32427701663365549,0.36452973975587288,0.023786422332080476,-0.20000000000000001,7.2099444470286045e-18,0.53202776938629803,0.90911366942190996,-1.2691114652248721,-1.3140712604612714,0.40886533113891638,-0.11300000000000002,0.99831896656097863,-0.064527329369682987,
0.18103975979095749,-0.56884207042370316,0.69708704563580914,0.096711814514690103,-0.00097106736701178516,0.98476217725955539,-0.144531436720406,-0.087492412867615846,0.14985207954047591,0.33821010153043873,0.78584011373192952,-0.066459983715812188,-0.20000000000000001,-0.19108401427784957,0.013526108560228003,0.27391615680453041,0.39608476685358129,-0.043752125466257341,-0.20000000000000001,1.1709383462843448e-17,0.52502214765534727,0.87781800225055995,-1.2913418910682093,-1.2567451847757454,0.39086771272831761,-0.113,0.9963213468293155,-0.058451210868385568,
0.16972789746338396,-0.56893126221849277,0.68943724893709812,0.10312581839815982,-0.0056506034823208982,0.98049886615507464,-0.16719781615980578,-0.10305239874426755,0.22401666148867086,0.397739135261722,0.88881468885392934,-0.11177847003799531,-0.20000000000000001,-0.19165911879790568,0.021645540626437074,0.19264686514235088,0.44994482355019844,-0.12650047256700506,-0.20000000000000001,4.0115480381963664e-18,0.53788916843912782,0.81612056962786061,-1.3111144287258198,-1.1613134678613277,0.37287564606078449,-0.11300000000000003,0.99681784372792825,-0.047853222603614458,
0.1641005263133668,-0.57358866786844087,0.68209115087217009,0.11360859991533323,-0.012409341685889952,0.9774988136127799,-0.17729964368212464,-0.12225652691393228,0.24666034366144213,0.37691802179864076,0.96666438549367906,-0.15951824098982026,-0.20000000000000001,-0.19765727730519772,0.029693598404494564,0.14706939131525576,0.50374881137011784,-0.17030929145767587,-0.20000000000000001,1.8404331877941438e-17,0.56819418266316446,0.74267005542368358,-1.3146193109662454,-1.062475297632411,0.35603958321237011,-0.11300000000000003,0.9919766881065456,-0.037579027598250908,
0.16106804481529641,-0.57815192417282169,0.6766038997363012,0.12179170757965251,-0.01833609926153024,0.97619094935581208,-0.17855474741518865,-0.14604815847582486,0.24674307983151472,0.34798228849564539,1.0246075426864949,-0.18865903729330208,-0.20000000000000001,-0.20610663029521423,0.037241283447099788,0.1314467287045665,0.54735162817020488,-0.19918680748668305,-0.20000000000000001,-2.2768245622195593e-18,0.59651135056276394,0.67182200794322644,-1.3096337161309617,-0.97870153989943676,0.34477944903102664,-0.113,0.96416519087245522,-0.066969557311448269,
0.15943673302370437,-0.58105047840218249,0.67304515234992346,0.12440834197931083,-0.018236407571252399,0.97470123870939995,-0.18479040327683563,-0.17079581901045815,0.23238430115305908,0.32782781395879568,1.0434183985226668,-0.21037178639527124,-0.20000000000000001,-0.20616087824782667,0.03408422936246,0.12679655409731322,0.56311468646099549,-0.20887507835283409,-0.20000000000000001,-4.6078592330633938e-18,0.6028109088764172,0.61806932325134922,-1.3139575669350685,-0.92577923366532233,0.34631988220496779,-0.133380312636693,0.93345413926275456,-0.13812862161403996,
0.15719700341337728,-0.58311579234029065,0.66995080517525618,0.12458240515081632,-0.0130312209097948,0.97048884971894656,-0.20606019552459376,-0.19468887500086779,0.22048725351472778,0.31561530436386021,1.0402622036127904,-0.23336088165471328,-0.20000000000000001,-0.19369382316291556,0.018942687441497165,0.09919950175012078,0.56030767215413846,-0.21401274710501383,-0.20000000000000001,-2.8948198005362968e-17,0.59113440267220363,0.57965269497891403,-1.3346403240057023,-0.88264197481074913,0.35540700807558312,-0.15627493782480451,0.9316009827248759,-0.19919344114096615,
0.15445818887333396,-0.58382769392855338,0.66857680971161759,0.12040047352872534,-0.0036707404220615606,0.96080972693522571,-0.24966962223199998,-0.21723995417205777,0.21033171832689804,0.31346128992247024,0.99782258333187646,-0.25479482748392945,-0.20000000000000001,-0.165089799598029,-0.0071623256534201546,0.030073838451957713,0.53147067038395246,-0.20984187051376693,-0.20000000000000001,-4.0115480381963664e-18,0.56057154503868245,0.55565418076238338,-1.3664802806347633,-0.8413442646551772,0.37388765881250707,-0.18584468540361773,0.97366503678245686,-0.24860470271800802,
0.15246539862640074,-0.58323081571759972,0.67026151713275672,0.11166262037117305,0.0050750106620223107,0.94745794729633281,-0.29971510069338025,-0.23510161462305423,0.19678593466517461,0.31733429898549548,0.926305303655793,-0.26876728408859352,-0.20000000000000001,-0.13810949893010582,-0.031800671452526977,-0.056478989611910474,0.49594788970190923,-0.19556691308560997,-0.20000000000000001,-1.7835125737386548e-17,0.52607025012144804,0.5426356229414796,-1.3938480827270185,-0.80549476720894087,0.39122137091315379,-0.22461661187299051,1.0333096015048087,-0.28968263891459556,
0.15166810545932524,-0.5822418498149452,0.67260257976076543,0.10180121944966293,0.011164089664662449,0.93203496699541499,-0.34759559133909729,-0.24934202129404442,0.17501100613666173,0.31770841034121311,0.84067337565991873,-0.27626701608016857,-0.20000000000000001,-0.11960343726157145,-0.051369501904434053,-0.14241155883930651,0.46805189246398882,-0.17473295077494369,-0.20000000000000001,-4.5224783119801604e-17,0.50124253506064054,0.52948253018900693,-1.4124355404626758,-0.77567924172210079,0.40037638911193946,-0.26155513436359201,1.086198007683449,-0.32104236989166807,
0.15236160628265832,-0.5802019616203975,0.67449794257294005,0.092299067818909869,0.010649191633834411,0.91350765639598475,-0.396069739443979,-0.24687649208479789,0.1445015637643394,0.31483709168935137,0.71318993384418605,-0.2555853730795169,-0.20000000000000001,-0.11474287543594767,-0.060155853661070312,-0.20454607424872137,0.4515646640114141,-0.14249890432007351,-0.20000000000000001,1.5689167765517778e-17,0.48704492247199227,0.51809173635910888,-1.4262728958251643,-0.75108106767218918,0.39930820588591615,-0.28236035211431992,1.1354237593894212,-0.32643381534775329,
0.15353520320346603,-0.57757454068912828,0.67795472518874589,0.085450867826694338,0.0048566064695853882,0.89124376040222075,-0.44537525987123877,-0.22915343008314792,0.1140204003372869,0.31457630898379907,0.55482504745103944,-0.21616979242609854,-0.20000000000000001,-0.11420023359437505,-0.059201226752159775,-0.23408449451220678,0.43528934336579733,-0.10754674023149952,-0.20000000000000001,4.8707782598911287e-17,0.47511392028848626,0.50480137472718911,-1.4429121533211073,-0.71461010319188545,0.39719346429380242,-0.29507431351086455,1.1878267145236532,-0.32575394209269104,
0.15414005762203176,-0.57512478491299568,0.6863250448296444,0.083721776984670065,-0.0086303252121185271,0.86507718069748352,-0.49452770699097942,-0.20787900037325058,0.090667419589597828,0.31521334942984625,0.39015507121391496,-0.16970153775508878,-0.20000000000000001,-0.11154715330905958,-0.044083048966854194,-0.21401666897755886,0.40448353865679798,-0.077442929371839095,-0.20000000000000001,1.9788383713754965e-17,0.46489620774738771,0.48004481979466535,-1.4723409826753799,-0.63599437270513381,0.39222607848595908,-0.30741376255788083,1.2519487818424302,-0.32873741430988934,
0.15318699337121056,-0.57403173974632604,0.69083892107922862,0.083757045684826573,-0.022775570839893598,0.84173705851991543,-0.5328646685466274,-0.20292713742450769,0.078388532872492284,0.31607633437189586,0.28296149100599033,-0.14790718057335694,-0.20000000000000001,-0.10676514790347755,-0.027491657552465472,-0.16475858113526179,0.37233039429594139,-0.067129182395797626,-0.20000000000000001,2.3513634615779377e-17,0.4571264948325533,0.44930071306112424,-1.5118455992599251,-0.53797717995851069,0.38111981161131697,-0.31903254038324447,1.3137398702405294,-0.3294387083458335,
0.15079295984599583,-0.57345906261099555,0.69255476667623661,0.078302837863980498,-0.03139405880632453,0.81914753289690556,-0.56734504316423284,-0.21388544455068073,0.064885146652732373,0.31592049400392785,0.21446796831200343,-0.14748100518576246,-0.20000000000000001,-0.10364180706428028,-0.022503470504530075,-0.13002498701030041,0.35294737752098482,-0.077118471477527234,-0.20000000000000001,5.2827750854356204e-17,0.44790535969513096,0.42287710326197975,-1.5564286968564947,-0.45702213672459546,0.36372005521671685,-0.3270013790582792,1.3728181943001514,-0.31178132493092436,
0.14746218805774181,-0.57330825549979425,0.69247885125926867,0.069475904386087722,-0.034567827155000362,0.79653166463527025,-0.59959609010473269,-0.23883010131380078,0.04965045884169611,0.33754536587359218,0.19037695141726863,-0.16794869315824967,-0.20000000000000001,-0.10473271040148238,-0.027791210338375526,-0.15252967178195007,0.35964294073445047,-0.11241605635605793,-0.20000000000000001,-1.9631682618512919e-17,0.44136549941781045,0.41371358640586198,-1.5960850242860074,-0.42867909810651766,0.34431237822003036,-0.32590369885069748,1.4292140288985431,-0.26549399388418193,
0.14448383022199518,-0.5734301159505325,0.69155737227676983,0.064673111344919751,-0.038944331014326858,0.77205707970897086,-0.63105355828334408,-0.26347139975190359,0.038388375174104365,0.38918642178391372,0.17929921922054473,-0.18441010226647775,-0.20000000000000001,-0.10362093189856988,-0.029387681023700436,-0.21801928187159567,0.37142635906589005,-0.15128499062826012,-0.20000000000000001,-2.1549788727570282e-17,0.44197769924243258,0.40902645628714424,-1.6293605372322824,-0.416234598805654,0.32851952511716309,-0.32101817995981546,1.4814709119709712,-0.21655038116539396,
0.14175675003556965,-0.57329076460794548,0.6899672004359052,0.067883281769406431,-0.045313869002668455,0.74533405343617642,-0.66167640287426277,-0.28046685967156537,0.034756527073776633,0.4613134736635261,0.17929015818465521,-0.19240973231638131,-0.19999999010318356,-0.092644148012387476,-0.019476968349686451,-0.30192362829252373,0.37313485481666925,-0.17852123331826908,-0.20000000382778924,-8.3334679491654214e-09,0.45377919022744195,0.4068170471330913,-1.6522251060488822,-0.41459679601682287,0.31974677902425142,-0.3127104920858072,1.5229075747388161,-0.1729576838306115,
0.13954719384176428,-0.5728989918210331,0.688439495258513,0.07377696564572786,-0.050736667508313731,0.72147455898673307,-0.68662741763285184,-0.28400217758524937,0.033099914662099293,0.52071008940297914,0.17913501878612936,-0.18888281051304498,-0.1999999094347851,-0.075286358662467592,-0.0043402655378264243,-0.36681618508823344,0.36046620844554428,-0.18792075391431712,-0.200000033282558,-7.7425442030313611e-08,0.46707756736118361,0.40695326599845572,-1.6642017840883545,-0.42170596591351289,0.31799487568053653,-0.30369028182776425,1.5486420371652689,-0.13904603276257102,
0.1377068666332788,-0.57294721093562928,0.68688934679493707,0.07790360241792782,-0.05431797725903232,0.69802533818475199,-0.70974728835611567,-0.28382366902418305,0.028550090081195269,0.56919996812524154,0.18119831243278967,-0.18521657451475884,-0.19999955258914134,-0.057574319339571689,0.0089452582394523895,-0.41732300518019466,0.34369596906725447,-0.18778299466731843,-0.2000001590823659,-3.8606643541917517e-07,0.47715829524074382,0.40745517379226187,-1.6761044523275734,-0.43099014347302084,0.32092136584041175,-0.2940526123754621,1.575057365429354,-0.10242506232605553,
0.13721662123522349,-0.57507720812107799,0.68509177974245083,0.079874630484591244,-0.05586820421621181,0.67714276491261394,-0.72936716617154218,-0.27794106261487356,0.022802778122687745,0.62741330263327677,0.19112489729105028,-0.18245115338709617,-0.19999840231742685,-0.043509439331973501,0.01524101579312976,-0.45474617571374282,0.33337104036187398,-0.17771132836820944,-0.20000055510349948,-1.3872933079812032e-06,0.48603409287026883,0.41048720373345032,-1.683445757941604,-0.45418849659878763,0.32091513581503228,-0.294349882581391,1.5913945146744315,-0.087365968558797177,
0.13756057018374068,-0.57821802468709549,0.68620771836919592,0.080927676806456197,-0.056627886884871317,0.65829940431128997,-0.74624787291962491,-0.26959707951964695,0.041219204326404794,0.68815921487366072,0.20489349041371138,-0.18462991403766932,-0.19999536716857413,-0.032077372415138229,-0.0062447887861621183,-0.48782187480818223,0.32839075795540978,-0.1649213086173123,-0.20000158239975316,-4.0409682739945068e-06,0.49651536215155145,0.41587510933015703,-1.6839554813410467,-0.48670966622921424,0.31420658298793563,-0.30477978184768334,1.5963558400821098,-0.096129466494401489,
0.13917091867005982,-0.58270756736417795,0.6879923610736246,0.0803572595776198,-0.056334519838461057,0.64018737056350861,-0.76192470971791293,-0.25797335570108892,0.059356631885422374,0.72228640214919793,0.22263594084099261,-0.19547170465920202,-0.19998848197041014,-0.025311863367374225,-0.034383636365735486,-0.51050929886805474,0.33189368682549825,-0.14950355992425723,-0.2000038788673531,-1.0083479468651541e-05,0.50376927395962601,0.42251137397576044,-1.6723330348163123,-0.51759285516173159,0.29885776065494107,-0.32738873710852961,1.5803914856781871,-0.13627493063602844,
0.14162921924703464,-0.58755735268163123,0.68885325638109074,0.079599560442157005,-0.054838672720391293,0.62306731147629468,-0.7761725035849848,-0.24660013499876263,0.063763594586506073,0.71130304560757363,0.24262223488422599,-0.2133836202074921,-0.19997472016350726,-0.024298658230666431,-0.051988377422290788,-0.5054951796658298,0.34433540081293301,-0.13544778498933283,-0.20000840913928949,-2.2200924905375294e-05,0.50270277979845723,0.42688211503747286,-1.6543637219152858,-0.53230053561501178,0.28494430674639987,-0.35042079687249705,1.5491005637622195,-0.18494581632769347,
0.1442857030114898,-0.59270951285606266,0.68870457220822767,0.079746617161049277,-0.051883044983554484,0.60379420422661156,-0.79144247146394442,-0.23350059736751033,0.056358174275979271,0.67403413745855278,0.26167343632054885,-0.23209198787882573,-0.19994907616878038,-0.028092188031680884,-0.059408593716702797,-0.46373146155267964,0.36540497854507509,-0.11704641574067551,-0.20001666901099685,-4.4235908599687695e-05,0.49690348579835081,0.42863367123370094,-1.6386947609044442,-0.5348418645874069,0.27747451684011754,-0.36824250925066732,1.5107941134191143,-0.22743162741818984,
0.14749506493406128,-0.59850335112416708,0.6875366172067402,0.080646774872462884,-0.045610467638439824,0.58116715200791436,-0.80849274849653596,-0.21426157111396277,0.03237990967803147,0.60768006628915694,0.2765273486946086,-0.25273555011415233,-0.19990504846426249,-0.042317157433896253,-0.055922392015904362,-0.37720748767160306,0.41211166376988856,-0.079242976735569709,-0.20003051954480031,-8.0766776806254716e-05,0.48281095691725356,0.4257467968123525,-1.6348145553024833,-0.51937229708070753,0.27912849849433974,-0.37592656709528655,1.4612852987082667,-0.25373759079114105,
0.15217545532128812,-0.60425366439851613,0.68543089095834508,0.08156607099070716,-0.038167906654083497,0.55679734333771447,-0.82575232692184874,-0.19182218940070528,-0.00079905899035209596,0.53557138000798765,0.2905139808369368,-0.27618207921318694,-0.19983568155208975,-0.061664669974971206,-0.049771149010217335,-0.29195537608413091,0.47740872620550129,-0.014878008989538418,-0.20005184515506721,-0.00013618942314406042,0.46371936265681418,0.42071959613667276,-1.6385089816735667,-0.49586660360850809,0.28378510740224844,-0.37813890211328521,1.4068549084299315,-0.27037408038629757,
0.1595004556269462,-0.60884902288665543,0.68743538061034504,0.0827749149025898,-0.030107555829010396,0.52809343476158399,-0.84460592746356244,-0.16766834687580912,-0.02168632023092143,0.46596481178554977,0.30829916011833158,-0.30862830644847139,-0.19973503871733433,-0.087034707261101685,-0.071352574902166191,-0.23670579904295685,0.57692951710603679,0.023393085626657123,-0.20008209743592786,-0.0002134013615427693,0.42882955949384627,0.41225544143913434,-1.6479017319274794,-0.45497556423300523,0.29127483661495762,-0.36945774113000523,1.3414654242187865,-0.26955199260427309,
0.16698788003596865,-0.61122783424351956,0.68454939499168432,0.084041571878291893,-0.02289698441635234,0.50065491810195739,-0.86125338622334924,-0.14620342763239894,-0.031104521403064928,0.421216508501284,0.32366456042170677,-0.3430254533507292,-0.19959965854118983,-0.11169305974232066,-0.10771119844528489,-0.20693053871218461,0.68373926451040468,0.014559169211439234,-0.20012186098026821,-0.00031248898151414381,0.38631503979556425,0.40376227336046233,-1.6573794470500731,-0.40647990833692837,0.29947261909002132,-0.35085688462506731,1.2798889955944721,-0.25199630537054957,
0.17219332384841246,-0.61323811910028858,0.68391707285884729,0.083339001760602716,-0.01476415730143444,0.47237517035741555,-0.87732452882301604,-0.12453544980081249,-0.039899817368324791,0.4146002827017285,0.33184550461618256,-0.36289911436282768,-0.19943450228834889,-0.13551433373832986,-0.14102008025295726,-0.16943224673011775,0.78769829959696491,-0.015768666332927481,-0.20016937884782912,-0.00042850006553477488,0.33710844436852316,0.44209881599321715,-1.6527733216279945,-0.45325240225643038,0.30709464530686442,-0.32712122256737819,1.2237823297985286,-0.22232679394958521,
0.17157160103828856,-0.61910321899148402,0.68297918566250682,0.075659843044750014,0.0005229708183488083,0.44660585515190726,-0.89152595295706383,-0.11414108978786609,-0.046579582161431321,0.42055698188625312,0.35549341404809032,-0.37157169115402683,-0.1991174401929196,-0.15676428409605225,-0.16508294988723352,-0.10971695355661501,0.88557809736150295,-0.027915646359192008,-0.20017443401844301,-0.00057402729889359451,0.28623094102240726,0.50946259370079428,-1.6421959300880296,-0.56797359612899656,0.31736324686820339,-0.29537680807263134,1.1774961395987447,-0.16499981814380896,
0.16886346167394062,-0.62712284208352664,0.68075673406251558,0.063118936124557393,0.021664297074994007,0.42046709434831642,-0.90485030845164327,-0.11501131934789523,-0.053508379661162751,0.41839390656033321,0.40322402882763836,-0.38035835854891176,-0.19880476688016399,-0.17651923494818916,-0.18385924089000275,-0.035687313525420969,0.98461127927188363,-0.035124231981827375,-0.20017720996029181,-0.00071224911969790217,0.23862654914515027,0.59580615188584385,-1.629307555936879,-0.72499471315561892,0.32613717638701706,-0.25320401385709901,1.1294442579623316,-0.086003583906482273,
0.16733223082990079,-0.63511387533304808,0.67757997051418373,0.050676491185214112,0.038433913427979992,0.38887793293359035,-0.91909122551412881,-0.12805427167627814,-0.058035073684611499,0.38624889726744904,0.46581968557924869,-0.39616811743519392,-0.19852188687339734,-0.20122916562067372,-0.18775666002115965,0.037766773377929171,1.0730252492608978,-0.042141755927327169,-0.20017068126159415,-0.00082723361352558778,0.18262118028879706,0.71488109257138122,-1.6074764718438592,-0.92499471315561888,0.32215732388691898,-0.18636558660762731,1.0696682530137409,0.0073405503520219762,
0.16912798052479339,-0.63899711123929848,0.67538964936924484,0.044427954445417514,0.04417156685797137,0.35857562688642591,-0.93139602175879754,-0.1358312297403898,-0.063157940815439045,0.35215786045328407,0.50077081428106696,-0.40316934614646405,-0.1982958814834275,-0.22801661777510529,-0.17919905980006628,0.089023679526672381,1.1268509785648178,-0.054088480584781169,-0.2001476781886489,-0.00090396579769843255,0.12927298143294055,0.8313097778192422,-1.5886787228351493,-1.1249947131556188,0.31151400534604895,-0.11937492311653045,1.020940272935468,0.070354711589068669,
0.17189125742563477,-0.64127557835260218,0.67566649742268536,0.041714456950122221,0.046911412060177293,0.33394354020977024,-0.94050036440824514,-0.12874042396974639,-0.07189706212151302,0.30620073562287042,0.50280536338491355,-0.40412674363928258,-0.19814281071091211,-0.25437639612524371,-0.17335987986491525,0.12481263029689491,1.1583960921388836,-0.071559144835286387,-0.20010410979875196,-0.00093350350586348697,0.082586297373143616,0.9303944494986518,-1.5757098273676302,-1.2942703809977536,0.33506393613933738,-0.1172505966722554,0.98955963132403724,0.0030049501271576526,
0.17602890807167981,-0.64067439700182494,0.67885683265693686,0.041466186765154414,0.049029873923951785,0.31889373541405752,-0.94561271794103319,-0.095473998790859341,-0.085262733604740334,0.26609365243006433,0.45714619290190817,-0.39480364463593109,-0.1983371017239319,-0.28076212106537846,-0.17601506023026711,0.14715426211811772,1.1553469686745257,-0.09486261856182307,-0.20013173544656757,-0.00086925690392582536,0.058932561856682199,1.003513873247825,-1.5543237050765981,-1.4138119074753146,0.35753289075826095,-0.11686115797624104,0.99332227193705747,-0.046797995518496796,
0.18015753139880447,-0.63933300074609178,0.68252204011900697,0.042688458605724247,0.047195440080413882,0.30508683045217394,-0.95019593338538855,-0.054813083772572629,-0.093058520349688825,0.2426480539222575,0.3948646376838344,-0.38544940029782604,-0.19859789442371514,-0.30972423435671215,-0.17734726068856513,0.15257370727009487,1.1336309299814882,-0.11595133043438872,-0.20014128384042137,-0.00076323258011054768,0.042612746119789359,1.0678385896678708,-1.5253266316660969,-1.5170393979158285,0.37372931273204907,-0.11629872846420326,1.0003845400653173,-0.086201728335850464,
0.18275553373266989,-0.63673683615849175,0.68522681594525792,0.048804261229356632,0.036382266354282995,0.28761633310791218,-0.9558092486005465,-0.017708830924439679,-0.08657419701791573,0.27694402460076994,0.32462960104489974,-0.36752282505329059,-0.19890432885362716,-0.33925496792469956,-0.16518740084670583,0.12359240813438591,1.0756251156575531,-0.12916354202375671,-0.20013870240078685,-0.00062841443269851124,0.023550514914858704,1.1274572678511876,-1.4968965136085841,-1.6061114594912076,0.37982808394137363,-0.11561606132296941,1.0123392612799813,-0.11103350683498252,
0.18231718632817917,-0.63502701746954915,0.68620768793479714,0.056181054697336544,0.021387273791305648,0.26940537912868473,-0.96114879977524814,-0.0013915043732272221,-0.071243028388670374,0.32572462842589711,0.2738055062803571,-0.33372579041443989,-0.19922709691915938,-0.35898839673325161,-0.14321488430140875,0.071950239992141299,0.99482113782101522,-0.13073100638047999,-0.20013202211393855,-0.00048169247464387204,4.0008981042565178e-05,1.1747457346635766,-1.4816850790201757,-1.6720134806327485,0.3776826024323251,-0.11488885200591531,1.0254767881066706,-0.12236132524147807,
0.18019678564507741,-0.6348967583766264,0.68671883188218752,0.061822339569723606,0.0082655038713764263,0.25076133406776052,-0.96603749053151911,0.001500291067492579,-0.056400290492803859,0.34234169790181984,0.2406019429917266,-0.29272139136726527,-0.1995413879059833,-0.36863020373425814,-0.12159222342052026,0.017567147300592147,0.90327473394540536,-0.12735105705485608,-0.20012803872430493,-0.00033849861229490928,-0.028096714881045606,1.2181716419009945,-1.4774730638322562,-1.7313420654215594,0.37660366666690109,-0.1141813432300324,1.0373124310398358,-0.13739062619782191,
0.17703933552965995,-0.63641158693593325,0.68747330253921091,0.063447041574478377,-0.0002226575156995699,0.2272319138971082,-0.97177161959265612,-0.0077714417018485207,-0.045526902578392099,0.30619009175801837,0.23000931919728723,-0.25701160648776539,-0.1996938762337713,-0.35275682147353882,-0.10531641991653223,-0.039397716313257863,0.77838280914487723,-0.11610131019671378,-0.20008542042693947,-0.0002331543671767139,-0.066541580305359171,1.2633574413485473,-1.488352129121516,-1.7929629738948327,0.37889780139810797,-0.11378972917330349,1.0463191036548756,-0.17020490481403316,
0.17422652303297453,-0.63762322345271061,0.68959530210835529,0.061346606335050284,-0.0048601465208405591,0.19913543381522791,-0.97803785809455734,-0.01492425890615078,-0.040875420988718505,0.26628367559612098,0.22390967120178706,-0.22946540684170735,-0.19981089781540545,-0.31901810210047893,-0.093653637437029369,-0.092656796506056613,0.62652527209041076,-0.095292958312882869,-0.20005275743159331,-0.00014952533014608675,-0.10920560763024519,1.3073327467414972,-1.5047289128345713,-1.8533196113944783,0.38297561185310747,-0.11348860594416608,1.0540950591148555,-0.20886855926601106,
0.17167589192764438,-0.63982958808787327,0.69018621034668126,0.050093642773257549,-0.0018970790681668494,0.17006816641902156,-0.98415641379588958,-0.015307019400380942,-0.04931488342163734,0.22158110549933555,0.22028108978335686,-0.20620397590819609,-0.19989165794591757,-0.27696971246971974,-0.087200334231698262,-0.099294533454424322,0.45945627452984805,-0.036284691825224744,-0.20003019517926604,-8.9055328743606834e-05,-0.14769646119945554,1.3420749035677051,-1.5250228753200032,-1.9036307378945112,0.38298595154753662,-0.11328054429103336,1.0637837557574565,-0.23658535237100436,
0.17212226164535377,-0.64401094171276341,0.68892952925216511,0.035453809281364955,0.0055936734561096435,0.14928389786385926,-0.98814273061298175,-0.0056440621172412176,-0.062340800772325962,0.1867291759956505,0.21850150792340817,-0.19919988493234164,-0.19994288399354179,-0.25533320139431176,-0.081016224879230214,-0.039807419557118445,0.35128564672457557,0.03155558372282289,-0.20001588590663058,-4.890792905300396e-05,-0.174082496687743,1.3615076392957244,-1.5449276522108928,-1.9330082361300109,0.3757046316818165,-0.11314832774438754,1.0753428905335156,-0.24291892946555552,
0.17496507451248494,-0.64970077077760269,0.6881364261649513,0.024989424489406067,0.011763868281197413,0.1357001076266984,-0.99036489278288398,0.0061423875834343807,-0.068163034403135175,0.16236034619916545,0.22020787560432398,-0.20485506742028381,-0.1999724326555968,-0.25581564499290677,-0.067166370462124717,0.058260659587737323,0.29472435043928846,0.075468269683366493,-0.20000763542844896,-2.4568924373130387e-05,-0.1959235399297643,1.375358560787038,-1.5656758687967145,-1.9503469695318016,0.36160991453292218,-0.11331902559764244,1.0892391599771587,-0.24145966829649163,
0.18013332645388697,-0.65503311135114806,0.6854864247713367,0.020694980181162781,0.019665750302581841,0.13570487296022188,-0.9903379037051887,0.018677254700207445,-0.068146237305002938,0.15579084868515358,0.2333383650539721,-0.22608505218973404,-0.19998780375485103,-0.2571808633296479,-0.04902150735482283,0.14307283626195133,0.26392293161690394,0.073569146675191849,-0.20000334880194701,-1.1184080351424372e-05,-0.18792392065665303,1.3765142774231129,-1.5789713050532477,-1.9426002425515563,0.34315670539959497,-0.11371349907363995,1.1109076895543544,-0.2208202265636848,
0.18521485750805589,-0.66135107999533016,0.68472753795921448,0.017844140615279884,0.031863785634974592,0.14174143346967946,-0.9892298276177639,0.03352861480226868,-0.066029635009913268,0.16067001542862405,0.25304080031409348,-0.25121572385146695,-0.19999505345653137,-0.24789476243210043,-0.028313204462914389,0.17040412434691599,0.23043180935801491,0.053417565119337242,-0.20000133721531421,-4.5500567879936509e-06,-0.15015488680023745,1.3672189884823234,-1.5810434168448466,-1.9183861874025372,0.32822535709923972,-0.11358863427529323,1.1384554903066164,-0.18718863789055962,
0.19104365671775875,-0.67021752159384829,0.68434696491365865,0.016608203688685704,0.046735100592631688,0.15259191634477223,-0.98704392253286377,0.053289484565696543,-0.059914670125534447,0.17518742325925271,0.274602986012982,-0.27621330788723086,-0.19999827683260973,-0.24334424297098972,-0.0015606157367081899,0.13729141082879986,0.22464083801689064,0.010510582313052779,-0.20000045702972391,-1.5909287134645558e-06,-0.08179323538936642,1.3446479451557212,-1.5694656668760685,-1.8751559750031319,0.31848416240293304,-0.11300460994926767,1.1706721857873623,-0.14671570575499734,
0.19662602269082591,-0.67463719084735962,0.68401456370652347,0.017801580828112014,0.057431920279424398,0.16251545777930948,-0.98487227813347433,0.068877290153730258,-0.057401756873085859,0.18972021667351158,0.28924727435094666,-0.29042349796750583,-0.199999510760869,-0.25229749336464252,0.017212010336630799,0.096857062884882814,0.24855095409468272,-0.034656503540754301,-0.20000012639110737,-4.539449039458269e-07,-0.017913853151780176,1.317722329390058,-1.5555778050814906,-1.8280839349510472,0.31623952685553586,-0.11300132730799674,1.2004320595089888,-0.11884709511465801,
0.20214502594852729,-0.67166010149088162,0.68344279312091749,0.019033372939808633,0.062834691283087912,0.16913088540760834,-0.98340443149659029,0.075678460389904556,-0.064674238167061443,0.19948026245368808,0.2997345746639386,-0.29653680085078898,-0.19999989897771703,-0.26112786540990329,0.018546636164681114,0.082050944015469376,0.26287899272335113,-0.058646411663727104,-0.20000002510974338,-9.4395059219927163e-08,0.02788815343535973,1.2907567836839779,-1.5484880233685676,-1.7825246961396484,0.31910759769083197,-0.11300027949155939,1.229617291277697,-0.098278708489876201,
0.20772404197863509,-0.66771308963290887,0.68206944284492388,0.018183581342639064,0.062897075870791228,0.17046879696473388,-0.98318548833770736,0.069556011888323319,-0.071444432379717523,0.20746947339880861,0.31633725138269392,-0.29435358203012346,-0.1999999886093167,-0.26204459339422681,0.010160264933591243,0.046028322287514273,0.26573897771406169,-0.044987013936959537,-0.20000000266024429,-1.0757698806670993e-08,0.064030674091065706,1.2635531674080132,-1.5406099446173096,-1.7405138874468729,0.327388803973583,-0.11300003245087423,1.256892098197129,-0.081525486884722539,
0.21284037977945897,-0.66844438439093223,0.68020878796613671,0.016160133639001869,0.062599085508079647,0.16967919352042998,-0.9833764161604539,0.057068539491415327,-0.069319572789938597,0.21975970841067619,0.34375966604896024,-0.29150513379821685,-0.20000000000000001,-0.25543649028425985,0.0069523970657735714,-0.035313562962383555,0.26472758630358817,-0.016827393498040549,-0.20000000000000001,-5.0225665640390993e-17,0.10319172007608894,1.23457237382398,-1.526521862319957,-1.6980534509357899,0.33543405480413646,-0.113,1.2808262594994353,-0.065006507772309374,
0.21922502079519252,-0.67069580719133171,0.68089435125612841,0.014382833147112944,0.064704102936218533,0.16479081100703194,-0.98409882724324316,0.039203240221184654,-0.056153457352782286,0.2358820633072076,0.38497391621754856,-0.28118689705553246,-0.20000000000000001,-0.24015982950369436,-0.0032365998542900291,-0.17188898621049695,0.26986676906332646,-0.0018108738931501001,-0.20000000000000001,-8.8362477057568611e-18,0.13876761626863657,1.2057977119395331,-1.506627428841089,-1.6586482163809662,0.33984780192526076,-0.11300000000000002,1.2904450141732164,-0.056984808983837461,
0.22628630291364343,-0.6722897583014239,0.68267077258229403,0.013434389447786037,0.068990250363094335,0.15674161577118959,-0.98513548734193901,0.02224631861790427,-0.024108633422542845,0.24879633324589043,0.42695775542115388,-0.25488412002104877,-0.20000000000000001,-0.22298615261721985,-0.033976515017342106,-0.28993697021931908,0.28262875990919939,-0.00958300842285148,-0.20000000000000001,-1.3227266504323154e-17,0.16102306148403664,1.183085272938444,-1.4878839367747521,-1.6301511607542567,0.33788165568581469,-0.11300000000000002,1.27894750250375,-0.060401895659384489,
0.23331761298202947,-0.67459576764245455,0.68555161713953261,0.012129759847176545,0.07389847556143489,0.1477084199758496,-0.98619171914186332,0.0052833077265281858,-0.0031603791690169025,0.25470051819737671,0.46850974543751084,-0.21554548847642255,-0.20000000000000001,-0.2072084190505844,-0.050792201800942544,-0.35054923729157184,0.29600305054457848,-0.016886112609542814,-0.20000000000000001,1.1980434005964824e-17,0.18149510973356922,1.1588537663071754,-1.4693633417724583,-1.6013421334426678,0.33122093172475547,-0.11300000000000002,1.2537679941170019,-0.066430507426944799,
0.24004543151458552,-0.67783887531132925,0.69059981853633357,0.011079328116047969,0.079652917096636133,0.13660503556722947,-0.98735592647442449,-0.020021294042538051,0.0044062603902623315,0.25369085647203915,0.5237035139897368,-0.15894262702118311,-0.20000000000000001,-0.19534140500512817,-0.04401250426168396,-0.31907554706243824,0.31122898051734549,-0.012794366368318544,-0.20000000000000001,-1.1878790052294308e-17,0.20379664620005142,1.1265670617722896,-1.4523976900560576,-1.5628414521325968,0.318312145462541,-0.11300000000000002,1.2101587276060546,-0.071729559255663156,
0.24612108292911744,-0.68186938809795616,0.69887178289917673,0.0089065073713786285,0.08575244146398861,0.12357192823959995,-0.98858341654134363,-0.050606790568426901,0.011164270750898314,0.2604132898061593,0.58513098945177555,-0.062301722362388678,-0.20000000000000001,-0.18484743694346784,-0.030086373882831835,-0.2632382628783333,0.32788150644278991,-0.0046864721067031434,-0.20000000000000001,1.7631837830045516e-17,0.22229993598420719,1.0888431978278077,-1.440631830507773,-1.5166710139627952,0.30306258699047256,-0.11300000000000004,1.1593305695161857,-0.070115655903905325,
0.25763265422850645,-0.68980115414968146,0.70647429014717644,0.015189996252772371,0.092239358281686876,0.10990671201729904,-0.98953609305126911,-0.085396281589709966,0.04646273086489202,0.26566700715727709,0.69401986379048064,0.032120844372530211,-0.20000000000000001,-0.18520339640122624,0.0045357275577273242,-0.17014905953217749,0.37381601381392054,-0.021790544462236827,-0.20000000000000001,-3.3908422944484151e-17,0.23642491397759202,1.0386627950553817,-1.43756336013719,-1.440472113248755,0.28703280518129293,-0.11300000000000002,1.1013567916309397,-0.072563241601903361,
0.27064294932050181,-0.69816251545537067,0.70742340086055178,0.023672756029937039,0.097277412245285286,0.099146932854976499,-0.99002353072755733,-0.11322264044405939,0.095412075617414008,0.2656996156983269,0.80649842786903991,0.07739556402527531,-0.20000000000000001,-0.19070136011886651,0.03634844458736225,-0.10584934776307611,0.42956297391739029,-0.070115968029575315,-0.20000000000000001,-5.4210108624275222e-19,0.24364009427163316,0.98402226320639841,-1.4459990227696589,-1.3475677120511693,0.27190022866493374,-0.11300000000000003,1.0528923070819685,-0.073269303568700303,
0.28067341475538621,-0.70455638831434853,0.70297735602133582,0.025973858099309678,0.10136380573113041,0.089608423549097538,-0.99046507662420102,-0.14134292821984545,0.13630841268841737,0.25600640967499411,0.89581595797767999,0.079039687986580565,-0.20000000000000001,-0.19590686455129491,0.049105576143774254,-0.086399427138527496,0.47814730312802017,-0.1324066803445145,-0.20000000000000001,-1.1872013788716274e-17,0.24645702342269485,0.92786287532323608,-1.4637553914103281,-1.2524175346184823,0.25493391688670836,-0.11300000000000003,1.0139470823087657,-0.065227111355413273,
0.28553671797148766,-0.70619180031387518,0.696376449496792,0.019208706145015596,0.10875430020247037,0.082149960390876839,-0.99048216127474131,-0.17224950793736035,0.14985726206673011,0.23943943957823263,0.95177535007638869,0.062363757623935645,-0.20000000000000001,-0.19722709420278375,0.038657047025451946,-0.11675032676374739,0.51730836537327529,-0.18720108150833981,-0.20000000000000001,1.5233040523421337e-17,0.25358825982354205,0.87185514872127312,-1.488073169450862,-1.166431646277998,0.24077592571814688,-0.11300000000000004,0.98936104387536961,-0.051679835333338545,
0.29219659641497986,-0.70627970370314119,0.68745725107885913,0.01937871859476108,0.11902368822276654,0.081099116528082882,-0.98938403070083925,-0.20344673990250661,0.16410447421146193,0.21872627342580023,1.0226485469842359,0.024778593692226569,-0.20000000000000001,-0.20133617780531604,0.037159433703983696,-0.12340671556889851,0.56672423005267847,-0.22642983424214982,-0.20000000000000001,-2.7918205941501739e-17,0.27863011313597624,0.80234431385702298,-1.5047432256324629,-1.0569403900710745,0.23362673704366355,-0.11300000000000003,0.96330453452073495,-0.054748326955311413,
0.30130608477721094,-0.70530917979952013,0.67740881165779199,0.024525073837149233,0.12705739445352562,0.086308418904587625,-0.98782882934957605,-0.23397735628669619,0.18103127786082643,0.2016062864325471,1.094947208113993,-0.029728685206377392,-0.20000000000000001,-0.20292833106103628,0.040785984729306418,-0.11793685276065916,0.61142559141162922,-0.25319844550601178,-0.20000000000000001,-1.599198204416119e-17,0.32132796756142401,0.7195362649407282,-1.5050734240372738,-0.93348744210940604,0.24648689315593003,-0.11299999999999999,0.92707478293752665,-0.12261335155075589,
0.30900220442970311,-0.70527007662285524,0.670599149935865,0.026046555549064696,0.12943313943196008,0.089348892253989398,-0.98721092721555781,-0.25874276229139004,0.19243492470949422,0.1930429348667316,1.1353276718775871,-0.068295642366197451,-0.20000000000000001,-0.19711859964774894,0.041653904493687333,-0.11131944438036137,0.62839773874310045,-0.2665172843631739,-0.20000000000000001,-1.7889335846010823e-17,0.35818996057200631,0.65237616366320061,-1.4997182555928104,-0.84319906337152117,0.25897546183936543,-0.13561438409200932,0.91328007164200897,-0.18906637874254922,
0.31512468094814372,-0.70644141264072291,0.6655354190466739,0.020756643159053997,0.13023834837449921,0.082158637180395427,-0.98785479333458237,-0.28365787157100208,0.19482258539797279,0.18493426088062462,1.1541276874946154,-0.092526008434595519,-0.20000000000000001,-0.18387379942360887,0.03337125047112996,-0.11616411733035781,0.6279776631556695,-0.27820314844666671,-0.20000000000000001,-4.9548039282587553e-17,0.38075461318928261,0.60657084911900583,-1.505605617201019,-0.78905836249659955,0.26576011669908384,-0.15384160218795037,0.93757007711103513,-0.22390464277682276,
0.31907885825170257,-0.7076501289763788,0.66376149068594081,0.011052047710181321,0.12869966902094948,0.061393076806634257,-0.9897197267689094,-0.30846180728486405,0.17701892341083053,0.17896471945110989,1.1336709202963497,-0.10402284553734951,-0.20000000000000001,-0.15801089614931751,0.017809999029295975,-0.13864426286818596,0.59757486771452006,-0.2797396288683146,-0.20000000000000001,-9.8011876392689601e-17,0.38632446505356666,0.58422993701377535,-1.5263123757335191,-0.76746256018821801,0.26087905623604241,-0.14904303725118992,1.0034178186983362,-0.19985638334738418,
0.32188954056380553,-0.70832671874915798,0.66760903866176002,0.0025444442180411007,0.12418851361712255,0.036499620562307392,-0.99158384243996167,-0.33488754149482403,0.14999262437880603,0.17341288493575432,1.0913308736928218,-0.11378410261896074,-0.20000000000000001,-0.12812483526803198,0.0041115414847246578,-0.16880312125455674,0.55063225789265946,-0.27056258995732707,-0.20000000000000001,3.8597597340483958e-17,0.38480950457905005,0.56957402184689809,-1.5463288430801754,-0.75415019775447167,0.25405810874321877,-0.14454320715089522,1.0715661870668187,-0.17298501863095836,
0.32308135054543902,-0.70868438539886403,0.67289224679455639,-0.0021850463997815971,0.11502126712222606,0.0090823897362185407,-0.99331910475864083,-0.35490012662690301,0.11363704336929727,0.16085735551790345,1.0080566011950545,-0.12001621075469562,-0.20000000000000001,-0.091037418569707845,-0.00010111018919070798,-0.20400680320645156,0.4749953763548142,-0.24181955877511699,-0.20000000000000001,6.8467367192459605e-17,0.38057159130835727,0.55507741923122111,-1.564667101975542,-0.73685122484592547,0.2439500170360705,-0.15228142641929601,1.1370632332685151,-0.1540709453850686,
0.32284800543517905,-0.7092070518595337,0.67680753591358389,-0.002804924003453794,0.10285674972925188,-0.013323285511301811,-0.99460299190161972,-0.36311564075010361,0.079772224693451466,0.13807341331934406,0.90545867924940804,-0.11632165415317244,-0.20000000000000001,-0.05935556989338045,0.0055585849934208838,-0.23604744061802427,0.39615743843560608,-0.20797800083609852,-0.20000000000000001,-5.0523821237824507e-17,0.3779887185394053,0.53706320769719706,-1.5816491664342629,-0.71111849771386715,0.22999380724537255,-0.16571244905653892,1.1896555677559799,-0.13974047190940092,
0.3222011377785563,-0.71000535747449689,0.67963033401326167,-0.0036491563031753617,0.088361469537821868,-0.033518473130903365,-0.99551767755191789,-0.36594251857323717,0.046533467121416677,0.1073165853033457,0.79620965473786121,-0.10591408146832436,-0.20000000000000001,-0.03898331879451096,0.011490281844860976,-0.25609043192618497,0.3309155628441276,-0.18263870094885654,-0.20000000000000001,-3.6320772778264399e-17,0.37481352761711456,0.5162655514471628,-1.6025662788609194,-0.68149206090038916,0.21159695038638784,-0.17437850896320869,1.2400932822500663,-0.11707733310179659,
0.32161860746792181,-0.71128935108640001,0.68032693301556502,-0.0030957056477785203,0.072551959654764922,-0.049612954215090627,-0.99612508478144812,-0.34603010049109201,0.023407195700736572,0.072922650647387038,0.6549541793455419,-0.0825293654788673,-0.20000000000000001,-0.039588390815451222,0.014534462512635972,-0.26002847302812027,0.30504997630719277,-0.16029383217475096,-0.20000000000000001,3.7537112090521574e-17,0.37045482574147864,0.49037306464863861,-1.6334297082001108,-0.63659810348670154,0.19051398116434509,-0.18003160610171587,1.306017471367777,-0.085977787074279263,
0.32168022694438636,-0.71262971157436938,0.68070977283120815,5.5601455147593089e-05,0.061446385271334836,-0.062209659640278685,-0.99616981328135279,-0.3033088820676233,0.011037334708485537,0.048927812461265624,0.48619134071631548,-0.047781173931439713,-0.20000000000000001,-0.043736605266081183,0.017361361596557691,-0.25019736507336088,0.30071876476385717,-0.14253167237118969,-0.20000000000000001,-1.6808521805314336e-17,0.37497034813558938,0.45785638973474097,-1.6722616198260662,-0.57310647818100968,0.17637343694240401,-0.1899608561211617,1.3887838983400291,-0.061539971970924728,
0.32331395187273604,-0.71231700841472934,0.68061997598875423,0.012551456743582457,0.060776692560734508,-0.072207858109984605,-0.99545702057002972,-0.25290135295364241,0.011946580822444881,0.036908474774353273,0.32321350028984086,-0.01914614737689177,-0.20000000000000001,-0.039892575232540028,0.029471671442693539,-0.22904915030879366,0.30365080674608591,-0.13416542259816483,-0.20000000000000001,6.2273862282136161e-17,0.40129895893405509,0.40879103373797893,-1.7254472089149222,-0.45939681126961768,0.17002347627044151,-0.20914770680257039,1.4882170434425195,-0.052209696058808396,
0.32605824826037122,-0.71063431067284555,0.68253419338918864,0.027401954187477078,0.065268396225868067,-0.079389359238902779,-0.99432715893736245,-0.226685563605452,0.016558636371969672,0.028695135269458882,0.22617784419493464,-0.03106966762524252,-0.20000000000000001,-0.031876895375699363,0.045074979936021137,-0.2077675846664718,0.30548775350487645,-0.14216588590491586,-0.20000000000000001,2.3059624956051072e-17,0.43411444648324493,0.38566406849693702,-1.7697746032966359,-0.39136276276365434,0.16254332448899825,-0.23279196560723911,1.5727715823468988,-0.05254759947330799,
0.32947963819950532,-0.70958855085919381,0.68478353587726715,0.036008838541870418,0.065360229096353334,-0.085547727823132205,-0.99353560090398219,-0.22851257126574653,0.013379057527727389,0.024484735585503126,0.17965138013856172,-0.08507997327802852,-0.20000000000000001,-0.030028403464352871,0.053958675337794755,-0.20128571683786031,0.31120817732748096,-0.1551635742907666,-0.20000000000000001,-9.117886160718916e-17,0.45880753880030556,0.37737444712824064,-1.8052596523656028,-0.3607544028478849,0.14582786387220953,-0.25795922655885245,1.6440078647001826,-0.0463981045991105,
0.33510696628448444,-0.71023164357386659,0.68605749061647969,0.040006845389241631,0.065222683705355555,-0.09226758625206756,-0.99279008172900773,-0.2412443386369803,0.011345084937974762,0.051444821707466254,0.17652348102206139,-0.14567601522639975,-0.20000000000000001,-0.028443810773508077,0.060153304257784125,-0.21134931179825209,0.32687158713539671,-0.18560428822448991,-0.20000000000000001,6.2958264903517636e-17,0.48069711236440138,0.37300907680697221,-1.8295761404451143,-0.34334829774452247,0.12278649496347706,-0.2837181921969768,1.6858854474085929,-0.038658193419811207,
0.34069485137680516,-0.71108713661498912,0.68614656912772243,0.04750296727122038,0.070068072096036479,-0.10356540127493991,-0.99101369366519587,-0.24498116626009181,0.015148811386741148,0.070151552570924758,0.17662736548013827,-0.16163080283593723,-0.20000000000000001,-0.018926587046715571,0.072635727414864418,-0.22681333004784218,0.33862819283843637,-0.2149279932066952,-0.20000000000000001,1.9537661961367692e-17,0.50493710315730023,0.36937587900405089,-1.8466814666064961,-0.31625656019828241,0.10442771450336624,-0.30581585571133707,1.7066518214819448,-0.032709398648297916,
0.34371281259416142,-0.71110328373380183,0.68439854836186509,0.05698187984837353,0.081916869640455539,-0.12138225189695795,-0.98757735938086277,-0.24573961591774118,0.019566696728196907,0.045156849415549788,0.19205092426232237,-0.13196257241004375,-0.20000000000000001,0.0011985480643413038,0.088603727346057856,-0.25321131931573793,0.33814599693778846,-0.22976854029569652,-0.20000000000000001,5.8345323472770716e-17,0.52724103776425557,0.36547616672513683,-1.8546133217802536,-0.26702037206955698,0.10376785503413337,-0.31803768360121665,1.7039293259897446,-0.017245667378416908,
0.34434350187227958,-0.71040494645193331,0.68168983076721723,0.061656435367426779,0.093078027902448249,-0.13580562170442534,-0.98442460240134588,-0.25322327877375916,0.019372421470441173,0.011325005159053103,0.22699841933748188,-0.094943353183702187,-0.20000000000000001,0.019843471206772628,0.097413668133189482,-0.27522189354041748,0.33094336542149083,-0.22798458106710442,-0.20000000000000001,-9.2834811019071317e-19,0.53859703233673317,0.36340366725612261,-1.8531351667436384,-0.22399877855405922,0.11602168461776538,-0.32334162796851412,1.6945700716968723,0.0026690853219660596,
0.34652152031674716,-0.70963586390321254,0.67998120108765026,0.064015927213999319,0.098538863619193812,-0.14180898063733891,-0.9828948399651759,-0.26332910772640811,0.022514711102738422,0.030393163088196284,0.26642746416387802,-0.078924967897751025,-0.20000000000000001,0.030343174941635936,0.10135720969042071,-0.28428515637301088,0.3296075647276554,-0.22551917335602209,-0.20000000000000001,2.0261028098322864e-18,0.54445309155195165,0.36360291830431979,-1.8487509845245202,-0.20551170524461235,0.12219843830634042,-0.33319482630433306,1.6936768022951405,0.0061423189011812138,
0.35174535386599098,-0.70957876154769528,0.68010473127705129,0.060339048281877028,0.095572325616918488,-0.13211421062767748,-0.98476949850147,-0.25919370276563869,0.031675963510570129,0.12720777742987774,0.28387419093086702,-0.072795350575233786,-0.20000000000000001,0.02688406213444311,0.09507073006345905,-0.27036481830911252,0.34186871083253961,-0.22375188824333059,-0.20000000000000001,-9.944166800765486e-19,0.54397811496044768,0.37016779427275459,-1.8345639608737352,-0.24626665434753889,0.1036110926972572,-0.36451732798188086,1.6872914567803912,-0.051257950559046819,
0.35809064558031622,-0.71004820463316587,0.68040712569938766,0.051978643442082022,0.091264095677182966,-0.11669647812291235,-0.98759861151170902,-0.24361469862536927,0.039631872222707754,0.24768409439374625,0.28671531198798972,-0.070278469562221002,-0.20000000000000001,0.018988085927528209,0.082265135661039782,-0.24909301816786009,0.36130181888931523,-0.22340419160668096,-0.20000000000000001,-1.4677386910022516e-17,0.54262528114685971,0.38023336841570832,-1.8146738057810872,-0.31000317194491434,0.074914663599305098,-0.40521414150283697,1.6696890401548323,-0.14034042846258657,
0.36596667446938774,-0.71025485472955785,0.68051760412587559,0.037953121806793985,0.087664427005410051,-0.099091867933520442,-0.99048236253472843,-0.21981255801203931,0.038902455954740629,0.35475632955787251,0.28397597194546109,-0.075976462774912434,-0.20000000000000001,0.0075398942314730821,0.060929656077533235,-0.22382869434285105,0.38998856168491025,-0.2232464737812479,-0.20000000000000001,-2.1792463666958639e-17,0.53695286842919487,0.39243473122878864,-1.7912855879437219,-0.38294457080813032,0.048658520773730916,-0.4462380753216727,1.6291773967924874,-0.24366933001945928,
0.37355905830047226,-0.70968263668189802,0.68059735019214584,0.024358370428201274,0.085199700167046449,-0.085808162591768739,-0.99236315938982367,-0.19979113067188251,0.030733440691478611,0.40404725659285567,0.28380473388449107,-0.089611375299098128,-0.20000000000000001,-0.0063531187762124464,0.038603506599207915,-0.20294847316879142,0.42215472202989934,-0.21893721633316912,-0.20000000000000001,4.90059381963448e-17,0.52586315951445473,0.40180078554652504,-1.7733172692780612,-0.43729904553120463,0.037146365591742718,-0.47264813598782918,1.5745881244580711,-0.32238688818500877,
0.38096166819127697,-0.70849164719647373,0.68080611321080753,0.013421405954581078,0.083097241233419994,-0.075511185927732843,-0.99358581670703439,-0.18402576973622756,0.021424261453906961,0.41409926568125555,0.2864748025790268,-0.10493783237009351,-0.20000000000000001,-0.023111665390994365,0.018305568923041526,-0.18221266364888719,0.457506401749391,-0.20574519487695508,-0.20000000000000001,-1.275970431743878e-17,0.51217614405735701,0.40832001862470124,-1.7603408712334523,-0.47516543792556998,0.034183523911921559,-0.49023258199116604,1.5137262801758329,-0.38353621227972756,
0.38845466629702669,-0.706777417381105,0.68548442202613613,0.0074376117677240304,0.081412212589066182,-0.070337380178497388,-0.99416768531378596,-0.1738849575088024,0.012575485675070091,0.36557758081094083,0.29331885834634508,-0.12121580618491021,-0.20000000000000001,-0.046522023144268648,0.0030583569951904612,-0.16221098452594149,0.50367046387144443,-0.16409267072975359,-0.20000000000000001,-1.9271693615929841e-17,0.48944870156710241,0.40783933518240562,-1.7566052011112896,-0.48051923519811013,0.044419202969237646,-0.49534714819733577,1.4459965634794869,-0.41858729736598749,
0.39631064334341243,-0.70520111751621728,0.69343695848805786,0.0033357430438612072,0.080449383636166813,-0.067054092416671179,-0.99449510716799538,-0.16471810896151542,0.0047021500343196977,0.29304056228600062,0.30244394338119218,-0.13853285075465871,-0.20000000000000001,-0.073238250486709566,-0.0097158798610507309,-0.14588637556834694,0.55819312748829097,-0.10040795782793022,-0.20000000000000001,3.0032400177848473e-17,0.46105291400038495,0.40381280712581619,-1.7571462395370319,-0.46753094845677007,0.062611890168575129,-0.49573876349470719,1.3777368613657317,-0.44531612737435056,
0.4053596805907273,-0.70190099657472227,0.70063687649352113,0.0011921265045785161,0.081309180352727134,-0.064760929391469227,-0.99458203183504068,-0.15450795333109432,-0.0044197032581688913,0.20246361818130179,0.31604678259478008,-0.16735839175954176,-0.20000000000000001,-0.10431567460040725,-0.035141024855929612,-0.15778523413092069,0.63621070904412003,-0.030797359176696293,-0.20000000000000001,-5.7571135358980285e-17,0.42353204580237158,0.39622905718296314,-1.7630483381201769,-0.43426912634226011,0.090436716438957357,-0.48923077363450651,1.3106109149968956,-0.46213708295950401,
0.41362566719396132,-0.69680978742677935,0.70232277757208605,-0.00051717699083114993,0.084210473735447572,-0.062465165710628406,-0.99448802492234933,-0.14451200667338182,-0.015595258576000371,0.15056504511168958,0.33137168965661934,-0.20171276887246273,-0.20000000000000001,-0.1317967270244379,-0.076037535315812393,-0.19010671769845641,0.721352250084764,0.001490059818703815,-0.20000000000000001,1.0516761073109393e-17,0.38466620308636967,0.40094909905167864,-1.7651820154023936,-0.4238359194747357,0.11971854523081629,-0.47783680529737516,1.2586052610414504,-0.46715227050953084,
0.4214217815059611,-0.69052886344500197,0.6993017000844548,-0.0033279074136145026,0.088731291574344229,-0.060263384073795445,-0.99422533032898008,-0.13794590650050076,-0.029469817108777413,0.1371360249978594,0.35361232994552283,-0.23483549325141809,-0.20000000000000001,-0.15633667232827686,-0.12620879369656204,-0.21488876001192989,0.80731266109949273,-0.00057694432792493311,-0.20000000000000001,-3.2200804522819482e-17,0.3453568050160018,0.42154926731962078,-1.7621905478976703,-0.44855266737850108,0.14847007192377581,-0.46306985870882733,1.213327234148144,-0.4649088544009683,
0.42925133806098476,-0.68552710871510392,0.69245663424629211,-0.0078897472284530541,0.098902371099206743,-0.060350939796694099,-0.99323402929283555,-0.14316389169649552,-0.038847525332638577,0.16308695771005674,0.40623226307343752,-0.26608747258146748,-0.20000000000000001,-0.17670700966796288,-0.16997785568417112,-0.1984550622718487,0.89111177628972416,-0.030155847613240083,-0.20000000000000001,-4.3205456573547352e-17,0.30579856090173241,0.45783281597630349,-1.7564622414981441,-0.50488466353453632,0.18204436058538309,-0.43497777017350281,1.1638686846550799,-0.44288914781963934,
0.43741573337111539,-0.682705395537065,0.6847310918590821,-0.01359388739312169,0.112389662199759,-0.065279052998502035,-0.99142443751189946,-0.15460820546058635,-0.04410072854631987,0.17750427036651692,0.47565539785649791,-0.29199008860861708,-0.20000000000000001,-0.19494280176668319,-0.20180827150948152,-0.16255605336781367,0.9730710542917419,-0.056965227439550237,-0.20000000000000001,-1.7889335846010823e-17,0.26173699700443331,0.51269434753457177,-1.7466780301553786,-0.59313915981745824,0.21848005031463485,-0.38774352119300676,1.100673524102121,-0.39961579384374807,
0.44532640234693777,-0.68303598033266077,0.67744273687869294,-0.020916576224010271,0.12575212008610812,-0.07566686968208293,-0.98895066912633667,-0.16427024370368284,-0.047711764287604028,0.1787159687441234,0.54048893996776348,-0.31442947309902664,-0.20000000000000001,-0.21477615433097608,-0.21563918692543074,-0.11565045870257187,1.0450730899690304,-0.079521995968480072,-0.20000000000000001,-1.2983321015513916e-17,0.19824653523304031,0.61205253158626105,-1.7207640914262592,-0.76310530863690351,0.24822220411477269,-0.3137636292959074,1.0080393726249757,-0.32764959470094823,
0.45110281653192574,-0.68504692825767688,0.67268398787556938,-0.026338829071987081,0.13387464398886736,-0.08482355058637682,-0.98701003593980297,-0.16525853147095448,-0.050184543890204492,0.16822487465533917,0.57394309212544559,-0.329101343430385,-0.20000000000000001,-0.2344599003171467,-0.21173686013994339,-0.0767139157692521,1.0883655637019274,-0.093720556168059924,-0.20000000000000001,-2.7491301336085572e-17,0.13590454710919853,0.72126797113892627,-1.6951034735760904,-0.94853251631751967,0.25898792210912552,-0.24248184284575897,0.91573151234021533,-0.25675917909844426,
0.45624891767655668,-0.68678583627717238,0.66857546844757687,-0.027957167337505546,0.13901481700765644,-0.086470872315389524,-0.98611158886193295,-0.16180122345230197,-0.047568236610702502,0.1644218683456222,0.59372486677011427,-0.3440275968893185,-0.20000000000000001,-0.25654984391029034,-0.19923264488721459,-0.041488649118085752,1.1167361224752135,-0.10696015548203794,-0.20000000000000001,4.6620693416876691e-17,0.086907579089841772,0.80839364655711599,-1.6824102540952364,-1.0900435132013266,0.26166127670885142,-0.18667226155666647,0.84287050496747618,-0.20291234592329979,
0.46069883657866645,-0.68776934315683924,0.66759903642759477,-0.024418844083091404,0.13989248308870514,-0.077122209627489807,-0.98685661471720187,-0.15169019600375855,-0.038415803646484892,0.17351125100735684,0.59323619729737831,-0.35122514271228211,-0.20000000000000001,-0.28084515574412794,-0.17843538540965992,-0.015671993685150237,1.1170599377086967,-0.12088163236217569,-0.20000000000000001,2.9598719308854271e-17,0.055480846708857112,0.86195476485623845,-1.6816508292400896,-1.1712338696112528,0.26420074234458718,-0.14655915547712228,0.80034448758438148,-0.17002541712676444,
0.46476387621387205,-0.68810429332897027,0.6695034269214829,-0.019520950291252396,0.13875269665581805,-0.064585287503975228,-0.98802599272918612,-0.13819286695569627,-0.029076443713788175,0.18607107915249319,0.58228100405283945,-0.35548019977819389,-0.20000000000000001,-0.30515951609240655,-0.15867451359443502,0.0038970589588175064,1.1011314705657047,-0.1350370393660954,-0.20000000000000001,1.5937771935536915e-17,0.027805599596092231,0.90814207716401407,-1.6809258958003901,-1.2365824263102072,0.26979957474504629,-0.11618870481411457,0.76441352150320219,-0.15488030695559893,
0.46762745528058824,-0.68717753862253528,0.67323154660356055,-0.013136565328164642,0.13496711690634849,-0.051375423060068461,-0.98943007530131499,-0.11484829330555256,-0.023440273735622047,0.19475003092522411,0.54423916731971045,-0.3458132088966982,-0.20000000000000001,-0.32014156697822377,-0.14607113010727094,0.0022103666808137301,1.0466757810014324,-0.14582925552268505,-0.20000000000000001,1.5937771935536915e-17,0.0081375561720058512,0.9501448473359384,-1.6699616234595376,-1.2937410256789286,0.28008061673968326,-0.11300000000000004,0.72834414697673844,-0.16354605026194557,
0.46856157184924641,-0.68550331133981746,0.67730749403155599,-0.0072298627182877159,0.12958700062902387,-0.040450945257057586,-0.99071623554924082,-0.088865607714570555,-0.022510801613885523,0.19929161947707405,0.49101171233036583,-0.32468529512566913,-0.20000000000000001,-0.32125418561393326,-0.14168367968883006,-0.019868416215486656,0.96525503641834842,-0.15008639376242783,-0.20000000000000001,8.4567769453869346e-18,0.0025388629149772947,0.97830711409573756,-1.651978525856298,-1.3310581457778832,0.28449410194975061,-0.11300000000000002,0.69436038590849392,-0.16381232935866757,
0.46861284484336474,-0.68391453584890294,0.68091493185349528,-0.0020162796821451556,0.12281006579119295,-0.029001481490215676,-0.99200430262573913,-0.064254506862863853,-0.022703128842199216,0.20678225619751886,0.43431234384021428,-0.29894336006923078,-0.20000000000000001,-0.31649833223211121,-0.13684233163412615,-0.048263231952331148,0.87165827341006341,-0.14907515428633122,-0.20000000000000001,2.211772431870429e-17,0.0033571142704377603,0.99693461367435043,-1.6342978928527709,-1.3543342449600562,0.28524297965050605,-0.11299999999999998,0.66122429106186942,-0.15957922268223751,
0.46714787849699946,-0.68329811895373382,0.6835790381642084,0.0009373337720166966,0.11244714524181811,-0.015658976091141134,-0.99353387330283927,-0.045778328386573766,-0.024465677581104184,0.22543997354345044,0.37627731305924944,-0.26576736512867744,-0.20000000000000001,-0.29623944772567251,-0.12606724597681643,-0.085843862318483122,0.73903397121724823,-0.13721198561170123,-0.20000000000000001,1.1384122811097797e-17,0.0051673543551917535,1.0050224679428044,-1.6222718423341023,-1.3619849711478185,0.2770592446361797,-0.113,0.63984910721192001,-0.142320331840805,
0.465205162166549,-0.68331281831730029,0.68538398405872303,0.0024868390871731422,0.10079299446447881,-0.0021016287693902719,-0.99490209119026063,-0.029924426263965159,-0.027311263778072574,0.25041952697432901,0.31859029486991469,-0.22784824553459829,-0.20000000000000001,-0.25937218900587961,-0.11053652255702805,-0.13225580097387007,0.56986572214085118,-0.10516179412713644,-0.20000000000000001,-7.0473141211557788e-18,0.0029496690220756072,1.0120315751884765,-1.6152231509463937,-1.3686362969283277,0.2640779050764705,-0.11300000000000003,0.63383540701073893,-0.11231535516335252,
0.4651189219815281,-0.68475536806189663,0.68621131142898451,0.0013774287695766591,0.08923425877330976,0.0093666745677925007,-0.99596566966874089,-0.01720346711321652,-0.030364301330589649,0.27289164641201957,0.27118259997943639,-0.19597512932062905,-0.20000000000000001,-0.21408728934387417,-0.088808037877793525,-0.18701193000898406,0.38473173666462868,-0.039607894781512804,-0.20000000000000001,-3.0466081046842675e-17,-0.013142914315194243,1.0243594114238559,-1.6222772972669297,-1.3840735007950791,0.24541872520131594,-0.11300000000000003,0.65654772942989148,-0.059390987323648246,
0.46816593190393097,-0.68745750262308436,0.68620285823661387,-0.0019364859730613992,0.080182486306886125,0.01727481313534596,-0.99662861675895142,-0.0098917879063967762,-0.031762393823075011,0.27982132609305399,0.2471394000777154,-0.18275202024974058,-0.20000000000000001,-0.18755521720118504,-0.067393814198876426,-0.23025005954648001,0.25883933708115547,0.012491708169813542,-0.20000000000000001,-4.0223900599212215e-17,-0.041332558150476234,1.0406241807138481,-1.6432764767652868,-1.4067933802792916,0.2478680720683982,-0.11300000000000002,0.70162196642606012,-0.045241933223769029,
0.47297346552531627,-0.6902629937158361,0.68575379301235073,-0.0061480778368333128,0.070663608029207348,0.025243145465817431,-0.99716179191051957,-0.0074004671091354723,-0.032432237399100824,0.27748313049181139,0.23629356579159183,-0.18158477711297638,-0.20000000000000001,-0.18700917035178627,-0.050776077655416453,-0.25654501559824128,0.18969329282015396,0.018123358719172533,-0.20000000000000001,-5.3966163135465983e-17,-0.079085182356446904,1.0581905792819719,-1.672767300842684,-1.4324130758857878,0.2582751408513197,-0.113,0.76477458286886735,-0.044027260812428665,
0.47862907245013231,-0.69149065901198203,0.68460940609247134,-0.012069185872479519,0.064043079714769066,0.03559229723813942,-0.99723919250615867,-0.0088426953669383523,-0.036684494979738552,0.2827231318051272,0.24285780747097474,-0.19463485079470869,-0.20000000000000001,-0.20805462706298461,-0.046166081711566359,-0.24274468577865013,0.17949039288961682,-0.035521020575964984,-0.20000000000000001,-6.8643550045488499e-17,-0.11532338879636624,1.0717992111808001,-1.706176354785415,-1.4537383175715579,0.27584347086211097,-0.11300000000000004,0.85506775395311518,-0.034325338374216252,
0.48332003237500093,-0.69169866510465738,0.68298575736909628,-0.020228977801388357,0.063413413275176356,0.049123162431836696,-0.99657234679003515,-0.0051612217103103319,-0.046280019134164449,0.30346975379760921,0.2512342615625765,-0.21055155927638475,-0.20000000000000001,-0.22378325388192796,-0.048009641261916848,-0.20166668220623682,0.17548722610070769,-0.079795810192113917,-0.20000000000000001,2.5710838080957032e-17,-0.13296030531602929,1.0785519185039909,-1.7303532379281064,-1.4658673830367632,0.29936362414883444,-0.11299999999999999,0.94848163153448839,-0.011660986215954506,
0.48576349700468879,-0.6916652753697109,0.68107936331424912,-0.031128335967736082,0.076055585974012158,0.068677879683260112,-0.99424842136371594,0.016380435122128334,-0.063733729807850761,0.33601523718517479,0.24891792865304094,-0.22170293510920211,-0.20000000000000001,-0.2303441281982703,-0.054185891376001077,-0.15280714948962024,0.18777949883874848,-0.084424539916291355,-0.20000000000000001,-8.745615180400651e-19,-0.097432532143479092,1.0736617399898547,-1.7202363923157908,-1.4605788575340886,0.33082016385615409,-0.11593020769329408,1.0211616685616618,0.026791937627731133,
0.48628601951923089,-0.69147550286570847,0.67932696341682874,-0.040531999957122179,0.094815000777594055,0.08849068315923328,-0.99072532601172192,0.046943853442767414,-0.082392941322422364,0.36478667129176012,0.23646658664599834,-0.22504377548971885,-0.20000000000000001,-0.23170664008468744,-0.060736064618235462,-0.1291728776274163,0.21340891078810173,-0.05556117851266032,-0.20000000000000001,7.1757243159595308e-17,-0.030962258793841339,1.0631609736134453,-1.6864163684428253,-1.4471365316181257,0.35781755753762878,-0.13075775731603781,1.0527775350010395,0.054636530932420851,
0.48724363802153636,-0.69098000362441037,0.6778002532144648,-0.047448687748837433,0.10965871120491849,0.10560839446295409,-0.98720335093978828,0.072176099468324373,-0.09813866660176658,0.38753663755648127,0.22565365886514702,-0.22765778476487325,-0.20000000000000001,-0.23605247265047508,-0.066548736153283966,-0.12965037597791826,0.24301258260053427,-0.034193760897159642,-0.20000000000000001,1.1357017756785659e-17,0.024092038129940502,1.0559443372098734,-1.6591270005134562,-1.4392148806758664,0.37398314072980487,-0.1471533965714604,1.0704025395151293,0.071603922571913059,
0.48992744684725487,-0.69068578019864613,0.67700349959670536,-0.050600392164945426,0.11232244876691659,0.11293664597845743,-0.98593538419659821,0.079974442745220892,-0.10486396688336939,0.3969256570232107,0.22480810765473935,-0.23078947449465476,-0.20000000000000001,-0.23878996665379315,-0.071715411192749837,-0.16126291565938075,0.25955457720762021,-0.020872014305925474,-0.20000000000000001,5.9156781036240336e-17,0.033171537635083938,1.0656404683925624,-1.6558760108661428,-1.4554530766717573,0.37456254467583433,-0.15227384770828914,1.0988896176356493,0.085996688009743555,
0.49380597990026504,-0.69081219763088841,0.67687108821285913,-0.0508639213591255,0.1081303236041147,0.11250523244188113,-0.98643969267991272,0.079414650273784776,-0.10482530983151765,0.39575497879396881,0.22809936364398947,-0.23314456385567439,-0.20000000000000001,-0.24076896477813939,-0.076394340048018886,-0.20874702279511878,0.27025711305018757,-0.0082796725759965439,-0.20000000000000001,-7.7334108084317621e-19,0.01419199697772003,1.0885592509379751,-1.6635848895139649,-1.4907208384157922,0.37825294608659493,-0.15122602266909546,1.1525124439109269,0.086561224076600565,
0.49973840103874623,-0.69135349334470098,0.67805842114656878,-0.043859752276390648,0.10080175123568623,0.10225788061431039,-0.98866508734269654,0.07398801861473453,-0.092097494494056756,0.38277931152663736,0.23982138005425371,-0.23746217675656375,-0.20000000000000001,-0.23707504251979744,-0.077165955123124588,-0.27328741239858456,0.28035786978265359,-0.0025234705665133639,-0.20000000000000001,1.1317715428033059e-16,-0.032267565492364703,1.1277264331971661,-1.6773103169281121,-1.5487404063151151,0.3910775809673227,-0.13842483887983603,1.2323982527705284,0.086962785371524298,
0.50607052927491702,-0.69200767362747884,0.67981122451870946,-0.032786955860764772,0.095635408398524316,0.088804792532206495,-0.99090493641375288,0.068101404342553296,-0.072638369339233441,0.36665697646340678,0.25783587086473392,-0.24360982768577574,-0.20000000000000001,-0.22774966167905672,-0.073728714533258813,-0.33075440427643399,0.28999142473076034,-0.0054522237342095048,-0.20000000000000001,-1.0812714384880046e-16,-0.082576788915496913,1.1657770462261434,-1.6904297996904343,-1.6046474958195285,0.40968930503149209,-0.12185007686030083,1.3106081566957615,0.086971005907040891,
0.51225633054515063,-0.69266417447194151,0.68111871363830612,-0.02224147628568152,0.092252293710543734,0.076593005012603299,-0.99253631803622999,0.061344208049616572,-0.053106798670323786,0.35232255608832985,0.28000221538097403,-0.25061846589541625,-0.20000000000000001,-0.21662741544454986,-0.069194193034273446,-0.37833321847468726,0.29900251557985874,-0.0113444185848533,-0.20000000000000001,-1.3315357930837601e-17,-0.12761907735275554,1.1970886164017369,-1.702897453243482,-1.6515741903837349,0.42769986860076831,-0.11300000000000003,1.3812461137769778,0.08693008348853741,
0.51860128465667332,-0.69353384615374725,0.68144124857953425,-0.014764307384034874,0.089060510982885421,0.066385709622299421,-0.99370175514028392,0.051402547648025571,-0.036047794859211876,0.33823388997790893,0.30677153987389921,-0.25569655098151151,-0.20000000000000001,-0.20485745622041113,-0.064919145271169945,-0.41034178754293005,0.30637611053712266,-0.01874841471292954,-0.20000000000000001,3.9844429838842288e-18,-0.15217901499850692,1.2135602368869343,-1.7062183707092882,-1.6765483781768722,0.44248129549131548,-0.11300000000000003,1.4426713298788645,0.08658395247207161,
0.525298176784462,-0.69466310698336298,0.68113935081401955,-0.008973541171242343,0.085511233440019693,0.05721138133565614,-0.99465278482497621,0.039957680353914116,-0.020249815862765495,0.32484114097206573,0.33541616617630077,-0.25963672225240153,-0.20000000000000001,-0.19345813379939408,-0.06101613729326117,-0.43064409239618617,0.31381603958819426,-0.024677373646820266,-0.20000000000000001,3.6917083973131426e-17,-0.15924582991999164,1.2204756573493161,-1.7002826854482749,-1.6865239268429164,0.45439194115685189,-0.113,1.4997638575823649,0.082219585380537266,
0.53256697290191912,-0.69651828953507955,0.6798822897867014,-0.0050510358905609207,0.082189104338747362,0.050604906858228257,-0.9953183317744615,0.024797316852200157,-0.0043944479964797261,0.31519566946024069,0.3712986258025629,-0.26144065247012827,-0.20000000000000001,-0.18277090232041138,-0.056385579102644641,-0.42461580041030367,0.32226836098997969,-0.022294488298889498,-0.20000000000000001,1.1924868644624942e-16,-0.13298851415849894,1.2121459534002066,-1.6754519134113586,-1.6709985475604705,0.45726271428841325,-0.11299999999999999,1.5419122672405992,0.079707118188819398,
0.53901305922450071,-0.69839485107231403,0.67821660209356183,-0.0029935748087583846,0.08013477517879275,0.04737879379118707,-0.9956529044882062,0.0084159396172653611,0.0091027636311546457,0.31100093338008539,0.40960196339928029,-0.26203651156525487,-0.20000000000000001,-0.17395248667252161,-0.052848223994981229,-0.4006288529936386,0.33008929807495302,-0.0062357277087123908,-0.20000000000000001,-2.2564957714854561e-17,-0.085729067122879934,1.193281097226417,-1.6402128703594092,-1.6387470540893279,0.44905564963376571,-0.11300000000000002,1.5587305110485274,0.081096082182040494,
0.54514764474777189,-0.7013572104728043,0.6784470456339714,-0.0016676626279527949,0.078430966097333216,0.045404553438641214,-0.99588364229232917,-0.010792212384826,0.023995949979838817,0.3065606614496027,0.45349493050957379,-0.26190553615986867,-0.20000000000000001,-0.16575463689081193,-0.046832779143883077,-0.3638279289977977,0.3371283791905102,-0.010949819891325041,-0.20000000000000001,2.9815559743351372e-19,-0.033344142826234831,1.1699306275768304,-1.6026951051969862,-1.6009500593419099,0.43398437494254116,-0.11300000000000002,1.5619487005011032,0.081702371875744861,
0.55130611307063915,-0.70561143336080678,0.67880541990073318,-0.00053917838888463236,0.077244707992017769,0.045254955530600979,-0.99598441422233919,-0.036007163113064011,0.042641298539395231,0.29919764043442387,0.51063168816472726,-0.25566456139169447,-0.20000000000000001,-0.16160530993802846,-0.038811284018686214,-0.33717831974561063,0.34816579327038394,-0.043434910460486476,-0.20000000000000001,-1.1655173354219173e-18,0.024824755586902371,1.1387656790973155,-1.5630496833615588,-1.5535985395489027,0.40739935104276986,-0.11299999999999999,1.5428921250164411,0.076857003882444846,
0.5576515122917669,-0.71030276209682552,0.68031092865299125,0.0012685124121724982,0.076016344243514042,0.04506876154161675,-0.9960866995483959,-0.065740579852931955,0.064891199133239832,0.29008131601893672,0.57709671922974126,-0.23905915479902701,-0.20000000000000001,-0.16387952320627913,-0.031169831136721164,-0.33143477221000006,0.36949646810879133,-0.088541402340250472,-0.20000000000000001,-8.7034329396273868e-17,0.083044161200644659,1.1013866779779038,-1.5246277910799504,-1.4994727465586486,0.37524181006320406,-0.11299999999999999,1.5111733466438448,0.065284989870693005,
0.56453964419405478,-0.71426239561940441,0.68305887813035371,0.0038539361638820083,0.079446847505912299,0.046502890235702921,-0.99574636670044803,-0.094332904799476119,0.094928454786507882,0.2934031139779385,0.65725412019630203,-0.20559425100146703,-0.20000000000000001,-0.17403577996634834,-0.029555852667014146,-0.34364774070929005,0.41660304613876198,-0.12973954615259237,-0.20000000000000001,-1.9759584593548318e-17,0.1493247859330738,1.0511821857685979,-1.4863925891607377,-1.42987045996036,0.33962933989839611,-0.11300000000000002,1.4533349820332455,0.050013629825718095,
0.57051019326449048,-0.71710393564074892,0.68356948492800162,0.0064384848116837406,0.087491233062253024,0.051261923009514952,-0.9948246304248517,-0.11246284564462536,0.12806949316019584,0.31284778716470318,0.7324553043265376,-0.18358675631099378,-0.20000000000000001,-0.18520960027108002,-0.030634302323163949,-0.34411060732847332,0.47241466038138974,-0.17090509368214418,-0.20000000000000001,-6.1901167785344269e-18,0.21292935074659736,0.99508640207347065,-1.4551919922637668,-1.3544149825393976,0.30934202489909912,-0.113,1.3793358844080064,0.040361351458277968,
0.57603893404861517,-0.71901486021849492,0.68070665589033263,0.0094437757050213223,0.097285164598271828,0.060285888137841324,-0.99338412688191868,-0.12334910328147389,0.16124314319106278,0.33795846161381293,0.80155264228986622,-0.1878753631392017,-0.20000000000000001,-0.19055956702018056,-0.030018788403849153,-0.33098334359926884,0.51830701641085442,-0.20275909209722853,-0.20000000000000001,1.7980180129603847e-17,0.27636669881694487,0.93252530922845289,-1.425398792819828,-1.2716831333155278,0.27885565974301263,-0.113,1.2935245772907646,0.041016722059699848,
0.58090557807060805,-0.71965369193144246,0.67563107548011125,0.013453856452326593,0.10372413647926688,0.071334256725355247,-0.99195348735494226,-0.13865414151781214,0.18857442147692521,0.34524623190476877,0.86302733431996581,-0.21391150585275187,-0.20000000000000001,-0.18917451786133749,-0.025577666775316248,-0.31378747622146375,0.54180050632479859,-0.22164506864922101,-0.20000000000000001,2.6719654321136904e-17,0.33714085200153815,0.86690055446317049,-1.3933549368577542,-1.1950308284201956,0.24403177102956658,-0.11300000000000004,1.186719028044821,0.02036589732300418,
0.58553877213248051,-0.72003707559757135,0.67115258944078704,0.016924787834863009,0.10742650278726779,0.080220778290897993,-0.99082678848830308,-0.16302904025170337,0.20889861764569403,0.33254180861803129,0.92217718904038926,-0.23050240036412201,-0.20000000000000001,-0.18601960455108779,-0.020995530441460047,-0.29971165245659559,0.55627601378915337,-0.23787377472792159,-0.20000000000000001,-8.0637536578609392e-18,0.39311951960403158,0.80251065826268553,-1.3613556093738892,-1.1284093704018214,0.22596831251271848,-0.1492973616072607,1.0830735216595597,-0.076979143650535001,
0.58993254574766696,-0.72034924949748147,0.6667723696598653,0.018383581952751662,0.10992894154874824,0.084392058849071874,-0.99017960599467669,-0.19708476442955153,0.21585550649162993,0.2966771826510336,0.97546108576456947,-0.24066555205140461,-0.20000000000000001,-0.17839962105429968,-0.018736181384876857,-0.29129789517997096,0.56098464857338326,-0.25095999381967726,-0.20000000000000001,-4.3368086899420177e-18,0.43853271496662605,0.74541404176852688,-1.3343481103221495,-1.0765071651382092,0.21479312815372859,-0.15627896763672003,1.0470010961374794,-0.1354461445280023,
0.59339044883772729,-0.72058705672348133,0.66438170176727518,0.018067693713913008,0.11230196836049715,0.083718288696115098,-0.98997629996076764,-0.22866981174056167,0.20987239401238614,0.25493216984632883,1.010663443460738,-0.24627670306076374,-0.20000000000000001,-0.16662712604337815,-0.018853832477015296,-0.28904989856763275,0.55644704154797209,-0.25840033048226507,-0.20000000000000001,9.3241386833753381e-18,0.46499931070412714,0.70795318692720044,-1.3190704674483338,-1.0442779461124547,0.21004884472320645,-0.13581181718678548,1.0864726209884918,-0.14079751892367956,
0.59662925963966507,-0.72071724872709886,0.66567295624107892,0.01758674766390227,0.1143961399692419,0.081194168101720296,-0.98995542148776239,-0.25764049934191763,0.19946187142800778,0.21627158030358104,1.0372681064273279,-0.24996335777025988,-0.20000000000000001,-0.15245756289525,-0.019275397077609814,-0.28964166813328829,0.54666658613066632,-0.26224658010139068,-0.20000000000000001,-4.8246996675604947e-18,0.48423239718334243,0.67777415117386552,-1.3102137638896456,-1.0156558301647094,0.21249463611044883,-0.13175846356518631,1.1463080238702918,-0.15681064953749158,
0.5998663540061363,-0.72078021982783369,0.66783493167154628,0.015881865173457712,0.11406729447479998,0.075108337566645811,-0.99050247668432712,-0.28577346120862268,0.18554633896590181,0.18790987140680723,1.0514721087364349,-0.2478620081171993,-0.20000000000000001,-0.13454157119090382,-0.02025844320300569,-0.29478816262096219,0.52537457899909934,-0.26030469184398963,-0.20000000000000001,-3.9573379295720912e-18,0.4946710047301151,0.65552550064466053,-1.3087914999249379,-0.99320752701078052,0.21318597419903312,-0.17135413140423508,1.2074551675668235,-0.20659523222091114,
0.60326243057674889,-0.72098543271035354,0.6704331905935359,0.013216628596910595,0.11227101560792348,0.06742830315220745,-0.99129912928283692,-0.31387660997076006,0.17286762696340474,0.16837261066082651,1.0600501074286965,-0.24296939484734367,-0.20000000000000001,-0.11422145057265902,-0.021036526526581084,-0.30208025095242486,0.49715837027207582,-0.25564777327428173,-0.20000000000000001,4.8145352721934431e-17,0.50336089864179134,0.6343354087690285,-1.3080014520458854,-0.97156755093479896,0.20281848869756267,-0.2250401024702999,1.2618896304704399,-0.2638807356796371,
0.60671421312429707,-0.7215996626321225,0.67327142641518278,0.0097880222718289764,0.10882438526058222,0.058716576680305083,-0.99227708399197068,-0.34180021900003582,0.16341565878269848,0.15975364959593361,1.0598507761804759,-0.23091494346412755,-0.20000000000000001,-0.091515689524156868,-0.020303622220019045,-0.3112927376348843,0.46092249434425275,-0.24595695030243461,-0.20000000000000001,-2.4726585796247535e-17,0.51235544764047269,0.61187077406670376,-1.3053284022705294,-0.9477731654272864,0.17710023956336712,-0.27970784900939177,1.3137105521958761,-0.31104582301564371,
0.60944755327726896,-0.72236868930460185,0.67548513722039827,0.0069728858394473093,0.10540616208868692,0.051995456768212781,-0.99304450672276945,-0.36371172847333072,0.15778605811535085,0.158986986466465,1.0525402823758525,-0.21380874571561029,-0.20000000000000001,-0.071995848467184598,-0.018028444852884226,-0.31924466696256526,0.42740523479016579,-0.23490564568782688,-0.20000000000000001,-5.7733765684853111e-18,0.52168224287010678,0.5917967310525456,-1.3007946870644498,-0.92515081939569932,0.14615388292602829,-0.31761858474229893,1.3560642344515039,-0.33561595039962161,
0.6117215595959935,-0.72305196640540437,0.67718513192211016,0.0048135258952960794,0.10235049191965725,0.046976406213843087,-0.99362690383840335,-0.38333649679069431,0.15302126995268389,0.1596977520525564,1.0430629488782546,-0.19376238601245446,-0.20000000000000001,-0.055385422324598504,-0.015292902603942542,-0.32548591427216578,0.39813874798499871,-0.22444481669906108,-0.20000000000000001,-1.7889335846010823e-17,0.53198427888777089,0.57222392512335474,-1.2960394908774413,-0.90178296921551326,0.11568391781251765,-0.34754266604981288,1.3961392482787625,-0.35681302453354791,
0.61339492496666237,-0.72366260469186428,0.67828487375738467,0.0033627039754379096,0.099537017357873625,0.044325384189542454,-0.99404040899448409,-0.40014224924655861,0.14888350460744196,0.1626291545203,1.0271402059361665,-0.16587438904457807,-0.20000000000000001,-0.043989851884041725,-0.012428054562121708,-0.3297186131409503,0.3765532043153641,-0.21638073868915658,-0.20000000000000001,-4.6783323742749516e-17,0.54328097965979172,0.55274252190087225,-1.2922299697673085,-0.87534343863218189,0.084490129011119908,-0.3707139607442877,1.4344712019198342,-0.37908710160295978,
0.61489791600595201,-0.72428754408402785,0.67900154396733925,0.002083049227677481,0.096564174794489116,0.042742882174586168,-0.99440638929744607,-0.41635211630635621,0.1445565974987546,0.16643363168817124,1.0067718583412475,-0.13221195241883457,-0.20000000000000001,-0.035914010179118286,-0.0098547411365068616,-0.33344314550262211,0.35994622203971799,-0.20835954557887471,-0.20000000000000001,-5.9305858834957093e-17,0.55524387081101889,0.53310080975905305,-1.288757158500204,-0.8457056284512362,0.051029746683506211,-0.39115697365130281,1.4773290535232042,-0.40202408530022671,
0.61629918133908612,-0.72510341001385969,0.67931316474060544,0.00084783883390710186,0.094263706410281464,0.043297900758148392,-0.99460490980742977,-0.42910602229503209,0.14077667298420421,0.17389480399888343,0.97724209643383275,-0.091035296279446121,-0.20000000000000001,-0.032380097949464323,-0.0081100315302480228,-0.33367127980999534,0.35230988258906532,-0.20393350563615939,-0.20000000000000001,-2.2802126940085765e-17,0.56961720624205958,0.5137529661067548,-1.2843759553290748,-0.81221718575121771,0.014210512535308525,-0.40663956975612747,1.5263121764573315,-0.41950230150477852,
0.61732997947126234,-0.72613043753422035,0.67928633679357309,-0.00014488326018139873,0.093653061882819619,0.045558684786519338,-0.99456195847686446,-0.43380772936381407,0.13973398030764508,0.18552064932080795,0.94384472676997666,-0.050555581972370173,-0.20000000000000001,-0.03227739764542284,-0.0072598112031118057,-0.33010238306887552,0.3534130210238775,-0.20425471039735563,-0.20000000000000001,-1.7957098481791167e-17,0.584403280705035,0.49889604934777293,-1.2790871270167818,-0.78445639242228493,-0.016888106305708847,-0.41527049649992553,1.5684333015442389,-0.42954573075758268,
0.61688422016980748,-0.72782340303153392,0.67912736872172019,-0.0013665765574196035,0.093827236505805572,0.047725931091262025,-0.99444296853045733,-0.43442952607169971,0.14047851113114351,0.19886090336753337,0.90344796933540805,0.00040792035380229409,-0.20000000093731962,-0.033714941638317099,-0.005788948701684715,-0.32640628187449955,0.35511732813085367,-0.20474682558985063,-0.20000000090499503,1.1590834755349687e-09,0.59918658950461046,0.48739709514719448,-1.2729811193685603,-0.76178776051863684,-0.045596426143869079,-0.42273112678229069,1.6044968525105272,-0.43843594114485518,
0.62162573729749004,-0.73000141959447129,0.67929374553114341,-0.00096041277330836364,0.093495624300589206,0.050791366270318737,-0.99432282632771851,-0.42436794312456899,0.14661660923530156,0.21738534446806332,0.86819068085182904,0.044994444695562442,-0.20000001145931381,-0.026786731423948554,-0.0021748484850778265,-0.3194491044264452,0.35555775974459802,-0.21226876577116455,-0.20000001109256849,5.4445467258985572e-09,0.61302716537299717,0.47780285273856427,-1.2629843818480091,-0.74253704299727719,-0.074138599758205165,-0.42974211924537137,1.6318675435236834,-0.44981720283213666,
0.63393792569066054,-0.73193598914981073,0.68233343771220412,0.0017606737553776202,0.091886341921424405,0.055164918661685061,-0.99423871979785405,-0.40743405553967704,0.15687653148093897,0.23669281637028847,0.84826464324783379,0.071368741611961078,-0.20000006894199998,-0.0089114151675909314,0.0030922276651380812,-0.30653160114317229,0.35468091822211684,-0.23003664856308917,-0.20000007006755416,-2.331217818955448e-08,0.62619796546350581,0.46903677581073583,-1.2500762224594435,-0.72416977788011005,-0.10559935302814405,-0.43724531642242537,1.6562753578256972,-0.46618719927062796,
0.64808879564417166,-0.73347628790404396,0.68610474841263602,0.0044817233757403598,0.089140555585363171,0.058227562053664535,-0.9943054995939643,-0.3839997454971909,0.17195278697271843,0.27449642138965985,0.82907413594189583,0.074449917824285686,-0.20000028825607333,0.013256460742154474,0.0081661074392228635,-0.29490168074526757,0.34885742572604189,-0.24864428598552335,-0.20000030631253729,-2.7444533011640395e-07,0.6390329072589499,0.46868979879855105,-1.2360135062468485,-0.72248870332818382,-0.13686176947941861,-0.44461086844149728,1.6774527669687116,-0.48001032123517229,
0.65115691583436941,-0.73428439937566714,0.68737578280911216,0.0044338929020438572,0.087220756786351425,0.057151641483116543,-0.99453837032823145,-0.3658909513838417,0.18257996682651303,0.32550599598488822,0.7939575809573074,0.072499363841724049,-0.20000095362348916,0.021120540608833567,0.010547128119515418,-0.29591541697717011,0.33990262823958395,-0.25098882831017605,-0.20000105029970039,-1.3228967405981885e-06,0.64657348922107949,0.46764021339270445,-1.2268219030850935,-0.71551738719978009,-0.15755762602026613,-0.44867185422698153,1.6929512885950972,-0.48189361701474903,
0.64591851280492096,-0.73422726042416064,0.68706134157916576,0.0028103449622217617,0.086469661539367929,0.054847328270352221,-0.99473959917963684,-0.35281772125580169,0.18581667398103266,0.37496054347531577,0.75030899199369161,0.072498094553039266,-0.20000263976166438,0.016059129661068778,0.010386361174334134,-0.3036626257666119,0.33346985153499886,-0.24233384396281124,-0.20000303404149267,-4.4470774333749823e-06,0.6531267088609265,0.46926294658203893,-1.2207202829283927,-0.71292766969317001,-0.17356490455268192,-0.45253735952159252,1.7068123436974609,-0.48030086393227683,
0.63856833370650068,-0.73327695014479999,0.68648453980524249,0.0012027194849561452,0.086108221891930653,0.052128370775993513,-0.99492037899959163,-0.34553276470765643,0.17601921466670137,0.38813577740445132,0.7153300140488521,0.073604822532318773,-0.20000633847386506,0.0028980808205529025,0.0075688380531785506,-0.31281660981452641,0.3364844797212948,-0.23256585567393431,-0.20000766008480242,-1.2052122981228283e-05,0.65967556731203525,0.48214921940346761,-1.2198104639897984,-0.73559132292190954,-0.183826818434011,-0.45330043455514479,1.7147292546529762,-0.47436436022786443,
0.63479466488404734,-0.73252392141048184,0.68612692190869939,-0.00030995907873533884,0.0854445048570278,0.048522585080746909,-0.99516063992311754,-0.33889155640047808,0.1623957285767281,0.37946138091936149,0.6896975430479142,0.071658878746762911,-0.20001353874483641,-0.0077695736421802856,0.0037417213924163979,-0.32147131187426864,0.3445074956076542,-0.22804593571837981,-0.2000172695183757,-2.7943202996685443e-05,0.66514659357465777,0.49876406000479989,-1.2222755905049327,-0.76707054513843353,-0.19012755555015851,-0.44924761969288013,1.7167533406825015,-0.46378334656422093,
0.63451434445849186,-0.73179781456048221,0.68516814475301357,-0.0015236186458222659,0.083442166088832065,0.043822493669128069,-0.9955474235581373,-0.334753399835023,0.14950418540755786,0.36532049708279035,0.67371477835215243,0.056930637809093416,-0.20002616767303794,-0.01479969593332996,-0.00017774133332456473,-0.33090338158874444,0.35329476920812619,-0.22862820229541905,-0.20003529308882731,-5.7190270944802184e-05,0.66760629780425107,0.52509147730918415,-1.2260272044572693,-0.81966772923132614,-0.18731185177577261,-0.43927964586305485,1.7117353587416781,-0.4451965865121284,
0.63661370488019409,-0.7307599434586054,0.68438929703502549,-0.0017112477331958529,0.079244481451031981,0.041151996553543832,-0.99600396433468563,-0.33377059986751623,0.14302889532717145,0.36154520063088613,0.66996710224313194,0.033439827995272516,-0.20004628483723499,-0.017800727244595086,-0.0027203327926363478,-0.33554442728355688,0.35655379983467578,-0.23150774979471617,-0.2000661386666992,-0.000105294969584254,0.66641469294350608,0.55104508963167242,-1.2251678955607588,-0.87565088682265746,-0.18110779123978463,-0.42982578432736651,1.7037106130809541,-0.43004743465547041,
0.63863710263125628,-0.72947026360155154,0.68426816526128209,-0.0013225373702122048,0.073168812186812468,0.041446637158494878,-0.99645709997286247,-0.33433521715101222,0.13987343617158093,0.36500188184130417,0.66816253007792215,0.011949074823660845,-0.20007560047312853,-0.020269319951972536,-0.0041496672109576863,-0.33410339984141441,0.3540953276375704,-0.23296543207815615,-0.2001145700803599,-0.00017691609343944151,0.66294863044213637,0.56976472023361124,-1.2188640448977344,-0.91889065232853784,-0.17874512155307165,-0.42493749370518624,1.6969912399650902,-0.42389869264421282,
0.63999761038050285,-0.72772594901772347,0.6845522438586551,-0.00046180753137801869,0.06570648186175225,0.045423376129873579,-0.99680447524884197,-0.33472434399303619,0.13715680200655186,0.37044682050734085,0.66378265390113833,-0.0083316111995092694,-0.20011484720391604,-0.023970383548503116,-0.0054827585302107736,-0.32583738935723539,0.34825409477753716,-0.23274435413392033,-0.20018456377209184,-0.00027393905668036234,0.65721619342369619,0.57303048255173128,-1.2121048283503804,-0.92335348934175643,-0.18503379319294594,-0.42645406546467268,1.6953975109317179,-0.43330228485914657,
0.64129034158339693,-0.7258516417919032,0.68443583783083017,0.0006769147273427761,0.059269926990153494,0.05093846908171136,-0.99694126703063357,-0.33169751353860555,0.13377800175922605,0.3757101605865999,0.65725557235524301,-0.032403972030050888,-0.20016313341696118,-0.027732726634393294,-0.007204576632443482,-0.31527427990861895,0.34405402406627178,-0.23313925415891665,-0.20027781640299452,-0.00039363841273720853,0.65201836215082787,0.57192792378066781,-1.2095750468882365,-0.90661772187084833,-0.19466940683120953,-0.43067828691527282,1.6982639581472856,-0.45088256521511444,
0.64218814604127528,-0.72408898678960165,0.68385421047493378,0.001684744417040403,0.052671538652201359,0.055656689715195239,-0.99705827489781429,-0.32385815408546925,0.12864779222269354,0.38734788227090899,0.64466757368222571,-0.063222856832306717,-0.20021030394885947,-0.034125387002606707,-0.0095451655694767726,-0.30675848219385093,0.34324462203763934,-0.23525873747208609,-0.20038488223388323,-0.00053059195994025594,0.64920711198055325,0.56993785255069096,-1.2122937070529742,-0.88385534739647009,-0.20881392460547257,-0.43871854376147357,1.7042585848834604,-0.47591640526178147,
0.64243691744438025,-0.72302007767220289,0.68334329610897648,0.0018536383338510311,0.046469534355411901,0.057199668311800511,-0.99727897017170608,-0.31492111429338698,0.12244570911986069,0.40241671028394937,0.62855408858834705,-0.089493552923937056,-0.20025161019291524,-0.041962321208916839,-0.012266190155935615,-0.30525447696002111,0.34506393971895366,-0.23874997340533954,-0.20049879439716231,-0.00067162217410229007,0.64941673139575484,0.56927607164612393,-1.2172795718556226,-0.87265772001655362,-0.22275873668613849,-0.44771614212811889,1.7080647649692895,-0.49821936615406476,
0.6422758547817824,-0.72222405933101885,0.68309919535456531,0.0011946248399194014,0.039519992243405605,0.055694259903740329,-0.99766471948162405,-0.30839912200618491,0.11361370749832631,0.41236985357510086,0.61023361806778575,-0.10952822725043602,-0.20028103488603122,-0.050568467313667986,-0.016236475857807707,-0.316601391650222,0.34775552638999463,-0.2417231832755716,-0.20060780958713667,-0.0008003514792324669,0.65009197460610468,0.57067804691396706,-1.2221479753778266,-0.87451959696495696,-0.23417622052858811,-0.45309320052979718,1.708292641112072,-0.51008120410318303,
0.64175818451564515,-0.72192246936628968,0.68315981894995181,-0.00028310348199283111,0.03349824177915639,0.04943955695272307,-0.99821516611321925,-0.30129286389022708,0.100707237983593,0.40968643390520282,0.58678320259474304,-0.12026827143283342,-0.20029229939674253,-0.056558073195834467,-0.022787008867658526,-0.35250309165627924,0.35370837184884857,-0.24326000570529793,-0.20069686385795676,-0.00090049763117221789,0.6495593032825453,0.57792244862835818,-1.2272354218936818,-0.88704649666106217,-0.23712135959752786,-0.45156911011967799,1.703248848384048,-0.50416660678909719,
0.64122204051474663,-0.72177161051596372,0.68306545194901269,-0.0016837676629936379,0.028595697911104404,0.040851558766573107,-0.99875452496285355,-0.29259890814523604,0.086966690085769432,0.399651130158448,0.5590779968726769,-0.12936208741136618,-0.20001082730182115,-0.0598397044805562,-0.031744258415996457,-0.39533498308752485,0.36352714953757304,-0.24394820291320538,-0.20048618380702654,-0.0011034316425090915,0.64627740701918279,0.588235668827087,-1.2332399234820401,-0.89828559624159976,-0.23584306119460674,-0.44735067742812323,1.6968979996593299,-0.49066085253943897,
0.64080641891192447,-0.72172015744305895,0.6834591857616531,-0.0024037299019659701,0.024774957355637894,0.031469241628606572,-0.99919473097184863,-0.28030261982934135,0.072684314696738722,0.38408101002460893,0.52942161397235077,-0.13363301924413964,-0.19999396002784836,-0.060235382542705725,-0.03871669959944108,-0.43233444879841587,0.37420902603775069,-0.24452031867843485,-0.20051261231363618,-0.0011070731883717974,0.64062533887879647,0.59863942807645276,-1.2401084653182979,-0.89861200794830554,-0.23256024391382049,-0.44276803115422514,1.6910160548353332,-0.47682962106937676,
0.64066166383838685,-0.72167278549461644,0.68397160460012896,-0.0021719429892492334,0.022123912465753161,0.025043009558382366,-0.99943917415374417,-0.27017363377318199,0.063458922219136835,0.3683477978955419,0.50665520715482271,-0.13505171806277783,-0.19997196101994394,-0.057904846503899911,-0.04296599745299011,-0.44856868215508039,0.38308216487736174,-0.24532250850261647,-0.20050463200771107,-0.0010569515297138804,0.63473262867325175,0.603477246157894,-1.2460070594031387,-0.88744380597709127,-0.231046441096077,-0.44102058414931339,1.6866041615869662,-0.47202306127547589,
0.6406742894969415,-0.72170525868516577,0.68450484381502508,-0.0016833261493384947,0.019567638227527929,0.021025249758161148,-0.9995860207205175,-0.26245423816973129,0.057308297246890752,0.3540654251684095,0.4893145571068937,-0.13566448862592545,-0.19994715335941024,-0.054693769988576717,-0.045552316126374781,-0.45325051521557352,0.390134101473674,-0.24620637588249433,-0.20046221583751064,-0.00096196642693913343,0.63019933573064602,0.60372273489929851,-1.2508433759916768,-0.87125245348826275,-0.23230695469151896,-0.44216672017983377,1.6826582012171678,-0.47554465589642458,
0.64070898346623306,-0.72178357640237356,0.68500307436630037,-0.0011311310869930487,0.016339300856599969,0.019038677328299003,-0.99968458853558939,-0.25769546447190966,0.054012491764649326,0.34331983483387069,0.47663810090745679,-0.13667967892918501,-0.19992407015783445,-0.051465263253343191,-0.046679286079152116,-0.44064036998903977,0.3959382502106385,-0.24566288598636576,-0.20039282094339775,-0.00083586391313939413,0.62831868204223706,0.59703724528442192,-1.2555793715704235,-0.84854976753028355,-0.23881982199903462,-0.44681633707232982,1.6788061101428164,-0.48915148343843823,
0.64058937435869923,-0.72183233001076008,0.68564783753761793,-0.0007040333736894525,0.012502419853563897,0.017329076555807864,-0.99977142234639649,-0.25289746979141237,0.050126913681839254,0.33480356534253086,0.46521718109606625,-0.13756825003106143,-0.20017773155847565,-0.049007009737215439,-0.046122976153812612,-0.42297580380950917,0.40062673118307096,-0.2446101011840538,-0.20057367151075925,-0.00055004978989473571,0.62875854754644822,0.58716697076048097,-1.2611301920102138,-0.82136901713382371,-0.24769094696868321,-0.45149891312434354,1.6750945807611712,-0.50510916335889922,
0.64015227546704723,-0.72195511570425475,0.68602941224957636,-0.00033175257562681655,0.0081458433327308063,0.015579435213267075,-0.99984539623636959,-0.25054254572513124,0.047824782094785794,0.32662587419883621,0.45399035677056943,-0.1393009845699745,-0.20015339433106624,-0.046448197859053242,-0.046808013229270105,-0.39874566313735021,0.40797847734243942,-0.24772017403482138,-0.2004707146703823,-0.00041444544002220904,0.63134274063598816,0.57281369699734275,-1.2683071919418341,-0.78833981263465924,-0.25915604674522102,-0.45518532802342632,1.6699076973959104,-0.52219705498510449,
0.63946093929689429,-0.72213124570054554,0.6862056149398198,-0.0001110349590759,0.0045291856166387928,0.013965884855507434,-0.99989220829501946,-0.24902075380835684,0.046115172612527358,0.3204893178062978,0.4448569809996506,-0.14145924257903553,-0.2001252375978386,-0.0440047261746324,-0.047114124367202595,-0.37771640362608916,0.41452790611859752,-0.25293674138825939,-0.20036326627139611,-0.00029555792066623222,0.63564269448186494,0.55898253186239066,-1.2748999236241507,-0.75818457989126486,-0.26953306279325334,-0.45659870944241837,1.6642112323643736,-0.53451876844968127,
0.63862201765183657,-0.72223350073535664,0.68632294371412861,2.4232529555884347e-05,0.0011654660356046058,0.012161027231631477,-0.99992537247455426,-0.24755945722208764,0.044033554814516714,0.31462425009628803,0.43552606962937179,-0.14329854006611425,-0.20009665289149359,-0.041570976804519481,-0.047617430771256276,-0.36086705973933969,0.42007371439644886,-0.25544214296438189,-0.20026322982787467,-0.00019921363670930689,0.63951971748306591,0.54716088044871269,-1.2803454496976447,-0.73214911111958836,-0.27914812471244582,-0.45746732011700308,1.6588937893730091,-0.54423177017329949,
0.63736389142251781,-0.72220925677462455,0.68639593634753859,6.5219084665626371e-05,-0.0022008610658009273,0.0099953108220522391,-0.99994762148755112,-0.24694920558470262,0.041219012504134532,0.30770310394921024,0.42575691583574465,-0.14446007370458661,-0.20006932779063846,-0.037792259942667543,-0.04835731995853617,-0.35170321767177304,0.4209923468227415,-0.24871247212739536,-0.2001776390384267,-0.0001269780917608148,0.64193075914253706,0.53776352282577511,-1.2825682005169892,-0.71162179872481102,-0.29008772719893056,-0.45983702432066031,1.6557857484138334,-0.55306551046734997,
0.63569107134927616,-0.72237580745381491,0.68656269756954313,0.00013075672558425031,-0.0056955920706679248,0.0075090933873118541,-0.99995557733838558,-0.24663756777351309,0.038387693285469357,0.29843097344080555,0.41489535267728894,-0.14565999708819263,-0.20004345950273233,-0.032728271474113918,-0.048981529400497548,-0.34734929120103486,0.41920273574901001,-0.24189534095992321,-0.2001085409159013,-7.7324811256818132e-05,0.64329283122848946,0.52911530824101294,-1.2827326107538788,-0.69228543696202127,-0.30245527051088639,-0.46330092878617135,1.6546940215902588,-0.56259476958958266,
0.63287060380667082,-0.72339055191733403,0.68597727579437517,-0.00043766184337416119,-0.0093481398669035664,0.004846631762563813,-0.99994446390472003,-0.25072139694337892,0.036565546573416895,0.28656320280732656,0.40862648802866408,-0.15093538763973524,-0.20002545675354741,-0.024438856095166672,-0.048861394306429821,-0.35121792831622189,0.40926056693174051,-0.24787360828972149,-0.20006135145627266,-4.4169043441884154e-05,0.64159877323616021,0.52077578532892099,-1.281630312282799,-0.66918419925971118,-0.31673848897586937,-0.46777623090604215,1.6557913242628102,-0.57200602760305508,
0.62961564839121476,-0.72500772446711403,0.68462302701184663,-0.0016882492092708101,-0.012053907818006401,0.002403064688251346,-0.99992303623880296,-0.26097337378203178,0.036859207677585999,0.27744100136364808,0.4136285274152966,-0.15986471635168298,-0.20001382786913166,-0.014132092605579573,-0.046791839282245319,-0.35790062096341274,0.39024763011081154,-0.26632017399197599,-0.20003182973172379,-2.3490497312220112e-05,0.63676970864200144,0.51421706143877777,-1.2815321519770368,-0.64450744035925911,-0.32881804101207923,-0.47143228459566028,1.6589056418983941,-0.57819956920097904,
0.62670195877098633,-0.72656684554325446,0.68325461460605885,-0.0030089447083462362,-0.014030174809832286,-0.00066375962769439525,-0.99989682461227181,-0.27639387467194049,0.038684304383889846,0.27074547518620268,0.42900894460016337,-0.17050805709048472,-0.20000688354832147,-0.0035729143116584052,-0.043231272160812718,-0.3606027313309223,0.36820084257512536,-0.28502148514122433,-0.20001500554060608,-1.1491060673413131e-05,0.63034251015104181,0.50794714591793644,-1.2835964249293879,-0.61560969524155673,-0.33921377196707458,-0.47407632490337587,1.6620736833823038,-0.58109704737792678,
0.62457101422371397,-0.72796853299152664,0.68165951351132359,-0.0036533727450586326,-0.013252984155697398,-0.0063254953672036394,-0.99988549313754638,-0.29706933756265286,0.042554235764358586,0.261758835740661,0.4592991728151084,-0.18277369748021874,-0.20000308935793157,0.01094972326162881,-0.035726828363511078,-0.36465545869676097,0.34332072971317446,-0.30229228150727172,-0.20000633971218595,-5.0864904540885114e-06,0.62210081739327805,0.49906959203122103,-1.2944653143569571,-0.56928761846408282,-0.34642549371940828,-0.47414046882404692,1.6641071784756698,-0.57683771497389891,
0.62272898118142161,-0.72921317402962482,0.67983280975268934,-0.0036370431592426841,-0.010008382784760569,-0.013778497540448853,-0.99984836710204184,-0.31735925577595359,0.046483975930236641,0.24918835258721411,0.49378897693332013,-0.19572904379880599,-0.20000122621511687,0.03042235762855609,-0.025983769518654627,-0.37692067463484852,0.31687761667569575,-0.31720230688105039,-0.20000235013555481,-2.0045239293390536e-06,0.61395628514674006,0.48558503861919278,-1.3161567272890013,-0.50380846862811746,-0.35310860568944635,-0.47274171723818764,1.6654456391944272,-0.56907059470972599,
0.6212638407026706,-0.72994396075496948,0.67756132387883661,-0.0026079229283327604,-0.0010203070166189343,-0.021672869808662704,-0.99976119369869942,-0.33169274664759163,0.049864539307718302,0.23497094537211766,0.53007156930680832,-0.21054570584677409,-0.20000041469151081,0.061356939429972161,-0.012674783096042896,-0.39433427045471292,0.28172122766534469,-0.32522696302518611,-0.20000074228262735,-6.7134745094850929e-07,0.6155961641423916,0.4589642255637727,-1.3656787717987728,-0.40877884322442698,-0.36023506935385768,-0.47132961879695295,1.6627417016769002,-0.56428336648755495,
0.62067189319919436,-0.73002926277727731,0.67757819377472595,-0.0014131697571237666,0.0096806665886163285,-0.02447879163368738,-0.99965247781706235,-0.3359879859263899,0.052900853888896433,0.22828688974894693,0.55646301180612989,-0.22321585565452903,-0.20000011054139,0.089456970802994057,-0.0029990552130170402,-0.40240820142791078,0.25438783340203702,-0.32676531218918803,-0.20000019098377342,-1.7570738245859032e-07,0.63388514132342044,0.42754159598131863,-1.4264375901786703,-0.32913950723792651,-0.36626755766686669,-0.47193675752215714,1.6542458896454337,-0.5715194458798023,
0.62054700036637456,-0.72988414479887886,0.67864732742439093,-0.0013101366206770052,0.017109002222086337,-0.02024507657827769,-0.99964778920344721,-0.33656088760346642,0.056896305765615628,0.23407027837663574,0.57390891645727971,-0.23249862477585209,-0.20000001982457455,0.10238007941089325,-0.0020834280158762465,-0.39813345554496521,0.24712966972899864,-0.3310593450691911,-0.20000003653819062,-3.1080158260334731e-08,0.6608395426128616,0.42907141562455609,-1.4560540232332404,-0.35349064743697456,-0.3703392752156674,-0.4772991036306381,1.6411920142789989,-0.59355831447127771,
0.6206240681199312,-0.72971285129538277,0.67871658239170951,-0.0024320585622250777,0.018948263659339493,-0.0090400628045737806,-0.99977663788465054,-0.33238661177810469,0.061211292315458736,0.25243892303633997,0.57522749126052042,-0.23489085574062257,-0.20000000184170164,0.090270166980358127,-0.012315969265598936,-0.38070498625421195,0.27167766539000293,-0.33663157693540058,-0.20000000385673639,-3.8338606753260196e-09,0.6765748923922229,0.43647212221776893,-1.4435194954451787,-0.40242101213009851,-0.36761189440659076,-0.48647283402116492,1.6177805161172945,-0.62610245266899889,
0.62047306311171857,-0.72977082989342112,0.67843331967986475,-0.0033472253103956789,0.020590021062176351,-0.00085381463778824761,-0.99978203530366805,-0.32573403664448447,0.063704813325037607,0.26605335350548653,0.5700132480045379,-0.23384015128170232,-0.20000000000000001,0.075798043700608997,-0.021660954834138248,-0.3667178646575695,0.29910534367405595,-0.33870054322866078,-0.20000000000000001,-8.1748843805407034e-17,0.68016295995585974,0.43924679959188484,-1.4299583812150833,-0.41830885107850702,-0.35673271257024702,-0.49509079382792776,1.5875574457276014,-0.64967648528386301,
0.62031286862823898,-0.73023713054625916,0.67806323555251469,-0.0037078155842842544,0.021909320917310807,-1.3420438007311922e-05,-0.99975308630702775,-0.31580237165314073,0.062226023932931571,0.26774291017239782,0.5552347765322736,-0.22718880025702895,-0.20000000000000001,0.068260607319909739,-0.024584231760168829,-0.36279029090588222,0.31273310576063401,-0.33215957877644409,-0.20000000000000001,7.3942588163511402e-17,0.66939077185035356,0.43517706652158805,-1.4417617265497922,-0.39405932134756949,-0.33467117305362737,-0.50240852273613978,1.5531813470683331,-0.65680009785300031,
0.62053773698207082,-0.7305795530770931,0.67793806352106811,-0.003782743832447504,0.021102576511184287,-0.0035296949165129253,-0.99976392881894072,-0.30658968293677447,0.057891703786678191,0.26244091079917564,0.53651728895183104,-0.21880414427710887,-0.20000000000000001,0.066029211264636956,-0.02359800338269296,-0.36632045793531176,0.31342573505563442,-0.32112344367372192,-0.20000000000000001,2.2442984970449942e-17,0.65234097879851971,0.44629396998739118,-1.4630636495173439,-0.39883752205843215,-0.31015854490834732,-0.51110369601985328,1.5248942193315373,-0.65715542627574197,
0.62117421167449016,-0.73045811701451135,0.67877455978476076,-0.0038639003911673585,0.018102413705390105,-0.0049792995431822678,-0.99981627285610086,-0.29913443968384568,0.053411077069855623,0.2588303903435446,0.5182450475908027,-0.21242528581800335,-0.20000000000000001,0.060212079509065625,-0.024717212069753997,-0.36542298925548244,0.31675873370369595,-0.31058163298057417,-0.20000000000000001,-1.3698894449354349e-16,0.63353076687244303,0.45433625910581132,-1.4786832668362118,-0.40411719274534014,-0.28744857237730204,-0.52176751113056818,1.4988014720242429,-0.66440288451213303,
0.62237835443846112,-0.72947203826208495,0.67970204764299913,-0.0039405214960340964,0.014955136435635629,-0.004384542444493959,-0.99987078763812443,-0.29092392581832255,0.048150039164102966,0.25807361232614479,0.50095901603045223,-0.20906811904513403,-0.20000000000000001,0.048509019254504904,-0.030437693347797765,-0.36002454450169297,0.33183976117793479,-0.30282709547943265,-0.20000000000000001,-1.459336124165489e-16,0.61099472096749163,0.46020994810821508,-1.4832063972915162,-0.41638774419273411,-0.25638387776812355,-0.53282392724291538,1.4656157804525787,-0.67571460315717391,
0.62382677428404765,-0.7280797085600742,0.68063244379487109,-0.0040652263854042015,0.013086829031937633,-0.0036064862241958614,-0.99989959600823863,-0.28009941798050436,0.042254694757869908,0.25925786771440351,0.48272752715839018,-0.2059788120805906,-0.20000000000000001,0.034486955979687428,-0.038425841704239662,-0.35420265930620343,0.35435736161369713,-0.29739192896203626,-0.20000000000000001,5.8113236445223038e-17,0.58556353475138323,0.46874972507226925,-1.4822276447387053,-0.44147295625040039,-0.21561573451117103,-0.5439392449678182,1.423583960315755,-0.68832828237448251,
0.62591110150556351,-0.72619356437346716,0.68138448849044919,-0.0040950569808898612,0.013890481337841099,-0.0041791785846201591,-0.99988640329933687,-0.26508816591606177,0.035950101796178482,0.26024574129099143,0.46455096851974859,-0.20341924902795255,-0.20000000000000001,0.019578480029717737,-0.048680729146350576,-0.35259609744449272,0.38596114576289609,-0.29472307891404759,-0.20000000000000001,7.0961032189176265e-17,0.55115798935356086,0.48457285920416637,-1.4819660409586906,-0.48517572513891416,-0.15567823755278082,-0.55119489798073296,1.3602427160447406,-0.69659245531903013,
0.62823999020403887,-0.72425801877027662,0.68177695360463353,-0.0039977111284496703,0.016230087167764088,-0.0061062569810441461,-0.99984164556290689,-0.25048575861861977,0.030553520369618829,0.25895085609532575,0.45067702002490689,-0.20244484698363802,-0.20000000000000001,0.0060465966269178939,-0.059156265856193227,-0.35596836523187281,0.41955746290527757,-0.29473583784051383,-0.20000000000000001,5.6866403946864708e-17,0.51393751888331241,0.50487314435464792,-1.487027738471832,-0.53486388402004847,-0.091770460965901024,-0.54856854938591604,1.2893227667002303,-0.69395492540531567,
0.63066461761908699,-0.72223003959053922,0.68195078866690217,-0.0038809240068480803,0.018825888166698463,-0.0088219452082203467,-0.99977632380764603,-0.23691351928371987,0.02520480327515863,0.25583988810778435,0.43915972836068878,-0.20303569867931748,-0.20000000000000001,-0.0081901410595220381,-0.070869062301618324,-0.3633064115612874,0.45566704042721623,-0.29577680560590791,-0.20000000000000001,-1.4094628242311558e-18,0.47576222003661889,0.52785531845763001,-1.4953952516955047,-0.5873038580847052,-0.029406794503713023,-0.536956625171084,1.2176844327649892,-0.68119015873243338,
0.63379245902394543,-0.71845740981185768,0.68381511045810428,-0.0037429706961141368,0.021298367015623262,-0.012932990640695131,-0.99968250334089759,-0.22349678009009594,0.017104374035641322,0.2518505281343858,0.42954009003933558,-0.20845959924803623,-0.20000000000000001,-0.032329058393311669,-0.089150428869361323,-0.36264063135839875,0.50763644609028691,-0.27869212727866993,-0.20000000000000001,2.4177708446426749e-17,0.43267228035810923,0.55559659066648748,-1.5061491066445531,-0.65124277902849848,0.029873551934833528,-0.51341265811879278,1.1442086382680732,-0.65175734893092485,
0.63741926772871604,-0.71309013267156263,0.68711980599175415,-0.0037126909309364953,0.023607998558083789,-0.017271815087211415,-0.99956518683561901,-0.20955032100979401,0.0064026014647062248,0.24865357258925377,0.42027737498492729,-0.21655185324148127,-0.20000000000000001,-0.065925321314707699,-0.11278477488879232,-0.34836616610587678,0.57298627791128487,-0.24315061260567275,-0.20000000000000001,1.1449174941446927e-16,0.38532679833650546,0.58640178386794695,-1.5191498346454817,-0.72152362332082531,0.086518297592216506,-0.48405747955654321,1.0702235491977585,-0.61595794113171753,
0.64147546345577966,-0.70630003963203325,0.69297380848147616,-0.0040723450659453974,0.027299597444831295,-0.021825143497995136,-0.99938071379044835,-0.19436522064839459,-0.0066556493297449514,0.24536939296165602,0.41317530153665105,-0.22725957906613889,-0.20000000000000001,-0.11294607511971134,-0.13680465265166086,-0.30195914011500247,0.65296430820855567,-0.17078528532445669,-0.20000000000000001,7.0039460342563586e-17,0.33271321357173622,0.62113622651373013,-1.5378571692082439,-0.79866140446898803,0.14092566203724113,-0.44522690482018423,1.0009277424084035,-0.56541096244054356,
0.64465169440677461,-0.70146060829498591,0.698355425680945,-0.0049556973266515541,0.033047492438770129,-0.025310010503156531,-0.99912096748884516,-0.18122273559398797,-0.016272163904224937,0.24234805635596132,0.41140296548197064,-0.23670977072064309,-0.20000000000000001,-0.15841820067899168,-0.14879776019113572,-0.23910915168594052,0.72339334181155968,-0.089879662622505435,-0.20000000000000001,5.9631119486702744e-17,0.28857153558756449,0.65148174547214599,-1.5575125892028097,-0.86463461520194829,0.18281098869751647,-0.40818326098270719,0.95475737298095098,-0.512864982633775,
0.64716194482865885,-0.69921016878155684,0.70089592920477639,-0.0059933266860220649,0.040257297104874981,-0.028551916726894274,-0.99876334439959547,-0.16887820722872829,-0.021654903884455748,0.23815495809134787,0.41188308725262546,-0.24405343490053172,-0.20000000000000001,-0.19826899248484461,-0.15000102915916796,-0.17982500880945992,0.78294743770792063,-0.029428987773688881,-0.20000000000000001,2.3364556817062621e-17,0.24939099525189035,0.67959047177518972,-1.5759035299130622,-0.92603881176444669,0.21781005158793326,-0.37358900469585526,0.92209334476492977,-0.45991772146171628,
0.64890646855366274,-0.70033439525707908,0.699682534278112,-0.007004337742749325,0.04822875899789883,-0.031479182396438717,-0.99831557492306011,-0.1564760215877955,-0.02166613803033756,0.23157081501818053,0.4110870999184108,-0.24681385872631675,-0.20000000000000001,-0.23060272271161469,-0.14015747327603667,-0.13847032934291109,0.82561781392578215,-0.016526687203473778,-0.20000000000000001,4.2595592851524255e-17,0.21144768066867189,0.70865113595576212,-1.5883775861469667,-0.99290226272757809,0.24803520880564373,-0.34046739608443455,0.9002118569858939,-0.40784077957887283,
0.65063284670549193,-0.70187424158546774,0.69689393652470755,-0.0078163408662708135,0.055784081455095592,-0.035040021951667909,-0.99779719278684098,-0.14284915888115124,-0.021214093027831879,0.2228156122969179,0.40687759036316395,-0.24757374043388702,-0.20000000000000001,-0.26131394645470957,-0.12974839654194567,-0.10800335544018416,0.86139565313020727,-0.019786309830897603,-0.20000000000000001,6.6678433607858523e-18,0.16847020183095771,0.74052696767113213,-1.5980520855611673,-1.0650088868149703,0.2766838492253017,-0.30644635109381679,0.87962480792192177,-0.35557690222978838,
0.65238155093295525,-0.70294816844345098,0.69410448187699103,-0.0082379678430632743,0.062679534421642674,-0.03869625739940849,-0.99724922236810076,-0.12798596736503576,-0.021166105357475311,0.21384910794322162,0.39902202746363813,-0.24545607995361574,-0.20000000000000001,-0.29244420601736898,-0.12033627289561079,-0.084714122375181139,0.88807435595960305,-0.020110630194644374,-0.20000000000000001,-3.5321273900504324e-19,0.11889133544621543,0.77471398660111213,-1.604395310561699,-1.1409295571760707,0.30575457536362155,-0.27386186384159306,0.85913887920943688,-0.31002222011129443,
0.65370781392985311,-0.70316883084307014,0.6922708414065819,-0.0080249062981084373,0.067594482205759546,-0.040907581438228056,-0.9968415905424074,-0.11559547030631993,-0.021367094119158922,0.20827274350456179,0.39048608837163179,-0.2417098714318214,-0.20000000000000001,-0.31781529450276969,-0.1137733422153918,-0.069566637506938672,0.90066527994075318,-0.013577540551165113,-0.20000000000000001,-2.1684043449710089e-18,0.076413856988864562,0.80074124822289638,-1.6072590727591192,-1.199864199685089,0.3299439334642888,-0.25087685190122927,0.84404466234335618,-0.28193444728350314,
0.65477100521769505,-0.70309336625041419,0.69074041093038385,-0.0074452674417881341,0.071997663826908073,-0.041871560496538271,-0.9964977053750661,-0.10438842547584343,-0.021319650997990033,0.20527360210428577,0.38244630574016614,-0.23700452856757395,-0.20000000000000001,-0.33981176520834544,-0.10788957447437028,-0.056665928003422433,0.906470426613459,-0.0039513371238126538,-0.20000000000000001,-2.6020852139652106e-18,0.040197881344428345,0.82052391971669403,-1.6086695720992454,-1.2476932224761554,0.35259093106418266,-0.23439004395764354,0.83386641838577769,-0.26313957766624241,
0.65556392925423657,-0.703095602315295,0.68981606955512509,-0.0065215172776508313,0.075841266524842826,-0.041921065598582059,-0.99621694241936309,-0.094686752881193437,-0.02052188404121888,0.20435626136857041,0.37500282773808907,-0.23076296740201743,-0.20000000000000001,-0.35801867090680817,-0.10049932856756807,-0.046214375195824692,0.90134901649985311,0.010623347194539057,-0.20000000000000001,1.2088854223213374e-17,0.011595852057478895,0.83165794779479385,-1.6093767047533412,-1.2808974751867299,0.37504706552162598,-0.22730561609661096,0.83087971192765064,-0.25578686915508764,
0.6556188702022524,-0.70346687652237905,0.68920253101358064,-0.00528870622244148,0.079429783379673297,-0.042221573511135334,-0.99593186404944112,-0.086389687007203952,-0.018838891091350125,0.20341644286630842,0.36718292022615673,-0.22171444572129145,-0.20000000000000001,-0.37591953016862562,-0.090779624698680658,-0.036462508001266186,0.88890637014389517,0.032544235974600072,-0.20000000000000001,5.7842185902101662e-17,-0.015956689002366076,0.83890918055814567,-1.6115836680416475,-1.307034580661198,0.39810756197957847,-0.22243765782919583,0.83113097697033123,-0.2507053639905768,
0.65795013111645684,-0.70463055581282275,0.68925579326158615,-0.0052905303214706607,0.082296020198791953,-0.044341335729487466,-0.99560696125232195,-0.077768527421959555,-0.017089653147305671,0.1993072679563945,0.36300282585373145,-0.21593198906216057,-0.20000000000000001,-0.38847264310481877,-0.077417251891592945,-0.021945992811870305,0.87120534297581675,0.057187984501034961,-0.20000000000000001,-1.4365678785432934e-17,-0.043545655084785459,0.84225012460231885,-1.6176688578128706,-1.3267319266220816,0.41815634098586668,-0.21547872006231261,0.83814390028615882,-0.23772869952826192,
0.66408688862280152,-0.70630571280494503,0.68977687491080419,-0.0074774014926964347,0.084022515650781407,-0.048509479431417368,-0.99525430706725615,-0.068265776343949577,-0.016550591797978333,0.19090312568785403,0.36513150800541233,-0.21771447526775772,-0.20000000000000001,-0.39151099818758101,-0.064295570968853771,-0.0034426064970981551,0.8590011135553679,0.070972186488068301,-0.20000000000000001,-6.6908826569511692e-17,-0.06583447678686534,0.84323552628575671,-1.625726564753541,-1.3414612839002398,0.42986520653181154,-0.2054732937313915,0.85291300965936356,-0.21328238200475227,
0.67335682785452267,-0.70809371684916977,0.69017933216348415,-0.011108808835880427,0.085594520031847268,-0.054163259707887712,-0.99479470937705605,-0.056122909262947579,-0.017064530225862636,0.17857892516442395,0.37073285163818215,-0.22525092283254625,-0.20000000000000001,-0.38896958157689848,-0.052082507301451475,0.017735989969944216,0.85449030423214745,0.073741725928052004,-0.20000000000000001,5.8140341499535175e-17,-0.085160924251661316,0.8444167120442565,-1.6337170308485074,-1.3573537078788189,0.43756122011670223,-0.19222028313265829,0.87181411756629845,-0.180679154053561,
0.68558289357729196,-0.70962945696402802,0.69118256199235595,-0.015607850902349348,0.086491972633003761,-0.062331087930733074,-0.99417823811308259,-0.041533043498092892,-0.018128690745060412,0.1597124704936613,0.37860075013176409,-0.23853723075349839,-0.20000000000000001,-0.38079182143163631,-0.042614663516076921,0.036157232805565848,0.85726668945349527,0.072500001428097371,-0.20000000000000001,-2.1459579718687699e-17,-0.10270449735778252,0.84614242779084736,-1.6401503165522966,-1.3763095890452632,0.43813672002365728,-0.17145025282733825,0.89868451457808318,-0.13471837240493087,
0.69666755968323602,-0.71099563253988951,0.69223054700033981,-0.019266355912958714,0.087042748989324584,-0.071173294696981554,-0.99347205773498892,-0.028417538410938886,-0.018316883122640792,0.1389600847458031,0.38496288998084649,-0.25066509822177901,-0.20000000000000001,-0.37196326107575023,-0.035855189387006672,0.047259227228893599,0.8566502049663447,0.072499999999999953,-0.20000000000000001,-7.6138097562794549e-17,-0.12242744547301686,0.84858136635850601,-1.6445869208962987,-1.3962891184946622,0.43576050011154266,-0.14606156502204865,0.93027717928896714,-0.083057186037228184,
0.70229486277342779,-0.71222375006466876,0.6925436380548794,-0.021168851060879405,0.087847270335134328,-0.077487606010619894,-0.99288992731025882,-0.022917654210057897,-0.017130173057974159,0.12463808546389521,0.39089730828819413,-0.25779642822760029,-0.20000000000000001,-0.36705380292558537,-0.033409973298312065,0.047326337483156872,0.85191466953410488,0.072499999999999953,-0.20000000000000001,-6.8670655099800637e-17,-0.14983730485474087,0.85372245026486437,-1.6461301925272041,-1.4145466485407199,0.43735696931086704,-0.12618514676844519,0.96748551657374804,-0.045808538233320227,
0.70025121548976044,-0.71279335263340671,0.69194773407885901,-0.020975957245431231,0.08911037522075986,-0.078332390627200474,-0.99271515895763418,-0.02755849785647245,-0.015784121380068648,0.12410676474645996,0.39610404680716393,-0.25779980119753165,-0.20000000000000001,-0.36743449569874026,-0.03504921796556805,0.040128726345134563,0.84322584490723007,0.072499999999999953,-0.20000000000000001,8.6519333364343254e-17,-0.17491533764828243,0.86005528533983311,-1.6433498014840902,-1.4255873409861251,0.44564318901970673,-0.12140906599461494,0.99531989748783578,-0.039222207440663938,
0.69632092608056484,-0.7128413321613275,0.69129973192608418,-0.020380319043072623,0.090324154740161797,-0.076994214857397714,-0.99272255970370205,-0.034606863671079929,-0.015337954503892982,0.12932164451523243,0.40113546017650992,-0.25639847469233812,-0.20000000000000001,-0.36808877478886071,-0.038055210108542854,0.031650659913691495,0.83372779921212548,0.072499999999999953,-0.20000000000000001,-7.5961914709765654e-17,-0.19162142022780396,0.86623151958877687,-1.6355186209031993,-1.4336831173406459,0.45825085027990914,-0.12589281013793757,1.011912663534549,-0.049252378159652749,
0.69084610459874396,-0.7126430981804176,0.69087672721108018,-0.018738516244629782,0.090006164830402247,-0.07473891318940358,-0.9929561184446869,-0.043018148667017281,-0.014742498974086525,0.13675122571617554,0.40099340745211909,-0.24927177865983849,-0.20000000000000001,-0.36809255341209141,-0.04642947690050242,0.0058310742077209293,0.81742577121833437,0.072499999999999953,-0.20000000000000001,-8.3293831901198878e-17,-0.19159627055525041,0.87015523699382835,-1.6175204453915324,-1.4390483120736592,0.47587975393067788,-0.15233327773883262,1.0168204795151625,-0.090016303808050188,
0.68585580650205136,-0.71287304179406419,0.69071612921741754,-0.01685259848181974,0.088056908697703801,-0.073176849660208293,-0.99328098714755542,-0.050762963304300829,-0.013210890200944151,0.14225692469481477,0.39698413433395052,-0.23923839902949301,-0.20000000000000001,-0.36796914178300127,-0.057857262043476521,-0.033695837313196725,0.79916161663180718,0.072499999999999953,-0.20000000000000001,7.0147880559812137e-17,-0.18763890475838024,0.87283468548078313,-1.5971508805783119,-1.4440380400424131,0.49438628198589507,-0.19234647087830498,1.0221847529715375,-0.14766843997255735,
0.68181560117850215,-0.71324169637197843,0.69158798971226054,-0.015356399695926398,0.081946746389143052,-0.071364450506931895,-0.99395977129281043,-0.057251099396152791,-0.012405494348559502,0.14681416377869216,0.38469568298173695,-0.22741143337442496,-0.20000000000000001,-0.36974999979695194,-0.07296481715223456,-0.085044397107393616,0.78159137956729863,0.072499999999999953,-0.20000000000000001,-1.1167282376600696e-17,-0.18934531713416008,0.87660712399039165,-1.5799921444982576,-1.4490354405188708,0.50616965552843984,-0.23828780914581385,1.0239754963164873,-0.21339192720279229,
0.67924770131976009,-0.71354312638236583,0.69315721375245365,-0.014491037915227123,0.073500781351444777,-0.069201622723559869,-0.9947857962261486,-0.060092808798363817,-0.012771336243334873,0.14986396671652991,0.36572968860784699,-0.2178655752288631,-0.20000000000000001,-0.37294554815949726,-0.085635828382952278,-0.12900967959514653,0.76721916924130462,0.072499999999999953,-0.20000000000000001,-1.9895109865109006e-17,-0.19869180212776499,0.88282592689461437,-1.5697374161838629,-1.4548158234980901,0.50790216778664232,-0.27251439346592399,1.0190785509796709,-0.26505451695929416,
0.67663134091138843,-0.7136308206142129,0.69482067488321464,-0.013598490779696295,0.064758880335592378,-0.06655645053620865,-0.99558606225590374,-0.060872258087618814,-0.013910413050749226,0.15256582326845022,0.34279588446412829,-0.21023374641932824,-0.20000000000000001,-0.37648727826509204,-0.095371884249694783,-0.16460739614599287,0.75162393851489084,0.073764528469007662,-0.20000000000000001,-5.7733765684853111e-18,-0.21010446832865556,0.89075034010594489,-1.5606379393669443,-1.4617919617322708,0.50517487900612057,-0.29592248275439786,1.0111334721666518,-0.30249127834880185,
0.67229674349216806,-0.71405977843928869,0.69589031280573677,-0.012674196212749237,0.0566769671613346,-0.06444614090708603,-0.99622978326585776,-0.063731786208969701,-0.015225338194110876,0.14866996936667054,0.3205164447175094,-0.20339038687857502,-0.20000000000000001,-0.37811925570431876,-0.099397255634381745,-0.18813330323889507,0.72763582321302178,0.072290705579381831,-0.20000000000000001,-4.6051487276321801e-17,-0.22053753831601539,0.90249338618862884,-1.5470275472058852,-1.4754199176796334,0.49909274828507511,-0.30911951076792055,1.0055426221885768,-0.32240523255685821,
0.66833085706367668,-0.71520623346369727,0.6956931260437984,-0.012555949122687012,0.048618263537758472,-0.064293553073441215,-0.99666692110523769,-0.069423925261306751,-0.016386956755594449,0.13699478329329737,0.3046128062625772,-0.19785754378471956,-0.20000000000000001,-0.37852702802944926,-0.10119809282676835,-0.20591513484161014,0.70356620494259126,0.056157801502678184,-0.20000000000000001,-1.905485318143274e-17,-0.23062601290361523,0.91615588405359505,-1.5300856894449661,-1.494381692018274,0.492156708259194,-0.32054190132511151,1.0047458924382489,-0.33464635680584476,
0.66662292365860631,-0.71727995624948848,0.69316834815274653,-0.013811340921959453,0.041084179136423794,-0.066246488545572108,-0.99686144465617943,-0.07514359111293549,-0.015915737645860364,0.12870578328687146,0.30181042080983195,-0.19903320600726176,-0.20000000000000001,-0.37606443680068452,-0.099467330842187424,-0.21417672871219504,0.68672271116584227,0.011563766484920468,-0.20000000000000001,-5.933296388926923e-17,-0.24075078892140103,0.93235566483234766,-1.5099855678378242,-1.5197561927749035,0.48549362342840496,-0.32663392732050855,1.0076878648800796,-0.3352203867755269,
0.66743334627570583,-0.71920204656247755,0.68988546547950991,-0.01540208147653893,0.0351825555517946,-0.067947591463676266,-0.9969493911354379,-0.076778718158133821,-0.013787024117730874,0.13276708597997305,0.30798072457273973,-0.20691426672148233,-0.20000000000000001,-0.37226437097037463,-0.095951497836546135,-0.21604136485699518,0.6814720988962506,-0.040200425940462803,-0.20000000000000001,-7.1509909538997052e-17,-0.24823494210208266,0.9466700306180198,-1.491616364492943,-1.5431899417057886,0.48050926315988957,-0.32575525493538227,1.0107865177116246,-0.32734893663196735,
0.66783164279084761,-0.72039498318145267,0.68803405675411455,-0.015759943578441845,0.029761206599673476,-0.066696115394947422,-0.99720485505805656,-0.075933349790269125,-0.010841606745731576,0.1441336248799267,0.31275688192907991,-0.21598917996357797,-0.20000000000000001,-0.36881616065295503,-0.092077049287263193,-0.22018367674612646,0.6760336874197872,-0.073698182687249453,-0.20000000000000001,-1.3342462985149739e-16,-0.25157545248517005,0.95783102941554854,-1.4723162269602283,-1.5611627831148502,0.47688892212991102,-0.32382838640770517,1.010896450865213,-0.32355866731372501,
0.6681745253432928,-0.72079776728085276,0.68807230465086056,-0.013667324142975733,0.023791017189066462,-0.059625682886330772,-0.99784365994489288,-0.072157340734194428,-0.0063378324377611813,0.15223000523416583,0.31669602095320032,-0.22836627917321453,-0.20000000000000001,-0.36954708685722887,-0.085837688500444445,-0.22400660786370638,0.67108674320798423,-0.082611481346642174,-0.20000000000000001,-4.4946956313102193e-17,-0.24795648235070908,0.96422120988356963,-1.4504696750429744,-1.5699664527167156,0.47342468254745967,-0.32608228346509005,1.007655795481768,-0.33199258030891365,
0.66836972556203555,-0.72109293152153375,0.68831175366915731,-0.010000731409573133,0.017543271655932779,-0.049356597235419984,-0.99857706027137449,-0.066770326049702497,-9.844075617803337e-05,0.1606737090825385,0.3200375596142826,-0.23941326246388447,-0.20000000000000001,-0.37391389858667268,-0.076803409774384185,-0.22370008190573146,0.66667323523467048,-0.08397468151680014,-0.20000000000000001,-1.3213713977167085e-18,-0.24125596447290337,0.96826944017370353,-1.4274265358366085,-1.5731576628145549,0.47054173534208626,-0.33310313929436974,1.0044683783652391,-0.34928727997292364,
0.66870998091584288,-0.72125794782980557,0.68843661606397,-0.0055962665672896657,0.011452352593363718,-0.035777324874554241,-0.99927849393720347,-0.057051025756089585,0.0064350080787001105,0.16022752206223076,0.32381941127759961,-0.25172512935510827,-0.20000000000000001,-0.38092302508548193,-0.065350195738673678,-0.21581456824844544,0.6634575911769427,-0.082315917681014039,-0.20000000000000001,-5.5944832100252029e-17,-0.23211459161935155,0.9717437746475075,-1.4050888201286944,-1.5713571842056941,0.46873626069580054,-0.34337338134890882,1.0047685106124185,-0.37061874244367876,
0.66906586275319657,-0.72136745451689321,0.68837377515448694,-0.0024393504787947359,0.0068255547772327558,-0.024055038816717368,-0.99968435842457315,-0.045023423902163462,0.011200707078363688,0.15660289878909914,0.32632893511713373,-0.26112526805522551,-0.20000000000000001,-0.38754141474096587,-0.05570023464289104,-0.20430551221249113,0.66241664462674832,-0.081767227335225554,-0.20000000000000001,-2.3698287798280815e-17,-0.22413518920969891,0.97627377190653397,-1.3890820894093572,-1.5700572984208927,0.46837719553828538,-0.3512134069924111,1.009402458352515,-0.38553427420852227,
0.66937364697904123,-0.72152134017588254,0.68819890922732441,-0.00063396435072247427,0.002400707053605088,-0.015177154655193479,-0.99988173734268038,-0.032964609656381483,0.014652697051054018,0.15411648336030656,0.32859582027417,-0.2686309551257402,-0.20000000000000001,-0.39280031156499046,-0.048640592639260335,-0.19434372184338675,0.66182678069366685,-0.085245850320452593,-0.20000000000000001,1.1899627062796764e-16,-0.21856815851183575,0.9835990222137676,-1.3763776518555451,-1.5742939922263828,0.46776309466719695,-0.35512271797837269,1.0158107896734425,-0.39291010100886642,
0.6692778977232875,-0.72179337257689924,0.68807835219780578,-3.9784576383812515e-05,-0.0028692815605409006,-0.010982468846300502,-0.99993557343388573,-0.021193001386652199,0.01806111486913127,0.16171105447928033,0.32860224491664619,-0.27162867911097477,-0.20000000000000001,-0.39816440655468716,-0.045090219966571719,-0.18854745066099729,0.66219933014287147,-0.092285210390080835,-0.20000000000000001,1.0518455139003902e-17,-0.21668032105772816,0.99647832303300787,-1.3656721680358697,-1.5900691408246193,0.46497744012494474,-0.35175186237392486,1.026334258769289,-0.38715689322199354,
0.66907165274215696,-0.72210415814848405,0.68811859555223676,0.00028950310482792448,-0.0088408899215060201,-0.008026241531973146,-0.99992866460574004,-0.0094645001987479493,0.021521687259606043,0.16741265747626619,0.3286219217609202,-0.27606787675963212,-0.20000000000000001,-0.40367816465201584,-0.042320275133872327,-0.18368581992282193,0.66193635486106728,-0.099212053919329288,-0.20000000000000001,-5.5683945952497704e-17,-0.21513282219083193,1.011508010282808,-1.3530903302389441,-1.6104111225150826,0.46060412252983302,-0.34397270779271633,1.038813706201158,-0.3739966277507708,
0.66871400980000995,-0.72219309492590267,0.68842808382800103,0.00030531763958554695,-0.01556727239463002,-0.0056734262676207134,-0.99986268009447987,0.0033697142278790726,0.024696895972157462,0.17481802891515499,0.32728669778211139,-0.28070359455652222,-0.20000000000000001,-0.40670442716205318,-0.038753770683797976,-0.1708704969690282,0.65785264429680879,-0.10699513525339484,-0.20000000000000001,-2.1995751574299671e-17,-0.21261024201921824,1.0302349996488411,-1.3360407935705167,-1.6374409208200438,0.45399825700632102,-0.32911232377471789,1.051646686495783,-0.3507618317820736,
0.66838771680561604,-0.72182726251109974,0.6889818565436796,-6.9594142623975474e-06,-0.021708860089071032,-0.0036407304921275527,-0.99975770586011647,0.014987344802724678,0.026371091575649201,0.18419653583392312,0.32414363494597553,-0.28381298720623149,-0.20000000000000001,-0.40362902518711458,-0.034163253020670158,-0.14747379836760333,0.64707670806146655,-0.11516403924721692,-0.20000000000000001,-5.6927390319067017e-17,-0.20877311308160085,1.0483771684661778,-1.317700226627857,-1.6645809674807399,0.44665157959479146,-0.31234430187352424,1.0607310714771583,-0.3252965475225057,
0.66812621901828817,-0.72099061957870947,0.68910169664605703,-0.00054126356711604591,-0.027843765203345746,-0.0023650400375639039,-0.99960934287284064,0.026390526528213082,0.027030751923529897,0.19567885100742452,0.31894571484753831,-0.28694665891041921,-0.20000000000000001,-0.39319529513348533,-0.029367547952581188,-0.11657282717321468,0.62775865016065158,-0.13088967445328584,-0.20000000000000001,5.4467606640240529e-17,-0.20430677501074879,1.0664979114675155,-1.2990431837245051,-1.6927122802804431,0.43822221863778676,-0.29488712821754975,1.0669746644411975,-0.29912088053734787,
0.66758938300090054,-0.72014947167514731,0.68755714662696898,-0.00081468856987222866,-0.033731583754724952,-0.0028895241964675537,-0.99942641909739915,0.037319803059590095,0.028422820802842683,0.20554359834965238,0.31140243648958571,-0.29044744983538934,-0.20000000000000001,-0.37287374089927267,-0.025409678623797914,-0.097878842204945443,0.59514648697771211,-0.16237317671783594,-0.20000000000000001,9.3038098926412349e-17,-0.1980639716821955,1.0855393313137474,-1.2784155748414143,-1.7249380193204176,0.42738903843653953,-0.27532270920501845,1.0699184571909284,-0.26974186310305132,
0.66667467234912192,-0.71995774549921165,0.68526391499595651,-0.00049720794083030803,-0.039507534375931332,-0.0045425231887810296,-0.99920882351732543,0.046818985443798311,0.031956460290373433,0.20754286490188159,0.30437529715699663,-0.29444270917785709,-0.20000000000000001,-0.3529733859752936,-0.021778366729677097,-0.10156470411468829,0.56162919391367105,-0.19538521659572214,-0.20000000000000001,6.3940823122332624e-17,-0.19230959870015163,1.1062494079693099,-1.256796134426013,-1.761005450576892,0.41453512577537965,-0.25295911759988465,1.0718203568896281,-0.23677110105286178,
0.6652516676637692,-0.72084513972036324,0.68347594758786134,0.00054590030281580595,-0.043705569358660587,-0.0046287019928721099,-0.99903358317814128,0.052315366834629506,0.037996198559124429,0.19802982285934342,0.30319353329724796,-0.30321901051141792,-0.20000000000000001,-0.34380013257494973,-0.016874767498839881,-0.12287425348181943,0.5428926763566273,-0.2146382254625023,-0.20000000000000001,-4.9846194880021066e-17,-0.19117769310496119,1.1246490055490275,-1.2387712547428913,-1.7923661095744379,0.40171794535207667,-0.23566298690473672,1.0841025671616573,-0.20682193179940589,
0.66389983873418779,-0.72207026505249094,0.68297733751344059,0.0015061380706379998,-0.044293693513985086,-0.0016397020357048636,-0.99901607176272966,0.053879609905234327,0.042990665700375304,0.17872171714842464,0.30813123083239413,-0.31509557018879797,-0.20000000000000001,-0.34753755629717498,-0.011737468896524057,-0.13663518013601431,0.54605596035932202,-0.21499556709777848,-0.20000000000000001,3.7242344624877077e-17,-0.19795426143892275,1.134825350129943,-1.2355001204086205,-1.8044960289433098,0.39470225291701738,-0.23165304075157545,1.1103863070872433,-0.19064321130619805,
0.66261631850741354,-0.72262473167462415,0.68259453188437225,0.0020675206293261352,-0.041465210715270304,0.0032143405752164257,-0.99913263867889535,0.056626870946022367,0.045173937777247847,0.15877008003160784,0.313086019726106,-0.32570120649550294,-0.20000000000000001,-0.35263534357441167,-0.0074690882031381604,-0.13535283342306514,0.55562493762867138,-0.2115524426135082,-0.20000000000000001,-4.9060148304969076e-17,-0.20378747362033511,1.1397000582031087,-1.2449634093901969,-1.8000274803744383,0.39362339639887461,-0.23424222890889104,1.1445431277771168,-0.18175489525664615,
0.66145988154373137,-0.72201851752017787,0.68248624376421863,0.0022878538655006042,-0.036402200944252401,0.0068339566884881835,-0.9993112340642849,0.058769610546253542,0.043986209992268599,0.14280264927992331,0.31714957431799606,-0.33059919702762086,-0.20000000000000001,-0.35325713105499407,-0.0054487523173290661,-0.1260181459424663,0.56101870702485779,-0.20521769842902401,-0.20000000000000001,-9.1316927977591611e-17,-0.18898753270327998,1.1434535387281464,-1.2531205784607935,-1.7898629795159817,0.39706138512577049,-0.23777427093608405,1.1656315011520046,-0.18373390401788023,
0.66052555455818995,-0.72114159828323432,0.6823092617319868,0.0024822869236430511,-0.032343522019536358,0.0078466289397015332,-0.99944292745973407,0.059090208841320463,0.042534301613650641,0.13546719588660427,0.3212989753246549,-0.33173979430700884,-0.20000000000000001,-0.34846255677683241,-0.0045970541205674785,-0.12006239663755325,0.55768095664151729,-0.20230791736543136,-0.20000000000000001,1.1885566315872342e-16,-0.15808402802238819,1.1505555980118294,-1.2460565559976873,-1.7915019377900285,0.40049214405159977,-0.24034694332101758,1.1723855170332087,-0.19080179288148125,
0.66028487179022577,-0.72100484002339948,0.6818463458260231,0.0024633318094228695,-0.03063827528387366,0.0081588076367405567,-0.99949420305571202,0.054952229040122869,0.042160251071618783,0.14043017692072407,0.32866629426041594,-0.32711951893415481,-0.20000000000000001,-0.33726818859770491,-0.0032521655011975873,-0.11427596053759709,0.54261306647642171,-0.20661778406520254,-0.20000000000000001,-1.4380586565304609e-16,-0.11792083640216518,1.1555825882406767,-1.2212116312440895,-1.8016977298905192,0.40144286607370239,-0.24785059431574594,1.1806061101634284,-0.200852940442727,
0.66064818635023059,-0.72172398267982185,0.68093225908191579,0.0021985337883526183,-0.030445071443227729,0.0095890056739027472,-0.99948802646364099,0.046920724514761175,0.043196316667795345,0.15330448284777518,0.34056322562983643,-0.31877230938031964,-0.20000000000000001,-0.32320306068386645,-0.0011547652854296073,-0.10814631669642857,0.52241291104489995,-0.21817179606969214,-0.20000000000000001,-1.1777146098623792e-17,-0.086871243725182373,1.1554803542873195,-1.197354511809551,-1.8082436719119297,0.39967721472713169,-0.25537999332259453,1.1983277356726332,-0.20537394172428808,
0.66114704653103207,-0.7226553965654221,0.67970919644687633,0.0017883591480764786,-0.030637892858874301,0.012707452927793668,-0.99944816870751918,0.035563843703900505,0.044755036030372286,0.16737775560332205,0.35765876913632177,-0.31005057574204342,-0.20000000000000001,-0.30976844205567644,0.0013411704803200902,-0.099961862296823745,0.50280914316758851,-0.23317581588742745,-0.20000000000000001,1.6336046827335887e-16,-0.063012907288710771,1.1511403971898913,-1.1822999796890192,-1.8045725456136508,0.39577157128512663,-0.25867727803125606,1.2164149897453878,-0.20765449672110728,
0.66186340734157512,-0.72378834928912894,0.6784649197716951,0.0012440751371954118,-0.030416934776277462,0.017687025067540402,-0.99938002356467437,0.016680584564856216,0.048007620204154798,0.18189431056999592,0.38780574073059254,-0.29626500837682157,-0.20000000000000001,-0.29557074580202519,0.0038277747818694207,-0.090523656649316608,0.48310560386394058,-0.24963485985533057,-0.20000000000000001,4.8495177329150457e-17,-0.042680211951581649,1.1452118220722176,-1.1767505775573917,-1.7911632476713086,0.38734829747056021,-0.26048089482866987,1.2237050867854804,-0.21148831062455026,
0.6627039752243099,-0.72511756706348707,0.67865756882355843,0.00077010197750781279,-0.029500655910425833,0.023665144672137747,-0.99928428346064047,-0.0069712096497049902,0.052689748586452798,0.19520151329469879,0.4267366802262384,-0.27549971370395965,-0.20000000000000001,-0.27956577325275317,0.0069404822099072821,-0.079659934022664608,0.46168109828734805,-0.26451440962843731,-0.20000000000000001,-1.334652874329656e-16,-0.014247979383303605,1.1355099158193429,-1.1684687817367392,-1.7716369566520636,0.37558292271779087,-0.26564565297139697,1.2254852411659984,-0.2175096802011382,
0.66368751677665883,-0.72680602630550506,0.68367722546400422,0.00051790416684839634,-0.027530703575281715,0.030276614628406133,-0.99916220842392101,-0.041861626221119594,0.060487657768875817,0.20093713252976883,0.48477897729428199,-0.23576123175550617,-0.20000000000000001,-0.26212725621072708,0.011235377238134349,-0.06700330407702168,0.43955707754300771,-0.27452085048763974,-0.20000000000000001,-2.7701365507004638e-17,0.031510987733355769,1.1161131714758088,-1.1511172265888299,-1.7413983187967845,0.35991124558318516,-0.27428060051563552,1.2284908207974503,-0.22518204502796166,
0.66453302956520333,-0.72838009125643122,0.68941507212993169,0.0005373659728620246,-0.025250734770951626,0.035918533706683041,-0.99903552017318187,-0.079884532436199862,0.06942733017061592,0.19783370898319877,0.54683907142262256,-0.18346607584708652,-0.20000000000000001,-0.24884400285146624,0.015520271905713338,-0.056113783582037752,0.42360290006794521,-0.27600487703301291,-0.20000000000000001,-2.9327668765732895e-17,0.081673156013024037,1.0908592819929368,-1.12980619418356,-1.7067865863510978,0.34494183766271996,-0.28237236009069344,1.2360168911612917,-0.23279465907710073,
0.66521424078047142,-0.72980139395636834,0.69515579463646349,0.00074629575437488646,-0.021983690938567019,0.040705158936485887,-0.99892905174057278,-0.1163292369561959,0.078758513119799714,0.19267438206201001,0.60589384420114878,-0.1224616408048116,-0.20000000000000001,-0.23775207264368514,0.019362163910550408,-0.047912106163836315,0.41245584899245613,-0.27376506393614652,-0.20000000000000001,1.6656055874808562e-17,0.12841471412014904,1.0678832911125686,-1.1104371955954875,-1.6750260464557278,0.3323294259419915,-0.28817073750596978,1.2462379971586979,-0.24041919507786427,
0.66571371091892373,-0.73033357734192283,0.69791486707843675,0.001325712222423094,-0.016016964046547011,0.044816941595301502,-0.99886592748770753,-0.1481193254553746,0.086076570117998921,0.18576059467392311,0.65645255502175059,-0.08747262810499451,-0.20000000000000001,-0.22873050182276386,0.021656758564684644,-0.0426159814753993,0.40961568645087132,-0.27173969641766965,-0.20000000000000001,-1.2961636972064206e-16,0.17966145899013991,1.0409757248214186,-1.0901515341959509,-1.6390286614643967,0.32248810526628657,-0.2909228146820676,1.2598507110337811,-0.24928468047737384,
0.66619518079016093,-0.73021396875642108,0.69771535174458899,0.0019921658952289914,-0.0085358050378770318,0.048673296734117667,-0.99877629201560147,-0.17784248741633191,0.091532850652821421,0.17896561404500463,0.70222928886439595,-0.081782818443586369,-0.20000000000000001,-0.21968051353277962,0.022833896503219278,-0.03766923113845963,0.40979843249028769,-0.27174990955803136,-0.20000000000000001,-1.1757494934247492e-16,0.23641248284023153,1.0080561382088524,-1.067016522945103,-1.5971468116982799,0.31270326928739273,-0.29369586235542067,1.274774417897248,-0.25966078276343763,
0.66662407530070145,-0.72967373674787372,0.69561498816907841,0.0024664932264626726,-0.0015810440753181965,0.051435099625481845,-0.99867204188227499,-0.20828047371095451,0.097150852460420586,0.1772586106872571,0.738206895989578,-0.096006580859691673,-0.20000000000000001,-0.21196000387739067,0.02325903811797897,-0.033769739054989173,0.40996146611925954,-0.26297337784783426,-0.20000000000000001,-7.7249404789592191e-18,0.29673061506259468,0.9670273702522505,-1.0401155494478191,-1.5499678628216191,0.29826804872419654,-0.29400913293816799,1.2950135757802355,-0.26592247197424618,
0.66697215494353512,-0.72933004631503906,0.69429019469705167,0.0024998620841313571,0.0028696813566280034,0.051633758844788623,-0.99865883592247351,-0.23444788297666311,0.10296306201275569,0.18072494876757686,0.75714028494675234,-0.10246856611856428,-0.20000000000000001,-0.20650635783314233,0.023358996024712142,-0.033059424499974427,0.40819472399917278,-0.24581940056407761,-0.20000000000000001,9.4528876913579918e-18,0.3434322824757246,0.93213885507565264,-1.0182506651067902,-1.5135549281341629,0.28269281307669675,-0.28898442301134697,1.3186479109611875,-0.26341642058126868,
0.6673718958069903,-0.72918625680432292,0.69358672654511022,0.0022591440633484162,0.0059345785943535866,0.050246698580197778,-0.99871664966936402,-0.25929722267746697,0.10846548020833176,0.18513698769613349,0.7687323585734207,-0.10115605871501442,-0.20000000000000001,-0.2020315892756995,0.023162463366426737,-0.035055273437441609,0.40568498923440688,-0.22749262954488628,-0.20000000000000001,-7.1130438778627125e-17,0.3809940308678052,0.9036568885617613,-1.0006886381022799,-1.4852301944826023,0.2673512796014384,-0.27896605380760264,1.3446523632578482,-0.25473234932052091,
0.66783330157761311,-0.72923700719366746,0.69292173311433403,0.0016280161281058355,0.0087724364576149613,0.046377176233274288,-0.99888415316627766,-0.28124795860414087,0.11277547446139413,0.1924551152326108,0.76997880658498552,-0.09922686237585511,-0.20000000000000001,-0.19709050924754962,0.021865399396570021,-0.042505687469253955,0.40278821359765327,-0.2096550902141206,-0.20000000000000001,-5.4101688407026671e-17,0.41120284475413549,0.88310738255306109,-0.98801522392206809,-1.46629685168067,0.25178012300644514,-0.26306603567087283,1.3736888740913802,-0.23602103423084625,
0.66823254605191196,-0.72941836075293143,0.69176407636102655,0.00091606155288853934,0.012253864437243675,0.041429346314755214,-0.99906587015147152,-0.30148513525169601,0.11708715066250661,0.20359179880081066,0.76624086154785864,-0.10019995339008116,-0.20000000000000001,-0.19129686045743377,0.020247593052082194,-0.052366201723849509,0.39994758668207497,-0.19334418816163959,-0.20000000000000001,-7.4518570567644327e-17,0.44153216988881283,0.86320327365742977,-0.97607366525066497,-1.4477526913961709,0.23557764931618255,-0.24466520459423147,1.4035625238715941,-0.21199761854643748,
0.668470665481397,-0.72942031121260853,0.69071487762018924,0.00031237426891244952,0.015940877327028029,0.036356839993649977,-0.99921167479070083,-0.32223691114982983,0.11707055307931129,0.21011656107016982,0.75616108827755868,-0.096346508386132929,-0.20000000000000001,-0.18595694421813139,0.018134350179941298,-0.063016867294401563,0.39833830684992955,-0.17978842710255552,-0.20000000000000001,2.9659705681056581e-17,0.47348447942622729,0.84040161169082706,-0.96642828393462565,-1.4233227111151048,0.21834642373531704,-0.22594425202312934,1.4379920583413615,-0.18668458648930344,
0.66849840445260189,-0.72905164247708742,0.6903539050055435,5.9981265230856647e-05,0.01848785499033145,0.03256178226529452,-0.99929871707903817,-0.3406314819522096,0.11087966813284504,0.20501362164431999,0.74331215710636678,-0.085821102680569944,-0.20000000000000001,-0.18287453248614202,0.016064481073171065,-0.070902761356294669,0.39813900711958616,-0.17191132533275394,-0.20000000000000001,-5.0785554418526085e-17,0.50040318861977096,0.81905699688591649,-0.96163943999495105,-1.39677354851713,0.20407315706943083,-0.21156362479454691,1.4713474845704613,-0.16618199863457259,
0.66844858416263009,-0.72836229705139965,0.6902735942207876,4.0842899768999609e-05,0.020235800078243379,0.029746697278940058,-0.99935261280893561,-0.35827814133776009,0.10060334380098536,0.19069169452769172,0.72986149584228066,-0.071661589792643809,-0.20000000000000001,-0.18098492710172526,0.014064003495920399,-0.076543743322425362,0.39817831649594726,-0.16611350449524573,-0.20000000000000001,-8.9033750668267644e-19,0.52502623812686888,0.79887786997177113,-0.95946474581000707,-1.3698676739887654,0.19135920863148839,-0.20015867307697144,1.5050806662818998,-0.14883828597406198,
0.66844845495068062,-0.72728070729000782,0.69114981304738199,0.00012840849909790541,0.021322503003656214,0.029812899900115087,-0.99932803692104122,-0.373078251246867,0.089419177693999916,0.17670702190069212,0.71472765945014749,-0.047671812638877598,-0.20000000000000001,-0.17918927512491484,0.012265061881054582,-0.076132375178782435,0.39683719370235526,-0.16279767272557688,-0.20000000000000001,-2.5453340064991725e-17,0.54921351059214296,0.78038067590785198,-0.9614462251251199,-1.3431049947586269,0.17828176570211812,-0.19791901775824569,1.5396473647249849,-0.1407350008983565,
0.66855981514535423,-0.72616805536633411,0.69205853414832619,0.00011856439103721454,0.022808073092189195,0.032171069127882014,-0.9992220974615581,-0.38560714161698167,0.082855694354853127,0.17644840266599124,0.70019232520753438,-0.020939685804297642,-0.20000000000000001,-0.17615696287407151,0.010810506344369994,-0.070844940832764047,0.3938648808994723,-0.15852110799979074,-0.20000000000000001,-1.0308390968084835e-17,0.57545764594164428,0.76224343686420215,-0.96554389175698263,-1.3158858459323184,0.16390290937713645,-0.20281206143963518,1.5748569257640166,-0.14061485765212978,
0.66861479925619549,-0.72615077768389169,0.69245114366176697,8.8332417289052631e-05,0.023038843883638166,0.032723486890803968,-0.99919886773134248,-0.35404642745528353,0.078070124919367809,0.15880356239939206,0.64817309268678103,-0.028845717223867862,-0.20000000000000001,-0.16554126658666435,0.0062294557099329944,-0.063760446749487637,0.37247839280952511,-0.1526689971998117,-0.20000000000000001,-4.4922392357631818e-17,0.56421876175455399,0.69499233156202012,-0.91282118665524326,-1.2434647308129214,0.15951568103891328,-0.19454176417788999,1.4177079688958198,-0.13464129302908251,
0.66866978336703675,-0.72613350000144927,0.69236855218053583,5.8100411752341617e-05,0.02326960638400315,0.03327589287738935,-0.99917527841529796,-0.32248571329358533,0.073284555483882505,0.14115872213279296,0.59615386016602756,-0.036751748643438109,-0.20000000000000001,-0.15492557029925721,0.0016484050754959952,-0.056675952666211254,0.35109190471957785,-0.14681688639983259,-0.20000000000000001,-1.5249981182366423e-17,0.54662773382124707,0.62343710007472786,-0.85544901414898245,-1.1609632333445357,0.15309933533851275,-0.18311945329991283,1.2608592416107518,-0.12559695012355673,
0.66872476747787801,-0.72611622231900685,0.69184484495880394,2.7868385306762287e-05,0.023500360510238714,0.033828286888841506,-0.99915132952191388,-0.29092499913188719,0.068498986048397201,0.12351388186619383,0.54413462764527409,-0.044657780063008357,-0.20000000000000001,-0.14430987401185005,-0.0029326455589410048,-0.049591458582934816,0.3297054166296306,-0.14096477559985354,-0.20000000000000001,-1.5691285347885914e-17,0.52118090337489698,0.54788968323592779,-0.79179983130225073,-1.0666287454716983,0.143777692766548,-0.16918448871548936,1.1041308258644811,-0.11340950038597541,
0.66877975158871927,-0.72609894463656444,0.69093572957053206,-2.3636511678797872e-06,0.023731106179302325,0.034380668726368163,-0.99912702105980877,-0.25936428497018904,0.063713416612911883,0.10586904159959473,0.49211539512452068,-0.052563811482578604,-0.20000000000000001,-0.13369417772444292,-0.007513696193378004,-0.042506964499658434,0.30831892853968335,-0.13511266479987444,-0.20000000000000001,3.6086991684822212e-17,0.48601147804169298,0.46913084482706285,-0.71978878230740551,-0.9584629993148357,0.13089892326976837,-0.15367825833845086,0.94734404824893137,-0.098199895608427429,
0.66883473569956053,-0.72608166695412191,0.68966920326662562,-3.259568679193905e-05,0.023961843308154606,0.034933038191181418,-0.99910235303773065,-0.22780357080849084,0.058927847177426572,0.088224201332995605,0.44009616260376722,-0.060469842902148824,-0.20000000000000001,-0.12307848143703576,-0.012094746827815004,-0.035422470416382024,0.28693244044973615,-0.12926055399989539,-0.20000000000000001,-1.6073297207097603e-17,0.43892032872458475,0.38875784880625736,-0.63689582302511394,-0.83437358486845814,0.11413432004516583,-0.13773321830559837,0.79034242310289171,-0.080246762720462397,
0.66888971981040191,-0.72606438927167938,0.68812424302016528,-6.2827710685631425e-05,0.024192571813759296,0.035485395084497738,-0.99907732546455685,-0.19624285664679264,0.054142277741941254,0.070579361066396479,0.38807693008301375,-0.068375874321719071,-0.20000000000000001,-0.1124627851496286,-0.016675797462252007,-0.028337976333105613,0.26554595235978889,-0.1234084431999163,-0.20000000000000001,-3.7608262858090935e-18,0.37758081349952882,0.30963386923813752,-0.5403728640804768,-0.69247023193988422,0.093523956505238023,-0.12252770382681998,0.63301112319389863,-0.059934434137371054,
0.66894470392124317,-0.72604711158923696,0.68643487091361055,-9.3059711969306717e-05,0.02442329161308306,0.036037739207538146,-0.99905193834929418,-0.1646821424850945,0.049356708306455943,0.052934520799797352,0.33605769756226028,-0.076281905741289305,-0.20000000000000001,-0.10184708886222145,-0.021256848096688999,-0.021253482249829203,0.24415946426984167,-0.11755633239993724,-0.20000000000000001,-1.8431436932253575e-18,0.30004516835487421,0.2363178270498166,-0.42775147212961184,-0.53152790638715186,0.069988131493903219,-0.11300000000000002,0.47550199279281508,-0.039486941528030617,
0.66899968803208432,-0.72602983390679454,0.68646921281848461,-0.00012329167976314625,0.024654002623095885,0.03659007036152833,-0.99902619170107876,-0.13312142832339635,0.044571138870970625,0.035289680533198226,0.28403846504150687,-0.084187937160859538,-0.20000000000000001,-0.091231392574814302,-0.025837898731125998,-0.014168988166552807,0.22277297617989444,-0.11170422159995816,-0.20000000000000001,8.094246843962094e-18,0.20562277610485963,0.17520357277156859,-0.29768842577566024,-0.3515667852538939,0.04405962188640293,-0.11300000000000004,0.31776259090361236,-0.018612775437546754,
0.66905467214292558,-0.72601255622435223,0.68706174480718818,-0.00015352360318751496,0.024884704760770818,0.037142388347698584,-0.99900008552917618,-0.10156071416169815,0.039785569435485307,0.017644840266599127,0.2320192325207534,-0.092093968580429772,-0.20000000000000001,-0.080615696287407154,-0.030418949365562997,-0.0070844940832763964,0.20138648808994722,-0.10585211079997908,-0.20000000000000001,-3.7540500222310591e-18,0.096026784832598633,0.13387416833619389,-0.15101493031716409,-0.15449483199331909,0.014861166432805321,-0.11300000000000007,0.1591280316986029,0.0076491018355132464,
0.66910965625376684,-0.72599527854190971,0.68756125080686181,-0.00018375547136269496,0.025115397943084147,0.037694692967283921,-0.9989736198429815,-0.070000000000000007,0.034999999999999996,0,0.17999999999999999,-0.10000000000000001,-0.20000000000000001,-0.070000000000000007,-0.034999999999999996,0,0.17999999999999999,-0.10000000000000001,-0.20000000000000001,-2.8460307027744491e-18,-0.023813303566453795,0.11952552515783488,0.0084756622001804609,0.045505168006680918,-0.016288502221027835,-0.11300000000000004,-0.00014397374651398614,0.03752580154582931,
0.66910965625376684,-0.72599527854190971,0.68756125080686181,-0.00018375547136269496,0.025115397943084147,0.037694692967283921,-0.9989736198429815,-0.070000000000000007,0.034999999999999996,0,0.17999999999999999,-0.10000000000000001,-0.20000000000000001,-0.070000000000000007,-0.034999999999999996,0,0.17999999999999999,-0.10000000000000001,-0.20000000000000001,-2.8460307027744491e-18,-0.023813303566453795,0.11952552515783488,0.0084756622001804609,0.055579475077740123,-0.016288502221027835,-0.11300000000000004,-0.00014397374651398614,0.03752580154582931,
0.66910965625376684,-0.72599527854190971,0.68756125080686181,-0.00018375547136269496,0.025115397943084147,0.037694692967283921,-0.9989736198429815,-0.070000000000000007,0.034999999999999996,0,0.17999999999999999,-0.10000000000000001,-0.20000000000000001,-0.070000000000000007,-0.034999999999999996,0,0.17999999999999999,-0.10000000000000001,-0.20000000000000001,-2.8460307027744491e-18,-0.023813303566453795,0.11952552515783488,0.0084756622001804609,0.055579475077740123,-0.016288502221027835,-0.11300000000000004,-0.00014397374651398614,0.03752580154582931,
0.66910965625376684,-0.72599527854190971,0.68756125080686181,-0.00018375547136269496,0.025115397943084147,0.037694692967283921,-0.9989736198429815,-0.070000000000000007,0.034999999999999996,0,0.17999999999999999,-0.10000000000000001,-0.20000000000000001,-0.070000000000000007,-0.034999999999999996,0,0.17999999999999999,-0.10000000000000001,-0.20000000000000001,-2.8460307027744491e-18,-0.023813303566453795,0.11952552515783488,0.0084756622001804609,0.055579475077740123,-0.016288502221027835,-0.11300000000000004,-0.00014397374651398614,0.03752580154582931,
0.66910965625376684,-0.72599527854190971,0.68756125080686181,-0.00018375547136269496,0.025115397943084147,0.037694692967283921,-0.9989736198429815,-0.070000000000000007,0.034999999999999996,0,0.17999999999999999,-0.10000000000000001,-0.20000000000000001,-0.070000000000000007,-0.034999999999999996,0,0.17999999999999999,-0.10000000000000001,-0.20000000000000001,-2.8460307027744491e-18,-0.023813303566453795,0.11952552515783488,0.0084756622001804609,0.055579475077740123,-0.016288502221027835,-0.11300000000000004,-0.00014397374651398614,0.03752580154582931,
0.66910965625376684,-0.72599527854190971,0.68756125080686181,-0.00018375547136269496,0.025115397943084147,0.037694692967283921,-0.9989736198429815,-0.070000000000000007,0.034999999999999996,0,0.17999999999999999,-0.10000000000000001,-0.20000000000000001,-0.070000000000000007,-0.034999999999999996,0,0.17999999999999999,-0.10000000000000001,-0.20000000000000001,-2.8460307027744491e-18,-0.023813303566453795,0.11952552515783488,0.0084756622001804609,0.055579475077740123,-0.016288502221027835,-0.11300000000000004,-0.00014397374651398614,0.03752580154582931,
0.66910965625376684,-0.72599527854190971,0.68756125080686181,-0.00018375547136269496,0.025115397943084147,0.037694692967283921,-0.9989736198429815,-0.070000000000000007,0.034999999999999996,0,0.17999999999999999,-0.10000000000000001,-0.20000000000000001,-0.070000000000000007,-0.034999999999999996,0,0.17999999999999999,-0.10000000000000001,-0.20000000000000001,-2.8460307027744491e-18,-0.023813303566453795,0.11952552515783488,0.0084756622001804609,0.055579475077740123,-0.016288502221027835,-0.11300000000000004,-0.00014397374651398614,0.03752580154582931,
0.66910965625376684,-0.72599527854190971,0.68756125080686181,-0.00018375547136269496,0.025115397943084147,0.037694692967283921,-0.9989736198429815,-0.070000000000000007,0.034999999999999996,0,0.17999999999999999,-0.10000000000000001,-0.20000000000000001,-0.070000000000000007,-0.034999999999999996,0,0.17999999999999999,-0.10000000000000001,-0.20000000000000001,-2.8460307027744491e-18,-0.023813303566453795,0.11952552515783488,0.0084756622001804609,0.055579475077740123,-0.016288502221027835,-0.11300000000000004,-0.00014397374651398614,0.03752580154582931,
0.66910965625376684,-0.72599527854190971,0.68756125080686181,-0.00018375547136269496,0.025115397943084147,0.037694692967283921,-0.9989736198429815,-0.070000000000000007,0.034999999999999996,0,0.17999999999999999,-0.10000000000000001,-0.20000000000000001,-0.070000000000000007,-0.034999999999999996,0,0.17999999999999999,-0.10000000000000001,-0.20000000000000001,-2.8460307027744491e-18,-0.023813303566453795,0.11952552515783488,0.0084756622001804609,0.055579475077740123,-0.016288502221027835,-0.11300000000000004,-0.00014397374651398614,0.03752580154582931,
0.66910965625376684,-0.72599527854190971,0.68756125080686181,-0.00018375547136269496,0.025115397943084147,0.037694692967283921,-0.9989736198429815,-0.070000000000000007,0.034999999999999996,0,0.17999999999999999,-0.10000000000000001,-0.20000000000000001,-0.070000000000000007,-0.034999999999999996,0,0.17999999999999999,-0.10000000000000001,-0.20000000000000001,-2.8460307027744491e-18,-0.023813303566453795,0.11952552515783488,0.0084756622001804609,0.055579475077740123,-0.016288502221027835,-0.11300000000000004,-0.00014397374651398614,0.03752580154582931,
0.66910965625376684,-0.72599527854190971,0.68756125080686181,-0.00018375547136269496,0.025115397943084147,0.037694692967283921,-0.9989736198429815,-0.070000000000000007,0.034999999999999996,0,0.17999999999999999,-0.10000000000000001,-0.20000000000000001,-0.070000000000000007,-0.034999999999999996,0,0.17999999999999999,-0.10000000000000001,-0.20000000000000001,-2.8460307027744491e-18,-0.023813303566453795,0.11952552515783488,0.0084756622001804609,0.055579475077740123,-0.016288502221027835,-0.11300000000000004,-0.00014397374651398614,0.03752580154582931,
0.66910965625376684,-0.72599527854190971,0.68756125080686181,-0.00018375547136269496,0.025115397943084147,0.037694692967283921,-0.9989736198429815,-0.070000000000000007,0.034999999999999996,0,0.17999999999999999,-0.10000000000000001,-0.20000000000000001,-0.070000000000000007,-0.034999999999999996,0,0.17999999999999999,-0.10000000000000001,-0.20000000000000001,-2.8460307027744491e-18,-0.023813303566453795,0.11952552515783488,0.0084756622001804609,0.055579475077740123,-0.016288502221027835,-0.11300000000000004,-0.00014397374651398614,0.03752580154582931,
0.66910965625376684,-0.72599527854190971,0.68756125080686181,-0.00018375547136269496,0.025115397943084147,0.037694692967283921,-0.9989736198429815,-0.070000000000000007,0.034999999999999996,0,0.17999999999999999,-0.10000000000000001,-0.20000000000000001,-0.070000000000000007,-0.034999999999999996,0,0.17999999999999999,-0.10000000000000001,-0.20000000000000001,-2.8460307027744491e-18,-0.023813303566453795,0.11952552515783488,0.0084756622001804609,0.055579475077740123,-0.016288502221027835,-0.11300000000000004,-0.00014397374651398614,0.03752580154582931,
0.66910965625376684,-0.72599527854190971,0.68756125080686181,-0.00018375547136269496,0.025115397943084147,0.037694692967283921,-0.9989736198429815,-0.070000000000000007,0.034999999999999996,0,0.17999999999999999,-0.10000000000000001,-0.20000000000000001,-0.070000000000000007,-0.034999999999999996,0,0.17999999999999999,-0.10000000000000001,-0.20000000000000001,-2.8460307027744491e-18,-0.023813303566453795,0.11952552515783488,0.0084756622001804609,0.055579475077740123,-0.016288502221027835,-0.11300000000000004,-0.00014397374651398614,0.03752580154582931,
0.66910965625376684,-0.72599527854190971,0.68756125080686181,-0.00018375547136269496,0.025115397943084147,0.037694692967283921,-0.9989736198429815,-0.070000000000000007,0.034999999999999996,0,0.17999999999999999,-0.10000000000000001,-0.20000000000000001,-0.070000000000000007,-0.034999999999999996,0,0.17999999999999999,-0.10000000000000001,-0.20000000000000001,-2.8460307027744491e-18,-0.023813303566453795,0.11952552515783488,0.0084756622001804609,0.055579475077740123,-0.016288502221027835,-0.11300000000000004,-0.00014397374651398614,0.03752580154582931,
0.66910965625376684,-0.72599527854190971,0.68756125080686181,-0.00018375547136269496,0.025115397943084147,0.037694692967283921,-0.9989736198429815,-0.070000000000000007,0.034999999999999996,0,0.17999999999999999,-0.10000000000000001,-0.20000000000000001,-0.070000000000000007,-0.034999999999999996,0,0.17999999999999999,-0.10000000000000001,-0.20000000000000001,-2.8460307027744491e-18,-0.023813303566453795,0.11952552515783488,0.0084756622001804609,0.055579475077740123,-0.016288502221027835,-0.11300000000000004,-0.00014397374651398614,0.03752580154582931,
0.66910965625376684,-0.72599527854190971,0.68756125080686181,-0.00018375547136269496,0.025115397943084147,0.037694692967283921,-0.9989736198429815,-0.070000000000000007,0.034999999999999996,0,0.17999999999999999,-0.10000000000000001,-0.20000000000000001,-0.070000000000000007,-0.034999999999999996,0,0.17999999999999999,-0.10000000000000001,-0.20000000000000001,-2.8460307027744491e-18,-0.023813303566453795,0.11952552515783488,0.0084756622001804609,0.055579475077740123,-0.016288502221027835,-0.11300000000000004,-0.00014397374651398614,0.03752580154582931,
0.66910965625376684,-0.72599527854190971,0.68756125080686181,-0.00018375547136269496,0.025115397943084147,0.037694692967283921,-0.9989736198429815,-0.070000000000000007,0.034999999999999996,0,0.17999999999999999,-0.10000000000000001,-0.20000000000000001,-0.070000000000000007,-0.034999999999999996,0,0.17999999999999999,-0.10000000000000001,-0.20000000000000001,-2.8460307027744491e-18,-0.023813303566453795,0.11952552515783488,0.0084756622001804609,0.055579475077740123,-0.016288502221027835,-0.11300000000000004,-0.00014397374651398614,0.03752580154582931,
0.66910965625376684,-0.72599527854190971,0.68756125080686181,-0.00018375547136269496,0.025115397943084147,0.037694692967283921,-0.9989736198429815,-0.070000000000000007,0.034999999999999996,0,0.17999999999999999,-0.10000000000000001,-0.20000000000000001,-0.070000000000000007,-0.034999999999999996,0,0.17999999999999999,-0.10000000000000001,-0.20000000000000001,-2.8460307027744491e-18,-0.023813303566453795,0.11952552515783488,0.0084756622001804609,0.055579475077740123,-0.016288502221027835,-0.11300000000000004,-0.00014397374651398614,0.03752580154582931,
0.66910965625376684,-0.72599527854190971,0.68756125080686181,-0.00018375547136269496,0.025115397943084147,0.037694692967283921,-0.9989736198429815,-0.070000000000000007,0.034999999999999996,0,0.17999999999999999,-0.10000000000000001,-0.20000000000000001,-0.070000000000000007,-0.034999999999999996,0,0.17999999999999999,-0.10000000000000001,-0.20000000000000001,-2.8460307027744491e-18,-0.023813303566453795,0.11952552515783488,0.0084756622001804609,0.055579475077740123,-0.016288502221027835,-0.11300000000000004,-0.00014397374651398614,0.03752580154582931,
0.66910965625376684,-0.72599527854190971,0.68756125080686181,-0.00018375547136269496,0.025115397943084147,0.037694692967283921,-0.9989736198429815,-0.070000000000000007,0.034999999999999996,0,0.17999999999999999,-0.10000000000000001,-0.20000000000000001,-0.070000000000000007,-0.034999999999999996,0,0.17999999999999999,-0.10000000000000001,-0.20000000000000001,-2.8460307027744491e-18,-0.023813303566453795,0.11952552515783488,0.0084756622001804609,0.055579475077740123,-0.016288502221027835,-0.11300000000000004,-0.00014397374651398614,0.03752580154582931,
0.66910965625376684,-0.72599527854190971,0.68756125080686181,-0.00018375547136269496,0.025115397943084147,0.037694692967283921,-0.9989736198429815,-0.070000000000000007,0.034999999999999996,0,0.17999999999999999,-0.10000000000000001,-0.20000000000000001,-0.070000000000000007,-0.034999999999999996,0,0.17999999999999999,-0.10000000000000001,-0.20000000000000001,-2.8460307027744491e-18,-0.023813303566453795,0.11952552515783488,0.0084756622001804609,0.055579475077740123,-0.016288502221027835,-0.11300000000000004,-0.00014397374651398614,0.03752580154582931,
0.66910965625376684,-0.72599527854190971,0.68756125080686181,-0.00018375547136269496,0.025115397943084147,0.037694692967283921,-0.9989736198429815,-0.070000000000000007,0.034999999999999996,0,0.17999999999999999,-0.10000000000000001,-0.20000000000000001,-0.070000000000000007,-0.034999999999999996,0,0.17999999999999999,-0.10000000000000001,-0.20000000000000001,-2.8460307027744491e-18,-0.023813303566453795,0.11952552515783488,0.0084756622001804609,0.055579475077740123,-0.016288502221027835,-0.11300000000000004,-0.00014397374651398614,0.03752580154582931,
0.66910965625376684,-0.72599527854190971,0.68756125080686181,-0.00018375547136269496,0.025115397943084147,0.037694692967283921,-0.9989736198429815,-0.070000000000000007,0.034999999999999996,0,0.17999999999999999,-0.10000000000000001,-0.20000000000000001,-0.070000000000000007,-0.034999999999999996,0,0.17999999999999999,-0.10000000000000001,-0.20000000000000001,-2.8460307027744491e-18,-0.023813303566453795,0.11952552515783488,0.0084756622001804609,0.055579475077740123,-0.016288502221027835,-0.11300000000000004,-0.00014397374651398614,0.03752580154582931,
0.66910965625376684,-0.72599527854190971,0.68756125080686181,-0.00018375547136269496,0.025115397943084147,0.037694692967283921,-0.9989736198429815,-0.070000000000000007,0.034999999999999996,0,0.17999999999999999,-0.10000000000000001,-0.20000000000000001,-0.070000000000000007,-0.034999999999999996,0,0.17999999999999999,-0.10000000000000001,-0.20000000000000001,-2.8460307027744491e-18,-0.023813303566453795,0.11952552515783488,0.0084756622001804609,0.055579475077740123,-0.016288502221027835,-0.11300000000000004,-0.00014397374651398614,0.03752580154582931,
0.66910965625376684,-0.72599527854190971,0.68756125080686181,-0.00018375547136269496,0.025115397943084147,0.037694692967283921,-0.9989736198429815,-0.070000000000000007,0.034999999999999996,0,0.17999999999999999,-0.10000000000000001,-0.20000000000000001,-0.070000000000000007,-0.034999999999999996,0,0.17999999999999999,-0.10000000000000001,-0.20000000000000001,-2.8460307027744491e-18,-0.023813303566453795,0.11952552515783488,0.0084756622001804609,0.055579475077740123,-0.016288502221027835,-0.11300000000000004,-0.00014397374651398614,0.03752580154582931,
0.66910965625376684,-0.72599527854190971,0.68756125080686181,-0.00018375547136269496,0.025115397943084147,0.037694692967283921,-0.9989736198429815,-0.070000000000000007,0.034999999999999996,0,0.17999999999999999,-0.10000000000000001,-0.20000000000000001,-0.070000000000000007,-0.034999999999999996,0,0.17999999999999999,-0.10000000000000001,-0.20000000000000001,-2.8460307027744491e-18,-0.023813303566453795,0.11952552515783488,0.0084756622001804609,0.055579475077740123,-0.016288502221027835,-0.11300000000000004,-0.00014397374651398614,0.03752580154582931,
0.66910965625376684,-0.72599527854190971,0.68756125080686181,-0.00018375547136269496,0.025115397943084147,0.037694692967283921,-0.9989736198429815,-0.070000000000000007,0.034999999999999996,0,0.17999999999999999,-0.10000000000000001,-0.20000000000000001,-0.070000000000000007,-0.034999999999999996,0,0.17999999999999999,-0.10000000000000001,-0.20000000000000001,-2.8460307027744491e-18,-0.023813303566453795,0.11952552515783488,0.0084756622001804609,0.055579475077740123,-0.016288502221027835,-0.11300000000000004,-0.00014397374651398614,0.03752580154582931,
0.66910965625376684,-0.72599527854190971,0.68756125080686181,-0.00018375547136269496,0.025115397943084147,0.037694692967283921,-0.9989736198429815,-0.070000000000000007,0.034999999999999996,0,0.17999999999999999,-0.10000000000000001,-0.20000000000000001,-0.070000000000000007,-0.034999999999999996,0,0.17999999999999999,-0.10000000000000001,-0.20000000000000001,-2.8460307027744491e-18,-0.023813303566453795,0.11952552515783488,0.0084756622001804609,0.055579475077740123,-0.016288502221027835,-0.11300000000000004,-0.00014397374651398614,0.03752580154582931,
0.66910965625376684,-0.72599527854190971,0.68756125080686181,-0.00018375547136269496,0.025115397943084147,0.037694692967283921,-0.9989736198429815,-0.070000000000000007,0.034999999999999996,0,0.17999999999999999,-0.10000000000000001,-0.20000000000000001,-0.070000000000000007,-0.034999999999999996,0,0.17999999999999999,-0.10000000000000001,-0.20000000000000001,-2.8460307027744491e-18,-0.023813303566453795,0.11952552515783488,0.0084756622001804609,0.055579475077740123,-0.016288502221027835,-0.11300000000000004,-0.00014397374651398614,0.03752580154582931,
0.66910965625376684,-0.72599527854190971,0.68756125080686181,-0.00018375547136269496,0.025115397943084147,0.037694692967283921,-0.9989736198429815,-0.070000000000000007,0.034999999999999996,0,0.17999999999999999,-0.10000000000000001,-0.20000000000000001,-0.070000000000000007,-0.034999999999999996,0,0.17999999999999999,-0.10000000000000001,-0.20000000000000001,-2.8460307027744491e-18,-0.023813303566453795,0.11952552515783488,0.0084756622001804609,0.055579475077740123,-0.016288502221027835,-0.11300000000000004,-0.00014397374651398614,0.03752580154582931,
0.66910965625376684,-0.72599527854190971,0.68756125080686181,-0.00018375547136269496,0.025115397943084147,0.037694692967283921,-0.9989736198429815,-0.070000000000000007,0.034999999999999996,0,0.17999999999999999,-0.10000000000000001,-0.20000000000000001,-0.070000000000000007,-0.034999999999999996,0,0.17999999999999999,-0.10000000000000001,-0.20000000000000001,-2.8460307027744491e-18,-0.023813303566453795,0.11952552515783488,0.0084756622001804609,0.055579475077740123,-0.016288502221027835,-0.11300000000000004,-0.00014397374651398614,0.03752580154582931,
0.66910965625376684,-0.72599527854190971,0.68756125080686181,-0.00018375547136269496,0.025115397943084147,0.037694692967283921,-0.9989736198429815,-0.070000000000000007,0.034999999999999996,0,0.17999999999999999,-0.10000000000000001,-0.20000000000000001,-0.070000000000000007,-0.034999999999999996,0,0.17999999999999999,-0.10000000000000001,-0.20000000000000001,-2.8460307027744491e-18,-0.023813303566453795,0.11952552515783488,0.0084756622001804609,0.055579475077740123,-0.016288502221027835,-0.11300000000000004,-0.00014397374651398614,0.03752580154582931,
0.66910965625376684,-0.72599527854190971,0.68756125080686181,-0.00018375547136269496,0.025115397943084147,0.037694692967283921,-0.9989736198429815,-0.070000000000000007,0.034999999999999996,0,0.17999999999999999,-0.10000000000000001,-0.20000000000000001,-0.070000000000000007,-0.034999999999999996,0,0.17999999999999999,-0.10000000000000001,-0.20000000000000001,-2.8460307027744491e-18,-0.023813303566453795,0.11952552515783488,0.0084756622001804609,0.055579475077740123,-0.016288502221027835,-0.11300000000000004,-0.00014397374651398614,0.03752580154582931,
0.66910965625376684,-0.72599527854190971,0.68756125080686181,-0.00018375547136269496,0.025115397943084147,0.037694692967283921,-0.9989736198429815,-0.070000000000000007,0.034999999999999996,0,0.17999999999999999,-0.10000000000000001,-0.20000000000000001,-0.070000000000000007,-0.034999999999999996,0,0.17999999999999999,-0.10000000000000001,-0.20000000000000001,-2.8460307027744491e-18,-0.023813303566453795,0.11952552515783488,0.0084756622001804609,0.055579475077740123,-0.016288502221027835,-0.11300000000000004,-0.00014397374651398614,0.03752580154582931,
0.66910965625376684,-0.72599527854190971,0.68756125080686181,-0.00018375547136269496,0.025115397943084147,0.037694692967283921,-0.9989736198429815,-0.070000000000000007,0.034999999999999996,0,0.17999999999999999,-0.10000000000000001,-0.20000000000000001,-0.070000000000000007,-0.034999999999999996,0,0.17999999999999999,-0.10000000000000001,-0.20000000000000001,-2.8460307027744491e-18,-0.023813303566453795,0.11952552515783488,0.0084756622001804609,0.055579475077740123,-0.016288502221027835,-0.11300000000000004,-0.00014397374651398614,0.03752580154582931,
0.66910965625376684,-0.72599527854190971,0.68756125080686181,-0.00018375547136269496,0.025115397943084147,0.037694692967283921,-0.9989736198429815,-0.070000000000000007,0.034999999999999996,0,0.17999999999999999,-0.10000000000000001,-0.20000000000000001,-0.070000000000000007,-0.034999999999999996,0,0.17999999999999999,-0.10000000000000001,-0.20000000000000001,-2.8460307027744491e-18,-0.023813303566453795,0.11952552515783488,0.0084756622001804609,0.055579475077740123,-0.016288502221027835,-0.11300000000000004,-0.00014397374651398614,0.03752580154582931,
0.66910965625376684,-0.72599527854190971,0.68756125080686181,-0.00018375547136269496,0.025115397943084147,0.037694692967283921,-0.9989736198429815,-0.070000000000000007,0.034999999999999996,0,0.17999999999999999,-0.10000000000000001,-0.20000000000000001,-0.070000000000000007,-0.034999999999999996,0,0.17999999999999999,-0.10000000000000001,-0.20000000000000001,-2.8460307027744491e-18,-0.023813303566453795,0.11952552515783488,0.0084756622001804609,0.055579475077740123,-0.016288502221027835,-0.11300000000000004,-0.00014397374651398614,0.03752580154582931,
0.66910965625376684,-0.72599527854190971,0.68756125080686181,-0.00018375547136269496,0.025115397943084147,0.037694692967283921,-0.9989736198429815,-0.070000000000000007,0.034999999999999996,0,0.17999999999999999,-0.10000000000000001,-0.20000000000000001,-0.070000000000000007,-0.034999999999999996,0,0.17999999999999999,-0.10000000000000001,-0.20000000000000001,-2.8460307027744491e-18,-0.023813303566453795,0.11952552515783488,0.0084756622001804609,0.055579475077740123,-0.016288502221027835,-0.11300000000000004,-0.00014397374651398614,0.03752580154582931,
0.66910965625376684,-0.72599527854190971,0.68756125080686181,-0.00018375547136269496,0.025115397943084147,0.037694692967283921,-0.9989736198429815,-0.070000000000000007,0.034999999999999996,0,0.17999999999999999,-0.10000000000000001,-0.20000000000000001,-0.070000000000000007,-0.034999999999999996,0,0.17999999999999999,-0.10000000000000001,-0.20000000000000001,-2.8460307027744491e-18,-0.023813303566453795,0.11952552515783488,0.0084756622001804609,0.055579475077740123,-0.016288502221027835,-0.11300000000000004,-0.00014397374651398614,0.03752580154582931,
0.66910965625376684,-0.72599527854190971,0.68756125080686181,-0.00018375547136269496,0.025115397943084147,0.037694692967283921,-0.9989736198429815,-0.070000000000000007,0.034999999999999996,0,0.17999999999999999,-0.10000000000000001,-0.20000000000000001,-0.070000000000000007,-0.034999999999999996,0,0.17999999999999999,-0.10000000000000001,-0.20000000000000001,-2.8460307027744491e-18,-0.023813303566453795,0.11952552515783488,0.0084756622001804609,0.055579475077740123,-0.016288502221027835,-0.11300000000000004,-0.00014397374651398614,0.03752580154582931,
0.66910965625376684,-0.72599527854190971,0.68756125080686181,-0.00018375547136269496,0.025115397943084147,0.037694692967283921,-0.9989736198429815,-0.070000000000000007,0.034999999999999996,0,0.17999999999999999,-0.10000000000000001,-0.20000000000000001,-0.070000000000000007,-0.034999999999999996,0,0.17999999999999999,-0.10000000000000001,-0.20000000000000001,-2.8460307027744491e-18,-0.023813303566453795,0.11952552515783488,0.0084756622001804609,0.055579475077740123,-0.016288502221027835,-0.11300000000000004,-0.00014397374651398614,0.03752580154582931,
0.66910965625376684,-0.72599527854190971,0.68756125080686181,-0.00018375547136269496,0.025115397943084147,0.037694692967283921,-0.9989736198429815,-0.070000000000000007,0.034999999999999996,0,0.17999999999999999,-0.10000000000000001,-0.20000000000000001,-0.070000000000000007,-0.034999999999999996,0,0.17999999999999999,-0.10000000000000001,-0.20000000000000001,-2.8460307027744491e-18,-0.023813303566453795,0.11952552515783488,0.0084756622001804609,0.055579475077740123,-0.016288502221027835,-0.11300000000000004,-0.00014397374651398614,0.03752580154582931,
0.66910965625376684,-0.72599527854190971,0.68756125080686181,-0.00018375547136269496,0.025115397943084147,0.037694692967283921,-0.9989736198429815,-0.070000000000000007,0.034999999999999996,0,0.17999999999999999,-0.10000000000000001,-0.20000000000000001,-0.070000000000000007,-0.034999999999999996,0,0.17999999999999999,-0.10000000000000001,-0.20000000000000001,-2.8460307027744491e-18,-0.023813303566453795,0.11952552515783488,0.0084756622001804609,0.055579475077740123,-0.016288502221027835,-0.11300000000000004,-0.00014397374651398614,0.03752580154582931,
0.66910965625376684,-0.72599527854190971,0.68756125080686181,-0.00018375547136269496,0.025115397943084147,0.037694692967283921,-0.9989736198429815,-0.070000000000000007,0.034999999999999996,0,0.17999999999999999,-0.10000000000000001,-0.20000000000000001,-0.070000000000000007,-0.034999999999999996,0,0.17999999999999999,-0.10000000000000001,-0.20000000000000001,-2.8460307027744491e-18,-0.023813303566453795,0.11952552515783488,0.0084756622001804609,0.055579475077740123,-0.016288502221027835,-0.11300000000000004,-0.00014397374651398614,0.03752580154582931,
0.66910965625376684,-0.72599527854190971,0.68756125080686181,-0.00018375547136269496,0.025115397943084147,0.037694692967283921,-0.9989736198429815,-0.070000000000000007,0.034999999999999996,0,0.17999999999999999,-0.10000000000000001,-0.20000000000000001,-0.070000000000000007,-0.034999999999999996,0,0.17999999999999999,-0.10000000000000001,-0.20000000000000001,-2.8460307027744491e-18,-0.023813303566453795,0.11952552515783488,0.0084756622001804609,0.055579475077740123,-0.016288502221027835,-0.11300000000000004,-0.00014397374651398614,0.03752580154582931,
0.66910965625376684,-0.72599527854190971,0.68756125080686181,-0.00018375547136269496,0.025115397943084147,0.037694692967283921,-0.9989736198429815,-0.070000000000000007,0.034999999999999996,0,0.17999999999999999,-0.10000000000000001,-0.20000000000000001,-0.070000000000000007,-0.034999999999999996,0,0.17999999999999999,-0.10000000000000001,-0.20000000000000001,-2.8460307027744491e-18,-0.023813303566453795,0.11952552515783488,0.0084756622001804609,0.055579475077740123,-0.016288502221027835,-0.11300000000000004,-0.00014397374651398614,0.03752580154582931,
0.66910965625376684,-0.72599527854190971,0.68756125080686181,-0.00018375547136269496,0.025115397943084147,0.037694692967283921,-0.9989736198429815,-0.070000000000000007,0.034999999999999996,0,0.17999999999999999,-0.10000000000000001,-0.20000000000000001,-0.070000000000000007,-0.034999999999999996,0,0.17999999999999999,-0.10000000000000001,-0.20000000000000001,-2.8460307027744491e-18,-0.023813303566453795,0.11952552515783488,0.0084756622001804609,0.055579475077740123,-0.016288502221027835,-0.11300000000000004,-0.00014397374651398614,0.03752580154582931,
0.66910965625376684,-0.72599527854190971,0.68756125080686181,-0.00018375547136269496,0.025115397943084147,0.037694692967283921,-0.9989736198429815,-0.070000000000000007,0.034999999999999996,0,0.17999999999999999,-0.10000000000000001,-0.20000000000000001,-0.070000000000000007,-0.034999999999999996,0,0.17999999999999999,-0.10000000000000001,-0.20000000000000001,-2.8460307027744491e-18,-0.023813303566453795,0.11952552515783488,0.0084756622001804609,0.055579475077740123,-0.016288502221027835,-0.11300000000000004,-0.00014397374651398614,0.03752580154582931,
0.66910965625376684,-0.72599527854190971,0.68756125080686181,-0.00018375547136269496,0.025115397943084147,0.037694692967283921,-0.9989736198429815,-0.070000000000000007,0.034999999999999996,0,0.17999999999999999,-0.10000000000000001,-0.20000000000000001,-0.070000000000000007,-0.034999999999999996,0,0.17999999999999999,-0.10000000000000001,-0.20000000000000001,-2.8460307027744491e-18,-0.023813303566453795,0.11952552515783488,0.0084756622001804609,0.055579475077740123,-0.016288502221027835,-0.11300000000000004,-0.00014397374651398614,0.03752580154582931,
0.66910965625376684,-0.72599527854190971,0.68756125080686181,-0.00018375547136269496,0.025115397943084147,0.037694692967283921,-0.9989736198429815,-0.070000000000000007,0.034999999999999996,0,0.17999999999999999,-0.10000000000000001,-0.20000000000000001,-0.070000000000000007,-0.034999999999999996,0,0.17999999999999999,-0.10000000000000001,-0.20000000000000001,-2.8460307027744491e-18,-0.023813303566453795,0.11952552515783488,0.0084756622001804609,0.055579475077740123,-0.016288502221027835,-0.11300000000000004,-0.00014397374651398614,0.03752580154582931,
0.66910965625376684,-0.72599527854190971,0.68756125080686181,-0.00018375547136269496,0.025115397943084147,0.037694692967283921,-0.9989736198429815,-0.070000000000000007,0.034999999999999996,0,0.17999999999999999,-0.10000000000000001,-0.20000000000000001,-0.070000000000000007,-0.034999999999999996,0,0.17999999999999999,-0.10000000000000001,-0.20000000000000001,-2.8460307027744491e-18,-0.023813303566453795,0.11952552515783488,0.0084756622001804609,0.055579475077740123,-0.016288502221027835,-0.11300000000000004,-0.00014397374651398614,0.03752580154582931,
0.66910965625376684,-0.72599527854190971,0.68756125080686181,-0.00018375547136269496,0.025115397943084147,0.037694692967283921,-0.9989736198429815,-0.070000000000000007,0.034999999999999996,0,0.17999999999999999,-0.10000000000000001,-0.20000000000000001,-0.070000000000000007,-0.034999999999999996,0,0.17999999999999999,-0.10000000000000001,-0.20000000000000001,-2.8460307027744491e-18,-0.023813303566453795,0.11952552515783488,0.0084756622001804609,0.055579475077740123,-0.016288502221027835,-0.11300000000000004,-0.00014397374651398614,0.03752580154582931,
0.66910965625376684,-0.72599527854190971,0.68756125080686181,-0.00018375547136269496,0.025115397943084147,0.037694692967283921,-0.9989736198429815,-0.070000000000000007,0.034999999999999996,0,0.17999999999999999,-0.10000000000000001,-0.20000000000000001,-0.070000000000000007,-0.034999999999999996,0,0.17999999999999999,-0.10000000000000001,-0.20000000000000001,-2.8460307027744491e-18,-0.023813303566453795,0.11952552515783488,0.0084756622001804609,0.055579475077740123,-0.016288502221027835,-0.11300000000000004,-0.00014397374651398614,0.03752580154582931,
0.66910965625376684,-0.72599527854190971,0.68756125080686181,-0.00018375547136269496,0.025115397943084147,0.037694692967283921,-0.9989736198429815,-0.070000000000000007,0.034999999999999996,0,0.17999999999999999,-0.10000000000000001,-0.20000000000000001,-0.070000000000000007,-0.034999999999999996,0,0.17999999999999999,-0.10000000000000001,-0.20000000000000001,-2.8460307027744491e-18,-0.023813303566453795,0.11952552515783488,0.0084756622001804609,0.055579475077740123,-0.016288502221027835,-0.11300000000000004,-0.00014397374651398614,0.03752580154582931,
0.66910965625376684,-0.72599527854190971,0.68756125080686181,-0.00018375547136269496,0.025115397943084147,0.037694692967283921,-0.9989736198429815,-0.070000000000000007,0.034999999999999996,0,0.17999999999999999,-0.10000000000000001,-0.20000000000000001,-0.070000000000000007,-0.034999999999999996,0,0.17999999999999999,-0.10000000000000001,-0.20000000000000001,-2.8460307027744491e-18,-0.023813303566453795,0.11952552515783488,0.0084756622001804609,0.055579475077740123,-0.016288502221027835,-0.11300000000000004,-0.00014397374651398614,0.03752580154582931,
0.66910965625376684,-0.72599527854190971,0.68756125080686181,-0.00018375547136269496,0.025115397943084147,0.037694692967283921,-0.9989736198429815,-0.070000000000000007,0.034999999999999996,0,0.17999999999999999,-0.10000000000000001,-0.20000000000000001,-0.070000000000000007,-0.034999999999999996,0,0.17999999999999999,-0.10000000000000001,-0.20000000000000001,-2.8460307027744491e-18,-0.023813303566453795,0.11952552515783488,0.0084756622001804609,0.055579475077740123,-0.016288502221027835,-0.11300000000000004,-0.00014397374651398614,0.03752580154582931,
0.66910965625376684,-0.72599527854190971,0.68756125080686181,-0.00018375547136269496,0.025115397943084147,0.037694692967283921,-0.9989736198429815,-0.070000000000000007,0.034999999999999996,0,0.17999999999999999,-0.10000000000000001,-0.20000000000000001,-0.070000000000000007,-0.034999999999999996,0,0.17999999999999999,-0.10000000000000001,-0.20000000000000001,-2.8460307027744491e-18,-0.023813303566453795,0.11952552515783488,0.0084756622001804609,0.055579475077740123,-0.016288502221027835,-0.11300000000000004,-0.00014397374651398614,0.03752580154582931,
0.66910965625376684,-0.72599527854190971,0.68756125080686181,-0.00018375547136269496,0.025115397943084147,0.037694692967283921,-0.9989736198429815,-0.070000000000000007,0.034999999999999996,0,0.17999999999999999,-0.10000000000000001,-0.20000000000000001,-0.070000000000000007,-0.034999999999999996,0,0.17999999999999999,-0.10000000000000001,-0.20000000000000001,-2.8460307027744491e-18,-0.023813303566453795,0.11952552515783488,0.0084756622001804609,0.055579475077740123,-0.016288502221027835,-0.11300000000000004,-0.00014397374651398614,0.03752580154582931,
0.66910965625376684,-0.72599527854190971,0.68756125080686181,-0.00018375547136269496,0.025115397943084147,0.037694692967283921,-0.9989736198429815,-0.070000000000000007,0.034999999999999996,0,0.17999999999999999,-0.10000000000000001,-0.20000000000000001,-0.070000000000000007,-0.034999999999999996,0,0.17999999999999999,-0.10000000000000001,-0.20000000000000001,-2.8460307027744491e-18,-0.023813303566453795,0.11952552515783488,0.0084756622001804609,0.055579475077740123,-0.016288502221027835,-0.11300000000000004,-0.00014397374651398614,0.03752580154582931,
0.66910965625376684,-0.72599527854190971,0.68756125080686181,-0.00018375547136269496,0.025115397943084147,0.037694692967283921,-0.9989736198429815,-0.070000000000000007,0.034999999999999996,0,0.17999999999999999,-0.10000000000000001,-0.20000000000000001,-0.070000000000000007,-0.034999999999999996,0,0.17999999999999999,-0.10000000000000001,-0.20000000000000001,-2.8460307027744491e-18,-0.023813303566453795,0.11952552515783488,0.0084756622001804609,0.055579475077740123,-0.016288502221027835,-0.11300000000000004,-0.00014397374651398614,0.03752580154582931,
0.66910965625376684,-0.72599527854190971,0.68756125080686181,-0.00018375547136269496,0.025115397943084147,0.037694692967283921,-0.9989736198429815,-0.070000000000000007,0.034999999999999996,0,0.17999999999999999,-0.10000000000000001,-0.20000000000000001,-0.070000000000000007,-0.034999999999999996,0,0.17999999999999999,-0.10000000000000001,-0.20000000000000001,-2.8460307027744491e-18,-0.023813303566453795,0.11952552515783488,0.0084756622001804609,0.055579475077740123,-0.016288502221027835,-0.11300000000000004,-0.00014397374651398614,0.03752580154582931,
0.66910965625376684,-0.72599527854190971,0.68756125080686181,-0.00018375547136269496,0.025115397943084147,0.037694692967283921,-0.9989736198429815,-0.070000000000000007,0.034999999999999996,0,0.17999999999999999,-0.10000000000000001,-0.20000000000000001,-0.070000000000000007,-0.034999999999999996,0,0.17999999999999999,-0.10000000000000001,-0.20000000000000001,-2.8460307027744491e-18,-0.023813303566453795,0.11952552515783488,0.0084756622001804609,0.055579475077740123,-0.016288502221027835,-0.11300000000000004,-0.00014397374651398614,0.03752580154582931,
0.66910965625376684,-0.72599527854190971,0.68756125080686181,-0.00018375547136269496,0.025115397943084147,0.037694692967283921,-0.9989736198429815,-0.070000000000000007,0.034999999999999996,0,0.17999999999999999,-0.10000000000000001,-0.20000000000000001,-0.070000000000000007,-0.034999999999999996,0,0.17999999999999999,-0.10000000000000001,-0.20000000000000001,-2.8460307027744491e-18,-0.023813303566453795,0.11952552515783488,0.0084756622001804609,0.055579475077740123,-0.016288502221027835,-0.11300000000000004,-0.00014397374651398614,0.03752580154582931,
0.66910965625376684,-0.72599527854190971,0.68756125080686181,-0.00018375547136269496,0.025115397943084147,0.037694692967283921,-0.9989736198429815,-0.070000000000000007,0.034999999999999996,0,0.17999999999999999,-0.10000000000000001,-0.20000000000000001,-0.070000000000000007,-0.034999999999999996,0,0.17999999999999999,-0.10000000000000001,-0.20000000000000001,-2.8460307027744491e-18,-0.023813303566453795,0.11952552515783488,0.0084756622001804609,0.055579475077740123,-0.016288502221027835,-0.11300000000000004,-0.00014397374651398614,0.03752580154582931,
0.66910965625376684,-0.72599527854190971,0.68756125080686181,-0.00018375547136269496,0.025115397943084147,0.037694692967283921,-0.9989736198429815,-0.070000000000000007,0.034999999999999996,0,0.17999999999999999,-0.10000000000000001,-0.20000000000000001,-0.070000000000000007,-0.034999999999999996,0,0.17999999999999999,-0.10000000000000001,-0.20000000000000001,-2.8460307027744491e-18,-0.023813303566453795,0.11952552515783488,0.0084756622001804609,0.055579475077740123,-0.016288502221027835,-0.11300000000000004,-0.00014397374651398614,0.03752580154582931,
0.66910965625376684,-0.72599527854190971,0.68756125080686181,-0.00018375547136269496,0.025115397943084147,0.037694692967283921,-0.9989736198429815,-0.070000000000000007,0.034999999999999996,0,0.17999999999999999,-0.10000000000000001,-0.20000000000000001,-0.070000000000000007,-0.034999999999999996,0,0.17999999999999999,-0.10000000000000001,-0.20000000000000001,-2.8460307027744491e-18,-0.023813303566453795,0.11952552515783488,0.0084756622001804609,0.055579475077740123,-0.016288502221027835,-0.11300000000000004,-0.00014397374651398614,0.03752580154582931,
0.66910965625376684,-0.72599527854190971,0.68756125080686181,-0.00018375547136269496,0.025115397943084147,0.037694692967283921,-0.9989736198429815,-0.070000000000000007,0.034999999999999996,0,0.17999999999999999,-0.10000000000000001,-0.20000000000000001,-0.070000000000000007,-0.034999999999999996,0,0.17999999999999999,-0.10000000000000001,-0.20000000000000001,-2.8460307027744491e-18,-0.023813303566453795,0.11952552515783488,0.0084756622001804609,0.055579475077740123,-0.016288502221027835,-0.11300000000000004,-0.00014397374651398614,0.03752580154582931,
0.66910965625376684,-0.72599527854190971,0.68756125080686181,-0.00018375547136269496,0.025115397943084147,0.037694692967283921,-0.9989736198429815,-0.070000000000000007,0.034999999999999996,0,0.17999999999999999,-0.10000000000000001,-0.20000000000000001,-0.070000000000000007,-0.034999999999999996,0,0.17999999999999999,-0.10000000000000001,-0.20000000000000001,-2.8460307027744491e-18,-0.023813303566453795,0.11952552515783488,0.0084756622001804609,0.055579475077740123,-0.016288502221027835,-0.11300000000000004,-0.00014397374651398614,0.03752580154582931,
0.66910965625376684,-0.72599527854190971,0.68756125080686181,-0.00018375547136269496,0.025115397943084147,0.037694692967283921,-0.9989736198429815,-0.070000000000000007,0.034999999999999996,0,0.17999999999999999,-0.10000000000000001,-0.20000000000000001,-0.070000000000000007,-0.034999999999999996,0,0.17999999999999999,-0.10000000000000001,-0.20000000000000001,-2.8460307027744491e-18,-0.023813303566453795,0.11952552515783488,0.0084756622001804609,0.055579475077740123,-0.016288502221027835,-0.11300000000000004,-0.00014397374651398614,0.03752580154582931,
0.66910965625376684,-0.72599527854190971,0.68756125080686181,-0.00018375547136269496,0.025115397943084147,0.037694692967283921,-0.9989736198429815,-0.070000000000000007,0.034999999999999996,0,0.17999999999999999,-0.10000000000000001,-0.20000000000000001,-0.070000000000000007,-0.034999999999999996,0,0.17999999999999999,-0.10000000000000001,-0.20000000000000001,-2.8460307027744491e-18,-0.023813303566453795,0.11952552515783488,0.0084756622001804609,0.055579475077740123,-0.016288502221027835,-0.11300000000000004,-0.00014397374651398614,0.03752580154582931,
0.66910965625376684,-0.72599527854190971,0.68756125080686181,-0.00018375547136269496,0.025115397943084147,0.037694692967283921,-0.9989736198429815,-0.070000000000000007,0.034999999999999996,0,0.17999999999999999,-0.10000000000000001,-0.20000000000000001,-0.070000000000000007,-0.034999999999999996,0,0.17999999999999999,-0.10000000000000001,-0.20000000000000001,-2.8460307027744491e-18,-0.023813303566453795,0.11952552515783488,0.0084756622001804609,0.055579475077740123,-0.016288502221027835,-0.11300000000000004,-0.00014397374651398614,0.03752580154582931,
0.66910965625376684,-0.72599527854190971,0.68756125080686181,-0.00018375547136269496,0.025115397943084147,0.037694692967283921,-0.9989736198429815,-0.070000000000000007,0.034999999999999996,0,0.17999999999999999,-0.10000000000000001,-0.20000000000000001,-0.070000000000000007,-0.034999999999999996,0,0.17999999999999999,-0.10000000000000001,-0.20000000000000001,-2.8460307027744491e-18,-0.023813303566453795,0.11952552515783488,0.0084756622001804609,0.055579475077740123,-0.016288502221027835,-0.11300000000000004,-0.00014397374651398614,0.03752580154582931,
0.66910965625376684,-0.72599527854190971,0.68756125080686181,-0.00018375547136269496,0.025115397943084147,0.037694692967283921,-0.9989736198429815,-0.070000000000000007,0.034999999999999996,0,0.17999999999999999,-0.10000000000000001,-0.20000000000000001,-0.070000000000000007,-0.034999999999999996,0,0.17999999999999999,-0.10000000000000001,-0.20000000000000001,-2.8460307027744491e-18,-0.023813303566453795,0.11952552515783488,0.0084756622001804609,0.055579475077740123,-0.016288502221027835,-0.11300000000000004,-0.00014397374651398614,0.03752580154582931,
0.66910965625376684,-0.72599527854190971,0.68756125080686181,-0.00018375547136269496,0.025115397943084147,0.037694692967283921,-0.9989736198429815,-0.070000000000000007,0.034999999999999996,0,0.17999999999999999,-0.10000000000000001,-0.20000000000000001,-0.070000000000000007,-0.034999999999999996,0,0.17999999999999999,-0.10000000000000001,-0.20000000000000001,-2.8460307027744491e-18,-0.023813303566453795,0.11952552515783488,0.0084756622001804609,0.055579475077740123,-0.016288502221027835,-0.11300000000000004,-0.00014397374651398614,0.03752580154582931,
0.66910965625376684,-0.72599527854190971,0.68756125080686181,-0.00018375547136269496,0.025115397943084147,0.037694692967283921,-0.9989736198429815,-0.070000000000000007,0.034999999999999996,0,0.17999999999999999,-0.10000000000000001,-0.20000000000000001,-0.070000000000000007,-0.034999999999999996,0,0.17999999999999999,-0.10000000000000001,-0.20000000000000001,-2.8460307027744491e-18,-0.023813303566453795,0.11952552515783488,0.0084756622001804609,0.055579475077740123,-0.016288502221027835,-0.11300000000000004,-0.00014397374651398614,0.03752580154582931,
0.66910965625376684,-0.72599527854190971,0.68756125080686181,-0.00018375547136269496,0.025115397943084147,0.037694692967283921,-0.9989736198429815,-0.070000000000000007,0.034999999999999996,0,0.17999999999999999,-0.10000000000000001,-0.20000000000000001,-0.070000000000000007,-0.034999999999999996,0,0.17999999999999999,-0.10000000000000001,-0.20000000000000001,-2.8460307027744491e-18,-0.023813303566453795,0.11952552515783488,0.0084756622001804609,0.055579475077740123,-0.016288502221027835,-0.11300000000000004,-0.00014397374651398614,0.03752580154582931,
0.66910965625376684,-0.72599527854190971,0.68756125080686181,-0.00018375547136269496,0.025115397943084147,0.037694692967283921,-0.9989736198429815,-0.070000000000000007,0.034999999999999996,0,0.17999999999999999,-0.10000000000000001,-0.20000000000000001,-0.070000000000000007,-0.034999999999999996,0,0.17999999999999999,-0.10000000000000001,-0.20000000000000001,-2.8460307027744491e-18,-0.023813303566453795,0.11952552515783488,0.0084756622001804609,0.055579475077740123,-0.016288502221027835,-0.11300000000000004,-0.00014397374651398614,0.03752580154582931,
0.66910965625376684,-0.72599527854190971,0.68756125080686181,-0.00018375547136269496,0.025115397943084147,0.037694692967283921,-0.9989736198429815,-0.070000000000000007,0.034999999999999996,0,0.17999999999999999,-0.10000000000000001,-0.20000000000000001,-0.070000000000000007,-0.034999999999999996,0,0.17999999999999999,-0.10000000000000001,-0.20000000000000001,-2.8460307027744491e-18,-0.023813303566453795,0.11952552515783488,0.0084756622001804609,0.055579475077740123,-0.016288502221027835,-0.11300000000000004,-0.00014397374651398614,0.03752580154582931,
0.66910965625376684,-0.72599527854190971,0.68756125080686181,-0.00018375547136269496,0.025115397943084147,0.037694692967283921,-0.9989736198429815,-0.070000000000000007,0.034999999999999996,0,0.17999999999999999,-0.10000000000000001,-0.20000000000000001,-0.070000000000000007,-0.034999999999999996,0,0.17999999999999999,-0.10000000000000001,-0.20000000000000001,-2.8460307027744491e-18,-0.023813303566453795,0.11952552515783488,0.0084756622001804609,0.055579475077740123,-0.016288502221027835,-0.11300000000000004,-0.00014397374651398614,0.03752580154582931,
0.66910965625376684,-0.72599527854190971,0.68756125080686181,-0.00018375547136269496,0.025115397943084147,0.037694692967283921,-0.9989736198429815,-0.070000000000000007,0.034999999999999996,0,0.17999999999999999,-0.10000000000000001,-0.20000000000000001,-0.070000000000000007,-0.034999999999999996,0,0.17999999999999999,-0.10000000000000001,-0.20000000000000001,-2.8460307027744491e-18,-0.023813303566453795,0.11952552515783488,0.0084756622001804609,0.055579475077740123,-0.016288502221027835,-0.11300000000000004,-0.00014397374651398614,0.03752580154582931,
0.66910965625376684,-0.72599527854190971,0.68756125080686181,-0.00018375547136269496,0.025115397943084147,0.037694692967283921,-0.9989736198429815,-0.070000000000000007,0.034999999999999996,0,0.17999999999999999,-0.10000000000000001,-0.20000000000000001,-0.070000000000000007,-0.034999999999999996,0,0.17999999999999999,-0.10000000000000001,-0.20000000000000001,-2.8460307027744491e-18,-0.023813303566453795,0.11952552515783488,0.0084756622001804609,0.055579475077740123,-0.016288502221027835,-0.11300000000000004,-0.00014397374651398614,0.03752580154582931,
0.66910965625376684,-0.72599527854190971,0.68756125080686181,-0.00018375547136269496,0.025115397943084147,0.037694692967283921,-0.9989736198429815,-0.070000000000000007,0.034999999999999996,0,0.17999999999999999,-0.10000000000000001,-0.20000000000000001,-0.070000000000000007,-0.034999999999999996,0,0.17999999999999999,-0.10000000000000001,-0.20000000000000001,-2.8460307027744491e-18,-0.023813303566453795,0.11952552515783488,0.0084756622001804609,0.055579475077740123,-0.016288502221027835,-0.11300000000000004,-0.00014397374651398614,0.03752580154582931,
0.66910965625376684,-0.72599527854190971,0.68756125080686181,-0.00018375547136269496,0.025115397943084147,0.037694692967283921,-0.9989736198429815,-0.070000000000000007,0.034999999999999996,0,0.17999999999999999,-0.10000000000000001,-0.20000000000000001,-0.070000000000000007,-0.034999999999999996,0,0.17999999999999999,-0.10000000000000001,-0.20000000000000001,-2.8460307027744491e-18,-0.023813303566453795,0.11952552515783488,0.0084756622001804609,0.055579475077740123,-0.016288502221027835,-0.11300000000000004,-0.00014397374651398614,0.03752580154582931,
0.66910965625376684,-0.72599527854190971,0.68756125080686181,-0.00018375547136269496,0.025115397943084147,0.037694692967283921,-0.9989736198429815,-0.070000000000000007,0.034999999999999996,0,0.17999999999999999,-0.10000000000000001,-0.20000000000000001,-0.070000000000000007,-0.034999999999999996,0,0.17999999999999999,-0.10000000000000001,-0.20000000000000001,-2.8460307027744491e-18,-0.023813303566453795,0.11952552515783488,0.0084756622001804609,0.055579475077740123,-0.016288502221027835,-0.11300000000000004,-0.00014397374651398614,0.03752580154582931,
0.66910965625376684,-0.72599527854190971,0.68756125080686181,-0.00018375547136269496,0.025115397943084147,0.037694692967283921,-0.9989736198429815,-0.070000000000000007,0.034999999999999996,0,0.17999999999999999,-0.10000000000000001,-0.20000000000000001,-0.070000000000000007,-0.034999999999999996,0,0.17999999999999999,-0.10000000000000001,-0.20000000000000001,-2.8460307027744491e-18,-0.023813303566453795,0.11952552515783488,0.0084756622001804609,0.055579475077740123,-0.016288502221027835,-0.11300000000000004,-0.00014397374651398614,0.03752580154582931,
0.66910965625376684,-0.72599527854190971,0.68756125080686181,-0.00018375547136269496,0.025115397943084147,0.037694692967283921,-0.9989736198429815,-0.070000000000000007,0.034999999999999996,0,0.17999999999999999,-0.10000000000000001,-0.20000000000000001,-0.070000000000000007,-0.034999999999999996,0,0.17999999999999999,-0.10000000000000001,-0.20000000000000001,-2.8460307027744491e-18,-0.023813303566453795,0.11952552515783488,0.0084756622001804609,0.055579475077740123,-0.016288502221027835,-0.11300000000000004,-0.00014397374651398614,0.03752580154582931,
0.66910965625376684,-0.72599527854190971,0.68756125080686181,-0.00018375547136269496,0.025115397943084147,0.037694692967283921,-0.9989736198429815,-0.070000000000000007,0.034999999999999996,0,0.17999999999999999,-0.10000000000000001,-0.20000000000000001,-0.070000000000000007,-0.034999999999999996,0,0.17999999999999999,-0.10000000000000001,-0.20000000000000001,-2.8460307027744491e-18,-0.023813303566453795,0.11952552515783488,0.0084756622001804609,0.055579475077740123,-0.016288502221027835,-0.11300000000000004,-0.00014397374651398614,0.03752580154582931,
0.66910965625376684,-0.72599527854190971,0.68756125080686181,-0.00018375547136269496,0.025115397943084147,0.037694692967283921,-0.9989736198429815,-0.070000000000000007,0.034999999999999996,0,0.17999999999999999,-0.10000000000000001,-0.20000000000000001,-0.070000000000000007,-0.034999999999999996,0,0.17999999999999999,-0.10000000000000001,-0.20000000000000001,-2.8460307027744491e-18,-0.023813303566453795,0.11952552515783488,0.0084756622001804609,0.055579475077740123,-0.016288502221027835,-0.11300000000000004,-0.00014397374651398614,0.03752580154582931,
0.66910965625376684,-0.72599527854190971,0.68756125080686181,-0.00018375547136269496,0.025115397943084147,0.037694692967283921,-0.9989736198429815,-0.070000000000000007,0.034999999999999996,0,0.17999999999999999,-0.10000000000000001,-0.20000000000000001,-0.070000000000000007,-0.034999999999999996,0,0.17999999999999999,-0.10000000000000001,-0.20000000000000001,-2.8460307027744491e-18,-0.023813303566453795,0.11952552515783488,0.0084756622001804609,0.055579475077740123,-0.016288502221027835,-0.11300000000000004,-0.00014397374651398614,0.03752580154582931,
0.66910965625376684,-0.72599527854190971,0.68756125080686181,-0.00018375547136269496,0.025115397943084147,0.037694692967283921,-0.9989736198429815,-0.070000000000000007,0.034999999999999996,0,0.17999999999999999,-0.10000000000000001,-0.20000000000000001,-0.070000000000000007,-0.034999999999999996,0,0.17999999999999999,-0.10000000000000001,-0.20000000000000001,-2.8460307027744491e-18,-0.023813303566453795,0.11952552515783488,0.0084756622001804609,0.055579475077740123,-0.016288502221027835,-0.11300000000000004,-0.00014397374651398614,0.03752580154582931,
0.66910965625376684,-0.72599527854190971,0.68756125080686181,-0.00018375547136269496,0.025115397943084147,0.037694692967283921,-0.9989736198429815,-0.070000000000000007,0.034999999999999996,0,0.17999999999999999,-0.10000000000000001,-0.20000000000000001,-0.070000000000000007,-0.034999999999999996,0,0.17999999999999999,-0.10000000000000001,-0.20000000000000001,-2.8460307027744491e-18,-0.023813303566453795,0.11952552515783488,0.0084756622001804609,0.055579475077740123,-0.016288502221027835,-0.11300000000000004,-0.00014397374651398614,0.03752580154582931,
0.66910965625376684,-0.72599527854190971,0.68756125080686181,-0.00018375547136269496,0.025115397943084147,0.037694692967283921,-0.9989736198429815,-0.070000000000000007,0.034999999999999996,0,0.17999999999999999,-0.10000000000000001,-0.20000000000000001,-0.070000000000000007,-0.034999999999999996,0,0.17999999999999999,-0.10000000000000001,-0.20000000000000001,-2.8460307027744491e-18,-0.023813303566453795,0.11952552515783488,0.0084756622001804609,0.055579475077740123,-0.016288502221027835,-0.11300000000000004,-0.00014397374651398614,0.03752580154582931,
0.66910965625376684,-0.72599527854190971,0.68756125080686181,-0.00018375547136269496,0.025115397943084147,0.037694692967283921,-0.9989736198429815,-0.070000000000000007,0.034999999999999996,0,0.17999999999999999,-0.10000000000000001,-0.20000000000000001,-0.070000000000000007,-0.034999999999999996,0,0.17999999999999999,-0.10000000000000001,-0.20000000000000001,-2.8460307027744491e-18,-0.023813303566453795,0.11952552515783488,0.0084756622001804609,0.055579475077740123,-0.016288502221027835,-0.11300000000000004,-0.00014397374651398614,0.03752580154582931,
0.66910965625376684,-0.72599527854190971,0.68756125080686181,-0.00018375547136269496,0.025115397943084147,0.037694692967283921,-0.9989736198429815,-0.070000000000000007,0.034999999999999996,0,0.17999999999999999,-0.10000000000000001,-0.20000000000000001,-0.070000000000000007,-0.034999999999999996,0,0.17999999999999999,-0.10000000000000001,-0.20000000000000001,-2.8460307027744491e-18,-0.023813303566453795,0.11952552515783488,0.0084756622001804609,0.055579475077740123,-0.016288502221027835,-0.11300000000000004,-0.00014397374651398614,0.03752580154582931,
0.66910965625376684,-0.72599527854190971,0.68756125080686181,-0.00018375547136269496,0.025115397943084147,0.037694692967283921,-0.9989736198429815,-0.070000000000000007,0.034999999999999996,0,0.17999999999999999,-0.10000000000000001,-0.20000000000000001,-0.070000000000000007,-0.034999999999999996,0,0.17999999999999999,-0.10000000000000001,-0.20000000000000001,-2.8460307027744491e-18,-0.023813303566453795,0.11952552515783488,0.0084756622001804609,0.055579475077740123,-0.016288502221027835,-0.11300000000000004,-0.00014397374651398614,0.03752580154582931,
0.66910965625376684,-0.72599527854190971,0.68756125080686181,-0.00018375547136269496,0.025115397943084147,0.037694692967283921,-0.9989736198429815,-0.070000000000000007,0.034999999999999996,0,0.17999999999999999,-0.10000000000000001,-0.20000000000000001,-0.070000000000000007,-0.034999999999999996,0,0.17999999999999999,-0.10000000000000001,-0.20000000000000001,-2.8460307027744491e-18,-0.023813303566453795,0.11952552515783488,0.0084756622001804609,0.055579475077740123,-0.016288502221027835,-0.11300000000000004,-0.00014397374651398614,0.03752580154582931,
0.66910965625376684,-0.72599527854190971,0.68756125080686181,-0.00018375547136269496,0.025115397943084147,0.037694692967283921,-0.9989736198429815,-0.070000000000000007,0.034999999999999996,0,0.17999999999999999,-0.10000000000000001,-0.20000000000000001,-0.070000000000000007,-0.034999999999999996,0,0.17999999999999999,-0.10000000000000001,-0.20000000000000001,-2.8460307027744491e-18,-0.023813303566453795,0.11952552515783488,0.0084756622001804609,0.055579475077740123,-0.016288502221027835,-0.11300000000000004,-0.00014397374651398614,0.03752580154582931,
0.66910965625376684,-0.72599527854190971,0.68756125080686181,-0.00018375547136269496,0.025115397943084147,0.037694692967283921,-0.9989736198429815,-0.070000000000000007,0.034999999999999996,0,0.17999999999999999,-0.10000000000000001,-0.20000000000000001,-0.070000000000000007,-0.034999999999999996,0,0.17999999999999999,-0.10000000000000001,-0.20000000000000001,-2.8460307027744491e-18,-0.023813303566453795,0.11952552515783488,0.0084756622001804609,0.055579475077740123,-0.016288502221027835,-0.11300000000000004,-0.00014397374651398614,0.03752580154582931,
0.66910965625376684,-0.72599527854190971,0.68756125080686181,-0.00018375547136269496,0.025115397943084147,0.037694692967283921,-0.9989736198429815,-0.070000000000000007,0.034999999999999996,0,0.17999999999999999,-0.10000000000000001,-0.20000000000000001,-0.070000000000000007,-0.034999999999999996,0,0.17999999999999999,-0.10000000000000001,-0.20000000000000001,-2.8460307027744491e-18,-0.023813303566453795,0.11952552515783488,0.0084756622001804609,0.055579475077740123,-0.016288502221027835,-0.11300000000000004,-0.00014397374651398614,0.03752580154582931,
0.66910965625376684,-0.72599527854190971,0.68756125080686181,-0.00018375547136269496,0.025115397943084147,0.037694692967283921,-0.9989736198429815,-0.070000000000000007,0.034999999999999996,0,0.17999999999999999,-0.10000000000000001,-0.20000000000000001,-0.070000000000000007,-0.034999999999999996,0,0.17999999999999999,-0.10000000000000001,-0.20000000000000001,-2.8460307027744491e-18,-0.023813303566453795,0.11952552515783488,0.0084756622001804609,0.055579475077740123,-0.016288502221027835,-0.11300000000000004,-0.00014397374651398614,0.03752580154582931,
0.66910965625376684,-0.72599527854190971,0.68756125080686181,-0.00018375547136269496,0.025115397943084147,0.037694692967283921,-0.9989736198429815,-0.070000000000000007,0.034999999999999996,0,0.17999999999999999,-0.10000000000000001,-0.20000000000000001,-0.070000000000000007,-0.034999999999999996,0,0.17999999999999999,-0.10000000000000001,-0.20000000000000001,-2.8460307027744491e-18,-0.023813303566453795,0.11952552515783488,0.0084756622001804609,0.055579475077740123,-0.016288502221027835,-0.11300000000000004,-0.00014397374651398614,0.03752580154582931,
0.66910965625376684,-0.72599527854190971,0.68756125080686181,-0.00018375547136269496,0.025115397943084147,0.037694692967283921,-0.9989736198429815,-0.070000000000000007,0.034999999999999996,0,0.17999999999999999,-0.10000000000000001,-0.20000000000000001,-0.070000000000000007,-0.034999999999999996,0,0.17999999999999999,-0.10000000000000001,-0.20000000000000001,-2.8460307027744491e-18,-0.023813303566453795,0.11952552515783488,0.0084756622001804609,0.055579475077740123,-0.016288502221027835,-0.11300000000000004,-0.00014397374651398614,0.03752580154582931,
0.66910965625376684,-0.72599527854190971,0.68756125080686181,-0.00018375547136269496,0.025115397943084147,0.037694692967283921,-0.9989736198429815,-0.070000000000000007,0.034999999999999996,0,0.17999999999999999,-0.10000000000000001,-0.20000000000000001,-0.070000000000000007,-0.034999999999999996,0,0.17999999999999999,-0.10000000000000001,-0.20000000000000001,-2.8460307027744491e-18,-0.023813303566453795,0.11952552515783488,0.0084756622001804609,0.055579475077740123,-0.016288502221027835,-0.11300000000000004,-0.00014397374651398614,0.03752580154582931,
0.66910965625376684,-0.72599527854190971,0.68756125080686181,-0.00018375547136269496,0.025115397943084147,0.037694692967283921,-0.9989736198429815,-0.070000000000000007,0.034999999999999996,0,0.17999999999999999,-0.10000000000000001,-0.20000000000000001,-0.070000000000000007,-0.034999999999999996,0,0.17999999999999999,-0.10000000000000001,-0.20000000000000001,-2.8460307027744491e-18,-0.023813303566453795,0.11952552515783488,0.0084756622001804609,0.055579475077740123,-0.016288502221027835,-0.11300000000000004,-0.00014397374651398614,0.03752580154582931,
0.66910965625376684,-0.72599527854190971,0.68756125080686181,-0.00018375547136269496,0.025115397943084147,0.037694692967283921,-0.9989736198429815,-0.070000000000000007,0.034999999999999996,0,0.17999999999999999,-0.10000000000000001,-0.20000000000000001,-0.070000000000000007,-0.034999999999999996,0,0.17999999999999999,-0.10000000000000001,-0.20000000000000001,-2.8460307027744491e-18,-0.023813303566453795,0.11952552515783488,0.0084756622001804609,0.055579475077740123,-0.016288502221027835,-0.11300000000000004,-0.00014397374651398614,0.03752580154582931,
0.66910965625376684,-0.72599527854190971,0.68756125080686181,-0.00018375547136269496,0.025115397943084147,0.037694692967283921,-0.9989736198429815,-0.070000000000000007,0.034999999999999996,0,0.17999999999999999,-0.10000000000000001,-0.20000000000000001,-0.070000000000000007,-0.034999999999999996,0,0.17999999999999999,-0.10000000000000001,-0.20000000000000001,-2.8460307027744491e-18,-0.023813303566453795,0.11952552515783488,0.0084756622001804609,0.055579475077740123,-0.016288502221027835,-0.11300000000000004,-0.00014397374651398614,0.03752580154582931,
0.66910965625376684,-0.72599527854190971,0.68756125080686181,-0.00018375547136269496,0.025115397943084147,0.037694692967283921,-0.9989736198429815,-0.070000000000000007,0.034999999999999996,0,0.17999999999999999,-0.10000000000000001,-0.20000000000000001,-0.070000000000000007,-0.034999999999999996,0,0.17999999999999999,-0.10000000000000001,-0.20000000000000001,-2.8460307027744491e-18,-0.023813303566453795,0.11952552515783488,0.0084756622001804609,0.055579475077740123,-0.016288502221027835,-0.11300000000000004,-0.00014397374651398614,0.03752580154582931,
0.66910965625376684,-0.72599527854190971,0.68756125080686181,-0.00018375547136269496,0.025115397943084147,0.037694692967283921,-0.9989736198429815,-0.070000000000000007,0.034999999999999996,0,0.17999999999999999,-0.10000000000000001,-0.20000000000000001,-0.070000000000000007,-0.034999999999999996,0,0.17999999999999999,-0.10000000000000001,-0.20000000000000001,-2.8460307027744491e-18,-0.023813303566453795,0.11952552515783488,0.0084756622001804609,0.055579475077740123,-0.016288502221027835,-0.11300000000000004,-0.00014397374651398614,0.03752580154582931,
0.66910965625376684,-0.72599527854190971,0.68756125080686181,-0.00018375547136269496,0.025115397943084147,0.037694692967283921,-0.9989736198429815,-0.070000000000000007,0.034999999999999996,0,0.17999999999999999,-0.10000000000000001,-0.20000000000000001,-0.070000000000000007,-0.034999999999999996,0,0.17999999999999999,-0.10000000000000001,-0.20000000000000001,-2.8460307027744491e-18,-0.023813303566453795,0.11952552515783488,0.0084756622001804609,0.055579475077740123,-0.016288502221027835,-0.11300000000000004,-0.00014397374651398614,0.03752580154582931,
0.66910965625376684,-0.72599527854190971,0.68756125080686181,-0.00018375547136269496,0.025115397943084147,0.037694692967283921,-0.9989736198429815,-0.070000000000000007,0.034999999999999996,0,0.17999999999999999,-0.10000000000000001,-0.20000000000000001,-0.070000000000000007,-0.034999999999999996,0,0.17999999999999999,-0.10000000000000001,-0.20000000000000001,-2.8460307027744491e-18,-0.023813303566453795,0.11952552515783488,0.0084756622001804609,0.055579475077740123,-0.016288502221027835,-0.11300000000000004,-0.00014397374651398614,0.03752580154582931,
0.66910965625376684,-0.72599527854190971,0.68756125080686181,-0.00018375547136269496,0.025115397943084147,0.037694692967283921,-0.9989736198429815,-0.070000000000000007,0.034999999999999996,0,0.17999999999999999,-0.10000000000000001,-0.20000000000000001,-0.070000000000000007,-0.034999999999999996,0,0.17999999999999999,-0.10000000000000001,-0.20000000000000001,-2.8460307027744491e-18,-0.023813303566453795,0.11952552515783488,0.0084756622001804609,0.055579475077740123,-0.016288502221027835,-0.11300000000000004,-0.00014397374651398614,0.03752580154582931,
0.66910965625376684,-0.72599527854190971,0.68756125080686181,-0.00018375547136269496,0.025115397943084147,0.037694692967283921,-0.9989736198429815,-0.070000000000000007,0.034999999999999996,0,0.17999999999999999,-0.10000000000000001,-0.20000000000000001,-0.070000000000000007,-0.034999999999999996,0,0.17999999999999999,-0.10000000000000001,-0.20000000000000001,-2.8460307027744491e-18,-0.023813303566453795,0.11952552515783488,0.0084756622001804609,0.055579475077740123,-0.016288502221027835,-0.11300000000000004,-0.00014397374651398614,0.03752580154582931,
0.66910965625376684,-0.72599527854190971,0.68756125080686181,-0.00018375547136269496,0.025115397943084147,0.037694692967283921,-0.9989736198429815,-0.070000000000000007,0.034999999999999996,0,0.17999999999999999,-0.10000000000000001,-0.20000000000000001,-0.070000000000000007,-0.034999999999999996,0,0.17999999999999999,-0.10000000000000001,-0.20000000000000001,-2.8460307027744491e-18,-0.023813303566453795,0.11952552515783488,0.0084756622001804609,0.055579475077740123,-0.016288502221027835,-0.11300000000000004,-0.00014397374651398614,0.03752580154582931,
0.66910965625376684,-0.72599527854190971,0.68756125080686181,-0.00018375547136269496,0.025115397943084147,0.037694692967283921,-0.9989736198429815,-0.070000000000000007,0.034999999999999996,0,0.17999999999999999,-0.10000000000000001,-0.20000000000000001,-0.070000000000000007,-0.034999999999999996,0,0.17999999999999999,-0.10000000000000001,-0.20000000000000001,-2.8460307027744491e-18,-0.023813303566453795,0.11952552515783488,0.0084756622001804609,0.055579475077740123,-0.016288502221027835,-0.11300000000000004,-0.00014397374651398614,0.03752580154582931,
0.66910965625376684,-0.72599527854190971,0.68756125080686181,-0.00018375547136269496,0.025115397943084147,0.037694692967283921,-0.9989736198429815,-0.070000000000000007,0.034999999999999996,0,0.17999999999999999,-0.10000000000000001,-0.20000000000000001,-0.070000000000000007,-0.034999999999999996,0,0.17999999999999999,-0.10000000000000001,-0.20000000000000001,-2.8460307027744491e-18,-0.023813303566453795,0.11952552515783488,0.0084756622001804609,0.055579475077740123,-0.016288502221027835,-0.11300000000000004,-0.00014397374651398614,0.03752580154582931,
0.66910965625376684,-0.72599527854190971,0.68756125080686181,-0.00018375547136269496,0.025115397943084147,0.037694692967283921,-0.9989736198429815,-0.070000000000000007,0.034999999999999996,0,0.17999999999999999,-0.10000000000000001,-0.20000000000000001,-0.070000000000000007,-0.034999999999999996,0,0.17999999999999999,-0.10000000000000001,-0.20000000000000001,-2.8460307027744491e-18,-0.023813303566453795,0.11952552515783488,0.0084756622001804609,0.055579475077740123,-0.016288502221027835,-0.11300000000000004,-0.00014397374651398614,0.03752580154582931,
0.66910965625376684,-0.72599527854190971,0.68756125080686181,-0.00018375547136269496,0.025115397943084147,0.037694692967283921,-0.9989736198429815,-0.070000000000000007,0.034999999999999996,0,0.17999999999999999,-0.10000000000000001,-0.20000000000000001,-0.070000000000000007,-0.034999999999999996,0,0.17999999999999999,-0.10000000000000001,-0.20000000000000001,-2.8460307027744491e-18,-0.023813303566453795,0.11952552515783488,0.0084756622001804609,0.055579475077740123,-0.016288502221027835,-0.11300000000000004,-0.00014397374651398614,0.03752580154582931,
0.66910965625376684,-0.72599527854190971,0.68756125080686181,-0.00018375547136269496,0.025115397943084147,0.037694692967283921,-0.9989736198429815,-0.070000000000000007,0.034999999999999996,0,0.17999999999999999,-0.10000000000000001,-0.20000000000000001,-0.070000000000000007,-0.034999999999999996,0,0.17999999999999999,-0.10000000000000001,-0.20000000000000001,-2.8460307027744491e-18,-0.023813303566453795,0.11952552515783488,0.0084756622001804609,0.055579475077740123,-0.016288502221027835,-0.11300000000000004,-0.00014397374651398614,0.03752580154582931,
0.66910965625376684,-0.72599527854190971,0.68756125080686181,-0.00018375547136269496,0.025115397943084147,0.037694692967283921,-0.9989736198429815,-0.070000000000000007,0.034999999999999996,0,0.17999999999999999,-0.10000000000000001,-0.20000000000000001,-0.070000000000000007,-0.034999999999999996,0,0.17999999999999999,-0.10000000000000001,-0.20000000000000001,-2.8460307027744491e-18,-0.023813303566453795,0.11952552515783488,0.0084756622001804609,0.055579475077740123,-0.016288502221027835,-0.11300000000000004,-0.00014397374651398614,0.03752580154582931,
0.66910965625376684,-0.72599527854190971,0.68756125080686181,-0.00018375547136269496,0.025115397943084147,0.037694692967283921,-0.9989736198429815,-0.070000000000000007,0.034999999999999996,0,0.17999999999999999,-0.10000000000000001,-0.20000000000000001,-0.070000000000000007,-0.034999999999999996,0,0.17999999999999999,-0.10000000000000001,-0.20000000000000001,-2.8460307027744491e-18,-0.023813303566453795,0.11952552515783488,0.0084756622001804609,0.055579475077740123,-0.016288502221027835,-0.11300000000000004,-0.00014397374651398614,0.03752580154582931,
0.66910965625376684,-0.72599527854190971,0.68756125080686181,-0.00018375547136269496,0.025115397943084147,0.037694692967283921,-0.9989736198429815,-0.070000000000000007,0.034999999999999996,0,0.17999999999999999,-0.10000000000000001,-0.20000000000000001,-0.070000000000000007,-0.034999999999999996,0,0.17999999999999999,-0.10000000000000001,-0.20000000000000001,-2.8460307027744491e-18,-0.023813303566453795,0.11952552515783488,0.0084756622001804609,0.055579475077740123,-0.016288502221027835,-0.11300000000000004,-0.00014397374651398614,0.03752580154582931,
0.66910965625376684,-0.72599527854190971,0.68756125080686181,-0.00018375547136269496,0.025115397943084147,0.037694692967283921,-0.9989736198429815,-0.070000000000000007,0.034999999999999996,0,0.17999999999999999,-0.10000000000000001,-0.20000000000000001,-0.070000000000000007,-0.034999999999999996,0,0.17999999999999999,-0.10000000000000001,-0.20000000000000001,-2.8460307027744491e-18,-0.023813303566453795,0.11952552515783488,0.0084756622001804609,0.055579475077740123,-0.016288502221027835,-0.11300000000000004,-0.00014397374651398614,0.03752580154582931,
0.66910965625376684,-0.72599527854190971,0.68756125080686181,-0.00018375547136269496,0.025115397943084147,0.037694692967283921,-0.9989736198429815,-0.070000000000000007,0.034999999999999996,0,0.17999999999999999,-0.10000000000000001,-0.20000000000000001,-0.070000000000000007,-0.034999999999999996,0,0.17999999999999999,-0.10000000000000001,-0.20000000000000001,-2.8460307027744491e-18,-0.023813303566453795,0.11952552515783488,0.0084756622001804609,0.055579475077740123,-0.016288502221027835,-0.11300000000000004,-0.00014397374651398614,0.03752580154582931,
0.66910965625376684,-0.72599527854190971,0.68756125080686181,-0.00018375547136269496,0.025115397943084147,0.037694692967283921,-0.9989736198429815,-0.070000000000000007,0.034999999999999996,0,0.17999999999999999,-0.10000000000000001,-0.20000000000000001,-0.070000000000000007,-0.034999999999999996,0,0.17999999999999999,-0.10000000000000001,-0.20000000000000001,-2.8460307027744491e-18,-0.023813303566453795,0.11952552515783488,0.0084756622001804609,0.055579475077740123,-0.016288502221027835,-0.11300000000000004,-0.00014397374651398614,0.03752580154582931,
0.66910965625376684,-0.72599527854190971,0.68756125080686181,-0.00018375547136269496,0.025115397943084147,0.037694692967283921,-0.9989736198429815,-0.070000000000000007,0.034999999999999996,0,0.17999999999999999,-0.10000000000000001,-0.20000000000000001,-0.070000000000000007,-0.034999999999999996,0,0.17999999999999999,-0.10000000000000001,-0.20000000000000001,-2.8460307027744491e-18,-0.023813303566453795,0.11952552515783488,0.0084756622001804609,0.055579475077740123,-0.016288502221027835,-0.11300000000000004,-0.00014397374651398614,0.03752580154582931,
0.66910965625376684,-0.72599527854190971,0.68756125080686181,-0.00018375547136269496,0.025115397943084147,0.037694692967283921,-0.9989736198429815,-0.070000000000000007,0.034999999999999996,0,0.17999999999999999,-0.10000000000000001,-0.20000000000000001,-0.070000000000000007,-0.034999999999999996,0,0.17999999999999999,-0.10000000000000001,-0.20000000000000001,-2.8460307027744491e-18,-0.023813303566453795,0.11952552515783488,0.0084756622001804609,0.055579475077740123,-0.016288502221027835,-0.11300000000000004,-0.00014397374651398614,0.03752580154582931,
0.66910965625376684,-0.72599527854190971,0.68756125080686181,-0.00018375547136269496,0.025115397943084147,0.037694692967283921,-0.9989736198429815,-0.070000000000000007,0.034999999999999996,0,0.17999999999999999,-0.10000000000000001,-0.20000000000000001,-0.070000000000000007,-0.034999999999999996,0,0.17999999999999999,-0.10000000000000001,-0.20000000000000001,-2.8460307027744491e-18,-0.023813303566453795,0.11952552515783488,0.0084756622001804609,0.055579475077740123,-0.016288502221027835,-0.11300000000000004,-0.00014397374651398614,0.03752580154582931,
0.66910965625376684,-0.72599527854190971,0.68756125080686181,-0.00018375547136269496,0.025115397943084147,0.037694692967283921,-0.9989736198429815,-0.070000000000000007,0.034999999999999996,0,0.17999999999999999,-0.10000000000000001,-0.20000000000000001,-0.070000000000000007,-0.034999999999999996,0,0.17999999999999999,-0.10000000000000001,-0.20000000000000001,-2.8460307027744491e-18,-0.023813303566453795,0.11952552515783488,0.0084756622001804609,0.055579475077740123,-0.016288502221027835,-0.11300000000000004,-0.00014397374651398614,0.03752580154582931,
0.66910965625376684,-0.72599527854190971,0.68756125080686181,-0.00018375547136269496,0.025115397943084147,0.037694692967283921,-0.9989736198429815,-0.070000000000000007,0.034999999999999996,0,0.17999999999999999,-0.10000000000000001,-0.20000000000000001,-0.070000000000000007,-0.034999999999999996,0,0.17999999999999999,-0.10000000000000001,-0.20000000000000001,-2.8460307027744491e-18,-0.023813303566453795,0.11952552515783488,0.0084756622001804609,0.055579475077740123,-0.016288502221027835,-0.11300000000000004,-0.00014397374651398614,0.03752580154582931,
0.66910965625376684,-0.72599527854190971,0.68756125080686181,-0.00018375547136269496,0.025115397943084147,0.037694692967283921,-0.9989736198429815,-0.070000000000000007,0.034999999999999996,0,0.17999999999999999,-0.10000000000000001,-0.20000000000000001,-0.070000000000000007,-0.034999999999999996,0,0.17999999999999999,-0.10000000000000001,-0.20000000000000001,-2.8460307027744491e-18,-0.023813303566453795,0.11952552515783488,0.0084756622001804609,0.055579475077740123,-0.016288502221027835,-0.11300000000000004,-0.00014397374651398614,0.03752580154582931,
0.66910965625376684,-0.72599527854190971,0.68756125080686181,-0.00018375547136269496,0.025115397943084147,0.037694692967283921,-0.9989736198429815,-0.070000000000000007,0.034999999999999996,0,0.17999999999999999,-0.10000000000000001,-0.20000000000000001,-0.070000000000000007,-0.034999999999999996,0,0.17999999999999999,-0.10000000000000001,-0.20000000000000001,-2.8460307027744491e-18,-0.023813303566453795,0.11952552515783488,0.0084756622001804609,0.055579475077740123,-0.016288502221027835,-0.11300000000000004,-0.00014397374651398614,0.03752580154582931,
0.66910965625376684,-0.72599527854190971,0.68756125080686181,-0.00018375547136269496,0.025115397943084147,0.037694692967283921,-0.9989736198429815,-0.070000000000000007,0.034999999999999996,0,0.17999999999999999,-0.10000000000000001,-0.20000000000000001,-0.070000000000000007,-0.034999999999999996,0,0.17999999999999999,-0.10000000000000001,-0.20000000000000001,-2.8460307027744491e-18,-0.023813303566453795,0.11952552515783488,0.0084756622001804609,0.055579475077740123,-0.016288502221027835,-0.11300000000000004,-0.00014397374651398614,0.03752580154582931,
0.66910965625376684,-0.72599527854190971,0.68756125080686181,-0.00018375547136269496,0.025115397943084147,0.037694692967283921,-0.9989736198429815,-0.070000000000000007,0.034999999999999996,0,0.17999999999999999,-0.10000000000000001,-0.20000000000000001,-0.070000000000000007,-0.034999999999999996,0,0.17999999999999999,-0.10000000000000001,-0.20000000000000001,-2.8460307027744491e-18,-0.023813303566453795,0.11952552515783488,0.0084756622001804609,0.055579475077740123,-0.016288502221027835,-0.11300000000000004,-0.00014397374651398614,0.03752580154582931,
0.66910965625376684,-0.72599527854190971,0.68756125080686181,-0.00018375547136269496,0.025115397943084147,0.037694692967283921,-0.9989736198429815,-0.070000000000000007,0.034999999999999996,0,0.17999999999999999,-0.10000000000000001,-0.20000000000000001,-0.070000000000000007,-0.034999999999999996,0,0.17999999999999999,-0.10000000000000001,-0.20000000000000001,-2.8460307027744491e-18,-0.023813303566453795,0.11952552515783488,0.0084756622001804609,0.055579475077740123,-0.016288502221027835,-0.11300000000000004,-0.00014397374651398614,0.03752580154582931,
0.66910965625376684,-0.72599527854190971,0.68756125080686181,-0.00018375547136269496,0.025115397943084147,0.037694692967283921,-0.9989736198429815,-0.070000000000000007,0.034999999999999996,0,0.17999999999999999,-0.10000000000000001,-0.20000000000000001,-0.070000000000000007,-0.034999999999999996,0,0.17999999999999999,-0.10000000000000001,-0.20000000000000001,-2.8460307027744491e-18,-0.023813303566453795,0.11952552515783488,0.0084756622001804609,0.055579475077740123,-0.016288502221027835,-0.11300000000000004,-0.00014397374651398614,0.03752580154582931,
0.66910965625376684,-0.72599527854190971,0.68756125080686181,-0.00018375547136269496,0.025115397943084147,0.037694692967283921,-0.9989736198429815,-0.070000000000000007,0.034999999999999996,0,0.17999999999999999,-0.10000000000000001,-0.20000000000000001,-0.070000000000000007,-0.034999999999999996,0,0.17999999999999999,-0.10000000000000001,-0.20000000000000001,-2.8460307027744491e-18,-0.023813303566453795,0.11952552515783488,0.0084756622001804609,0.055579475077740123,-0.016288502221027835,-0.11300000000000004,-0.00014397374651398614,0.03752580154582931,
0.66910965625376684,-0.72599527854190971,0.68756125080686181,-0.00018375547136269496,0.025115397943084147,0.037694692967283921,-0.9989736198429815,-0.070000000000000007,0.034999999999999996,0,0.17999999999999999,-0.10000000000000001,-0.20000000000000001,-0.070000000000000007,-0.034999999999999996,0,0.17999999999999999,-0.10000000000000001,-0.20000000000000001,-2.8460307027744491e-18,-0.023813303566453795,0.11952552515783488,0.0084756622001804609,0.055579475077740123,-0.016288502221027835,-0.11300000000000004,-0.00014397374651398614,0.03752580154582931,
0.66910965625376684,-0.72599527854190971,0.68756125080686181,-0.00018375547136269496,0.025115397943084147,0.037694692967283921,-0.9989736198429815,-0.070000000000000007,0.034999999999999996,0,0.17999999999999999,-0.10000000000000001,-0.20000000000000001,-0.070000000000000007,-0.034999999999999996,0,0.17999999999999999,-0.10000000000000001,-0.20000000000000001,-2.8460307027744491e-18,-0.023813303566453795,0.11952552515783488,0.0084756622001804609,0.055579475077740123,-0.016288502221027835,-0.11300000000000004,-0.00014397374651398614,0.03752580154582931,
0.66910965625376684,-0.72599527854190971,0.68756125080686181,-0.00018375547136269496,0.025115397943084147,0.037694692967283921,-0.9989736198429815,-0.070000000000000007,0.034999999999999996,0,0.17999999999999999,-0.10000000000000001,-0.20000000000000001,-0.070000000000000007,-0.034999999999999996,0,0.17999999999999999,-0.10000000000000001,-0.20000000000000001,-2.8460307027744491e-18,-0.023813303566453795,0.11952552515783488,0.0084756622001804609,0.055579475077740123,-0.016288502221027835,-0.11300000000000004,-0.00014397374651398614,0.03752580154582931,
0.66910965625376684,-0.72599527854190971,0.68756125080686181,-0.00018375547136269496,0.025115397943084147,0.037694692967283921,-0.9989736198429815,-0.070000000000000007,0.034999999999999996,0,0.17999999999999999,-0.10000000000000001,-0.20000000000000001,-0.070000000000000007,-0.034999999999999996,0,0.17999999999999999,-0.10000000000000001,-0.20000000000000001,-2.8460307027744491e-18,-0.023813303566453795,0.11952552515783488,0.0084756622001804609,0.055579475077740123,-0.016288502221027835,-0.11300000000000004,-0.00014397374651398614,0.03752580154582931,
0.66910965625376684,-0.72599527854190971,0.68756125080686181,-0.00018375547136269496,0.025115397943084147,0.037694692967283921,-0.9989736198429815,-0.070000000000000007,0.034999999999999996,0,0.17999999999999999,-0.10000000000000001,-0.20000000000000001,-0.070000000000000007,-0.034999999999999996,0,0.17999999999999999,-0.10000000000000001,-0.20000000000000001,-2.8460307027744491e-18,-0.023813303566453795,0.11952552515783488,0.0084756622001804609,0.055579475077740123,-0.016288502221027835,-0.11300000000000004,-0.00014397374651398614,0.03752580154582931,
0.66910965625376684,-0.72599527854190971,0.68756125080686181,-0.00018375547136269496,0.025115397943084147,0.037694692967283921,-0.9989736198429815,-0.070000000000000007,0.034999999999999996,0,0.17999999999999999,-0.10000000000000001,-0.20000000000000001,-0.070000000000000007,-0.034999999999999996,0,0.17999999999999999,-0.10000000000000001,-0.20000000000000001,-2.8460307027744491e-18,-0.023813303566453795,0.11952552515783488,0.0084756622001804609,0.055579475077740123,-0.016288502221027835,-0.11300000000000004,-0.00014397374651398614,0.03752580154582931,
0.66910965625376684,-0.72599527854190971,0.68756125080686181,-0.00018375547136269496,0.025115397943084147,0.037694692967283921,-0.9989736198429815,-0.070000000000000007,0.034999999999999996,0,0.17999999999999999,-0.10000000000000001,-0.20000000000000001,-0.070000000000000007,-0.034999999999999996,0,0.17999999999999999,-0.10000000000000001,-0.20000000000000001,-2.8460307027744491e-18,-0.023813303566453795,0.11952552515783488,0.0084756622001804609,0.055579475077740123,-0.016288502221027835,-0.11300000000000004,-0.00014397374651398614,0.03752580154582931,
0.66910965625376684,-0.72599527854190971,0.68756125080686181,-0.00018375547136269496,0.025115397943084147,0.037694692967283921,-0.9989736198429815,-0.070000000000000007,0.034999999999999996,0,0.17999999999999999,-0.10000000000000001,-0.20000000000000001,-0.070000000000000007,-0.034999999999999996,0,0.17999999999999999,-0.10000000000000001,-0.20000000000000001,-2.8460307027744491e-18,-0.023813303566453795,0.11952552515783488,0.0084756622001804609,0.055579475077740123,-0.016288502221027835,-0.11300000000000004,-0.00014397374651398614,0.03752580154582931,
0.66910965625376684,-0.72599527854190971,0.68756125080686181,-0.00018375547136269496,0.025115397943084147,0.037694692967283921,-0.9989736198429815,-0.070000000000000007,0.034999999999999996,0,0.17999999999999999,-0.10000000000000001,-0.20000000000000001,-0.070000000000000007,-0.034999999999999996,0,0.17999999999999999,-0.10000000000000001,-0.20000000000000001,-2.8460307027744491e-18,-0.023813303566453795,0.11952552515783488,0.0084756622001804609,0.055579475077740123,-0.016288502221027835,-0.11300000000000004,-0.00014397374651398614,0.03752580154582931,
0.66910965625376684,-0.72599527854190971,0.68756125080686181,-0.00018375547136269496,0.025115397943084147,0.037694692967283921,-0.9989736198429815,-0.070000000000000007,0.034999999999999996,0,0.17999999999999999,-0.10000000000000001,-0.20000000000000001,-0.070000000000000007,-0.034999999999999996,0,0.17999999999999999,-0.10000000000000001,-0.20000000000000001,-2.8460307027744491e-18,-0.023813303566453795,0.11952552515783488,0.0084756622001804609,0.055579475077740123,-0.016288502221027835,-0.11300000000000004,-0.00014397374651398614,0.03752580154582931,
0.66910965625376684,-0.72599527854190971,0.68756125080686181,-0.00018375547136269496,0.025115397943084147,0.037694692967283921,-0.9989736198429815,-0.070000000000000007,0.034999999999999996,0,0.17999999999999999,-0.10000000000000001,-0.20000000000000001,-0.070000000000000007,-0.034999999999999996,0,0.17999999999999999,-0.10000000000000001,-0.20000000000000001,-2.8460307027744491e-18,-0.023813303566453795,0.11952552515783488,0.0084756622001804609,0.055579475077740123,-0.016288502221027835,-0.11300000000000004,-0.00014397374651398614,0.03752580154582931,
0.66910965625376684,-0.72599527854190971,0.68756125080686181,-0.00018375547136269496,0.025115397943084147,0.037694692967283921,-0.9989736198429815,-0.070000000000000007,0.034999999999999996,0,0.17999999999999999,-0.10000000000000001,-0.20000000000000001,-0.070000000000000007,-0.034999999999999996,0,0.17999999999999999,-0.10000000000000001,-0.20000000000000001,-2.8460307027744491e-18,-0.023813303566453795,0.11952552515783488,0.0084756622001804609,0.055579475077740123,-0.016288502221027835,-0.11300000000000004,-0.00014397374651398614,0.03752580154582931,
0.66910965625376684,-0.72599527854190971,0.68756125080686181,-0.00018375547136269496,0.025115397943084147,0.037694692967283921,-0.9989736198429815,-0.070000000000000007,0.034999999999999996,0,0.17999999999999999,-0.10000000000000001,-0.20000000000000001,-0.070000000000000007,-0.034999999999999996,0,0.17999999999999999,-0.10000000000000001,-0.20000000000000001,-2.8460307027744491e-18,-0.023813303566453795,0.11952552515783488,0.0084756622001804609,0.055579475077740123,-0.016288502221027835,-0.11300000000000004,-0.00014397374651398614,0.03752580154582931,
0.66910965625376684,-0.72599527854190971,0.68756125080686181,-0.00018375547136269496,0.025115397943084147,0.037694692967283921,-0.9989736198429815,-0.070000000000000007,0.034999999999999996,0,0.17999999999999999,-0.10000000000000001,-0.20000000000000001,-0.070000000000000007,-0.034999999999999996,0,0.17999999999999999,-0.10000000000000001,-0.20000000000000001,-2.8460307027744491e-18,-0.023813303566453795,0.11952552515783488,0.0084756622001804609,0.055579475077740123,-0.016288502221027835,-0.11300000000000004,-0.00014397374651398614,0.03752580154582931,
0.66910965625376684,-0.72599527854190971,0.68756125080686181,-0.00018375547136269496,0.025115397943084147,0.037694692967283921,-0.9989736198429815,-0.070000000000000007,0.034999999999999996,0,0.17999999999999999,-0.10000000000000001,-0.20000000000000001,-0.070000000000000007,-0.034999999999999996,0,0.17999999999999999,-0.10000000000000001,-0.20000000000000001,-2.8460307027744491e-18,-0.023813303566453795,0.11952552515783488,0.0084756622001804609,0.055579475077740123,-0.016288502221027835,-0.11300000000000004,-0.00014397374651398614,0.03752580154582931,
0.66910965625376684,-0.72599527854190971,0.68756125080686181,-0.00018375547136269496,0.025115397943084147,0.037694692967283921,-0.9989736198429815,-0.070000000000000007,0.034999999999999996,0,0.17999999999999999,-0.10000000000000001,-0.20000000000000001,-0.070000000000000007,-0.034999999999999996,0,0.17999999999999999,-0.10000000000000001,-0.20000000000000001,-2.8460307027744491e-18,-0.023813303566453795,0.11952552515783488,0.0084756622001804609,0.055579475077740123,-0.016288502221027835,-0.11300000000000004,-0.00014397374651398614,0.03752580154582931,
0.66910965625376684,-0.72599527854190971,0.68756125080686181,-0.00018375547136269496,0.025115397943084147,0.037694692967283921,-0.9989736198429815,-0.070000000000000007,0.034999999999999996,0,0.17999999999999999,-0.10000000000000001,-0.20000000000000001,-0.070000000000000007,-0.034999999999999996,0,0.17999999999999999,-0.10000000000000001,-0.20000000000000001,-2.8460307027744491e-18,-0.023813303566453795,0.11952552515783488,0.0084756622001804609,0.055579475077740123,-0.016288502221027835,-0.11300000000000004,-0.00014397374651398614,0.03752580154582931,
0.66910965625376684,-0.72599527854190971,0.68756125080686181,-0.00018375547136269496,0.025115397943084147,0.037694692967283921,-0.9989736198429815,-0.070000000000000007,0.034999999999999996,0,0.17999999999999999,-0.10000000000000001,-0.20000000000000001,-0.070000000000000007,-0.034999999999999996,0,0.17999999999999999,-0.10000000000000001,-0.20000000000000001,-2.8460307027744491e-18,-0.023813303566453795,0.11952552515783488,0.0084756622001804609,0.055579475077740123,-0.016288502221027835,-0.11300000000000004,-0.00014397374651398614,0.03752580154582931,
0.66910965625376684,-0.72599527854190971,0.68756125080686181,-0.00018375547136269496,0.025115397943084147,0.037694692967283921,-0.9989736198429815,-0.070000000000000007,0.034999999999999996,0,0.17999999999999999,-0.10000000000000001,-0.20000000000000001,-0.070000000000000007,-0.034999999999999996,0,0.17999999999999999,-0.10000000000000001,-0.20000000000000001,-2.8460307027744491e-18,-0.023813303566453795,0.11952552515783488,0.0084756622001804609,0.055579475077740123,-0.016288502221027835,-0.11300000000000004,-0.00014397374651398614,0.03752580154582931,
0.66910965625376684,-0.72599527854190971,0.68756125080686181,-0.00018375547136269496,0.025115397943084147,0.037694692967283921,-0.9989736198429815,-0.070000000000000007,0.034999999999999996,0,0.17999999999999999,-0.10000000000000001,-0.20000000000000001,-0.070000000000000007,-0.034999999999999996,0,0.17999999999999999,-0.10000000000000001,-0.20000000000000001,-2.8460307027744491e-18,-0.023813303566453795,0.11952552515783488,0.0084756622001804609,0.055579475077740123,-0.016288502221027835,-0.11300000000000004,-0.00014397374651398614,0.03752580154582931,
0.66910965625376684,-0.72599527854190971,0.68756125080686181,-0.00018375547136269496,0.025115397943084147,0.037694692967283921,-0.9989736198429815,-0.070000000000000007,0.034999999999999996,0,0.17999999999999999,-0.10000000000000001,-0.20000000000000001,-0.070000000000000007,-0.034999999999999996,0,0.17999999999999999,-0.10000000000000001,-0.20000000000000001,-2.8460307027744491e-18,-0.023813303566453795,0.11952552515783488,0.0084756622001804609,0.055579475077740123,-0.016288502221027835,-0.11300000000000004,-0.00014397374651398614,0.03752580154582931,
0.66910965625376684,-0.72599527854190971,0.68756125080686181,-0.00018375547136269496,0.025115397943084147,0.037694692967283921,-0.9989736198429815,-0.070000000000000007,0.034999999999999996,0,0.17999999999999999,-0.10000000000000001,-0.20000000000000001,-0.070000000000000007,-0.034999999999999996,0,0.17999999999999999,-0.10000000000000001,-0.20000000000000001,-2.8460307027744491e-18,-0.023813303566453795,0.11952552515783488,0.0084756622001804609,0.055579475077740123,-0.016288502221027835,-0.11300000000000004,-0.00014397374651398614,0.03752580154582931,
0.66910965625376684,-0.72599527854190971,0.68756125080686181,-0.00018375547136269496,0.025115397943084147,0.037694692967283921,-0.9989736198429815,-0.070000000000000007,0.034999999999999996,0,0.17999999999999999,-0.10000000000000001,-0.20000000000000001,-0.070000000000000007,-0.034999999999999996,0,0.17999999999999999,-0.10000000000000001,-0.20000000000000001,-2.8460307027744491e-18,-0.023813303566453795,0.11952552515783488,0.0084756622001804609,0.055579475077740123,-0.016288502221027835,-0.11300000000000004,-0.00014397374651398614,0.03752580154582931,
0.66910965625376684,-0.72599527854190971,0.68756125080686181,-0.00018375547136269496,0.025115397943084147,0.037694692967283921,-0.9989736198429815,-0.070000000000000007,0.034999999999999996,0,0.17999999999999999,-0.10000000000000001,-0.20000000000000001,-0.070000000000000007,-0.034999999999999996,0,0.17999999999999999,-0.10000000000000001,-0.20000000000000001,-2.8460307027744491e-18,-0.023813303566453795,0.11952552515783488,0.0084756622001804609,0.055579475077740123,-0.016288502221027835,-0.11300000000000004,-0.00014397374651398614,0.03752580154582931,
0.66910965625376684,-0.72599527854190971,0.68756125080686181,-0.00018375547136269496,0.025115397943084147,0.037694692967283921,-0.9989736198429815,-0.070000000000000007,0.034999999999999996,0,0.17999999999999999,-0.10000000000000001,-0.20000000000000001,-0.070000000000000007,-0.034999999999999996,0,0.17999999999999999,-0.10000000000000001,-0.20000000000000001,-2.8460307027744491e-18,-0.023813303566453795,0.11952552515783488,0.0084756622001804609,0.055579475077740123,-0.016288502221027835,-0.11300000000000004,-0.00014397374651398614,0.03752580154582931,
0.66910965625376684,-0.72599527854190971,0.68756125080686181,-0.00018375547136269496,0.025115397943084147,0.037694692967283921,-0.9989736198429815,-0.070000000000000007,0.034999999999999996,0,0.17999999999999999,-0.10000000000000001,-0.20000000000000001,-0.070000000000000007,-0.034999999999999996,0,0.17999999999999999,-0.10000000000000001,-0.20000000000000001,-2.8460307027744491e-18,-0.023813303566453795,0.11952552515783488,0.0084756622001804609,0.055579475077740123,-0.016288502221027835,-0.11300000000000004,-0.00014397374651398614,0.03752580154582931,
0.66910965625376684,-0.72599527854190971,0.68756125080686181,-0.00018375547136269496,0.025115397943084147,0.037694692967283921,-0.9989736198429815,-0.070000000000000007,0.034999999999999996,0,0.17999999999999999,-0.10000000000000001,-0.20000000000000001,-0.070000000000000007,-0.034999999999999996,0,0.17999999999999999,-0.10000000000000001,-0.20000000000000001,-2.8460307027744491e-18,-0.023813303566453795,0.11952552515783488,0.0084756622001804609,0.055579475077740123,-0.016288502221027835,-0.11300000000000004,-0.00014397374651398614,0.03752580154582931,
0.66910965625376684,-0.72599527854190971,0.68756125080686181,-0.00018375547136269496,0.025115397943084147,0.037694692967283921,-0.9989736198429815,-0.070000000000000007,0.034999999999999996,0,0.17999999999999999,-0.10000000000000001,-0.20000000000000001,-0.070000000000000007,-0.034999999999999996,0,0.17999999999999999,-0.10000000000000001,-0.20000000000000001,-2.8460307027744491e-18,-0.023813303566453795,0.11952552515783488,0.0084756622001804609,0.055579475077740123,-0.016288502221027835,-0.11300000000000004,-0.00014397374651398614,0.03752580154582931,
0.66910965625376684,-0.72599527854190971,0.68756125080686181,-0.00018375547136269496,0.025115397943084147,0.037694692967283921,-0.9989736198429815,-0.070000000000000007,0.034999999999999996,0,0.17999999999999999,-0.10000000000000001,-0.20000000000000001,-0.070000000000000007,-0.034999999999999996,0,0.17999999999999999,-0.10000000000000001,-0.20000000000000001,-2.8460307027744491e-18,-0.023813303566453795,0.11952552515783488,0.0084756622001804609,0.055579475077740123,-0.016288502221027835,-0.11300000000000004,-0.00014397374651398614,0.03752580154582931,
0.66910965625376684,-0.72599527854190971,0.68756125080686181,-0.00018375547136269496,0.025115397943084147,0.037694692967283921,-0.9989736198429815,-0.070000000000000007,0.034999999999999996,0,0.17999999999999999,-0.10000000000000001,-0.20000000000000001,-0.070000000000000007,-0.034999999999999996,0,0.17999999999999999,-0.10000000000000001,-0.20000000000000001,-2.8460307027744491e-18,-0.023813303566453795,0.11952552515783488,0.0084756622001804609,0.055579475077740123,-0.016288502221027835,-0.11300000000000004,-0.00014397374651398614,0.03752580154582931,
0.66910965625376684,-0.72599527854190971,0.68756125080686181,-0.00018375547136269496,0.025115397943084147,0.037694692967283921,-0.9989736198429815,-0.070000000000000007,0.034999999999999996,0,0.17999999999999999,-0.10000000000000001,-0.20000000000000001,-0.070000000000000007,-0.034999999999999996,0,0.17999999999999999,-0.10000000000000001,-0.20000000000000001,-2.8460307027744491e-18,-0.023813303566453795,0.11952552515783488,0.0084756622001804609,0.055579475077740123,-0.016288502221027835,-0.11300000000000004,-0.00014397374651398614,0.03752580154582931,
0.66910965625376684,-0.72599527854190971,0.68756125080686181,-0.00018375547136269496,0.025115397943084147,0.037694692967283921,-0.9989736198429815,-0.070000000000000007,0.034999999999999996,0,0.17999999999999999,-0.10000000000000001,-0.20000000000000001,-0.070000000000000007,-0.034999999999999996,0,0.17999999999999999,-0.10000000000000001,-0.20000000000000001,-2.8460307027744491e-18,-0.023813303566453795,0.11952552515783488,0.0084756622001804609,0.055579475077740123,-0.016288502221027835,-0.11300000000000004,-0.00014397374651398614,0.03752580154582931,
0.66910965625376684,-0.72599527854190971,0.68756125080686181,-0.00018375547136269496,0.025115397943084147,0.037694692967283921,-0.9989736198429815,-0.070000000000000007,0.034999999999999996,0,0.17999999999999999,-0.10000000000000001,-0.20000000000000001,-0.070000000000000007,-0.034999999999999996,0,0.17999999999999999,-0.10000000000000001,-0.20000000000000001,-2.8460307027744491e-18,-0.023813303566453795,0.11952552515783488,0.0084756622001804609,0.055579475077740123,-0.016288502221027835,-0.11300000000000004,-0.00014397374651398614,0.03752580154582931,
0.66910965625376684,-0.72599527854190971,0.68756125080686181,-0.00018375547136269496,0.025115397943084147,0.037694692967283921,-0.9989736198429815,-0.070000000000000007,0.034999999999999996,0,0.17999999999999999,-0.10000000000000001,-0.20000000000000001,-0.070000000000000007,-0.034999999999999996,0,0.17999999999999999,-0.10000000000000001,-0.20000000000000001,-2.8460307027744491e-18,-0.023813303566453795,0.11952552515783488,0.0084756622001804609,0.055579475077740123,-0.016288502221027835,-0.11300000000000004,-0.00014397374651398614,0.03752580154582931,
0.66910965625376684,-0.72599527854190971,0.68756125080686181,-0.00018375547136269496,0.025115397943084147,0.037694692967283921,-0.9989736198429815,-0.070000000000000007,0.034999999999999996,0,0.17999999999999999,-0.10000000000000001,-0.20000000000000001,-0.070000000000000007,-0.034999999999999996,0,0.17999999999999999,-0.10000000000000001,-0.20000000000000001,-2.8460307027744491e-18,-0.023813303566453795,0.11952552515783488,0.0084756622001804609,0.055579475077740123,-0.016288502221027835,-0.11300000000000004,-0.00014397374651398614,0.03752580154582931,
0.66910965625376684,-0.72599527854190971,0.68756125080686181,-0.00018375547136269496,0.025115397943084147,0.037694692967283921,-0.9989736198429815,-0.070000000000000007,0.034999999999999996,0,0.17999999999999999,-0.10000000000000001,-0.20000000000000001,-0.070000000000000007,-0.034999999999999996,0,0.17999999999999999,-0.10000000000000001,-0.20000000000000001,-2.8460307027744491e-18,-0.023813303566453795,0.11952552515783488,0.0084756622001804609,0.055579475077740123,-0.016288502221027835,-0.11300000000000004,-0.00014397374651398614,0.03752580154582931,
0.66910965625376684,-0.72599527854190971,0.68756125080686181,-0.00018375547136269496,0.025115397943084147,0.037694692967283921,-0.9989736198429815,-0.070000000000000007,0.034999999999999996,0,0.17999999999999999,-0.10000000000000001,-0.20000000000000001,-0.070000000000000007,-0.034999999999999996,0,0.17999999999999999,-0.10000000000000001,-0.20000000000000001,-2.8460307027744491e-18,-0.023813303566453795,0.11952552515783488,0.0084756622001804609,0.055579475077740123,-0.016288502221027835,-0.11300000000000004,-0.00014397374651398614,0.03752580154582931,
0.66910965625376684,-0.72599527854190971,0.68756125080686181,-0.00018375547136269496,0.025115397943084147,0.037694692967283921,-0.9989736198429815,-0.070000000000000007,0.034999999999999996,0,0.17999999999999999,-0.10000000000000001,-0.20000000000000001,-0.070000000000000007,-0.034999999999999996,0,0.17999999999999999,-0.10000000000000001,-0.20000000000000001,-2.8460307027744491e-18,-0.023813303566453795,0.11952552515783488,0.0084756622001804609,0.055579475077740123,-0.016288502221027835,-0.11300000000000004,-0.00014397374651398614,0.03752580154582931,
0.66910965625376684,-0.72599527854190971,0.68756125080686181,-0.00018375547136269496,0.025115397943084147,0.037694692967283921,-0.9989736198429815,-0.070000000000000007,0.034999999999999996,0,0.17999999999999999,-0.10000000000000001,-0.20000000000000001,-0.070000000000000007,-0.034999999999999996,0,0.17999999999999999,-0.10000000000000001,-0.20000000000000001,-2.8460307027744491e-18,-0.023813303566453795,0.11952552515783488,0.0084756622001804609,0.055579475077740123,-0.016288502221027835,-0.11300000000000004,-0.00014397374651398614,0.03752580154582931,
0.66910965625376684,-0.72599527854190971,0.68756125080686181,-0.00018375547136269496,0.025115397943084147,0.037694692967283921,-0.9989736198429815,-0.070000000000000007,0.034999999999999996,0,0.17999999999999999,-0.10000000000000001,-0.20000000000000001,-0.070000000000000007,-0.034999999999999996,0,0.17999999999999999,-0.10000000000000001,-0.20000000000000001,-2.8460307027744491e-18,-0.023813303566453795,0.11952552515783488,0.0084756622001804609,0.055579475077740123,-0.016288502221027835,-0.11300000000000004,-0.00014397374651398614,0.03752580154582931,
0.66910965625376684,-0.72599527854190971,0.68756125080686181,-0.00018375547136269496,0.025115397943084147,0.037694692967283921,-0.9989736198429815,-0.070000000000000007,0.034999999999999996,0,0.17999999999999999,-0.10000000000000001,-0.20000000000000001,-0.070000000000000007,-0.034999999999999996,0,0.17999999999999999,-0.10000000000000001,-0.20000000000000001,-2.8460307027744491e-18,-0.023813303566453795,0.11952552515783488,0.0084756622001804609,0.055579475077740123,-0.016288502221027835,-0.11300000000000004,-0.00014397374651398614,0.03752580154582931,
0.66910965625376684,-0.72599527854190971,0.68756125080686181,-0.00018375547136269496,0.025115397943084147,0.037694692967283921,-0.9989736198429815,-0.070000000000000007,0.034999999999999996,0,0.17999999999999999,-0.10000000000000001,-0.20000000000000001,-0.070000000000000007,-0.034999999999999996,0,0.17999999999999999,-0.10000000000000001,-0.20000000000000001,-2.8460307027744491e-18,-0.023813303566453795,0.11952552515783488,0.0084756622001804609,0.055579475077740123,-0.016288502221027835,-0.11300000000000004,-0.00014397374651398614,0.03752580154582931,
0.66910965625376684,-0.72599527854190971,0.68756125080686181,-0.00018375547136269496,0.025115397943084147,0.037694692967283921,-0.9989736198429815,-0.070000000000000007,0.034999999999999996,0,0.17999999999999999,-0.10000000000000001,-0.20000000000000001,-0.070000000000000007,-0.034999999999999996,0,0.17999999999999999,-0.10000000000000001,-0.20000000000000001,-2.8460307027744491e-18,-0.023813303566453795,0.11952552515783488,0.0084756622001804609,0.055579475077740123,-0.016288502221027835,-0.11300000000000004,-0.00014397374651398614,0.03752580154582931,
0.66910965625376684,-0.72599527854190971,0.68756125080686181,-0.00018375547136269496,0.025115397943084147,0.037694692967283921,-0.9989736198429815,-0.070000000000000007,0.034999999999999996,0,0.17999999999999999,-0.10000000000000001,-0.20000000000000001,-0.070000000000000007,-0.034999999999999996,0,0.17999999999999999,-0.10000000000000001,-0.20000000000000001,-2.8460307027744491e-18,-0.023813303566453795,0.11952552515783488,0.0084756622001804609,0.055579475077740123,-0.016288502221027835,-0.11300000000000004,-0.00014397374651398614,0.03752580154582931,
0.66910965625376684,-0.72599527854190971,0.68756125080686181,-0.00018375547136269496,0.025115397943084147,0.037694692967283921,-0.9989736198429815,-0.070000000000000007,0.034999999999999996,0,0.17999999999999999,-0.10000000000000001,-0.20000000000000001,-0.070000000000000007,-0.034999999999999996,0,0.17999999999999999,-0.10000000000000001,-0.20000000000000001,-2.8460307027744491e-18,-0.023813303566453795,0.11952552515783488,0.0084756622001804609,0.055579475077740123,-0.016288502221027835,-0.11300000000000004,-0.00014397374651398614,0.03752580154582931,
0.66910965625376684,-0.72599527854190971,0.68756125080686181,-0.00018375547136269496,0.025115397943084147,0.037694692967283921,-0.9989736198429815,-0.070000000000000007,0.034999999999999996,0,0.17999999999999999,-0.10000000000000001,-0.20000000000000001,-0.070000000000000007,-0.034999999999999996,0,0.17999999999999999,-0.10000000000000001,-0.20000000000000001,-2.8460307027744491e-18,-0.023813303566453795,0.11952552515783488,0.0084756622001804609,0.055579475077740123,-0.016288502221027835,-0.11300000000000004,-0.00014397374651398614,0.03752580154582931,
0.66910965625376684,-0.72599527854190971,0.68756125080686181,-0.00018375547136269496,0.025115397943084147,0.037694692967283921,-0.9989736198429815,-0.070000000000000007,0.034999999999999996,0,0.17999999999999999,-0.10000000000000001,-0.20000000000000001,-0.070000000000000007,-0.034999999999999996,0,0.17999999999999999,-0.10000000000000001,-0.20000000000000001,-2.8460307027744491e-18,-0.023813303566453795,0.11952552515783488,0.0084756622001804609,0.055579475077740123,-0.016288502221027835,-0.11300000000000004,-0.00014397374651398614,0.03752580154582931,
0.66910965625376684,-0.72599527854190971,0.68756125080686181,-0.00018375547136269496,0.025115397943084147,0.037694692967283921,-0.9989736198429815,-0.070000000000000007,0.034999999999999996,0,0.17999999999999999,-0.10000000000000001,-0.20000000000000001,-0.070000000000000007,-0.034999999999999996,0,0.17999999999999999,-0.10000000000000001,-0.20000000000000001,-2.8460307027744491e-18,-0.023813303566453795,0.11952552515783488,0.0084756622001804609,0.055579475077740123,-0.016288502221027835,-0.11300000000000004,-0.00014397374651398614,0.03752580154582931,
0.66910965625376684,-0.72599527854190971,0.68756125080686181,-0.00018375547136269496,0.025115397943084147,0.037694692967283921,-0.9989736198429815,-0.070000000000000007,0.034999999999999996,0,0.17999999999999999,-0.10000000000000001,-0.20000000000000001,-0.070000000000000007,-0.034999999999999996,0,0.17999999999999999,-0.10000000000000001,-0.20000000000000001,-2.8460307027744491e-18,-0.023813303566453795,0.11952552515783488,0.0084756622001804609,0.055579475077740123,-0.016288502221027835,-0.11300000000000004,-0.00014397374651398614,0.03752580154582931,
0.66910965625376684,-0.72599527854190971,0.68756125080686181,-0.00018375547136269496,0.025115397943084147,0.037694692967283921,-0.9989736198429815,-0.070000000000000007,0.034999999999999996,0,0.17999999999999999,-0.10000000000000001,-0.20000000000000001,-0.070000000000000007,-0.034999999999999996,0,0.17999999999999999,-0.10000000000000001,-0.20000000000000001,-2.8460307027744491e-18,-0.023813303566453795,0.11952552515783488,0.0084756622001804609,0.055579475077740123,-0.016288502221027835,-0.11300000000000004,-0.00014397374651398614,0.03752580154582931,
0.66910965625376684,-0.72599527854190971,0.68756125080686181,-0.00018375547136269496,0.025115397943084147,0.037694692967283921,-0.9989736198429815,-0.070000000000000007,0.034999999999999996,0,0.17999999999999999,-0.10000000000000001,-0.20000000000000001,-0.070000000000000007,-0.034999999999999996,0,0.17999999999999999,-0.10000000000000001,-0.20000000000000001,-2.8460307027744491e-18,-0.023813303566453795,0.11952552515783488,0.0084756622001804609,0.055579475077740123,-0.016288502221027835,-0.11300000000000004,-0.00014397374651398614,0.03752580154582931,
0.66910965625376684,-0.72599527854190971,0.68756125080686181,-0.00018375547136269496,0.025115397943084147,0.037694692967283921,-0.9989736198429815,-0.070000000000000007,0.034999999999999996,0,0.17999999999999999,-0.10000000000000001,-0.20000000000000001,-0.070000000000000007,-0.034999999999999996,0,0.17999999999999999,-0.10000000000000001,-0.20000000000000001,-2.8460307027744491e-18,-0.023813303566453795,0.11952552515783488,0.0084756622001804609,0.055579475077740123,-0.016288502221027835,-0.11300000000000004,-0.00014397374651398614,0.03752580154582931,
0.66910965625376684,-0.72599527854190971,0.68756125080686181,-0.00018375547136269496,0.025115397943084147,0.037694692967283921,-0.9989736198429815,-0.070000000000000007,0.034999999999999996,0,0.17999999999999999,-0.10000000000000001,-0.20000000000000001,-0.070000000000000007,-0.034999999999999996,0,0.17999999999999999,-0.10000000000000001,-0.20000000000000001,-2.8460307027744491e-18,-0.023813303566453795,0.11952552515783488,0.0084756622001804609,0.055579475077740123,-0.016288502221027835,-0.11300000000000004,-0.00014397374651398614,0.03752580154582931,
0.66910965625376684,-0.72599527854190971,0.68756125080686181,-0.00018375547136269496,0.025115397943084147,0.037694692967283921,-0.9989736198429815,-0.070000000000000007,0.034999999999999996,0,0.17999999999999999,-0.10000000000000001,-0.20000000000000001,-0.070000000000000007,-0.034999999999999996,0,0.17999999999999999,-0.10000000000000001,-0.20000000000000001,-2.8460307027744491e-18,-0.023813303566453795,0.11952552515783488,0.0084756622001804609,0.055579475077740123,-0.016288502221027835,-0.11300000000000004,-0.00014397374651398614,0.03752580154582931,
0.66910965625376684,-0.72599527854190971,0.68756125080686181,-0.00018375547136269496,0.025115397943084147,0.037694692967283921,-0.9989736198429815,-0.070000000000000007,0.034999999999999996,0,0.17999999999999999,-0.10000000000000001,-0.20000000000000001,-0.070000000000000007,-0.034999999999999996,0,0.17999999999999999,-0.10000000000000001,-0.20000000000000001,-2.8460307027744491e-18,-0.023813303566453795,0.11952552515783488,0.0084756622001804609,0.055579475077740123,-0.016288502221027835,-0.11300000000000004,-0.00014397374651398614,0.03752580154582931,
0.66910965625376684,-0.72599527854190971,0.68756125080686181,-0.00018375547136269496,0.025115397943084147,0.037694692967283921,-0.9989736198429815,-0.070000000000000007,0.034999999999999996,0,0.17999999999999999,-0.10000000000000001,-0.20000000000000001,-0.070000000000000007,-0.034999999999999996,0,0.17999999999999999,-0.10000000000000001,-0.20000000000000001,-2.8460307027744491e-18,-0.023813303566453795,0.11952552515783488,0.0084756622001804609,0.055579475077740123,-0.016288502221027835,-0.11300000000000004,-0.00014397374651398614,0.03752580154582931,
0.66910965625376684,-0.72599527854190971,0.68756125080686181,-0.00018375547136269496,0.025115397943084147,0.037694692967283921,-0.9989736198429815,-0.070000000000000007,0.034999999999999996,0,0.17999999999999999,-0.10000000000000001,-0.20000000000000001,-0.070000000000000007,-0.034999999999999996,0,0.17999999999999999,-0.10000000000000001,-0.20000000000000001,-2.8460307027744491e-18,-0.023813303566453795,0.11952552515783488,0.0084756622001804609,0.055579475077740123,-0.016288502221027835,-0.11300000000000004,-0.00014397374651398614,0.03752580154582931,
0.66910965625376684,-0.72599527854190971,0.68756125080686181,-0.00018375547136269496,0.025115397943084147,0.037694692967283921,-0.9989736198429815,-0.070000000000000007,0.034999999999999996,0,0.17999999999999999,-0.10000000000000001,-0.20000000000000001,-0.070000000000000007,-0.034999999999999996,0,0.17999999999999999,-0.10000000000000001,-0.20000000000000001,-2.8460307027744491e-18,-0.023813303566453795,0.11952552515783488,0.0084756622001804609,0.055579475077740123,-0.016288502221027835,-0.11300000000000004,-0.00014397374651398614,0.03752580154582931,
0.66910965625376684,-0.72599527854190971,0.68756125080686181,-0.00018375547136269496,0.025115397943084147,0.037694692967283921,-0.9989736198429815,-0.070000000000000007,0.034999999999999996,0,0.17999999999999999,-0.10000000000000001,-0.20000000000000001,-0.070000000000000007,-0.034999999999999996,0,0.17999999999999999,-0.10000000000000001,-0.20000000000000001,-2.8460307027744491e-18,-0.023813303566453795,0.11952552515783488,0.0084756622001804609,0.055579475077740123,-0.016288502221027835,-0.11300000000000004,-0.00014397374651398614,0.03752580154582931,
0.66910965625376684,-0.72599527854190971,0.68756125080686181,-0.00018375547136269496,0.025115397943084147,0.037694692967283921,-0.9989736198429815,-0.070000000000000007,0.034999999999999996,0,0.17999999999999999,-0.10000000000000001,-0.20000000000000001,-0.070000000000000007,-0.034999999999999996,0,0.17999999999999999,-0.10000000000000001,-0.20000000000000001,-2.8460307027744491e-18,-0.023813303566453795,0.11952552515783488,0.0084756622001804609,0.055579475077740123,-0.016288502221027835,-0.11300000000000004,-0.00014397374651398614,0.03752580154582931,
0.66910965625376684,-0.72599527854190971,0.68756125080686181,-0.00018375547136269496,0.025115397943084147,0.037694692967283921,-0.9989736198429815,-0.070000000000000007,0.034999999999999996,0,0.17999999999999999,-0.10000000000000001,-0.20000000000000001,-0.070000000000000007,-0.034999999999999996,0,0.17999999999999999,-0.10000000000000001,-0.20000000000000001,-2.8460307027744491e-18,-0.023813303566453795,0.11952552515783488,0.0084756622001804609,0.055579475077740123,-0.016288502221027835,-0.11300000000000004,-0.00014397374651398614,0.03752580154582931,
0.66910965625376684,-0.72599527854190971,0.68756125080686181,-0.00018375547136269496,0.025115397943084147,0.037694692967283921,-0.9989736198429815,-0.070000000000000007,0.034999999999999996,0,0.17999999999999999,-0.10000000000000001,-0.20000000000000001,-0.070000000000000007,-0.034999999999999996,0,0.17999999999999999,-0.10000000000000001,-0.20000000000000001,-2.8460307027744491e-18,-0.023813303566453795,0.11952552515783488,0.0084756622001804609,0.055579475077740123,-0.016288502221027835,-0.11300000000000004,-0.00014397374651398614,0.03752580154582931,
0.66910965625376684,-0.72599527854190971,0.68756125080686181,-0.00018375547136269496,0.025115397943084147,0.037694692967283921,-0.9989736198429815,-0.070000000000000007,0.034999999999999996,0,0.17999999999999999,-0.10000000000000001,-0.20000000000000001,-0.070000000000000007,-0.034999999999999996,0,0.17999999999999999,-0.10000000000000001,-0.20000000000000001,-2.8460307027744491e-18,-0.023813303566453795,0.11952552515783488,0.0084756622001804609,0.055579475077740123,-0.016288502221027835,-0.11300000000000004,-0.00014397374651398614,0.03752580154582931,
0.66910965625376684,-0.72599527854190971,0.68756125080686181,-0.00018375547136269496,0.025115397943084147,0.037694692967283921,-0.9989736198429815,-0.070000000000000007,0.034999999999999996,0,0.17999999999999999,-0.10000000000000001,-0.20000000000000001,-0.070000000000000007,-0.034999999999999996,0,0.17999999999999999,-0.10000000000000001,-0.20000000000000001,-2.8460307027744491e-18,-0.023813303566453795,0.11952552515783488,0.0084756622001804609,0.055579475077740123,-0.016288502221027835,-0.11300000000000004,-0.00014397374651398614,0.03752580154582931,
0.66910965625376684,-0.72599527854190971,0.68756125080686181,-0.00018375547136269496,0.025115397943084147,0.037694692967283921,-0.9989736198429815,-0.070000000000000007,0.034999999999999996,0,0.17999999999999999,-0.10000000000000001,-0.20000000000000001,-0.070000000000000007,-0.034999999999999996,0,0.17999999999999999,-0.10000000000000001,-0.20000000000000001,-2.8460307027744491e-18,-0.023813303566453795,0.11952552515783488,0.0084756622001804609,0.055579475077740123,-0.016288502221027835,-0.11300000000000004,-0.00014397374651398614,0.03752580154582931,
