0.65057645249019425,-0.57548382614567217,0.65980635070751381,-0.0056542207706794922,-0.0095138850036043526,-0.70367871472648935,0.71043210950835456,-0.067044581912244383,0.060413136737311794,0.0763196695858359,0.2232757495997986,-0.13878844344948923,-0.057614305311223857,-0.081960777222735023,-0.069609712495497605,-0.12412108309846441,0.25841417664366717,-0.15914438499663322,0.049739760361031185,-2.5997768554181993e-17,0.43322732130459118,0.73451269188343205,-0.90810513362536593,-1.3193494407059325,0.43322732130459118,-0.73451269188343205,0.90810513362536593,-1.3193494407059325,
0.65058799175927484,-0.5755375747563275,0.65981160408051009,-0.0056090008233712759,-0.0095451370298989344,-0.70365176084495118,0.71045874540936116,-0.066936515032595942,0.060319119406852022,0.076106904022855582,0.2231983493582741,-0.1388308305088008,-0.057659592433452492,-0.081943752254879834,-0.069700984708264677,-0.1240914501091519,0.25853825943851916,-0.15930973545527416,0.049732886011148093,3.7922542682513207e-18,0.43357172176283076,0.73468532705519296,-0.90770103894261178,-1.3204974190324936,0.43357172176283076,-0.73468532705519296,0.90770103894261178,-1.3204974190324936,
0.65060294091268822,-0.5756336513451461,0.6598151475224967,-0.0055012534261743452,-0.0095105118296005924,-0.70355758129695445,0.71055331691229151,-0.066941719966876576,0.060223425543302893,0.075802529797018139,0.22320191589462066,-0.13904270344457584,-0.0577132158020996,-0.081885693071213156,-0.069796074545085213,-0.12427544145722247,0.25857222422044546,-0.15958642315537858,0.04975173444515011,1.0559534417920828e-17,0.43392438191732829,0.7351554106479774,-0.90721420533630226,-1.3221856986827778,0.43392438191732829,-0.7351554106479774,0.90721420533630226,-1.3221856986827778,
0.65061985833653446,-0.57575955004026746,0.65981731721808612,-0.0053501387523013453,-0.0094310356680159836,-0.70341993788019863,0.71069179154833173,-0.067022593577884287,0.060126327555683014,0.075440044177957064,0.22326234180037693,-0.13937369316806356,-0.057773364933512983,-0.0818071692772354,-0.069894515897417464,-0.1246016699177863,0.25855871678700043,-0.15994779725057684,0.049787058859394717,3.7392745262380044e-18,0.43430612765870447,0.73566796822770153,-0.90655959375560236,-1.324046142302314,0.43430612765870447,-0.73566796822770153,0.90655959375560236,-1.324046142302314,
0.65063771224170952,-0.57590010378828715,0.65981843083901714,-0.0051705393224307991,-0.0093255060152237328,-0.70326665334677219,0.71084619626970369,-0.067142709845302948,0.060025178032074154,0.07505748598912379,0.22334410679328059,-0.13976981891776183,-0.057838929096938926,-0.081749685765240929,-0.06999896680073045,-0.12498241606850347,0.25855613907690012,-0.1603752120471183,0.049829554821280472,-3.9400691890872797e-18,0.43474231341514458,0.73587790048243151,-0.90560287434399256,-1.3256128248696113,0.43474231341514458,-0.73587790048243151,0.90560287434399256,-1.3256128248696113,
0.65065419989844986,-0.57604215619552424,0.65981869183961106,-0.0049893574704192329,-0.0092193036683366203,-0.70311899542292344,0.71099492897443539,-0.067262454237722091,0.059925079256530393,0.074687196000199213,0.2234346249071037,-0.14017723366796297,-0.057906345619868037,-0.081720230443419001,-0.070104045419372471,-0.1253541302246311,0.25860279856971841,-0.16083179070210513,0.0498683652059295,-6.1027091107430565e-18,0.435263265491941,0.73550034156747579,-0.90424791211057098,-1.3264581887294389,0.435263265491941,-0.73550034156747579,0.90424791211057098,-1.3264581887294389,
0.65066758237582978,-0.57618121499290997,0.65981954658223929,-0.004838493504756871,-0.0091457820594937431,-0.70298961767727397,0.71112484212625049,-0.067329765520454984,0.059828337144190044,0.074351389146548236,0.22353291822149543,-0.14054649730009239,-0.057973173457661155,-0.081668799829494737,-0.070206361722159646,-0.12570337896594019,0.25868722276428296,-0.16125904862327814,0.049891661482995182,1.6605954450887773e-18,0.43586816709190379,0.73465912962846058,-0.90261588616281607,-1.3266612014035197,0.43586816709190379,-0.73465912962846058,0.90261588616281607,-1.3266612014035197,
0.65067673664623848,-0.57632443597190031,0.65982145198428976,-0.0047235469074522864,-0.0091131124361909076,-0.70288243660469163,0.71123197312760766,-0.067322232689860956,0.059735073045601529,0.074062812024261473,0.22363623262621202,-0.14087371094949724,-0.058042280915732138,-0.081568921927124824,-0.07030899151486196,-0.12602712627729895,0.25880105887591281,-0.16165230883226267,0.049900011681468029,1.3424409781704822e-17,0.43651366183493734,0.73375256905545161,-0.90096263671169807,-1.3266607191205952,0.43651366183493734,-0.73375256905545161,0.90096263671169807,-1.3266607191205952,
0.65068160653036733,-0.57648400897464214,0.65982504895959948,-0.0046494258419167928,-0.0091260606363991539,-0.70278730225530539,0.71132630040320544,-0.06722630870331095,0.059647226221580391,0.073811218164465717,0.22375339198761027,-0.14116622944548296,-0.058115774172170238,-0.0813618234139733,-0.070409076267439696,-0.1263570385537818,0.25889548718156064,-0.16199780259479798,0.049894985643111373,1.2863690834626848e-17,0.43714224602849538,0.73316557036999241,-0.89958840384789385,-1.326812560153082,0.43714224602849538,-0.73316557036999241,0.89958840384789385,-1.326812560153082,
0.65068102613524326,-0.57665799492581638,0.65982907262473511,-0.0046090163006703728,-0.0091709618762764802,-0.70272164042626595,0.71139085354228571,-0.067077652800938289,0.059572330619207164,0.073641957460682403,0.22391868114561519,-0.14145474880411901,-0.058188351548639362,-0.08108507838794525,-0.070496150641729344,-0.12661973375853502,0.25898698587248198,-0.16231280898749056,0.04988098705748039,1.0631804244805318e-17,0.43772246172423296,0.73282623515311685,-0.8985523427973291,-1.3269573986237768,0.43772246172423296,-0.73282623515311685,0.8985523427973291,-1.3269573986237768,
0.65067804366249238,-0.57683039293207239,0.65983496642057016,-0.0045700783172359597,-0.0092328444878953045,-0.70270818607363994,0.71140359444687318,-0.066958889759953288,0.059490301127100687,0.073577653083931646,0.22418298761511346,-0.1417826998344123,-0.058262168303214033,-0.08084105421906651,-0.070589005151315609,-0.12672782363884191,0.25911430454690743,-0.16262131556742579,0.049855194205300303,4.5562001883744048e-18,0.43823487343938006,0.73231321335586919,-0.89776951879781342,-1.3265486934033581,0.43823487343938006,-0.73231321335586919,0.89776951879781342,-1.3265486934033581,
0.6506738055072927,-0.57698327362240232,0.65984316337291316,-0.0044995549171553215,-0.0092898853752533539,-0.70274347725621922,0.71136843984611786,-0.066968346480445293,0.059388466524526458,0.073594325345255798,0.22458809529114099,-0.14218459233034839,-0.058340964113549484,-0.080732996304608479,-0.070702091633139758,-0.12667885873627299,0.25932528261818139,-0.16296095828507945,0.049813023618170978,-1.789056231905678e-18,0.43865377623289248,0.73117619359473518,-0.89714463917372789,-1.3250179228340988,0.43865377623289248,-0.73117619359473518,0.89714463917372789,-1.3250179228340988,
0.65066617709094676,-0.57711359595376743,0.65985455830633477,-0.0043941641500067283,-0.0093420633824851211,-0.70278046193785271,0.71133187717942081,-0.067153090806641613,0.059268838161840018,0.07359895738724069,0.22517508232484554,-0.14266986730208053,-0.058433173499700765,-0.080729553373800222,-0.070838136119030351,-0.12661349459470433,0.25959101314913435,-0.16332687581812022,0.049746001786249258,-1.7037427668399593e-18,0.43900080141698633,0.72935817854060458,-0.89661521217134776,-1.3223516117423619,0.43900080141698633,-0.72935817854060458,0.89661521217134776,-1.3223516117423619,
0.65065296333380962,-0.5772257790814983,0.65986782195061533,-0.0042742529860158212,-0.009394282623025255,-0.70276620920577459,0.71134600119348101,-0.067570043251722736,0.059148329679589697,0.073468600030882653,0.22606250800772054,-0.14328035431523597,-0.058532307680125469,-0.080759350858483153,-0.070983314729210309,-0.12669081807697835,0.25987993580786672,-0.16370241672326874,0.049653430380839289,-5.5576399597294463e-19,0.43930602342470637,0.72717567427126184,-0.89611962361079645,-1.3190755606003557,0.43930602342470637,-0.72717567427126184,0.89611962361079645,-1.3190755606003557,
0.65063396250248917,-0.5773315545073272,0.65988236772517783,-0.0041792669270284645,-0.0094686353294471358,-0.70267351067464356,0.71143714836176652,-0.068198917671371442,0.059042641693853433,0.073114622096104642,0.22732589971067346,-0.14402909992502702,-0.058628238817833259,-0.080702386242211127,-0.071118586959948688,-0.12697979620399885,0.26012220688989129,-0.16402828674138714,0.049539283182124111,-2.3628739111127667e-18,0.43961952458425141,0.72516377783488395,-0.89564105977012476,-1.3160009303835454,0.43961952458425141,-0.72516377783488395,0.89564105977012476,-1.3160009303835454,
0.65061032060425317,-0.57743264262977556,0.65989578697093032,-0.0041333198437337633,-0.0095637574226716537,-0.70250882850670371,0.7115987605955818,-0.068995434099956593,0.058971724119023163,0.072564392372571979,0.22892858487298054,-0.14488679604232985,-0.058704161868917124,-0.080522156621489538,-0.071218031607033036,-0.12742980792766306,0.26028193165173802,-0.16426777648566082,0.049418671151809264,-4.5558077169997525e-18,0.43996618000983234,0.72359731768972479,-0.89514033782821845,-1.3135599765199619,0.43996618000983234,-0.72359731768972479,0.89514033782821845,-1.3135599765199619,
0.650581645932508,-0.57751574360696267,0.65990764536528268,-0.004141866725330753,-0.009676623955129901,-0.70228761122949179,0.71181550910501723,-0.069960792469608804,0.05894738662450396,0.071888003234258785,0.23085277430787277,-0.1458277195508757,-0.058754264312922501,-0.080242759457132898,-0.07127043046036978,-0.12799814591618242,0.2603538595617888,-0.16439359235944853,0.049291775845790753,-1.6884854421502318e-18,0.44037952478540227,0.72255571434656585,-0.8946649608370334,-1.3118578309123743,0.44037952478540227,-0.72255571434656585,0.8946649608370334,-1.3118578309123743,
0.65054770743129609,-0.57756669995648524,0.65992066853940567,-0.0042221048635383753,-0.0098429465252429689,-0.70202910124045581,0.71206771535138458,-0.071074869824531622,0.058957479916636323,0.071129805689393699,0.23311496354373523,-0.14680678050260204,-0.05878280549605451,-0.079879095204009459,-0.071295130341865687,-0.12865256517606749,0.26038614865220083,-0.16437108162858727,0.049139779736713532,4.4511650367322603e-18,0.44090143727765885,0.72186626815859412,-0.89437690763237421,-1.3105454942947345,0.44090143727765885,-0.72186626815859412,0.89437690763237421,-1.3105454942947345,
0.65051083852047797,-0.57757849507903303,0.65993782625636688,-0.0044205579078550553,-0.010137258070084356,-0.70172249409875076,0.71236453866151439,-0.072304683850387588,0.058977264582244941,0.070235067558560613,0.23581666556366665,-0.14778408711044216,-0.058792382511162984,-0.079397139174479006,-0.071335262072326933,-0.12944695849842464,0.26049346245219829,-0.16417282723072443,0.048938324054834177,7.6093331296623423e-18,0.44156332438147428,0.72149680651319659,-0.89473190171928274,-1.3092653914332149,0.44156332438147428,-0.72149680651319659,0.89473190171928274,-1.3092653914332149,
0.65047869271231418,-0.57755297891654755,0.65995852628786644,-0.0047927185876104296,-0.010621917698633087,-0.70135712368778058,0.71271480254400965,-0.073570280918086789,0.058984961950484777,0.069154276568201084,0.23900093316617199,-0.14870937139056006,-0.058764176331222946,-0.078747776608830769,-0.071423622007826579,-0.13040772431460251,0.26079083120984847,-0.16378668290123724,0.048688175480433034,2.623401315501201e-18,0.44240523555511968,0.72144331003235207,-0.89609349708824448,-1.3077866419357971,0.44240523555511968,-0.72144331003235207,0.89609349708824448,-1.3077866419357971,
0.65046308243730511,-0.57749354771444039,0.65998068873062132,-0.0053821488313935389,-0.011334175702892005,-0.70095898543915869,0.71309120711673191,-0.074835391976555657,0.058968665604170953,0.067976185499159417,0.24276919494317817,-0.14959866027632052,-0.05866114614625708,-0.077900019371734242,-0.071574686470210425,-0.13144078579371327,0.26134235105333325,-0.16319153901046668,0.048407004424262705,-3.9684497753670415e-18,0.44337903991845296,0.72202083522836824,-0.89900679661625738,-1.3062193129383695,0.44337903991845296,-0.72202083522836824,0.89900679661625738,-1.3062193129383695,
0.65048317395326194,-0.57740513019466977,0.65999887450475936,-0.0062478665533966951,-0.01230273309127706,-0.70060379571543341,0.7134170788193559,-0.076091658844032878,0.058931201146779473,0.066866569691732741,0.24731296822230445,-0.1505230618254029,-0.058416907381282371,-0.07683136399120323,-0.071785392970137613,-0.13226169334521651,0.26219836535588759,-0.16234224810303513,0.04814332564737956,-1.3363122923606285e-17,0.44423940431144793,0.72405649971795349,-0.90457825565831684,-1.3049913104722997,0.44423940431144793,-0.72405649971795349,0.90457825565831684,-1.3049913104722997,
0.65055484684959808,-0.57729188793781716,0.66000559790245961,-0.0074132530755793014,-0.013522978846064619,-0.70034703702979684,0.71363590187542458,-0.077488559493326684,0.058882850507334876,0.065902581327846044,0.25297731067440643,-0.15167193039485843,-0.057976723559853831,-0.075605374184921789,-0.072050846526016205,-0.13265217649562092,0.26347773826720616,-0.16128271204104375,0.04793820529814511,-2.2916782239681033e-17,0.44459231664490545,0.72841956404442776,-0.91390613859490011,-1.3045249411498574,0.44459231664490545,-0.72841956404442776,0.91390613859490011,-1.3045249411498574,
0.65070671482868481,-0.57716350511467429,0.65999176500218482,-0.0089184802509935743,-0.01504201256124571,-0.70024913903921515,0.7136843432799671,-0.079251387992177402,0.058790435993764649,0.0651673687027262,0.2603619552922537,-0.15332459656475655,-0.057269516358376626,-0.074391024773279663,-0.072433439023493348,-0.13239783915130093,0.26560597918928719,-0.16017770259677599,0.047817633543184232,-1.5975349536568958e-17,0.44409811499716029,0.73534019758957814,-0.92744646760418259,-1.3046968637789496,0.44409811499716029,-0.73534019758957814,0.92744646760418259,-1.3046968637789496,
0.65096059001171525,-0.57703296602874377,0.65995205119758749,-0.010715165251200981,-0.016857377449597512,-0.70032541692949835,0.71354419937498292,-0.081533115842359255,0.058590420774625444,0.064734200794633559,0.2697069292673272,-0.15565379496722173,-0.056275245607678562,-0.073420847144031215,-0.073024463208753748,-0.13143527820341702,0.2689497774679237,-0.15926974904024219,0.047791181162967447,-4.0462188981097895e-18,0.44265276315987018,0.74391958654841295,-0.94433285869846506,-1.3047233992491281,0.44265276315987018,-0.74391958654841295,0.94433285869846506,-1.3047233992491281,
0.65133241776608242,-0.57690801518539714,0.65987628078859584,-0.012734720609274821,-0.018907292259284413,-0.70053925723902954,0.71324966895009101,-0.084370894424279974,0.058248479768974841,0.064575162612447459,0.28087714399874991,-0.15867967342203515,-0.05497894910844503,-0.072928502518581503,-0.07388869446052411,-0.12988246728702263,0.27378008054227843,-0.15880130879475107,0.047898194177662834,1.5173449264308763e-18,0.44041198974452944,0.75263307270896895,-0.96269147356267237,-1.3037361453851497,0.44041198974452944,-0.75263307270896895,0.96269147356267237,-1.3037361453851497,
0.65183801969961885,-0.5767860491976311,0.65974158254594961,-0.014827567027714834,-0.020968655613903747,-0.70087961050016601,0.71281710860705338,-0.087982437208787165,0.057781931639330056,0.064641506792702433,0.29366774788183075,-0.16254955973556706,-0.053325740908375927,-0.073414117464479262,-0.075028047167766995,-0.12782377818300034,0.2804079565714247,-0.159161316102223,0.048238369181529753,2.931750437036605e-18,0.43755713444823774,0.75968022647988553,-0.97976178912792289,-1.3011107851429646,0.43755713444823774,-0.75968022647988553,0.97976178912792289,-1.3011107851429646,
0.65248573567028745,-0.5766439894024743,0.65951663713795883,-0.016856897169246578,-0.022789254474447993,-0.70137018859706468,0.71223335603272775,-0.092864026015710505,0.057257124453194655,0.064944901737875621,0.30827911010052012,-0.16760108248684366,-0.051209751829991504,-0.075569839051950846,-0.076385341733293047,-0.1251081206109721,0.28931176714376172,-0.16077844073144992,0.048903750281955281,1.1587487373004262e-18,0.43399926866599081,0.76430374768075837,-0.99365599067789068,-1.2970615369140697,0.43399926866599081,-0.76430374768075837,0.99365599067789068,-1.2970615369140697,
0.65326209302294502,-0.57643617609531983,0.6591468858930063,-0.018748897099996636,-0.024120498832048205,-0.7019848214169031,0.71153635950238403,-0.099751963415865688,0.056919406731654153,0.065806687305083378,0.325299325592043,-0.17424628587718938,-0.04851540574730738,-0.080461016342734268,-0.077821170298689638,-0.12138536477174866,0.30156960006897743,-0.1642785123591621,0.049938668474396992,-6.198947384464242e-19,0.42935006140343934,0.76649796710296791,-1.0026688938106079,-1.2928140702636552,0.42935006140343934,-0.76649796710296791,1.0026688938106079,-1.2928140702636552,
0.65409960375872322,-0.57614211033993967,0.65861269953659474,-0.020500137612268092,-0.024969870254749872,-0.7026017987852029,0.71084946527456605,-0.10882665218991561,0.057002803478122942,0.067531543060932175,0.34483145527129566,-0.18241083677398215,-0.045358991204217686,-0.088294036668568471,-0.079217535615276904,-0.11681420899715424,0.31749207802635487,-0.16980016453067884,0.051170899485165962,2.5503786434456855e-18,0.42339122144143349,0.76681437185614421,-1.0060193186012913,-1.2899622182310884,0.42339122144143349,-0.76681437185614421,1.0060193186012913,-1.2899622182310884,
0.6549046395968654,-0.57577274331986361,0.65792891311396096,-0.022138573766801155,-0.025546561430128758,-0.70299318725367443,0.71039273322971785,-0.11949416533155312,0.057650099272184861,0.070306554555295414,0.3660230227431151,-0.19138960150787462,-0.042059666129299254,-0.098481188135357944,-0.080582663832171414,-0.11213209094723837,0.33665374341813381,-0.17708024727915062,0.052320348568637119,6.4552235266576478e-18,0.41638430333729792,0.7656917457659167,-1.0035481737876886,-1.2898468396473937,0.41638430333729792,-0.7656917457659167,1.0035481737876886,-1.2898468396473937,
0.65562383995234341,-0.57534035950266404,0.65705017946299304,-0.023713196632477805,-0.025981559489768428,-0.7027041208096545,0.71061210337924841,-0.13048429627518804,0.05892408372447426,0.073875003772169795,0.38674225615883362,-0.19989888907916045,-0.038892763165823727,-0.11093914655965231,-0.08228494141349886,-0.10864825792199792,0.35984712696615695,-0.18662575651197552,0.053413957514769364,5.1886064849792835e-18,0.40895240805385286,0.76341223744562237,-0.99527956866072054,-1.2938726830466822,0.40895240805385286,-0.76341223744562237,0.99527956866072054,-1.2938726830466822,
0.65642512908270445,-0.57474848826547031,0.65577882016180089,-0.025320950372849326,-0.026173601242578913,-0.70155656532268229,0.7116826383458088,-0.14066035462295856,0.060570413621117071,0.078018526431659935,0.40487828320006508,-0.20689402803246973,-0.035516084100786147,-0.12771641445207735,-0.08507122818074879,-0.10609545660687256,0.39038400886249736,-0.19989768043908737,0.055058456379356087,-8.0406959645999835e-18,0.40184360511079026,0.7598336856624136,-0.98146566029192206,-1.3024199233999207,0.40184360511079026,-0.7598336856624136,0.98146566029192206,-1.3024199233999207,
0.65758235465963222,-0.57381483215470497,0.65526084589241451,-0.027302398552945518,-0.026235159333086601,-0.7001877082298974,0.71295404388486905,-0.14883275124487549,0.062091095288165907,0.083283648013688885,0.41916963054444573,-0.21158018741462667,-0.031191622624422623,-0.15424982704767642,-0.088754046085765745,-0.098155341757563491,0.4342074883676722,-0.2179439212793976,0.057298602489780054,-1.6673741616129072e-17,0.39742218154111281,0.75658236889694541,-0.96428717754382998,-1.3163343546390349,0.39742218154111281,-0.75658236889694541,0.96428717754382998,-1.3163343546390349,
0.65895247242238342,-0.57255799716883393,0.65510660379527375,-0.030249198502038072,-0.02683180399076995,-0.699564180760055,0.71342483646288779,-0.15443116145174859,0.063556890983452435,0.090096128509228421,0.4310102917575141,-0.21404616805368915,-0.025902446288029554,-0.19435252181803253,-0.090576511065807511,-0.075968313587337966,0.49458553660677607,-0.23990542319161903,0.058500334734801034,-2.2598464958465911e-17,0.39919222164395662,0.7571296315236592,-0.94767970904181409,-1.3369814755095897,0.39919222164395662,-0.7571296315236592,0.94767970904181409,-1.3369814755095897,
0.66020556211454684,-0.57093243791555004,0.65491958832288588,-0.035442729490802023,-0.029011435831490039,-0.70035500275533891,0.71232367617032544,-0.15727199589979754,0.065901954914062519,0.098345516671120528,0.44346398890629135,-0.21422990410880366,-0.019727191958754501,-0.24687224277840472,-0.088932678559705575,-0.040700522508914802,0.56974306668069796,-0.26159646411297227,0.05812088893276033,-7.5787326271696734e-18,0.41067581448781082,0.76685861044795545,-0.93560509570771733,-1.3665180136665684,0.41067581448781082,-0.76685861044795545,0.93560509570771733,-1.3665180136665684,
0.66145948488836548,-0.56900159266240358,0.65463726087256258,-0.044723580727246887,-0.033555639066930883,-0.70284974629081687,0.70913754276069563,-0.1561886700875337,0.07009911073336049,0.1077062305435854,0.45855131926208492,-0.21163109007290268,-0.011760660623880457,-0.30509985713361648,-0.089090158329702004,-0.010672089716251325,0.65328939662141861,-0.27686927909353254,0.058579777199646445,5.8632647780118954e-18,0.43293508173580209,0.79542213331519918,-0.93280635073648299,-1.4090331541780627,0.43293508173580209,-0.79542213331519918,0.93280635073648299,-1.4090331541780627,
0.66346192666644099,-0.56709177569219749,0.65433368963325578,-0.058761814163903463,-0.039676656988023223,-0.7068827094604615,0.70376817713808182,-0.15004019668900315,0.076316235382281217,0.11858019636328299,0.47505576059988242,-0.20639517879028746,-0.00046088530755747137,-0.36288595887996833,-0.099999429371723736,-0.005168206685870454,0.73893909379787437,-0.28326379834491783,0.061174063418075769,1.3569280777874502e-17,0.4617729662163052,0.85044663112582608,-0.9412141749449956,-1.4676598078300043,0.4617729662163052,-0.85044663112582608,0.9412141749449956,-1.4676598078300043,
0.66691010380038451,-0.56599960657238713,0.65452804939460107,-0.074156463107751258,-0.042636698431911764,-0.71228663412112647,0.69665678908525075,-0.13885901302598175,0.084072695883402104,0.13161794848091596,0.48778009146761125,-0.20479470610266165,0.014068414266795986,-0.41737531726034605,-0.1257044095238832,-0.030103742538415908,0.82088222737013949,-0.28724331354797789,0.06473300285900864,4.0128143716161885e-18,0.48793648377982013,0.92914419663585046,-0.95827039952705584,-1.5381764916692235,0.48793648377982013,-0.92914419663585046,0.95827039952705584,-1.5381764916692235,
0.67188494491582884,-0.56602077524259686,0.65622369447308038,-0.082134738394964851,-0.033990789812726963,-0.71983626230944309,0.68842883903935082,-0.12405161594773009,0.091946871185141804,0.14808667418175966,0.48974137891836189,-0.22246165411526087,0.028211472878139892,-0.47085812065973487,-0.15904924585800287,-0.072284350555827187,0.89498539206888283,-0.30502444354461306,0.071440308451456228,-1.3104462057884421e-17,0.50278879987704728,1.0163983986532621,-0.9783913918743623,-1.6084253845169736,0.50278879987704728,-1.0163983986532621,0.9783913918743623,-1.6084253845169736,
0.67755480350828856,-0.56715379880383632,0.65855052735191988,-0.091227337527417407,-0.023683738759120242,-0.72841696950108059,0.6786201971271637,-0.10669811635283721,0.10046101326621729,0.16876656067368734,0.47589511057882367,-0.22724861729674539,0.045253935143985527,-0.52644684095924532,-0.19149938355139354,-0.1098228188632715,0.95880528770363926,-0.307630350096257,0.07504371348503569,-3.4399489720745792e-17,0.50374470327693599,1.0928968739909428,-0.99731408579795167,-1.6630000153817255,0.50374470327693599,-1.0928968739909428,0.99731408579795167,-1.6630000153817255,
0.68266670775999627,-0.56909923413968955,0.66122998668443222,-0.10030657986827647,-0.012877901550500476,-0.73690431179372673,0.66838969542221316,-0.088785385029048855,0.10896390330332525,0.19332281350735644,0.44694079994969294,-0.21787712198114861,0.063149929333956287,-0.58125051705287134,-0.21254815200385341,-0.12738225706995954,1.0087130601194165,-0.29821224574879396,0.076500194866636395,-4.8331456975358475e-17,0.49604884883864719,1.136783262972362,-1.0112742304412439,-1.6814135438863109,0.49604884883864719,-1.136783262972362,1.0112742304412439,-1.6814135438863109,
0.68630917656031065,-0.57112844451471645,0.66385757714758697,-0.10861687033627396,-0.0026134611146969382,-0.74390383743017308,0.65939565206029194,-0.071774584142981962,0.11765707830887136,0.22151105732243687,0.40814865652452653,-0.19810218157049594,0.079747006516222671,-0.62651854819510322,-0.22164042050089028,-0.1324657105991825,1.042242085456462,-0.28270573833539647,0.07715112105898779,-4.1147654801301004e-17,0.48960566650797421,1.1354493141724165,-1.0188601575012934,-1.6467270148586015,0.48960566650797421,-1.1354493141724165,1.0188601575012934,-1.6467270148586015,
0.68769877795026213,-0.57229750237690946,0.66583242827907085,-0.11454222020931325,0.0049528696599858207,-0.74869894494471134,0.65292069863830215,-0.059216271668828868,0.12617802481543275,0.24772177493453618,0.37190139929993893,-0.176040648597794,0.090327422911196623,-0.65106696871242842,-0.22527030455059116,-0.14355744005945342,1.0587241642752607,-0.26975521288516097,0.073627740993144911,-3.2858303691395914e-17,0.4933708501139803,1.0895012131956154,-1.0214456820280737,-1.5550486364480716,0.4933708501139803,-1.0895012131956154,1.0214456820280737,-1.5550486364480716,
0.68673014811627464,-0.57292538088810763,0.6665868701733072,-0.11635375300875112,0.0076456702708041623,-0.75188857450797242,0.64889669394384952,-0.057201243945281338,0.13196027045537856,0.25699925210609403,0.3568709738086801,-0.16347509679244041,0.091370604687207049,-0.65059887073757228,-0.2287189259733563,-0.16608160175963285,1.0621183133404681,-0.26861630573872236,0.064926283151059375,-1.5289770267609155e-17,0.51048270912404803,1.0135452468763146,-1.021085679848261,-1.4252905062859347,0.51048270912404803,-1.0135452468763146,1.021085679848261,-1.4252905062859347,
0.68407982453453131,-0.57320590441971031,0.66562232027038359,-0.11319296177846776,0.0043828383859033249,-0.75410282350818569,0.64691349940195531,-0.071996186847968005,0.13012953594887602,0.23440150565544801,0.3758860714426473,-0.16769610026001078,0.083994544770098253,-0.62834638623864369,-0.23029815213715019,-0.18794521556989782,1.053902014274789,-0.28101109632389343,0.055454837748651085,-2.1378276053936069e-18,0.53740268808887737,0.9249934043194874,-1.0194489598178638,-1.2862229469598176,0.53740268808887737,-0.9249934043194874,1.0194489598178638,-1.2862229469598176,
0.68039069932729401,-0.57258175312207027,0.6623159114542877,-0.10547026572189198,-0.0044762079657840511,-0.75496896119579482,0.64720773654348662,-0.10741826989170036,0.11780830011285877,0.18232566553516266,0.43222570612338351,-0.19038308099115273,0.071794361182375019,-0.59145911024266606,-0.22240771821453315,-0.19214252731654302,1.0328500963633489,-0.3019294932147561,0.048243344433722461,-1.8411867021716551e-18,0.56548153968560344,0.840575189055909,-1.0202414153937254,-1.1662988253367974,0.56548153968560344,-0.840575189055909,1.0202414153937254,-1.1662988253367974,
0.67563665107143156,-0.57076925454904104,0.65611810450995367,-0.094442006828044059,-0.017495300582473734,-0.75326968321408583,0.65066074582256106,-0.16283822043562532,0.099040072325273093,0.12252796120491685,0.52020160864870157,-0.2274641676999716,0.056472358132256914,-0.54514487399058931,-0.19963951564264645,-0.17039026729172513,0.99749382805917475,-0.32425036332722607,0.041437790253647661,-1.2820349576825306e-17,0.58665504480197284,0.76793363856455388,-1.0282525136916461,-1.0768016459737939,0.58665504480197284,-0.76793363856455388,1.0282525136916461,-1.0768016459737939,
0.66976135281224991,-0.56888145610121843,0.6467876446191505,-0.082066729903038718,-0.03215950001587168,-0.74762071513578854,0.65825077645347518,-0.23404846278950286,0.086170999618947128,0.086895204404292742,0.63050104337864243,-0.27353116211032286,0.040234515389942424,-0.49020765342620387,-0.16497991000510293,-0.12463724309579455,0.94537038603259993,-0.33859337055492233,0.034832015380262586,-1.5406607922680167e-17,0.59466789602333914,0.70701929908827754,-1.048675538207362,-1.0115865431850666,0.59466789602333914,-0.70701929908827754,1.048675538207362,-1.0115865431850666,
0.66263564227678318,-0.56782669485166348,0.63503959664511767,-0.06963014292130297,-0.046521527881239179,-0.73727564012168401,0.67038199641958995,-0.31191912649458337,0.091005170269853469,0.095585332937807937,0.74581166416124789,-0.31812117844278709,0.027373314697414393,-0.42550946677721085,-0.12872008359645154,-0.069268547504733574,0.87425979393396369,-0.33762963681692887,0.027568902983076883,-8.6354127445074872e-19,0.58767364704542691,0.65499841088171007,-1.0838164607773082,-0.95711439410071608,0.58767364704542691,-0.65499841088171007,1.0838164607773082,-0.95711439410071608,
0.65408415915645324,-0.56881281328937938,0.62968014869400346,-0.056860339757031177,-0.060380006995486665,-0.72269470059459262,0.68617310224930295,-0.3896769735956222,0.11563095217152358,0.14164343612921429,0.85579965795543467,-0.35415341105730824,0.020928456066870431,-0.35188876274711817,-0.099982462944232131,-0.018140362775282047,0.78784482215934803,-0.32309874097341845,0.017506556723516958,1.0679287148773386e-17,0.56772453202282547,0.61171619876153116,-1.1321661350346783,-0.90811024701490783,0.56772453202282547,-0.61171619876153116,1.1321661350346783,-0.90811024701490783,
0.64514305896558566,-0.57182489881979737,0.64099335131263169,-0.043646066913669013,-0.073571170122680718,-0.70642287009925397,0.7026016171134819,-0.46565212257549637,0.15074932715849082,0.19516513059256207,0.95379847256111094,-0.37539725679890501,0.020698564967099011,-0.27645399960786426,-0.084707232383168116,0.0191577220806892,0.69436340513674355,-0.29820352776553166,0.0045001404463144417,2.5663713920355015e-17,0.53790443140165911,0.5774352891564114,-1.189043833866134,-0.86302209050217571,0.53790443140165911,-0.5774352891564114,1.189043833866134,-0.86302209050217571,
0.63759695213636758,-0.57533182637757541,0.65048944945520504,-0.030616024488141609,-0.085640127794536752,-0.69187108080579651,0.71627008530336933,-0.54317164316543809,0.18369050508099935,0.22970767827366489,1.0380782196171006,-0.38041783581566802,0.025350134249382886,-0.20652124964811622,-0.083162381591287124,0.039893535198395544,0.60108549302559178,-0.26567001402242496,-0.0087407560931192629,2.710154506613549e-17,0.50088624977122354,0.54767791953112011,-1.2509402924476207,-0.81335955819192129,0.50088624977122354,-0.54767791953112011,1.2509402924476207,-0.81335955819192129,
0.63261695553746999,-0.57751955907864228,0.65738773817134766,-0.01958649321733253,-0.095552248774182294,-0.68330864234670963,0.72358512721858848,-0.6235424067077,0.20635288556447898,0.23268226804735068,1.1079710074954356,-0.37241722410674594,0.03173393465154186,-0.15060033913652288,-0.090198461630596707,0.046000243775203557,0.52135516727660536,-0.23313751611612968,-0.019882738091149765,1.5929835121839385e-17,0.46322855153707221,0.51670388264410061,-1.3149360819298239,-0.74908770636125743,0.46322855153707221,-0.51670388264410061,1.3149360819298239,-0.74908770636125743,
0.62997776540227146,-0.57853214423386057,0.66143417387948167,-0.012497840250098728,-0.10242424592336762,-0.68388320620709164,0.72225815198170062,-0.70329889326177664,0.22046185362192977,0.2067071512312687,1.1683354688734808,-0.36120753164026942,0.034099149697438227,-0.11387733075705844,-0.097519563646960503,0.047643465296324419,0.46944454997438984,-0.21151503070987923,-0.027938341236287675,1.8192995241237354e-18,0.43477989576227449,0.48612208232804044,-1.3766696687748989,-0.67778379736703565,0.43477989576227449,-0.48612208232804044,1.3766696687748989,-0.67778379736703565,
0.62868805565046426,-0.57900485916228084,0.66311800424799272,-0.010340118181189871,-0.10574654345460741,-0.69349786965972182,0.71258084122493037,-0.7730915725707086,0.23314193214012169,0.16282521801384325,1.2194506186070235,-0.35407121137184921,0.026744442789253794,-0.095952910352194234,-0.099165380362130504,0.054496954693288073,0.44745860543055027,-0.20371374053262986,-0.032751113305677357,4.5966829974335545e-19,0.42248527452266094,0.45975554235334593,-1.4304153442073586,-0.61299795220093956,0.42248527452266094,-0.45975554235334593,1.4304153442073586,-0.61299795220093956,
0.62749370460399145,-0.57972893001252879,0.66329215468540925,-0.011334746213579607,-0.10653502999686032,-0.70661924235948814,0.69943624244039926,-0.81604253547074046,0.24749039208019824,0.12098151370007365,1.2543102498963474,-0.35453684837530786,0.008892948881254005,-0.090728808318926296,-0.094699237525115318,0.067102578553975417,0.44772212633489461,-0.20735000826775335,-0.036375531476285403,-4.9262531688439228e-18,0.42683538328232495,0.44354427558019816,-1.4683021128598486,-0.57480983795112461,0.42683538328232495,-0.44354427558019816,1.4683021128598486,-0.57480983795112461,
0.62565025161346555,-0.58087717729014521,0.66274551161000461,-0.012962330229472331,-0.10618950058537849,-0.71612915309265823,0.68972081601996205,-0.82091649607539874,0.26060181978708413,0.098867740284630176,1.2648562905733283,-0.36049082132885268,-0.013216786165069891,-0.091541604812720098,-0.087461904239667751,0.076553015859740059,0.45837861430131016,-0.21643513931087791,-0.040696014301814624,-2.3433453940411248e-19,0.43842773150948705,0.43729781368930087,-1.4866950554540284,-0.56531516051176922,0.43842773150948705,-0.43729781368930087,1.4866950554540284,-0.56531516051176922,
0.6233376577814338,-0.58136599765071484,0.66224912166469829,-0.014033277933967933,-0.10520051413917619,-0.71716283163449002,0.68877673585660637,-0.78575482298550692,0.26787481696500598,0.109867468187084,1.2439784057666428,-0.36512700852267266,-0.028060294840678509,-0.092047038358917893,-0.081092565306062389,0.071415001157806746,0.46338581303771414,-0.22079650425940922,-0.045461454586609322,1.4785563365753307e-17,0.44165225786257828,0.43865781226141343,-1.4835400981121978,-0.57420566854176724,0.44165225786257828,-0.43865781226141343,1.4835400981121978,-0.57420566854176724,
0.62133906058182264,-0.57994397665554731,0.66218115367684083,-0.015232120553797175,-0.10299436975854091,-0.71025300793982771,0.69620457267523217,-0.72077948132789138,0.26714493340871875,0.1523313750294405,1.1929112084338549,-0.36325149662580569,-0.029072439765831789,-0.089964425525970046,-0.076167248106584914,0.050732656376000787,0.45282051235919718,-0.21259066891097486,-0.048479421329635425,1.8606235403832145e-17,0.42869419627041172,0.45310181971106545,-1.459905216481832,-0.60265876709880351,0.42869419627041172,-0.45310181971106545,1.459905216481832,-0.60265876709880351,
0.62035442068219648,-0.57804407650272305,0.66187980765715348,-0.017538666314295546,-0.099351611205015289,-0.69991247368291454,0.70706731059917249,-0.63679689719193877,0.25711935947609188,0.21002025987712594,1.1206440495652297,-0.35762240934522804,-0.022094877143244249,-0.091010573333181924,-0.071607025619625272,0.025263505440235461,0.44087485247802938,-0.20072384649954331,-0.048169814428775035,4.9721983822308125e-18,0.40480592840053065,0.48438232054220348,-1.4196030852200214,-0.65386368340221879,0.40480592840053065,-0.48438232054220348,1.4196030852200214,-0.65386368340221879,
0.62125373810706153,-0.57771692438952382,0.66029045450713442,-0.022368062214288137,-0.093866886589978493,-0.69358928268553599,0.71387855013191526,-0.54436984876900074,0.23858878753995105,0.26236566276351614,1.0378182173925634,-0.35312883227405167,-0.015173343528558219,-0.10441305049636554,-0.067918818663487299,0.0021853056453080347,0.45160241035138149,-0.20105621969207937,-0.042940657882823752,3.7066161771848791e-19,0.38352120368602971,0.52887087684145762,-1.3670908374849335,-0.72497643644363208,0.38352120368602971,-0.52887087684145762,1.3670908374849335,-0.72497643644363208,
0.62503884452257208,-0.5793491611107171,0.65670088096153545,-0.030278843694283818,-0.086331443097427601,-0.69663934095034252,0.71156426427802377,-0.44783771579237214,0.21318427549544811,0.30190369942551615,0.94710746739544449,-0.34963791072208422,-0.0096522257354394042,-0.13495946102824494,-0.069773637227741381,-0.023073587732927881,0.49711784714488122,-0.2212162957554826,-0.0313016131171572,-1.5295716362244329e-17,0.37613654662410084,0.57818027477595479,-1.3059086321891256,-0.80839380980309483,0.37613654662410084,-0.57818027477595479,1.3059086321891256,-0.80839380980309483,
0.63245834963428327,-0.58123715590334513,0.65057165989431487,-0.040525026069121062,-0.07688850957178775,-0.70946716810913435,0.6993584322313785,-0.34955550682467185,0.18183964098545224,0.32757533374664416,0.84303098649941255,-0.3390479225584565,-0.0033385083541741505,-0.18384776041080725,-0.083898742309775759,-0.055858013335076701,0.57455770565203579,-0.25596558131576036,-0.012380003350065803,-2.5421441034161991e-17,0.38524404376572707,0.62214252824849581,-1.2459983269676649,-0.88843358458779398,0.38524404376572707,-0.62214252824849581,1.2459983269676649,-0.88843358458779398,
0.64313242647673197,-0.58210090631614786,0.64138799111829958,-0.052055567062417332,-0.065555175738748611,-0.72685890535141362,0.68166624427429057,-0.25249865573237884,0.1462027057471173,0.33762230043585317,0.72363871456472539,-0.31607128334842355,0.0066051786808346289,-0.2492999855766474,-0.11160078477152492,-0.092786180574482832,0.67395503147480329,-0.29458728262161471,0.011769192928657161,-8.8287662201775529e-18,0.40099041543870734,0.65118778703090219,-1.2000187706268577,-0.93935576854622993,0.40099041543870734,-0.65118778703090219,1.2000187706268577,-0.93935576854622993,
0.65547325545668911,-0.5804379626732743,0.64616434260780609,-0.064774653126736262,-0.051788782646054236,-0.74323117844241382,0.66387467318421756,-0.16340306440551949,0.11156647621724007,0.331239426296008,0.59540134429594971,-0.27998065909700459,0.023971059954042615,-0.3274681056084533,-0.1457769140330066,-0.12326714974372235,0.77747593006574212,-0.32114540985755197,0.037082971746685962,1.6826144498254843e-17,0.41117883796409299,0.67316035419850284,-1.1730237416387674,-0.96464315075933516,0.41117883796409299,-0.67316035419850284,1.1730237416387674,-0.96464315075933516,
0.66615857748676521,-0.57671972434169827,0.65502781019949696,-0.077268394187277739,-0.037215982330616994,-0.75477553067698333,0.65035256915781081,-0.091746032401690811,0.084916958860503614,0.3125391586458558,0.47985753735519854,-0.23959978356341835,0.046598229131971043,-0.41355918579377782,-0.17228692007762053,-0.12957280525920203,0.87282196210085861,-0.33131539058976694,0.056762128785409718,2.1033601675330478e-17,0.40895552835251636,0.69581974708621575,-1.1673030139112248,-0.97262880830196174,0.40895552835251636,-0.69581974708621575,1.1673030139112248,-0.97262880830196174,
0.67213120946719895,-0.57273240361791267,0.66026984223085827,-0.08719160074256814,-0.025190213858864188,-0.76081696233992779,0.64258900371974781,-0.04181530467956901,0.069518609080180149,0.28908212483367102,0.39576068758254568,-0.20620774977137818,0.065860035704427403,-0.5040196516581239,-0.18162218827116922,-0.10505144786095671,0.96133746906829032,-0.33633205029125857,0.0660603917190416,2.0252704753979529e-17,0.39599111065981318,0.71714941790817932,-1.1819786779266168,-0.96411615025370845,0.39599111065981318,-0.71714941790817932,1.1819786779266168,-0.96411615025370845,
0.67273396064124769,-0.57012326937055491,0.66279088018663934,-0.093593632605175128,-0.017514692206022902,-0.76181615309325457,0.64075706502456209,-0.014382322692443052,0.066234604577828385,0.2697249558776359,0.35362775700772053,-0.19007176371138448,0.075494859563743438,-0.58982327884352415,-0.17537942923551658,-0.065257068716286823,1.0432513340542728,-0.34483283402239551,0.06490215299678409,1.0907674635360267e-17,0.37740009509886641,0.73458488529436949,-1.2096495319092468,-0.94548884470441608,0.37740009509886641,-0.73458488529436949,1.2096495319092468,-0.94548884470441608,
0.6701754615731762,-0.56839513031693123,0.66387060413583832,-0.097565997151025097,-0.013170270715331087,-0.7589362551320985,0.64367940841328575,-0.0061744178612244474,0.072085623932162654,0.25689605161059625,0.34485627634227378,-0.18833191768661048,0.077394077808137257,-0.65870625584090026,-0.16581363355885115,-0.035989729415621688,1.1090533723664311,-0.35270314721852819,0.057129941396883321,-3.5469303448040081e-18,0.35785302229742588,0.74883173112846046,-1.2389223125764204,-0.92872334887126751,0.35785302229742588,-0.74883173112846046,1.2389223125764204,-0.92872334887126751,
0.66740369563467783,-0.56694465898998536,0.6643102685280784,-0.10084925729349652,-0.010037160178859073,-0.75365533537261409,0.64940920703612359,-0.011679222261670733,0.081807844827104542,0.24632578299347618,0.35329221649143172,-0.19201244056832847,0.078027457281971274,-0.70133664978371668,-0.16333156836317173,-0.031285197038850743,1.1502154436299925,-0.35578054256157549,0.048163554280445185,-4.2251561413085834e-18,0.34137454767899544,0.75927614354420503,-1.2615933764945488,-0.9174518522767271,0.34137454767899544,-0.75927614354420503,1.2615933764945488,-0.9174518522767271,
0.66646435101141766,-0.56537718683641314,0.66464868968572799,-0.10493910669549436,-0.0060497027759420299,-0.74866153914263711,0.65456633337718506,-0.023934753504951417,0.091976168986672296,0.23799819231447475,0.3637054270600647,-0.19326601239541882,0.082644461998250873,-0.71214917072548944,-0.16807987835991586,-0.0540558421603917,1.1604163249365125,-0.35060730215447272,0.041062323538686891,4.9288140062362555e-18,0.33391883619522417,0.75748833754069311,-1.2730204098641957,-0.89678405328608901,0.33391883619522417,-0.75748833754069311,1.2730204098641957,-0.89678405328608901,
0.66697427754271665,-0.56348250750084561,0.66505780003638593,-0.10877833858303176,-3.1833528353245044e-05,-0.74691879792313665,0.65595699657126783,-0.039339598552995042,0.10372295025280993,0.23873578427282338,0.3715084047967121,-0.1930832262599913,0.089362711204462181,-0.69190006948746174,-0.16984241419518728,-0.096923255869850164,1.1376580047273104,-0.33765917315906629,0.035377804909490246,1.248887511437497e-17,0.33972377089337907,0.73468644161814944,-1.2753063761095023,-0.8490943584159274,0.33972377089337907,-0.73468644161814944,1.2753063761095023,-0.8490943584159274,
0.66651493331423506,-0.5618222071475919,0.66519412287998447,-0.10861680459319165,0.0064018049541018432,-0.7505400308599105,0.65180600544187861,-0.058945134523112043,0.1168874502627639,0.24643682945176132,0.38373964905142738,-0.19856863782147519,0.090130729208873439,-0.64671624519967286,-0.15615880562820983,-0.14075422419895592,1.0880401525615873,-0.3269435987820159,0.029261535698887321,8.076753313964386e-18,0.36089723209798447,0.69048499449093281,-1.2744210377971132,-0.77501734407384848,0.36089723209798447,-0.69048499449093281,1.2744210377971132,-0.77501734407384848,
0.66355063999586972,-0.56155161776871299,0.66409933605247495,-0.10598509612227841,0.0070175536106476463,-0.75778532860444725,0.64380067497100602,-0.087037082556169237,0.12754935987769109,0.24422358926877868,0.41376442253990314,-0.20743860924630383,0.083263356663515628,-0.58636709311900637,-0.12502438239589955,-0.162881513606845,1.024043748177085,-0.32008959375653767,0.019650927003745659,-4.534401929622306e-18,0.39373756748334743,0.63648395132238189,-1.2743462999109947,-0.69728961417282254,0.39373756748334743,-0.63648395132238189,1.2743462999109947,-0.69728961417282254,
0.65883139077142916,-0.56253102169226199,0.66098142000681459,-0.10050595304613624,0.00086062499496630807,-0.76422171365592806,0.63707376739566235,-0.12820785692927308,0.12995554534253487,0.21524335207339806,0.46806611585244928,-0.22298057924987999,0.070458804929534158,-0.51792662358340147,-0.084997710481063096,-0.15295145532919774,0.95275457897174343,-0.31780059252519866,0.010198180893192039,-1.7679283173276677e-17,0.42885695306719263,0.59036437375173478,-1.2751402925188653,-0.64730258407351915,0.42885695306719263,-0.59036437375173478,1.2751402925188653,-0.64730258407351915,
0.65439787511275804,-0.56356574826341466,0.65534611199163739,-0.091952839139781445,-0.010686943304521267,-0.76448047010691522,0.63796557543651944,-0.18347845959258924,0.12039801298919821,0.16278587181805343,0.54347647384512943,-0.24603329842142907,0.055354648344609639,-0.44718912283225953,-0.052578248644004053,-0.11677416122184439,0.87821328724732139,-0.31573035490496343,0.0057639160982831186,-1.5693721429973233e-17,0.45405733144926819,0.56897293271863181,-1.2756114935314231,-0.6513219742234293,0.45405733144926819,-0.56897293271863181,1.2756114935314231,-0.6513219742234293,
0.65168706587018155,-0.56367759767239978,0.64697807246421624,-0.079998171037924226,-0.025645096907809448,-0.75638335446463112,0.64871167919500916,-0.25067911583239988,0.10111507707657058,0.11069755574453245,0.63363559081862619,-0.27492982111545988,0.041560446635405396,-0.37650214599506582,-0.038532386419059386,-0.070784784280347457,0.8006415767431071,-0.31023496809588336,0.0063095328140088036,-2.96335952197302e-18,0.46353266868699577,0.57359369047732989,-1.2755361715934628,-0.70636278663755714,0.46353266868699577,-0.57359369047732989,1.2755361715934628,-0.70636278663755714,
0.65088220241370376,-0.56233790986730148,0.6361304431779371,-0.064494238310673371,-0.040653280177739393,-0.74165359488439897,0.66643660556017181,-0.32704593150534556,0.083099836709976171,0.089837037220630148,0.73230519313651921,-0.30804809602100058,0.03351230056682155,-0.30639056529713665,-0.043512671477655744,-0.037638876300813223,0.71605224285219093,-0.29853720233955788,0.0073617334496029578,1.0208489564321486e-17,0.45659247565597672,0.58988877985844246,-1.2785116283517253,-0.77977747096030181,0.45659247565597672,-0.58988877985844246,1.2785116283517253,-0.77977747096030181,
0.65014575718477929,-0.55971303493233038,0.64457644759472932,-0.045880683112403939,-0.053163042610244168,-0.72429359616478262,0.68590629124702396,-0.40838094524834356,0.079299284124643502,0.11063873209048744,0.8369576706130486,-0.34665440045437235,0.031403131533832555,-0.23779293598991108,-0.05930527842751028,-0.033824453318067133,0.62413692000327181,-0.28140549989899694,0.0020282480293581612,1.558947601199073e-17,0.43648213268137026,0.60195633906919899,-1.2895567241034007,-0.83833611625682902,0.43648213268137026,-0.60195633906919899,1.2895567241034007,-0.83833611625682902,
0.64749727594103079,-0.55763011854326261,0.65336484771770353,-0.027153038355414938,-0.062264119983565722,-0.70847838471151603,0.70245588492609468,-0.49117570136330946,0.096720849549425905,0.15126603044241702,0.93424004218736623,-0.37639016506964873,0.029774334444597182,-0.17332921345497096,-0.074743246311350223,-0.058235892143081891,0.53513728078134859,-0.2642739505008076,-0.010809980568186921,9.0397098105977379e-18,0.40882685557781023,0.60011389675637783,-1.3099396074059548,-0.8615713752774965,0.40882685557781023,-0.60011389675637783,1.3099396074059548,-0.8615713752774965,
0.64250080027562961,-0.55792686555482029,0.65866403804285767,-0.013936333591753464,-0.067855387982042548,-0.69925497204437403,0.71150819320584613,-0.56759971151549538,0.13509604765187139,0.17265577573618257,1.0167510842632526,-0.39188016848507212,0.017080004275257663,-0.11938328985402608,-0.079921569830669476,-0.092247131243270969,0.46668108529162777,-0.25363391820047188,-0.026498347810698836,-5.210249709872937e-18,0.38311036862841602,0.57680785962211267,-1.3368818220492023,-0.83163402338297798,0.38311036862841602,-0.57680785962211267,1.3368818220492023,-0.83163402338297798,
0.63633068884263932,-0.56031909629096321,0.66069104597364547,-0.0094931648084009834,-0.070009278538853692,-0.69986316837153384,0.71077431460158147,-0.63918691584516063,0.18899395642029321,0.15641097381407984,1.0914617146615282,-0.40145766922842901,-0.0098433322364228047,-0.081107113573260614,-0.072699839678638203,-0.11595740293164389,0.42695651678365065,-0.25082856992761798,-0.039534738300667963,-1.2827482859041532e-17,0.36814677291147513,0.53488204055660182,-1.3660876113035283,-0.75433951290352885,0.36814677291147513,-0.53488204055660182,1.3660876113035283,-0.75433951290352885,
0.63055846098942181,-0.56351376414200482,0.66058774732229142,-0.011947270158887906,-0.070045629353056568,-0.70888234729933786,0.70173833458894463,-0.68494341131397474,0.24528972021178749,0.1170120500834661,1.1388262788652965,-0.40579921557312648,-0.051197603869512359,-0.061842337404090675,-0.058820722370584791,-0.11679496228762939,0.41637482721449182,-0.25452999009617272,-0.048082098613724478,5.0970236346489769e-18,0.36840442490531505,0.49089881823499604,-1.3920459570064943,-0.66909838545095068,0.36840442490531505,-0.49089881823499604,1.3920459570064943,-0.66909838545095068,
0.62656147875505663,-0.56612435405832606,0.65967881823373753,-0.016196520637731929,-0.069388755934320395,-0.72070662643483685,0.68956858388563136,-0.70126622526087712,0.28843791873812497,0.086225835385464022,1.1488321740223508,-0.39843082794467616,-0.088805029794224249,-0.059261600664335431,-0.046381977246020258,-0.098653608545824251,0.42518426657423236,-0.26130885955168126,-0.052608639933561269,2.3623330556632116e-17,0.37915316669857813,0.45472879603080185,-1.411418373497048,-0.60222031686654875,0.37915316669857813,-0.45472879603080185,1.411418373497048,-0.60222031686654875,
0.62506906295417153,-0.56696519619491226,0.65887790636822974,-0.017936217373203219,-0.069104936721591223,-0.72930318031614449,0.68045548789601473,-0.68986032841003087,0.30725116809404396,0.087916314548132396,1.1453147069078455,-0.39993580668161027,-0.10584965200985913,-0.06809782924895319,-0.041438646759171222,-0.0781681619455038,0.441312039957935,-0.26825289963199189,-0.054332706087150955,3.1568976393274052e-17,0.39112011564636712,0.4350397907853002,-1.4225359260291619,-0.57241904887850181,0.39112011564636712,-0.4350397907853002,1.4225359260291619,-0.57241904887850181,
0.62649882616165442,-0.56547091799612192,0.65857214547474763,-0.01599184415964201,-0.069729658092635982,-0.72963297234617497,0.68008658372882447,-0.65473653913829111,0.29607845435085772,0.12686881409531026,1.1284549443108709,-0.40723768477145145,-0.094830510406928775,-0.083196990217952835,-0.047189590296128583,-0.073050572429371269,0.45643198502173798,-0.27288171652934956,-0.053528097466763014,3.5011470641864214e-17,0.39504033724898768,0.4455355585562234,-1.4238277151878933,-0.60083154910254444,0.39504033724898768,-0.4455355585562234,1.4238277151878933,-0.60083154910254444,
0.63072038763255134,-0.56259889833214505,0.65833389711329737,-0.013331919103694804,-0.07148338907829524,-0.72046397978892207,0.689669514220834,-0.599427321734884,0.25841099197268108,0.18619358488455584,1.0774111122267664,-0.3982265658703667,-0.062395638578676527,-0.10312223688863978,-0.061965168386149037,-0.085338972847759542,0.47385926590281907,-0.27475367617578456,-0.049311916520036747,1.5745688626014996e-17,0.38739370909801291,0.48719981652646871,-1.415615045401172,-0.67855899152271926,0.38739370909801291,-0.48719981652646871,1.415615045401172,-0.67855899152271926,
0.63664428943243867,-0.56063983906605896,0.656925059122205,-0.014314529040017936,-0.073467930113770785,-0.70614531497792055,0.70409967450489142,-0.5386448760648741,0.20773754538708777,0.23562783795898451,1.0167132667846939,-0.38771300548032755,-0.021720922503164725,-0.13072139865020321,-0.079287596499931959,-0.10143814282023468,0.50677583323020658,-0.27883366536006987,-0.041188927805103054,-5.4709643430372704e-18,0.37174724637074796,0.54864466792019251,-1.3991201709279022,-0.77691252909984843,0.37174724637074796,-0.54864466792019251,1.3991201709279022,-0.77691252909984843,
0.64290946401143667,-0.56076137293310557,0.65325244321079667,-0.02097892015333444,-0.073893921331199514,-0.69467315342131852,0.71521240426546007,-0.4683710498493226,0.16038917397465866,0.25571212497655055,0.94388695639285114,-0.37459187948138223,0.0061757145842691137,-0.16886258574894436,-0.092056265420565608,-0.10606706639416638,0.56185395608021271,-0.28938447564880743,-0.029975373155002441,-1.1844509364118678e-17,0.35685412287171131,0.61709675312140289,-1.3750088780418022,-0.87717577903649291,0.35685412287171131,-0.61709675312140289,1.3750088780418022,-0.87717577903649291,
0.6485908944251555,-0.56162613961340657,0.64702462798200033,-0.03193627010914267,-0.071383981954857748,-0.69166280668552294,0.71797420818556534,-0.39313390304219376,0.12429854542273394,0.24782280769889301,0.85450516198615745,-0.34975971579731485,0.018744565254322096,-0.21941160126092318,-0.098153386082924954,-0.097644593073953415,0.63459503987651678,-0.30519870430621698,-0.017623521071994563,-5.7359315798514765e-18,0.34809824203998507,0.67597769883540315,-1.3456233181846367,-0.958530954795487,0.34809824203998507,-0.67597769883540315,1.3456233181846367,-0.958530954795487,
0.6532471536122979,-0.56115322673039825,0.63865196876324359,-0.044624211712169466,-0.065537099268098989,-0.69825353222126663,0.71144611397428781,-0.31673434834624836,0.10104118532997147,0.22418077653191348,0.75209766871794359,-0.31359621345057587,0.02102910554203043,-0.28100706372567558,-0.10043245931717563,-0.087567708250957249,0.71518896053718939,-0.32149440882129943,-0.0069439816664420579,-3.3268748261991817e-18,0.34599342424930613,0.7071052675645767,-1.3167833781156721,-0.99451370995236132,0.34599342424930613,-0.7071052675645767,1.3167833781156721,-0.99451370995236132,
0.65710230423136695,-0.55924634285136443,0.64076064276981148,-0.05688460427593392,-0.057735404768711439,-0.71139553104397524,0.69810254493392576,-0.23996773783919154,0.086550016524905099,0.19835081752233866,0.65107655732126812,-0.27893398994289736,0.020066491397745717,-0.35200514229677266,-0.10468305022445079,-0.084776147398685497,0.80139980651485809,-0.33758667086233318,-0.00096097307035486652,5.904923468103773e-19,0.34817623724767,0.71165129186407761,-1.2934197878560347,-0.98962401350866203,0.34817623724767,-0.71165129186407761,1.2934197878560347,-0.98962401350866203,
0.66105231632208938,-0.55687467716473948,0.64889107778815103,-0.066211785660197198,-0.050465784086982698,-0.72633864531250902,0.6822766128204627,-0.16541496443340989,0.074553183340719753,0.18553159002196526,0.55628081005368712,-0.24812923179461763,0.021651987058469008,-0.42897402717653849,-0.11497609664334997,-0.083635555673543291,0.8903241411376065,-0.35440321002332104,-0.00010009306932019416,8.8879435446377134e-20,0.3524214625768603,0.70129089753827856,-1.2802868255671149,-0.96218585945299917,0.3524214625768603,-0.70129089753827856,1.2802868255671149,-0.96218585945299917,
0.66494664945611426,-0.55542712283103879,0.65385493542290529,-0.069540809051531108,-0.046585469861169591,-0.73852614803548577,0.66900896746018323,-0.097391482310641778,0.059651571669279792,0.19067125382339936,0.4796384867338187,-0.23089130528116877,0.023522360508730505,-0.50817111011315541,-0.130686676154781,-0.069901653854369028,0.98138779676876853,-0.37879127463171347,-0.0025486198633880323,-3.9401265841930896e-18,0.35663026781916829,0.69099401791795889,-1.2800732294166528,-0.93534552434380758,0.35663026781916829,-0.69099401791795889,1.2800732294166528,-0.93534552434380758,
0.66789563789331385,-0.55615517998560082,0.65555555378507246,-0.068102150713263337,-0.048028376722732642,-0.74504742426690573,0.66178524287782114,-0.043152487865855974,0.042736102981298728,0.20393924602247321,0.43318136784472144,-0.23067153320074413,0.021845629406573145,-0.58431791633738905,-0.14752713419884186,-0.036726208923181888,1.0727455441860523,-0.41147444837499464,-0.0049202372219886567,-4.7650393235207688e-18,0.35788700290348918,0.69167060070816588,-1.2909140466998972,-0.92632702968636627,0.35788700290348918,-0.69167060070816588,1.2909140466998972,-0.92632702968636627,
0.66916827916371779,-0.55831037176285536,0.65507946519683347,-0.064676956227642288,-0.05189444598360482,-0.74359745484988504,0.66346566071648028,-0.01263459390179794,0.029155079695452859,0.20897769311591183,0.42091906417482816,-0.24408161447041241,0.017901816245416275,-0.64796910620114956,-0.16101919943173137,0.0030946876279181884,1.1523469222017546,-0.44509617272978602,-0.0043651298797271728,-8.0589710837098104e-18,0.35030692176096984,0.71242867927049314,-1.3072111830643369,-0.94985768164029549,0.35030692176096984,-0.71242867927049314,1.3072111830643369,-0.94985768164029549,
0.66902031017953945,-0.55989369612963524,0.65411153304813952,-0.06317889798691273,-0.05362686744831871,-0.73441737343463553,0.67361985387472878,-0.0095415732962713315,0.024388313287380239,0.1956595783242728,0.43521153145258484,-0.26116875237718046,0.017124238512567856,-0.69055337913979165,-0.16957207389695753,0.02687534016138303,1.2048497534795375,-0.46577405309331382,-0.001881605358354514,-1.7726713089776418e-17,0.33065234435785573,0.7530660083349221,-1.3233106256986407,-1.0046649042337592,0.33065234435785573,-0.7530660083349221,1.3233106256986407,-1.0046649042337592,
0.66815811286664983,-0.56007514840257744,0.65399912816109618,-0.066003937538823471,-0.05077174505572455,-0.72165979789443235,0.68722110432984718,-0.025507891145143784,0.029946506786293577,0.16703755494620923,0.45795566869924914,-0.27124860236453707,0.021416611415535091,-0.70706301375080904,-0.17261845170994558,0.018695355956959807,1.2224779971396496,-0.46639218279503397,-0.0020141728915732673,-3.9304402162774611e-17,0.30354992284926785,0.79883945926709954,-1.3344548899635804,-1.0664503359269646,0.30354992284926785,-0.79883945926709954,1.3344548899635804,-1.0664503359269646,
0.66758353871579756,-0.55957768808618602,0.65489720456136358,-0.072188320112033383,-0.044656295975320635,-0.71196034457652191,0.69707039057734144,-0.044976047441710493,0.041625539343298303,0.1399353833272588,0.47324934385831913,-0.27141017646845406,0.028668860295755483,-0.69938566940412361,-0.16878005779764299,-0.015621750514094403,1.2094612643448204,-0.45116238158742344,-0.0071777306154810388,-5.1434408389402848e-17,0.2808179298934585,0.82755858423484541,-1.3392031353673204,-1.0997749803680081,0.2808179298934585,-0.82755858423484541,1.3392031353673204,-1.0997749803680081,
0.6676173003015734,-0.55919838474487271,0.65614025882549099,-0.078174450398589571,-0.038666489563931469,-0.71001463078526017,0.69876525526141586,-0.057142061751038545,0.052792039211998328,0.13287433823476139,0.4750162408708527,-0.26433882138309694,0.036188869866610518,-0.67214788762107558,-0.15661931998148432,-0.057176360944145285,1.1736081242106147,-0.42942863680434007,-0.016479099878129493,-5.3231711885995862e-17,0.27413961115581531,0.82381736911801207,-1.3412664310704534,-1.0816888194509486,0.27413961115581531,-0.82381736911801207,1.3412664310704534,-1.0816888194509486,
0.66749638710153258,-0.55963397904658541,0.65693067288607088,-0.080343554291841493,-0.03605498043855259,-0.7166714571319952,0.6918287173872103,-0.058767778408600695,0.058722896539912715,0.15301777675661374,0.46600042415586729,-0.25483853867565209,0.040120606480481283,-0.63091472164961737,-0.13715263478286124,-0.087660803539927501,1.1236808268709899,-0.41071442357156041,-0.027815349635494289,-3.7753423512699685e-17,0.28932212351462622,0.78515222963940556,-1.345908293679408,-1.0111324908032047,0.28932212351462622,-0.78515222963940556,1.345908293679408,-1.0111324908032047,
0.66617450740908124,-0.56090370664044209,0.65682356787409568,-0.077911370312013367,-0.037944571280450749,-0.7279747641122406,0.68010497035544071,-0.056566656044813139,0.060275431742119405,0.19017805407757682,0.45576641489692332,-0.24578556160240941,0.037232731210265775,-0.57903921092902066,-0.11355596803704691,-0.10084080996089023,1.0630024825712998,-0.39620493187349154,-0.039323892638226492,-1.7945528912422915e-17,0.32072893190468266,0.72490137632041973,-1.3551667655088788,-0.91139401328149838,0.32072893190468266,-0.72490137632041973,1.3551667655088788,-0.91139401328149838,
0.66323003374257827,-0.5623972574015047,0.65551402288659566,-0.072383426534092146,-0.043506055542331591,-0.73709099347728724,0.67049588367789192,-0.063367834209719504,0.061294691296971196,0.22458473356733866,0.45864692654253369,-0.23991880624859524,0.028199866055829359,-0.51872420556577525,-0.089994991275820294,-0.097925394530032822,0.99112325231201914,-0.38041440539404825,-0.047887067582441052,3.1698165206825678e-18,0.3540545564951712,0.66767149124200409,-1.3667350098126678,-0.82365962015850813,0.3540545564951712,-0.66767149124200409,1.3667350098126678,-0.82365962015850813,
0.65932206805274729,-0.56375186748001194,0.65287725483487713,-0.06570652426681306,-0.050798788050969351,-0.73945332720786072,0.66806505123569526,-0.086747460556730105,0.064589396453574074,0.24417412786825385,0.48351443991412307,-0.24028000928971852,0.017422065844399717,-0.45289268475546185,-0.069589659821108499,-0.082418540321470515,0.9090162474549115,-0.35845904738005552,-0.050859993402941672,1.7420639171559309e-18,0.37708072147414967,0.63181490593768508,-1.3761889257624766,-0.77791633029710117,0.37708072147414967,-0.63181490593768508,1.3761889257624766,-0.77791633029710117,
0.65582472350007215,-0.56433665614744277,0.64889639015545564,-0.058721343481662185,-0.058475458193787952,-0.73506942669256248,0.67290813827044971,-0.12547544421326451,0.070766762686689397,0.25448733053332212,0.52885522450614086,-0.24738165073124768,0.0088950949850947168,-0.38460187694784376,-0.054184497821044911,-0.057975042049535838,0.81730872365459328,-0.32727019853575612,-0.04861140924888379,-4.4844392504647549e-18,0.38654639748884639,0.61868635337153188,-1.3799643228519105,-0.77579023260643454,0.38654639748884639,-0.61868635337153188,1.3799643228519105,-0.77579023260643454,
0.65401028890118273,-0.56385687215375913,0.64385060321881771,-0.047672817862238849,-0.062437552655196196,-0.72645200009854249,0.68271249146938184,-0.17357493790843029,0.079641628846357809,0.26979508161744697,0.58901318854623907,-0.27072294168961136,0.0019021935416425305,-0.31784822219762121,-0.046076647632195385,-0.036804473404686767,0.72116666523834305,-0.29965410541919485,-0.043995263961395144,-1.1334554902951934e-17,0.38346045858313593,0.61959757224110323,-1.3782716934728028,-0.80217234664833081,0.38346045858313593,-0.61959757224110323,1.3782716934728028,-0.80217234664833081,
0.65386879403087117,-0.56301207854266355,0.64593108914677289,-0.035642231667735391,-0.06497861123980446,-0.71565303848365958,0.69451287958697749,-0.22605382941401803,0.093190166100607721,0.29802462737606161,0.66641298100001833,-0.30847190692414395,-0.0012849584809906433,-0.25468729927861239,-0.04739579904809002,-0.03361208144757491,0.62808175112528897,-0.27465352893827294,-0.042037455353664197,-1.4024789800901283e-17,0.37048038453569249,0.62352091006343424,-1.3752749635542445,-0.83779995654412542,0.37048038453569249,-0.62352091006343424,1.3752749635542445,-0.83779995654412542,
0.65420135843098792,-0.56314564776917375,0.65247638503313865,-0.02475492601338725,-0.065787181728288915,-0.70526967566842858,0.70544590504224358,-0.27859034813117389,0.11540297507901882,0.33325038018091668,0.74522934922335371,-0.34570016927372854,-0.0030880373013596725,-0.19854147606633293,-0.053753243484081094,-0.054977803220756793,0.55065292311311365,-0.25957971383818662,-0.04305736634390777,-9.6988231326840923e-18,0.35214698688793439,0.61897148083343878,-1.3767339106253311,-0.86029488357451545,0.35214698688793439,-0.61897148083343878,1.3767339106253311,-0.86029488357451545,
0.65381221917084376,-0.56436759765667366,0.6560621316086187,-0.018282060340989916,-0.06466531605053441,-0.69777938063958089,0.7131536293983336,-0.32289389587015077,0.14882241445108305,0.36046325890345937,0.80925698038457483,-0.37058405804107902,-0.0092558574409636798,-0.15334190859306737,-0.05727542683206778,-0.092065947564161463,0.49665726609957367,-0.25461145344421454,-0.044743091635120094,-7.6084653999824319e-18,0.33377090493996531,0.59882542904500813,-1.3844772599602064,-0.85301582367207751,0.33377090493996531,-0.59882542904500813,1.3844772599602064,-0.85301582367207751,
0.65217553770711034,-0.56651878638844932,0.6570703516240568,-0.017259958793658724,-0.061949314133275243,-0.69492057993828305,0.7162051129942445,-0.37594764387962915,0.1913550517963841,0.36995148561889518,0.87693916706165753,-0.39019502599000605,-0.012763427452026022,-0.12312046546784064,-0.054005867172949723,-0.12843290281982639,0.46997014777267188,-0.2587609648548948,-0.045952935774132481,-3.6052849741409924e-18,0.31799169870647664,0.56334131557498202,-1.3957808546948922,-0.81300273063854411,0.31799169870647664,-0.56334131557498202,1.3957808546948922,-0.81300273063854411,
0.6494880087580378,-0.56897276973110411,0.65641584332876046,-0.019838595046258855,-0.058462348352955357,-0.69829936112355251,0.7131385463050548,-0.41416973159638326,0.23576462826096339,0.36785364054081476,0.91769710247096203,-0.39390891152768842,-0.023052049586380768,-0.11022149411712522,-0.044142217495541654,-0.14415750549402356,0.46700404913706861,-0.26825324351917956,-0.047642372221074744,-9.3373171362524944e-18,0.30742309047303856,0.52050627293608887,-1.4078161521949928,-0.75298876068319953,0.30742309047303856,-0.52050627293608887,1.4078161521949928,-0.75298876068319953,
0.64650581511334693,-0.57085165795591419,0.6550953133636902,-0.023038167772901422,-0.05516398064431785,-0.70766115360924486,0.70401837315340987,-0.43254650979978959,0.27371236946677041,0.3699719843530882,0.93929704333780395,-0.39410219839565153,-0.036135741844553405,-0.11276928826599616,-0.031724856624083073,-0.13348712060381457,0.47912743601797403,-0.27870266979962344,-0.050398448399926993,-8.7870109453333448e-18,0.30420174893193036,0.48083073373688862,-1.4213733121694048,-0.69309961378587359,0.30420174893193036,-0.48083073373688862,1.4213733121694048,-0.69309961378587359,
0.64423476997789186,-0.57137008036640213,0.65392837546793048,-0.024487325314013361,-0.052493845071957132,-0.71898556219889065,0.6926070519985138,-0.43037676137567593,0.29602547525744743,0.38650813755118946,0.94563610766038919,-0.39703307358079948,-0.04482665745403687,-0.1249058709953037,-0.02244296315736883,-0.10999392484709308,0.4954289157798093,-0.28649296956118547,-0.052722213061468612,-1.0861977207855894e-17,0.30797935651882552,0.45154894757968356,-1.4395569551298029,-0.64641744235735543,0.30797935651882552,-0.45154894757968356,1.4395569551298029,-0.64641744235735543,
0.6433551341569691,-0.57083749921839089,0.65304863872988628,-0.023952122462904422,-0.050345849009905179,-0.72639383833846527,0.68501356405614733,-0.41267234883117576,0.29812792471348576,0.41344566787416565,0.94102601908897021,-0.40604808836731204,-0.045009536863400264,-0.14125572762312261,-0.019791175786382165,-0.092362023813540139,0.51169028346076006,-0.29251266851165048,-0.052809147682907197,-8.9617595914443048e-18,0.31540960672914825,0.44154773658054075,-1.4631196523836927,-0.62897643316040985,0.31540960672914825,-0.44154773658054075,1.4631196523836927,-0.62897643316040985,
0.64354637548846583,-0.56968243000061358,0.65207267293448645,-0.023585544828481575,-0.048255881349753602,-0.72605987681343576,0.68553055896288151,-0.38611213749261342,0.28196806143108821,0.43461935030567483,0.90686291010725162,-0.39950984942865458,-0.038003733847833378,-0.15981820589526669,-0.022000372321427698,-0.087029231567012075,0.52892952633899903,-0.29688037696969227,-0.049890362249514993,-1.4033593577733147e-17,0.3232584797712903,0.45381362530679509,-1.489030290060781,-0.64522757885905602,0.3232584797712903,-0.45381362530679509,1.489030290060781,-0.64522757885905602,
0.64338227883065358,-0.56803094249983832,0.65069161838638545,-0.025472968885441417,-0.045117061385426732,-0.717341022808208,0.69479308835406461,-0.35726834660389511,0.25387845771617312,0.42736995290739344,0.85412077225226679,-0.38425823920187252,-0.030198336107278567,-0.17907158808723728,-0.025429445062083458,-0.092737334779162628,0.54617599202792444,-0.29788717641719165,-0.043257345480114527,-2.1416638980990299e-17,0.32754313137903202,0.48431212173375437,-1.509634280167605,-0.6860389300338422,0.32754313137903202,-0.48431212173375437,1.509634280167605,-0.6860389300338422,
0.64306269594818732,-0.56612346341315567,0.64904964543690025,-0.02989329001860782,-0.039685261037640224,-0.70286511779557737,0.70958586334174312,-0.34371146505538103,0.2191141954448429,0.38468691587107806,0.7988496326157537,-0.36331700659070848,-0.015392710842717724,-0.19636850389497645,-0.031748770115881682,-0.10517342511409747,0.55868721416674449,-0.29372279021057401,-0.028190227195121077,-2.2920119779456901e-17,0.32447300639052584,0.52748805005730626,-1.5176868834080874,-0.738883683984349,0.32447300639052584,-0.52748805005730626,1.5176868834080874,-0.738883683984349,
0.64482516982649385,-0.56434223214218782,0.64764873597789374,-0.036018769992976513,-0.032038813132197898,-0.68762495689704795,0.72446399587115851,-0.31983681035207967,0.18228503064211005,0.32242527487296535,0.71808771924151693,-0.32640862974724044,-0.0038859932904423246,-0.20678431342328149,-0.048766567073124503,-0.12417463438438654,0.5574965022676569,-0.27985188304157271,0.0020424365457849857,-1.9007577999359632e-17,0.31232859848218275,0.57891431860108111,-1.5112833247467696,-0.7975799089485508,0.31232859848218275,-0.57891431860108111,1.5112833247467696,-0.7975799089485508,
0.65058302869420825,-0.5628569430829572,0.64640274832149625,-0.043021775254330652,-0.02407917889294197,-0.67594026934560192,0.73530542788340869,-0.28658531500425111,0.14683512308965038,0.2664242583531552,0.64398588839146342,-0.29940233856565346,0.012030034193178616,-0.2064196849495484,-0.081757489947847553,-0.14716875251874384,0.53585359549952283,-0.24994063856684468,0.049623473239944538,-1.4114108742484519e-17,0.29332674688160365,0.62694921046598073,-1.4971518294575097,-0.84693253549850744,0.29332674688160365,-0.62694921046598073,1.4971518294575097,-0.84693253549850744,
0.65973577935960948,-0.56161354938501984,0.65105458844549158,-0.051110561690698823,-0.01697950398439145,-0.66926868193950562,0.74106601480776468,-0.24555870429057935,0.11545131737638253,0.2326576101076758,0.57499018047195416,-0.27700325818665078,0.035251824084936191,-0.19770988622592456,-0.12575844120272942,-0.1587798050573502,0.49623631977552418,-0.20287431069848644,0.11193933357259882,-1.6141341919701294e-17,0.2714977792771418,0.66247562187006248,-1.4842676931355749,-0.87690725395740587,0.2714977792771418,-0.66247562187006248,1.4842676931355749,-0.87690725395740587,
0.67045756082152597,-0.56101068932562836,0.65468178786922659,-0.057713422575396439,-0.013951559242573578,-0.6665020627148921,0.74313492398495751,-0.20418891567541811,0.09060341205362353,0.22776930758877129,0.52097025142475495,-0.26084958631506994,0.057875091938542803,-0.18802748423625454,-0.16697656401442362,-0.12387223592316456,0.45290928854019752,-0.15725055270192326,0.17643274158470049,-1.5761374533566023e-17,0.25100120318959701,0.68212309877999444,-1.4791436097421564,-0.88772487370677955,0.25100120318959701,-0.68212309877999444,1.4791436097421564,-0.88772487370677955,
0.67920644658250418,-0.56129107366718445,0.65594988149557132,-0.059450557467851557,-0.016530109045351741,-0.66538451818797772,0.74394612013738148,-0.17099353586817642,0.074142627103987557,0.2411120032465611,0.48908121950056549,-0.25286302355620849,0.067226958797780956,-0.18336579646250944,-0.19140983795088629,-0.018317077132315462,0.42014255394589428,-0.14036107042196017,0.22893613224176537,-2.107185133328696e-17,0.23435611294464018,0.68678837221363698,-1.4825676957904819,-0.88494566417240006,0.23435611294464018,-0.68678837221363698,1.4825676957904819,-0.88494566417240006,
0.68311490221787596,-0.5622708725558474,0.65556169932632247,-0.0568676797803443,-0.023197827308700188,-0.66378994730690599,0.74539307325655413,-0.15279230682365019,0.066087380675906887,0.25417318921926924,0.48082415568096104,-0.25119782547873554,0.062190607883477966,-0.18721686452233971,-0.19289496873474712,0.13947510925730836,0.40899194215923762,-0.15816589024811814,0.25831022286155009,-1.7821052809572707e-17,0.22341069129781504,0.68075473537021636,-1.4921023714474775,-0.87553458692124375,0.22341069129781504,-0.68075473537021636,1.4921023714474775,-0.87553458692124375,
0.68267914295946008,-0.56354099036744554,0.65419049444586963,-0.0516727281773883,-0.031553983400659499,-0.66127004790880906,0.74770060788589554,-0.1480997304018854,0.064149866849951886,0.25873880376091563,0.48835514774189248,-0.25185404444547321,0.047885491996952759,-0.1994183045271708,-0.17958418274264401,0.27881577810849123,0.42179044261999421,-0.18704706003261676,0.26099998462178053,-8.2313201424930467e-18,0.21882467502774944,0.66927297264644436,-1.5047368758888053,-0.8629564241537564,0.21882467502774944,-0.66927297264644436,1.5047368758888053,-0.8629564241537564,
0.68067783184441288,-0.56475580121734048,0.65319626805293407,-0.052053425697086625,-0.035252199783217024,-0.65965057796653814,0.74893847429014759,-0.14973619762419108,0.065309328689488896,0.26175684133003985,0.50188634121647879,-0.25695181981960524,0.04623070420384888,-0.21631870997395575,-0.16685351871916626,0.33645032362829147,0.45287391545121641,-0.20782925749954204,0.26099999990001943,1.8110176810410715e-18,0.2205773712355763,0.65547502278768677,-1.5187036805155758,-0.84769623753135726,0.2205773712355763,-0.65547502278768677,1.5187036805155758,-0.84769623753135726,
0.67833771611722271,-0.5654298407556605,0.65263098113826956,-0.055849751113235008,-0.035863452142223466,-0.66099948103570982,0.74744518472698351,-0.15365726844364655,0.069394831966628628,0.27025616034621613,0.51556981978130967,-0.26287197972647847,0.052275134096846386,-0.23336145254420193,-0.16414752672082034,0.28441099664160885,0.49136489236037684,-0.21144396915524843,0.25149886734068205,4.8423322537307529e-19,0.22771149494331758,0.64028183340791067,-1.5327288194402615,-0.82725116321150294,0.22771149494331758,-0.64028183340791067,1.5327288194402615,-0.82725116321150294,
0.67557207570777544,-0.56540502648835445,0.65207399466570648,-0.059674032558599349,-0.034605548642836645,-0.66575788784927958,0.74297234175155513,-0.16271515299640676,0.078385183140457698,0.28273219696350316,0.5315206356351313,-0.26924518365526795,0.05770223047497057,-0.24941776766856461,-0.16766346062558568,0.15001708387983018,0.53040659080744257,-0.20207430007812666,0.2206200170740468,2.69976138959391e-18,0.23732117609367032,0.62304155177437881,-1.5464679842898046,-0.7967105983699404,0.23732117609367032,-0.62304155177437881,1.5464679842898046,-0.7967105983699404,
0.67228919708541501,-0.56496672993636632,0.65115739069773815,-0.061728388052068831,-0.032166851209971065,-0.67149708158947619,0.73773068880760606,-0.18195856402001437,0.092690826906956,0.28936605059055909,0.55428118014826333,-0.27639352566589531,0.058197413148034075,-0.26362626973690095,-0.16741768235035404,-0.0013991284218823033,0.56476672758033419,-0.19529983207402657,0.17151161274484095,9.0148281099766528e-18,0.24373821016093175,0.60650621942308502,-1.5591529393358792,-0.75932571422081419,0.24373821016093175,-0.60650621942308502,1.5591529393358792,-0.75932571422081419,
0.66849710781552119,-0.56436588766372375,0.64951636891546649,-0.059489485041143764,-0.029630642564560866,-0.674653200549863,0.73513677991145088,-0.21349831842033404,0.1104595913546358,0.28263680298535732,0.58545486682519687,-0.28469228784275719,0.049195962537932965,-0.27495579899723077,-0.15713665859250728,-0.11038344401811828,0.59037345824889731,-0.20400804096907571,0.11979451136569429,1.6532214184305026e-17,0.24208999305014897,0.59581422884483115,-1.5699392141493274,-0.72731153331583176,0.24208999305014897,-0.59581422884483115,1.5699392141493274,-0.72731153331583176,
0.66423426867612512,-0.56372395846153189,0.64720023392707648,-0.055013227195442008,-0.026753550155837691,-0.67322053372054735,0.73690698555830181,-0.25442109963499704,0.1321615806170541,0.27079692913818609,0.62297413334015594,-0.29405682862446753,0.03537119467756273,-0.2822876980874624,-0.13793743432435987,-0.17362817125354321,0.60434666149027072,-0.22025827227738295,0.07691835856911651,1.5431103547791885e-17,0.2314581420676099,0.59338221616731845,-1.5795018055442631,-0.70987894924037476,0.2314581420676099,-0.59338221616731845,1.5795018055442631,-0.70987894924037476,
0.65962358089068673,-0.56354973931538499,0.64458895808319627,-0.049598544281987324,-0.023607498894937608,-0.66709427375168551,0.74294542217362403,-0.29507040641603394,0.16145896501241741,0.27676522091386635,0.66067384489038283,-0.30409652091909789,0.019564878105561997,-0.28302172808555354,-0.11586537569506669,-0.21560937206100844,0.60473382825064792,-0.23502786432924658,0.042782904652852609,7.6291236975521152e-18,0.21411199084721577,0.59818575419565034,-1.5902956570637841,-0.70908877718302854,0.21411199084721577,-0.59818575419565034,1.5902956570637841,-0.70908877718302854,
0.65451025284385356,-0.56457614832285108,0.64265826700424789,-0.043008115684061619,-0.021540018644479377,-0.65742241916523725,0.75198543360960723,-0.32701582562803511,0.2014508751741472,0.31642619291599444,0.69401412971866261,-0.31132844011061256,0.0013259556223955461,-0.27380653527369897,-0.096718092540320863,-0.2574756886845842,0.59156842096421292,-0.24648354172354775,0.013589031456776314,-7.8051126504624575e-19,0.19316758446740134,0.60757074395644983,-1.6039745883464034,-0.72144081440280261,0.19316758446740134,-0.60757074395644983,1.6039745883464034,-0.72144081440280261,
0.64863349861967512,-0.56718341933470029,0.64516560130935241,-0.036047820027829157,-0.020855722343234302,-0.64626852227925091,0.76197282801145649,-0.34896690084127258,0.25129832823800863,0.38344476343528733,0.72219423864063526,-0.31094869483283599,-0.017918709671274208,-0.25513144116570485,-0.083251464195988792,-0.30711841611174318,0.57004687063842563,-0.2564729518290686,-0.010457717182721099,-1.0985126899270726e-17,0.17166879778203514,0.6169698725901307,-1.6198021353948455,-0.73783392205377196,0.17166879778203514,-0.6169698725901307,1.6198021353948455,-0.73783392205377196,
0.64229629397469146,-0.57081460881847024,0.64715598955172415,-0.030038515368196024,-0.020728139845863903,-0.63584731488939239,0.77095150558316883,-0.36691296345796354,0.30446579103545163,0.4492310924825923,0.74640546873734792,-0.30135943948128463,-0.036327550944793487,-0.23296437720708957,-0.073606462301399569,-0.35754808166607233,0.54853261112014262,-0.26702198531845162,-0.028102656966264888,-1.7790030383584104e-17,0.15203031612566087,0.62171613941066495,-1.6351840932150326,-0.74692523091188745,0.15203031612566087,-0.62171613941066495,1.6351840932150326,-0.74692523091188745,
0.6365303392631475,-0.5742692737676256,0.64809277354375538,-0.026622901855905032,-0.020355269647917004,-0.62795297700415531,0.7775293838601538,-0.3863611266860692,0.35144386339184058,0.48362689961961408,0.76565730351094796,-0.28633772448976524,-0.053346327268238639,-0.21485906876869315,-0.064668332336475773,-0.39433702729478293,0.53455736413259958,-0.27757166792196303,-0.039134214204971582,-1.6691823613643295e-17,0.13665816052603813,0.6191105896970811,-1.6467145440761419,-0.74152680440785723,0.13665816052603813,-0.6191105896970811,1.6467145440761419,-0.74152680440785723,
0.63258869667960849,-0.57633819384796603,0.64774352874577157,-0.027456019119081954,-0.020332003735934072,-0.62503012326098284,0.77985262816417777,-0.40582664170576832,0.3846658158095756,0.47490065366579448,0.77731926186602807,-0.27121080800476599,-0.069526463954949935,-0.206527255723328,-0.055631674247501747,-0.40795577274612638,0.53416034337229223,-0.2858224917789034,-0.045904138472518896,-1.2804584948628817e-17,0.13035574738515385,0.6068911554521873,-1.6503093014236314,-0.71915778180038736,0.13035574738515385,-0.6068911554521873,1.6503093014236314,-0.71915778180038736,
0.63064632825992117,-0.57691645450657092,0.64628997383831122,-0.03292253592339426,-0.022752269898092814,-0.62857451969283284,0.77671907021508202,-0.41566385774967779,0.40536091327701546,0.44376635739800085,0.77945955029013214,-0.25571580743863065,-0.083661461153315353,-0.20701749175646858,-0.048219135103615821,-0.40108515758417951,0.54860763618830988,-0.29052011040633169,-0.051719569116521209,-1.0403603352198708e-17,0.13739427515148633,0.58577514407390252,-1.6425056598867469,-0.68704763611746611,0.13739427515148633,-0.58577514407390252,1.6425056598867469,-0.68704763611746611,
0.62999324420459979,-0.57677187875054492,0.64427855904204967,-0.04157522793638857,-0.030892473007334595,-0.63781179654775233,0.76844861098062833,-0.40120786311827838,0.41828849818467445,0.43350510983774493,0.77077847229452434,-0.23437378540314277,-0.090004140115878248,-0.20958121007295541,-0.04531686773875386,-0.38168336244743117,0.57389880731198606,-0.29189707248694763,-0.05984980933652892,-1.4467811831162371e-17,0.1592625680870236,0.56304133849492,-1.6189934939251052,-0.6662097368040576,0.1592625680870236,-0.56304133849492,1.6189934939251052,-0.6662097368040576,
0.62979642159833571,-0.57673195434250091,0.64238028229209676,-0.050529920590342718,-0.046699965059811541,-0.6495351313668507,0.75721196075391839,-0.35642403519243315,0.42481796633216806,0.4722257428251454,0.75178491964583061,-0.20308581631171574,-0.084706935793011903,-0.20802855423154254,-0.049204694404520348,-0.35425649522473357,0.60385293258650907,-0.29158225445921876,-0.071628551710370011,-1.8452298795603502e-17,0.19210270001879903,0.5483102057446626,-1.5789616076812352,-0.6766764360172729,0.19210270001879903,-0.5483102057446626,1.5789616076812352,-0.6766764360172729,
0.62995463970544097,-0.57699310454644381,0.64152683061607685,-0.052822304773215915,-0.063833946597609978,-0.66071690294141627,0.74604839356956087,-0.28857084670270861,0.42073652231145758,0.5544381239857693,0.72478791385662544,-0.17436471170305765,-0.078419718483494369,-0.20107115581334334,-0.059797421161298575,-0.32007912075869149,0.63359241005194278,-0.30357024816499029,-0.079972809511208345,-2.0215011440485704e-17,0.22861051052816561,0.54702361364693619,-1.5266430258326444,-0.72244067652775235,0.22861051052816561,-0.54702361364693619,1.5266430258326444,-0.72244067652775235,
0.63077659610280945,-0.5773066095673236,0.64222986136158411,-0.042828268917522776,-0.072950370155801872,-0.66888191260467034,0.7385397551019024,-0.21594052249192275,0.40476265322451854,0.65080922354906601,0.69501680930825271,-0.16450055226988644,-0.087921616758926666,-0.19064907344419169,-0.074030585863242779,-0.28517295739269083,0.65826268048113989,-0.3408541272670973,-0.07822782527875867,-1.8521407485551611e-17,0.25922911313007529,0.55963237418819878,-1.4717106117802607,-0.79141466877807309,0.25922911313007529,-0.55963237418819878,1.4717106117802607,-0.79141466877807309,
0.63244123796390805,-0.57733159956683855,0.64302829765091196,-0.03267793929565016,-0.082412654771274838,-0.67264719193015621,0.73463328389436322,-0.1544141836160508,0.3816638352572736,0.73334009325293914,0.66737843043904665,-0.15541243841372335,-0.094713707352933177,-0.1796910344274732,-0.090107479841032373,-0.25563634534994834,0.67547180636326143,-0.37044630135766188,-0.076919033115339222,-1.3075637294330213e-17,0.27899070364973633,0.58092438031057547,-1.4240585775729908,-0.8643252457627788,0.27899070364973633,-0.58092438031057547,1.4240585775729908,-0.8643252457627788,
0.63436499501981525,-0.57714072021957907,0.64382847152103762,-0.02388363580666222,-0.090638673671476044,-0.67383553387622142,0.73291191562252422,-0.11368284221144934,0.35596153234931033,0.78228745346193329,0.64596237842559778,-0.14952848184843753,-0.10044236426921661,-0.17106238787834183,-0.10460986296044837,-0.23213451193227816,0.68550571171326835,-0.39009090059629703,-0.076422316773107068,-6.5588233215633743e-18,0.28784535834679664,0.60166123546317285,-1.3928900891753504,-0.92201860213854014,0.28784535834679664,-0.60166123546317285,1.3928900891753504,-0.92201860213854014,
0.63541989333572779,-0.57717699206862216,0.6446551029567501,-0.016161238603532295,-0.097936196207726284,-0.67482735055860954,0.7312696922320856,-0.091294986324657712,0.33347855500560114,0.80176159945649839,0.63119632531829928,-0.14377895408257718,-0.107512030069372,-0.16541834023994356,-0.11554946386771819,-0.21157741290619045,0.6903495622473641,-0.40204425305085439,-0.078844635881398076,-2.9533474775546237e-18,0.28973982255679637,0.61545013073432286,-1.3806266295885694,-0.95812943199756062,0.28973982255679637,-0.61545013073432286,1.3806266295885694,-0.95812943199756062,
0.63509245768575529,-0.57762611226090299,0.64556535407097182,-0.0085896252972416098,-0.10531108806980929,-0.67695074032301394,0.72840475578000552,-0.079033179979725449,0.31660674776227649,0.80574791149465874,0.62090450496363259,-0.13471792260021453,-0.1178806939550788,-0.16159942226784368,-0.12323052677767767,-0.19107636515673285,0.69161730555431267,-0.40934218834063285,-0.085412090737769855,2.8349614002633168e-18,0.28942502959085598,0.62181345995833515,-1.382526173439226,-0.97840031466114508,0.28942502959085598,-0.62181345995833515,1.382526173439226,-0.97840031466114508,
0.63412623386308287,-0.57800432601467966,0.64654337844928855,-0.0010484281870413068,-0.11300930473074788,-0.6805574203552035,0.72392637432413021,-0.071220803342793904,0.30286537884958525,0.79670721315747728,0.61205005658756817,-0.1234374034633801,-0.13340695330027943,-0.15881213775063982,-0.12945858434268601,-0.16928664651823866,0.69076064243205493,-0.41358372566346985,-0.094342146178587619,-3.7313909327097933e-20,0.29059283451993395,0.62279196746962229,-1.3906746048779772,-0.98953225497202257,0.29059283451993395,-0.62279196746962229,1.3906746048779772,-0.98953225497202257,
0.63398889245386159,-0.57764445779228057,0.64757471163786939,0.0057296618884030807,-0.12039012226610298,-0.68543048532283934,0.71809361452772591,-0.067799079900771081,0.28728326711689717,0.76131142669800389,0.60271693587014996,-0.11549429979806779,-0.15614566255647816,-0.15747310901425543,-0.13609697239026217,-0.14609817993771107,0.68890928183967892,-0.41473070611130353,-0.10198610977378272,-2.2723126745023453e-18,0.29354693008112093,0.62124419497672945,-1.398629536595418,-0.99526972265674263,0.29354693008112093,-0.62124419497672945,1.398629536595418,-0.99526972265674263,
0.63620257647218159,-0.57626917832711599,0.64878793608219054,0.011667777756270639,-0.12732507918706543,-0.69099654368742669,0.71146044428644672,-0.069034638055485847,0.26435245582881084,0.68248600840755802,0.58977320600479244,-0.11569893849917828,-0.18951689752480591,-0.1583693807058657,-0.14484564697317195,-0.12135977933809887,0.68612587343323139,-0.41212753270687036,-0.10636483116768622,3.7622229319900275e-18,0.29654333050932291,0.61980622798088036,-1.4023016091205451,-0.99881748947954097,0.29654333050932291,-0.61980622798088036,1.4023016091205451,-0.99881748947954097,
0.64154814834582774,-0.57430741690249232,0.65035110357354398,0.016375728062586761,-0.13339096599873396,-0.69711645100660569,0.70424948665675269,-0.073190867453392178,0.23110720153510789,0.55569993778692006,0.57084569432329757,-0.12844561910047259,-0.2309071807827526,-0.16171767635232681,-0.15671174489550241,-0.094102489460955868,0.68162723229290378,-0.4047543608158542,-0.10495886662773632,-3.4127547685029195e-18,0.29792150901731651,0.61881863683711391,-1.4012464521043653,-1.0012723798775207,0.29792150901731651,-0.61881863683711391,1.4012464521043653,-1.0012723798775207,
0.64956945482755424,-0.57275654001955778,0.65227421349057346,0.016654379425501464,-0.13551322436162599,-0.70527926278546471,0.69565793257452224,-0.07727947553102904,0.18370860940072586,0.38992390969338109,0.54544934618898289,-0.16081550275935907,-0.26099999999999995,-0.16719940119816623,-0.17135151350762007,-0.063452407823870335,0.67442750289441744,-0.3909358161370155,-0.089066042362915862,-1.650637097193424e-17,0.29680499590787279,0.61544818888691388,-1.3983477957031663,-0.99797107937308871,0.29680499590787279,-0.61544818888691388,1.3983477957031663,-0.99797107937308871,
0.65828451004713739,-0.57291905817564326,0.6539608821071986,0.01160306932246585,-0.13269230899272835,-0.71665426262345444,0.6845909638463753,-0.077422913809336413,0.12215513283891687,0.20439590252575782,0.51489344967459449,-0.20385928047572677,-0.26099999999999995,-0.17439892980316191,-0.18628944181086923,-0.029370338344473612,0.66495327030277795,-0.3722718804811524,-0.058290670385261194,-1.3782086116050915e-17,0.29308135583659262,0.60452381010648781,-1.3972524056425888,-0.9790879242003161,0.29308135583659262,-0.60452381010648781,1.3972524056425888,-0.9790879242003161,
0.66549150375424593,-0.5753375531320144,0.6542741867588433,0.0006061902466684637,-0.12381017978345868,-0.73185325953373892,0.67012049545228392,-0.071879285433470774,0.091369641928478129,0.014768716473615703,0.48146701556406474,-0.23544842251893591,-0.26099999999999995,-0.18338487193491604,-0.19854153608277161,0.0078075815866335812,0.6552546326122165,-0.35169777433247235,-0.013123783026616521,-1.210948886566335e-17,0.28810029678135918,0.58048498917988223,-1.4007871999543036,-0.93356387404648,0.28810029678135918,-0.58048498917988223,1.4007871999543036,-0.93356387404648,
0.66959621068260189,-0.57943016450227691,0.65297280313122286,-0.011158624448589845,-0.11360110917876672,-0.74880865810396047,0.65288273575146361,-0.061626822708578069,0.070329345989814912,-0.16084787368580386,0.4495469174378196,-0.25850084463670131,-0.25228685609857665,-0.19400603520508147,-0.20584975941905442,0.047464152607276655,0.64843929265131739,-0.33470679071490334,0.030690801978480998,-6.9218850223990211e-18,0.28623531610741432,0.54340618913952698,-1.4112648718898428,-0.86211076356628158,0.28623531610741432,-0.54340618913952698,1.4112648718898428,-0.86211076356628158,
0.67065007784740593,-0.58383356826101385,0.65238314994225444,-0.015413065203259149,-0.11134736847785159,-0.76396772191435514,0.63538769332360245,-0.049313086586755726,0.050040421619830092,-0.30626516893013012,0.42306319083810978,-0.2760696389497535,-0.25105396940418639,-0.20520665478842304,-0.20804717459854294,0.088320700297061155,0.64633255688298941,-0.32528423155288577,0.048794728119312486,1.3674315162970986e-17,0.29243039572988017,0.50538781706143188,-1.4279614037638442,-0.79014629032801453,0.29243039572988017,-0.50538781706143188,1.4279614037638442,-0.79014629032801453,
0.67022014178729283,-0.58742816006529841,0.65284401741807696,-0.014540568251332981,-0.11503286983266466,-0.77660345030452516,0.61922781890681944,-0.037618309264376065,0.036383688239212682,-0.41034499730271129,0.40361521838961789,-0.2933697234217254,-0.25887046837696198,-0.21504366428712957,-0.2081917056339789,0.12796229050979605,0.64763105423868383,-0.32128765429775968,0.04996148135832653,2.6293338422782876e-17,0.30743878971624117,0.47550831290048512,-1.4473403563847649,-0.73583226980275784,0.30743878971624117,-0.47550831290048512,1.4473403563847649,-0.73583226980275784,
0.67031773444138865,-0.58977917196813068,0.65372739655891299,-0.0068717899485725778,-0.11542783177525148,-0.78577632799076091,0.60760575748088741,-0.029166714589967231,0.025517381419089751,-0.46807976771450882,0.39210027140173265,-0.31879329529063777,-0.25750498892880452,-0.22066301477205946,-0.2083720639651726,0.16138602847958383,0.64857727109777497,-0.33378927113661966,0.048008397504050823,2.9756695936064124e-17,0.32738661535647062,0.45913396989600719,-1.463640467407181,-0.70825160560150002,0.32738661535647062,-0.45913396989600719,1.463640467407181,-0.70825160560150002,
0.67175466114563731,-0.59130352675587505,0.65472524466662907,-0.0024840386663058031,-0.11887342030150501,-0.7904299122526891,0.60090223274167676,-0.025649324756627418,0.016669495444318783,-0.48576774510423554,0.38886507602144849,-0.32880218890543444,-0.25855832132701762,-0.22046065424994787,-0.21103058724910279,0.18374612397875179,0.64602135611986589,-0.33693442729544471,0.045342431059222449,2.948638740913546e-17,0.34653254899471042,0.45573969018511151,-1.4730218027709485,-0.70439700302004771,0.34653254899471042,-0.45573969018511151,1.4730218027709485,-0.70439700302004771,
0.67407789649477345,-0.59264538243885567,0.65548367653399342,-0.002436174112907398,-0.12228550074275296,-0.79101607530231,0.59944465130411817,-0.028421547014610443,0.010289048908756022,-0.48019232257157174,0.39422799519120688,-0.32645822977570277,-0.26042340871301206,-0.21513603635400752,-0.21494368480342868,0.19192511711332449,0.6394931295409465,-0.33157324051890019,0.046187389443316497,1.9516774358852217e-17,0.35931799428481159,0.45934587244543379,-1.4750860156751338,-0.7109790483788625,0.35931799428481159,-0.45934587244543379,1.4750860156751338,-0.7109790483788625,
0.67628341461519126,-0.59404630215192034,0.65590653385089759,-0.0043147470292748333,-0.12362741448617313,-0.78868618700050785,0.60222233749682308,-0.037276273331513253,0.0063195682236810366,-0.46975161416352007,0.40720337805658047,-0.32162299040803199,-0.2609504810443819,-0.20734059242046979,-0.21809368196952539,0.18739886735493086,0.63130917284552213,-0.32435071561279094,0.04911145340368505,2.8971516324146625e-19,0.36417747600344313,0.46014470924305917,-1.4739839692946575,-0.70821099826510403,0.36417747600344313,-0.46014470924305917,1.4739839692946575,-0.70821099826510403,
0.67748632958447574,-0.59515810015293913,0.65597745813105468,-0.006766137825443129,-0.1232554994928986,-0.7845516466177278,0.60765205094123975,-0.050651005733230531,0.0043063062392573017,-0.46219011527398884,0.42623865599295879,-0.31912101625545913,-0.26070890059568064,-0.19980750769610189,-0.21949056031947356,0.17399671554128307,0.62483473088944086,-0.31857379331283092,0.05169418330796028,-2.23093538331995e-17,0.36460513194357475,0.45813598051898874,-1.4745949440554023,-0.69730188052088959,0.36460513194357475,-0.45813598051898874,1.4745949440554023,-0.69730188052088959,
0.67743252007227395,-0.5953491526443313,0.65567433548586029,-0.0094506946223975596,-0.12223520290747031,-0.77977709247774019,0.61393560377965173,-0.066400951458580673,0.0036074849836784531,-0.45434301868239946,0.44868856578855326,-0.31796588576081009,-0.26031471504967163,-0.19533273486833813,-0.21943564580445468,0.15727039703477888,0.6227418649957448,-0.31470088093534082,0.053202383999541566,-3.4717367771301412e-17,0.36503241248473539,0.45580291203494527,-1.4796718025426734,-0.68455003505664569,0.36503241248473539,-0.45580291203494527,1.4796718025426734,-0.68455003505664569,
0.67653228666730647,-0.59442944848712687,0.65512424083054355,-0.010427907521480675,-0.12002640149768795,-0.7751339280668087,0.62020344665920624,-0.083639283099161799,0.0040972625879552643,-0.43643002049713148,0.47335373894684074,-0.31965707035656499,-0.25786479611939717,-0.19528779778535718,-0.21839813081820589,0.141567450657372,0.6254858143538623,-0.3163647766204693,0.053441399186539881,-2.5998386219635861e-17,0.36732137748872212,0.45343414762695966,-1.4880770701360204,-0.67102311834217943,0.36732137748872212,-0.45343414762695966,1.4880770701360204,-0.67102311834217943,
0.67511850053559963,-0.59286013157695516,0.65439127093467864,-0.011042800255895966,-0.11829844295732241,-0.77102992914042123,0.62561680230481231,-0.10324615409871347,0.0080768850060302811,-0.39849752745486405,0.50206566290404386,-0.32006820122144425,-0.25588625839904416,-0.19978059323034544,-0.21651890783878136,0.12870892843767509,0.63264959961673961,-0.3191792759217319,0.051828019962909797,-6.9970333255520209e-18,0.37138416756277109,0.4508845635791312,-1.4967966956790786,-0.65663560304326662,0.37138416756277109,-0.4508845635791312,1.4967966956790786,-0.65663560304326662,
0.6732075579500868,-0.59097092324408262,0.65355363580281534,-0.011356947082560983,-0.11707074759623631,-0.76724559763745015,0.63047573523187572,-0.12671406656456846,0.018681718554185239,-0.33723257549352914,0.53613409140219237,-0.31853238981176024,-0.25494900386930891,-0.20812327936485681,-0.21294218186957517,0.11718189902073803,0.64320837675139253,-0.3223319743772603,0.047157782516923027,1.1637483013624918e-17,0.37571773800818425,0.44786539608174358,-1.5038444606010222,-0.64111693101925782,0.37571773800818425,-0.44786539608174358,1.5038444606010222,-0.64111693101925782,
0.67027971046508017,-0.58804100614247956,0.65280740051625086,-0.011048386512903394,-0.11648391503882922,-0.76266799121135753,0.63611867279173717,-0.15423048908355111,0.039106498710499267,-0.25283261858125594,0.57148266495882738,-0.31035462452657275,-0.25543021313872738,-0.21984683094553933,-0.20637950989269468,0.10209425992174076,0.65504843982779926,-0.32388955018998583,0.036260766458420086,2.4244998890084619e-17,0.37802612257352841,0.44528336896483778,-1.5093360206353037,-0.62620061526281867,0.37802612257352841,-0.44528336896483778,1.5093360206353037,-0.62620061526281867,
0.66576745958664829,-0.58361732459562599,0.65243166914354489,-0.009232575255872082,-0.1172989612728651,-0.75589032754835184,0.64403845068233079,-0.18346526048859593,0.072827348859398885,-0.14695623966298721,0.60218455163366147,-0.29023760215313371,-0.25921192527954445,-0.23301056712835971,-0.1960436360494239,0.076743416656511049,0.66499387644442032,-0.32248239455236238,0.014271800991116745,1.8081818621636694e-17,0.37609390727053904,0.44483954342018445,-1.5147909058737319,-0.61399710861433154,0.37609390727053904,-0.44483954342018445,1.5147909058737319,-0.61399710861433154,
0.65958860104090122,-0.57825979216063772,0.65220284047350319,-0.0057563884121705003,-0.11942445840033741,-0.74606403135972144,0.65505200086673643,-0.21170368626355232,0.11712782553014446,-0.023050267975878426,0.62626599048523524,-0.25532800004646633,-0.26099999999999995,-0.24496354775575685,-0.18198783601495916,0.036487862869841778,0.67077366963510454,-0.31908354583114579,-0.020069073091624704,5.3987635385495919e-18,0.36888339298632611,0.44711344974526451,-1.5220285989444711,-0.6034032407149299,0.36888339298632611,-0.44711344974526451,1.5220285989444711,-0.6034032407149299,
0.65263036122580043,-0.57332564158064292,0.65149406062640902,-0.002242702797947381,-0.1208873755754635,-0.73332017817694584,0.66904613367776777,-0.23776176503975646,0.17806545952078656,0.11018892803878032,0.64530951429025052,-0.20726460507972935,-0.26099999999999995,-0.25323609663142066,-0.16520193344275766,-0.019547327395263998,0.67083385798823247,-0.31528796004318216,-0.060680486139989602,-4.3820791017367996e-18,0.35619653577526689,0.45171288952433519,-1.5324723301391356,-0.5906912424028955,0.35619653577526689,-0.45171288952433519,1.5324723301391356,-0.5906912424028955,
0.64608711555483533,-0.56991124387499004,0.64974860798624501,-0.0058451377491603044,-0.11436509920319322,-0.71967750776284478,0.68479978334488234,-0.26262518704194049,0.24626882001128683,0.23897863372549893,0.66207737458470195,-0.16086756830119628,-0.23567386695630074,-0.25735469336179789,-0.14614452238086259,-0.086709312585897591,0.66514729157412344,-0.30809013546880459,-0.085432669954220969,-3.7532260406740479e-18,0.3391002115764315,0.45730199401773275,-1.5461396736505262,-0.57194491051545404,0.3391002115764315,-0.45730199401773275,1.5461396736505262,-0.57194491051545404,
0.64090596826655988,-0.56886838156359842,0.64813193966715865,-0.0092071965243555459,-0.09606454973255707,-0.70594249523883978,0.70166375368320377,-0.28821662412273097,0.30835088830281437,0.3496492520063077,0.68001800879660834,-0.14671580811555424,-0.19840070328049447,-0.2582021193450294,-0.12384724019691407,-0.15734470688588181,0.65582363079221495,-0.31387797315232863,-0.09266561066843311,-4.4876739993879487e-18,0.31952862414886085,0.46176026888827626,-1.561936898844116,-0.54392470961667183,0.31952862414886085,-0.46176026888827626,1.561936898844116,-0.54392470961667183,
0.63703275995528574,-0.56991675614074,0.64628113451185543,-0.014981846459959945,-0.070498526203059519,-0.69289244928450311,0.71742982639723674,-0.31321085328687798,0.36135291524619589,0.43619645963845483,0.69487656631678962,-0.15612556981059514,-0.15996969084497936,-0.25848348329338244,-0.099891119522034263,-0.22412256458969124,0.64602122472698209,-0.32278665468398332,-0.08374782685011653,-5.106845331333994e-18,0.29968600245584354,0.46381742542974913,-1.5785414545745409,-0.50670597189527422,0.29968600245584354,-0.46381742542974913,1.5785414545745409,-0.50670597189527422,
0.63388278335057091,-0.57173962556716351,0.64378796354978696,-0.023486230415462821,-0.043478677771427984,-0.67990220702684123,0.73163583184542746,-0.3323140726301439,0.40217794607101831,0.51328483018823934,0.69712733914109515,-0.17099556544943875,-0.12006568961541916,-0.26121303651363226,-0.075998559086879552,-0.28496319767004541,0.63803711545697439,-0.3274388065451081,-0.067822501637372315,-1.9013704273395253e-18,0.28033852188863162,0.46477899498092756,-1.5948089970676262,-0.46502778320581073,0.28033852188863162,-0.46477899498092756,1.5948089970676262,-0.46502778320581073,
0.63150697953056478,-0.5729660259555025,0.64111937792382001,-0.030040962839396734,-0.018868957981658434,-0.66686960053091904,0.74432952303673994,-0.34098766814012416,0.42843529892728394,0.59701810911126896,0.68259174887453122,-0.18080223811856075,-0.082942760892791817,-0.26811351715638831,-0.055515387292767324,-0.33782859904635809,0.63354470507573812,-0.33235262491559342,-0.053313939700103716,-6.5453575809993647e-19,0.26104318031573476,0.46890330065221913,-1.605982424937245,-0.43187289773881343,0.26104318031573476,-0.46890330065221913,1.605982424937245,-0.43187289773881343,
0.630545185537289,-0.5733076566194738,0.64352701450565963,-0.034899124843376289,0.0019379935689079544,-0.65498641419901393,0.75483183059593562,-0.34119424602054049,0.44258860650900567,0.68498709268732672,0.66048395551837313,-0.18846805054268179,-0.049843995984305195,-0.27778266985813621,-0.041346794250239551,-0.38022428159793981,0.63309348084084571,-0.33665798847053707,-0.039312248536408773,-1.0916037598660751e-17,0.2418194093735942,0.48006573064581815,-1.6054560488142942,-0.41977061443303354,0.2418194093735942,-0.48006573064581815,1.6054560488142942,-0.41977061443303354,
0.63092824568452466,-0.57342642690335377,0.64811713594704556,-0.038585746619493329,0.017173089550035762,-0.64613894560367535,0.76205031863210548,-0.33856896819894633,0.4510538978611236,0.75606013385511495,0.64414209725080984,-0.19724871369470723,-0.027399673743435177,-0.28705894755632122,-0.033404428968103125,-0.40933039437734975,0.63630136539862803,-0.34010099899293372,-0.027233875227699444,-1.5212677969869609e-17,0.22457254862996037,0.50006909285818746,-1.5873053004604047,-0.43635793442004689,0.22457254862996037,-0.50006909285818746,1.5873053004604047,-0.43635793442004689,
0.63181888755830951,-0.57412282542763171,0.64977574386671555,-0.040701652148145757,0.024364368482150019,-0.64237882812456226,0.76491776959238655,-0.33608538575131858,0.45972102222009437,0.79526211230985666,0.64339401502053684,-0.20584625268014414,-0.018933630778215981,-0.29277696387788177,-0.030949723306211926,-0.42162984705981027,0.64277101643637913,-0.34421127333255491,-0.020464891922255184,-1.2525702458848424e-17,0.21357228924121868,0.53005777213856242,-1.5475791944759512,-0.48811258773147093,0.21357228924121868,-0.53005777213856242,1.5475791944759512,-0.48811258773147093,
0.63233716584750077,-0.57597379639485802,0.64840280005654227,-0.040157765058296449,0.021661224242534881,-0.64483481165635514,0.76295885272139696,-0.33231121304488592,0.46907954323019041,0.80088244486768079,0.65830905918283911,-0.20974920470146211,-0.024058904478529756,-0.29319001543890461,-0.034002451827193345,-0.41454071808702786,0.65186618756588088,-0.35077170526271501,-0.02157973732214671,-9.4320606459490936e-18,0.2134747753313255,0.57004712335323426,-1.4871259680428144,-0.57799263066321371,0.2134747753313255,-0.57004712335323426,1.4871259680428144,-0.57799263066321371,
0.63220755177333565,-0.5789038438984373,0.64446901131698808,-0.036822388460242078,0.0089387052492463353,-0.65294051645742435,0.75646076780283977,-0.32158632931285031,0.47488201112957912,0.78646109120701568,0.67937073427936645,-0.20444323343219883,-0.039098645781686717,-0.2878081198594144,-0.042464192656944545,-0.38837352012428478,0.66202283699146369,-0.35883805895006732,-0.030700690262022063,4.0311363458290984e-18,0.22834662996042335,0.61533495937300742,-1.4116005056017005,-0.6968574283776392,0.22834662996042335,-0.61533495937300742,1.4116005056017005,-0.6968574283776392,
0.63191795344570922,-0.58198300146547377,0.63906101715590446,-0.03145223397215452,-0.011447205119304834,-0.66440412449034736,0.74662365207200099,-0.29999054151714744,0.46982126435582577,0.76716355430586058,0.69310951598385562,-0.18846778395322389,-0.058457444118664853,-0.27836328017368234,-0.056093973028802445,-0.34771133535720455,0.67159008494072414,-0.36544235942207282,-0.04507893696541361,1.2485865081229609e-17,0.25743030111538484,0.65723252680584154,-1.3299611252263108,-0.82522088166433405,0.25743030111538484,-0.65723252680584154,1.3299611252263108,-0.82522088166433405,
0.63256467342706935,-0.58381221064728162,0.64005228024963123,-0.025020966788519033,-0.036885129412186926,-0.67706243821799117,0.73457463419554769,-0.26880474251120179,0.4471406922219574,0.74414782783598121,0.69132523330004236,-0.16416602761002425,-0.078638898598185292,-0.26751969245872942,-0.075409913980323248,-0.2968327235015078,0.67936309964959418,-0.36689142344738152,-0.060850887451164661,2.8990036067137945e-18,0.2956770045057856,0.68746844271678553,-1.2498671827239227,-0.94352253198681924,0.2956770045057856,-0.68746844271678553,1.2498671827239227,-0.94352253198681924,
0.6354332894556598,-0.58340864673428772,0.64295098036393161,-0.018798684193436041,-0.064981060166015861,-0.68955753598471325,0.72106482084413681,-0.23389820743198947,0.40436835343833494,0.70360530169903535,0.67207108294872386,-0.13571607340548872,-0.10089111528599443,-0.25723085391265899,-0.10022968867292305,-0.23834622514671966,0.68347360428077497,-0.35934951409630983,-0.073856712258799542,-6.1268323024625918e-18,0.33548044674196359,0.6987139805944752,-1.1778458248409622,-1.0291439667009916,0.33548044674196359,-0.6987139805944752,1.1778458248409622,-1.0291439667009916,
0.64124951362192684,-0.58100974759511836,0.64627469631237988,-0.011597411354093104,-0.095558912919150807,-0.70159347059957711,0.70604574655161989,-0.19843214463882383,0.34347544963858656,0.63559196142903951,0.63661401364349524,-0.10336244583336092,-0.13195446560888063,-0.24832782413563351,-0.1299823019058346,-0.17131331219863441,0.68260086572622469,-0.34350001543674247,-0.084699809765227854,-1.3985318832104894e-17,0.36994216505495492,0.69006880104826473,-1.1150025037551152,-1.0662239434929623,0.36994216505495492,-0.69006880104826473,1.1150025037551152,-1.0662239434929623,
0.64998432888358437,-0.57829151321151206,0.65019347166780161,0.0007724023364605898,-0.12042453142757677,-0.71386286906003726,0.68985298419478569,-0.16280437903577516,0.26872791987360056,0.53598668082793788,0.58806111389481153,-0.087563759557491808,-0.18223391845520706,-0.24176560782562226,-0.16216528391785201,-0.094332676653736541,0.67650762807223663,-0.33428872416443067,-0.084848641779807499,-1.3376448553248904e-17,0.3933302175725672,0.66776638713726155,-1.0615211616562374,-1.0506315598659288,0.3933302175725672,-0.66776638713726155,1.0615211616562374,-1.0506315598659288,
0.66049346242134166,-0.57752058473627166,0.65417449289113816,0.012608524831617233,-0.13645906069526345,-0.72776351378608695,0.6719971858999596,-0.12737504875687417,0.18938168519709675,0.40705522740172334,0.53419332843828338,-0.10109978181671425,-0.23357856824886947,-0.23752032711752885,-0.19435835943689941,-0.010180968478587458,0.66648453704539679,-0.32884111246519426,-0.067996067931752155,1.2839179770806569e-17,0.40490327671792026,0.64037103883117763,-1.0183568274886252,-0.99523454065748362,0.40490327671792026,-0.64037103883117763,1.0183568274886252,-0.99523454065748362,
0.67060391228574912,-0.58017767636383699,0.65715199637591026,0.016649524098359018,-0.14564637777766837,-0.74419258589579262,0.65168038261503336,-0.094338518894519219,0.11143066727243063,0.2517975460009329,0.48474584513370089,-0.13806864801682611,-0.26099999999999995,-0.23435685039472848,-0.22354447091989318,0.073332824190398938,0.65490030744992322,-0.31963827429388869,-0.035624273585101195,3.5978899549113634e-17,0.40882559358336601,0.6120983757485543,-0.98956156602934153,-0.91964433658209577,0.40882559358336601,-0.6120983757485543,0.98956156602934153,-0.91964433658209577,
0.6769590605391147,-0.58613579434499363,0.65770170045814347,0.010477408684342188,-0.14359008158524397,-0.76281744148073627,0.63038215659264007,-0.061772724984708552,0.052198031645271148,0.074576682411728559,0.44763787536098321,-0.19332890954715545,-0.26099999999999995,-0.23162243944058369,-0.2436528522902433,0.14424621509046273,0.64572594656677529,-0.31360571984548402,0.013299527046844704,4.6082510912015546e-17,0.41151257469245867,0.58523805027874065,-0.98357865978689385,-0.84907046833226518,0.41151257469245867,-0.58523805027874065,0.98357865978689385,-0.84907046833226518,
0.6777914855041739,-0.59363528675972754,0.65649711346521611,0.0024439402720671998,-0.13829119830890899,-0.77982879857481113,0.61052159383563109,-0.051812505740876084,0.021104271394381972,-0.1161342080808611,0.43092825746318758,-0.23821297323815399,-0.25992868877186298,-0.22960311064468075,-0.25340543523265646,0.19498710007817061,0.64178884359813637,-0.31430647159271224,0.053035765257951256,3.5033853008404382e-17,0.4174216975599393,0.56149608775304194,-1.0065222525580737,-0.80119099347606515,0.4174216975599393,-0.56149608775304194,1.0065222525580737,-0.80119099347606515,
0.6741985853602207,-0.60036976687872556,0.65601247254251682,0.0069079290192163717,-0.13085057562785471,-0.7912752981948793,0.59725523006594883,-0.046486208946500629,0.00084499188652722057,-0.2949258600617784,0.40999349992366307,-0.28627959233838735,-0.26099999990001443,-0.22769046204647278,-0.25285218067487425,0.22368469138342278,0.64349989451950707,-0.33904004965410944,0.064941109225155683,9.9453530301645073e-19,0.4286898567526265,0.54273230572094655,-1.0562200335303766,-0.78167855752650639,0.4286898567526265,-0.54273230572094655,1.0562200335303766,-0.78167855752650639,
0.66925973820540263,-0.60530318268534722,0.6564592561530691,0.019733568904257051,-0.12736440016616227,-0.79658264039456772,0.59063101243554206,-0.036503675281858487,-0.011007268797365143,-0.43484243381432269,0.38072320373959717,-0.3294277686870547,-0.26095843240176897,-0.2245469413120974,-0.24926290709614571,0.23536149843771503,0.6486450233192631,-0.3723559107620219,0.053078645756371189,-3.6167483002817637e-17,0.44402099045269428,0.53019189216519691,-1.1198047542294018,-0.7807811182967519,0.44402099045269428,-0.53019189216519691,1.1198047542294018,-0.7807811182967519,
0.66552358369410602,-0.60904487348955128,0.65612182412058218,0.027829050973558936,-0.12484845972953619,-0.79827429818537732,0.58855462862993169,-0.043242597839644459,-0.019073508177034577,-0.52297162981289458,0.37035474597649898,-0.35063890181109258,-0.25740160719553506,-0.2191084089564535,-0.24781420678030702,0.23566722318947145,0.65407694663129501,-0.3976114462006527,0.045130143022324473,-3.4487234860261228e-17,0.45996834912719142,0.52339439247713426,-1.1825813167846331,-0.78422597339654043,0.45996834912719142,-0.52339439247713426,1.1825813167846331,-0.78422597339654043,
0.66451447716406298,-0.61242401896209397,0.65532640898008943,0.028627166085455333,-0.12220451875058577,-0.79750914068040168,0.59010652554438092,-0.068017157786447624,-0.023921788934821879,-0.55805668935888897,0.37861557695255899,-0.34568200320290404,-0.25997595188451472,-0.21072462331068256,-0.2488458782956563,0.22739859685931157,0.65647830006266994,-0.41023775811826374,0.047425359259467247,-2.1226894977166742e-17,0.47266803126599388,0.5200301670759786,-1.2316051880445755,-0.78149268492452706,0.47266803126599388,-0.5200301670759786,1.2316051880445755,-0.78149268492452706,
0.66593468897892971,-0.61540562981229563,0.65467628618889362,0.023277468001073609,-0.12032642670717739,-0.79447252977549609,0.59480510249279539,-0.082729489772184486,-0.024137550588432651,-0.55100860558030251,0.40366585322831988,-0.34391972664097314,-0.26099999652721667,-0.19969993565462138,-0.2503363855905365,0.21054444986903001,0.65455797835313301,-0.4089524603762324,0.055347491669519439,3.5166412514830374e-19,0.48086905589652845,0.51776982285722828,-1.2638598718831768,-0.77121561766413504,0.48086905589652845,-0.51776982285722828,1.2638598718831768,-0.77121561766413504,
0.66812053066996757,-0.61674872647623979,0.65434315695859191,0.014252284962527867,-0.11953728487418153,-0.78939655162951805,0.60196411369256997,-0.086677607237056475,-0.018417104825127331,-0.5214911782994619,0.44119049891370554,-0.35260201226903437,-0.26099999592540235,-0.18862444467232203,-0.24959962942204153,0.18596625945831585,0.64975298393759595,-0.3961874520740834,0.062723798630293287,3.4727233788772789e-17,0.48507062251048189,0.51564050577617504,-1.2834155137703052,-0.75580278739337536,0.48507062251048189,-0.51564050577617504,1.2834155137703052,-0.75580278739337536,
0.66943478662486089,-0.61542715461523101,0.65352699914650958,0.0031769712723003635,-0.11668764833588399,-0.78342578525698214,0.61042439218453348,-0.095605321715988151,-0.0075353143118840893,-0.4853433559365779,0.47761138990387786,-0.35273225301993227,-0.25948558746779216,-0.18047400394252711,-0.24561825531327489,0.15669634542384447,0.64556887248212602,-0.38003979117000658,0.071580075634667159,4.2445804273350442e-17,0.48715117950125786,0.51359176216832925,-1.2971491076759505,-0.73800606336637775,0.48715117950125786,-0.51359176216832925,1.2971491076759505,-0.73800606336637775,
0.66920449852832187,-0.61173139959028011,0.65288726537714026,-0.0084653585584725868,-0.11723940291363177,-0.77617202380184525,0.61946771471665873,-0.089096615123508721,0.0071927415322225437,-0.44328167818244502,0.49652098607593986,-0.34657758226452795,-0.25908260302497171,-0.17665897516848567,-0.23894897949965421,0.12566934809588812,0.64544505207896874,-0.35875902844811303,0.072128124340654215,2.3795976951288008e-17,0.48889269232403021,0.51140180684771941,-1.3091841073649502,-0.71983443691555515,0.48889269232403021,-0.51140180684771941,1.3091841073649502,-0.71983443691555515,
0.6672400933726913,-0.60672994072284647,0.65189035353977998,-0.013953124200079391,-0.11410950451669817,-0.768691400723719,0.62920414950746928,-0.085060158336817987,0.025256394385141354,-0.38940007350890349,0.51254196221774606,-0.34767279409198504,-0.25531032481822702,-0.17772062834633595,-0.2292337692390306,0.095472741372564479,0.65082376710936618,-0.3533393073072475,0.067541798398463873,1.1088227565160461e-17,0.49064191541228136,0.50893484358374375,-1.3208006931625023,-0.70407262845511243,0.49064191541228136,-0.50893484358374375,1.3208006931625023,-0.70407262845511243,
0.66351998135891987,-0.60068705294816449,0.65040153427634295,-0.017833417878007657,-0.10785429647704503,-0.76115872112335103,0.63928618098320789,-0.10498396204288211,0.048381025003139788,-0.31765855404438503,0.53759964313112363,-0.33800244257106077,-0.25140433202477858,-0.18422814274419566,-0.21729541609269515,0.064703227117833939,0.65982446401285544,-0.35373770583423608,0.062736986465712796,4.0803623746134959e-18,0.4904499198291089,0.50720456585790297,-1.3315061561105392,-0.69432431763847124,0.4904499198291089,-0.50720456585790297,1.3315061561105392,-0.69432431763847124,
0.65844653462727343,-0.59391595459328261,0.64962531271833512,-0.019398218242349229,-0.10429980495533328,-0.75118779240462474,0.65150760575573352,-0.14006667036352757,0.079524643118567856,-0.22545764072019348,0.56259557267419291,-0.31116636628868249,-0.25341024297906584,-0.19540410348414206,-0.20309643364575858,0.027059945710753729,0.66875677045437609,-0.35069951473552419,0.04576292837437905,6.2948821061065286e-18,0.48442481052675707,0.50830966147666179,-1.340744768739772,-0.69194877222044682,0.48442481052675707,-0.50830966147666179,1.340744768739772,-0.69194877222044682,
0.65273859890039587,-0.58712541400058482,0.64961843475800796,-0.017558819091640993,-0.10428223112843134,-0.73733368183897685,0.66720007926315628,-0.17679320564039905,0.11985939169418132,-0.11970829140952065,0.58556320019168751,-0.27617585210872608,-0.26027769537644052,-0.20874435281385775,-0.18668698809788123,-0.023197075004845771,0.67471869573497367,-0.34495498768859906,0.012495917915586633,1.1248582208624105e-17,0.4698704658733836,0.51372337897487153,-1.3483938749099109,-0.69437310201816316,0.4698704658733836,-0.51372337897487153,1.3483938749099109,-0.69437310201816316,
0.64722772372813253,-0.58109953153753424,0.64951089122749717,-0.013128342683996451,-0.10654534795203624,-0.7197799853683553,0.68585166625975424,-0.21886427314816193,0.16104776245292182,-0.011788189130168814,0.60670601376440447,-0.22878477156738772,-0.26099999999999995,-0.22135744699377591,-0.16855223980586903,-0.086620497232393054,0.67633899238447637,-0.33956271461547277,-0.033513940223318675,1.5865345636000024e-17,0.44718669749966172,0.52299007205770565,-1.3542446339809207,-0.6961101984922482,0.44718669749966172,-0.52299007205770565,1.3542446339809207,-0.6961101984922482,
0.64232966547461912,-0.57658164804877177,0.64797765218019276,-0.014221832445560889,-0.10289931142608376,-0.70153199002765632,0.70502648046563787,-0.26189136095737825,0.2203683012345295,0.089514730534988429,0.62552418019299083,-0.17835594135517779,-0.2514421279153865,-0.230882648539525,-0.14789534365447388,-0.15894738894625346,0.67299915956344658,-0.33198915212964375,-0.068980258634481179,1.8076832912887314e-18,0.41992417842688845,0.53293927581179001,-1.3582522911121842,-0.68809416789611266,0.41992417842688845,-0.53293927581179001,1.3582522911121842,-0.68809416789611266,
0.63804214932416958,-0.57446360963929721,0.6453093711192025,-0.02403053766891667,-0.09136976990612472,-0.68406935619017306,0.72327257263649014,-0.30014790779818756,0.27769805341413528,0.19316059651662557,0.6428855176133923,-0.14107553936896547,-0.20716724372823478,-0.2363701478341331,-0.12295162617718625,-0.23443620392313985,0.66564389625905185,-0.31932432888386719,-0.086923799670265797,-7.4005475568935089e-18,0.39230956891389568,0.53943587035935947,-1.3606106129407036,-0.66220872761888883,0.39230956891389568,-0.53943587035935947,1.3606106129407036,-0.66220872761888883,
0.63447661532328703,-0.57435153276158946,0.64290525883403604,-0.031447073923651571,-0.064775022445740987,-0.66893351875409612,0.73982648337029477,-0.32445333767271894,0.33261066389573268,0.3181865577825872,0.65380933906556493,-0.14514382444223978,-0.15075561374552454,-0.23948451520823588,-0.093758080281921521,-0.30307868631880336,0.65636212607456745,-0.32603513710750859,-0.080305544242637916,-2.5992422494450665e-17,0.36967520938099829,0.53971522758252155,-1.3614770093733517,-0.62011126536853312,0.36967520938099829,-0.53971522758252155,1.3614770093733517,-0.62011126536853312,
0.63219420048204633,-0.57474723152295559,0.64032513535770408,-0.041178493724014921,-0.038706321353902659,-0.65717336365900458,0.75161780343401907,-0.32926547235805181,0.37732336945948236,0.47174628949903219,0.65330112450805056,-0.15825069684874685,-0.085710139260154389,-0.24328285859198379,-0.068361925879309213,-0.35446222222741253,0.64782367537278329,-0.32662090777734559,-0.063813998905708741,-3.1140150632813498e-17,0.35608669773570478,0.53435156407523476,-1.3600804951568666,-0.57465900063598985,0.35608669773570478,-0.53435156407523476,1.3600804951568666,-0.57465900063598985,
0.63158958926384701,-0.57484972031977599,0.64271096170916098,-0.047558544705713753,-0.020083449993822323,-0.65055783828051439,0.75770003227768445,-0.31655657807824189,0.40750769981795026,0.63234488214750384,0.64436896145856237,-0.17062339691196801,-0.032300563311810283,-0.24883667209572552,-0.051393862179250287,-0.38203377506184788,0.64254327982158788,-0.32574243749046822,-0.049807305842255213,-1.9131213393264248e-17,0.35324940209987155,0.52602179348800604,-1.3542698997321831,-0.54078507041652024,0.35324940209987155,-0.52602179348800604,1.3542698997321831,-0.54078507041652024,
0.63216906362322767,-0.57536313630942237,0.64557409451137959,-0.048980642596218926,-0.011951813453872018,-0.65074953123181367,0.75761672262932533,-0.29384724396396977,0.42499655246226697,0.76330065658850033,0.63849159130749944,-0.17834515681587326,-0.0021134642926413949,-0.25382713298198234,-0.044540311746721052,-0.38413600002231757,0.64298913665173807,-0.32797749271188165,-0.042642198011911062,3.8280676705449994e-18,0.36053871904681251,0.51873818800038318,-1.3426617672393,-0.53051525471080307,0.36053871904681251,-0.51873818800038318,1.3426617672393,-0.53051525471080307,
0.63281038429274727,-0.57709715266517247,0.64504125074792484,-0.046728056167977469,-0.015102803144383474,-0.65761960243390383,0.75174786504427049,-0.26846120848939869,0.43292925522723996,0.83874705242309511,0.64221854406466616,-0.1784589083776506,0.005503043182648458,-0.2551628319860435,-0.046914800657537087,-0.3640995284455219,0.64913265260611996,-0.33336739047239461,-0.043311779452577588,2.3407777727196696e-17,0.37560816605345321,0.51502843296851641,-1.3267222482408458,-0.54653986845237412,0.37560816605345321,-0.51502843296851641,1.3267222482408458,-0.54653986845237412,
0.63250528904704528,-0.58004780877138828,0.64148413130419379,-0.041757876830241694,-0.028360515759930455,-0.66876910175860327,0.74175457491103614,-0.24600668237993267,0.43402404781946829,0.85279544690682085,0.65400521895523267,-0.1682740889074763,-0.0069621872597995472,-0.25151811346678832,-0.05604688239488205,-0.329566355023656,0.658806552050198,-0.34098705806554441,-0.052540215762147291,2.6966315681197099e-17,0.39415851374091943,0.51444394478307809,-1.3114392935173167,-0.58069167172024472,0.39415851374091943,-0.51444394478307809,1.3114392935173167,-0.58069167172024472,
0.63121544786886452,-0.58336009010491297,0.64059206548607561,-0.035088663479395765,-0.048031632332834522,-0.68068780653140992,0.73015468089311797,-0.22754346540827894,0.42763259691885119,0.82291548795864222,0.6651057394561174,-0.14895828461855729,-0.03411216603631291,-0.24439383346462665,-0.069532258351743079,-0.28928651830422514,0.66898270528773673,-0.34829344191869738,-0.067826745722225384,2.0272716386449445e-17,0.41195385844110755,0.5142789548843999,-1.3025132519134326,-0.61933590033245212,0.41195385844110755,-0.5142789548843999,1.3025132519134326,-0.61933590033245212,
0.63016974537823855,-0.58561438819804168,0.64258863749984041,-0.026899516055438919,-0.070903532102577896,-0.69103566825998797,0.71883155910396257,-0.21027836318945187,0.40737340661384208,0.77086039081057312,0.66419241535862616,-0.12306114434121555,-0.068510043575314511,-0.23700166686527774,-0.087716367001905729,-0.24687843185123465,0.6773211126274139,-0.35230709825808448,-0.084930056262561296,-4.3095319294035085e-18,0.42711101003981183,0.5128931657133502,-1.303229250947691,-0.65521421662473345,0.42711101003981183,-0.5128931657133502,1.303229250947691,-0.65521421662473345,
0.63191948452139757,-0.58519960850614872,0.64488479706815882,-0.018071623527689408,-0.094325359246719698,-0.69931084643088193,0.70833641942947845,-0.19280796571745784,0.36711761625604816,0.70527631799061075,0.64489815333629275,-0.095449466597507054,-0.10277573980089362,-0.23263142339592985,-0.11167897484294559,-0.2006266180717978,0.68158363440005632,-0.34847489279660471,-0.097710178149772078,-7.5593420883156259e-18,0.44023502774867318,0.5094736426638341,-1.3135246864077013,-0.68513138047501965,0.44023502774867318,-0.5094736426638341,1.3135246864077013,-0.68513138047501965,
0.63802802960228666,-0.58201364886907259,0.64785431667470328,-0.0049271271555608601,-0.11316650352070473,-0.70662866527125867,0.69845901477169792,-0.17504281896299501,0.30881300891405605,0.61983504844081572,0.60996421463911055,-0.078790074549197342,-0.14697090713188893,-0.23153477565115266,-0.13902878298859903,-0.14703007363075316,0.68051799508957289,-0.34731043231419917,-0.10138058011256666,9.0705531164261813e-18,0.45355117324378591,0.50251615748410838,-1.3310957765186491,-0.70498530881693289,0.45355117324378591,-0.50251615748410838,1.3310957765186491,-0.70498530881693289,
0.64781321889442622,-0.57815340605199173,0.65120043920623705,0.0078278134711034543,-0.12816456805943971,-0.71470212144649203,0.68754159614548616,-0.15515258935659648,0.24235162948626687,0.50878854427398279,0.56620939721845143,-0.077007874960758949,-0.19636964007585478,-0.23088779330206871,-0.1658579401942758,-0.085842889086216928,0.67349952979559435,-0.34294164976240293,-0.096374867635694528,1.6711161308756374e-17,0.46943614981286319,0.49128803439612034,-1.3535681264117758,-0.71112052870231646,0.46943614981286319,-0.49128803439612034,1.3535681264117758,-0.71112052870231646,
0.65881281168059824,-0.57630047796990513,0.65441330341906323,0.014349757556489002,-0.13790302370272553,-0.72566658635470449,0.6739323749160786,-0.13120547070657129,0.1779203105235786,0.37498245678600178,0.52019320285668069,-0.094291659553446566,-0.23869834171629267,-0.22793031681032408,-0.18901867643768663,-0.020764340230548687,0.66163292408765395,-0.33211352355691026,-0.078309329582517517,9.9900399588610044e-18,0.48870306274170938,0.48018452665186084,-1.3781325639859925,-0.71190545659913851,0.48870306274170938,-0.48018452665186084,1.3781325639859925,-0.71190545659913851,
0.66860494788483504,-0.57762224068863244,0.65687993229549535,0.013936609659425276,-0.14121070324329157,-0.74002429270079095,0.65744152166822412,-0.10433885692544112,0.1175629868704606,0.22546044019341344,0.47700524861486099,-0.1300033521268093,-0.26099999999999995,-0.22251493919392734,-0.20715589262505982,0.042633661208106702,0.64765337982711935,-0.31980810860201658,-0.047538243233570608,8.369942653744475e-18,0.50971679722204111,0.4716271977146046,-1.4022068763119075,-0.71301795205491991,0.50971679722204111,-0.4716271977146046,1.4022068763119075,-0.71301795205491991,
0.67461502752424862,-0.58177405543459582,0.65759382268466793,0.0063901957951738916,-0.13657084627927801,-0.75640811007334474,0.63965173364850036,-0.077994693717821972,0.072376320888786039,0.068617913767049732,0.4407175759752926,-0.17235825087721698,-0.26099999999999995,-0.21593222477575358,-0.21844196019569243,0.09542585788998581,0.63553051536245841,-0.31100769913531379,-0.0060136989008308132,1.2141494446339102e-17,0.52932045992523336,0.46717874091307732,-1.4223607985915683,-0.71822643318283441,0.52932045992523336,-0.46717874091307732,1.4223607985915683,-0.71822643318283441,
0.67593589141643562,-0.587255015862722,0.65641643290265417,-0.0042835718197938881,-0.12715749198807325,-0.7718136537496062,0.62298981302221201,-0.055408843247684109,0.05520298245401592,-0.088036825720794035,0.41280356090802461,-0.20997582877325152,-0.25926751234612466,-0.20992037888544243,-0.2223933779236569,0.13193726539186784,0.62792023428377308,-0.3079435611407052,0.034435479912250599,6.336720167881314e-18,0.54500623569077034,0.46753583861814363,-1.436466121569314,-0.72920838465854132,0.54500623569077034,-0.46753583861814363,1.436466121569314,-0.72920838465854132,
0.67382264204555686,-0.59219838775472089,0.65517826349370578,-0.011070045540261371,-0.12100274443482704,-0.78272474158162042,0.61039148818357736,-0.039361734242832271,0.043106109119957596,-0.23101610615437013,0.39442653782538217,-0.24166102192622735,-0.25696184814659029,-0.20602275249580365,-0.22071815295598796,0.15246737984259773,0.6257054735086699,-0.30923024899333462,0.055030038988848104,1.3565356064127934e-17,0.55533986880178909,0.47133812739492947,-1.4440798588468184,-0.74391026749920708,0.55533986880178909,-0.47133812739492947,1.4440798588468184,-0.74391026749920708,
0.67071506670432335,-0.59571324112443003,0.65470605931961479,-0.013157594192844728,-0.11863819500612918,-0.78911464330407699,0.6025362529539805,-0.030473396721607777,0.037552716467425029,-0.34829082690192703,0.38549351795857167,-0.27090417122369681,-0.26099999990002209,-0.20404945284997927,-0.21684925787935533,0.16199118902390289,0.62712124880772746,-0.31351243570173093,0.059171976842551481,1.1096735647006449e-17,0.5606626372940936,0.47367373434121252,-1.4475937666876393,-0.7528786686879938,0.5606626372940936,-0.47367373434121252,1.4475937666876393,-0.7528786686879938,
0.66815979354982513,-0.59820651227940602,0.65474879391645724,-0.0076424688264489088,-0.11350649498597931,-0.79205175510404224,0.599759856528295,-0.02777529550662327,0.034606049858043969,-0.43419795557539886,0.38527552486891364,-0.30975116161598393,-0.25923026893640172,-0.20210755192921021,-0.21161939455165996,0.16359550062130521,0.62919796144084272,-0.33212117001667724,0.055834960154263022,9.0002516814410169e-18,0.56250652822633995,0.4739515495726947,-1.4497931397138994,-0.75467767773555183,0.56250652822633995,-0.4739515495726947,1.4497931397138994,-0.75467767773555183,
0.66685811573032727,-0.60009049208017262,0.65480941367762346,-0.0049813893866881703,-0.11107083726651817,-0.79190109791130125,0.60044242521291635,-0.031037353901181893,0.032564494875846617,-0.48602750448834459,0.39339911014031992,-0.33401368388112129,-0.258291230359736,-0.19855393675225183,-0.20775771265715426,0.15786296048791615,0.62941508513624456,-0.3413059068012339,0.05158310693474364,2.2403149125922544e-17,0.56188457773675937,0.47287586227790501,-1.45308336295969,-0.75009999153056617,0.56188457773675937,-0.47287586227790501,1.45308336295969,-0.75009999153056617,
0.66659518878423984,-0.60126839015140332,0.65466545149297106,-0.0064878125093653025,-0.10933074233227505,-0.7889224366091,0.60465369103700817,-0.041232825891316625,0.03174790893761386,-0.50474260534242565,0.41048865988618899,-0.34302296123971143,-0.25827962284510592,-0.19297593032066593,-0.20479691091727814,0.14353442559317353,0.6271019879154438,-0.34106140387627254,0.05050589933753391,4.2691000189757152e-17,0.5587869651116486,0.47025701971887124,-1.4583220860737987,-0.7380150431157334,0.5587869651116486,-0.47025701971887124,1.4583220860737987,-0.7380150431157334,
0.66653697045675553,-0.60124793307967495,0.65409535645378791,-0.012547608851719523,-0.10696437394211028,-0.78306967808159289,0.61253821063544034,-0.060064423157412797,0.034966023831406338,-0.49165235737486834,0.43731147587790653,-0.33765481548677223,-0.25917660884020155,-0.18639162944661336,-0.20095885542337941,0.11858606073347633,0.6231488135342812,-0.33214772674862353,0.052836089534240592,4.8639100108346904e-17,0.55261950773775714,0.46604206376967316,-1.4654104922322295,-0.71760656735385253,0.55261950773775714,-0.46604206376967316,1.4654104922322295,-0.71760656735385253,
0.66588825898053106,-0.59963967115974859,0.65310465043841448,-0.021912298524847669,-0.10449840839906147,-0.77441799053866556,0.6235997993468857,-0.088223064850545652,0.045238170598146908,-0.44868835825200282,0.47328322995325678,-0.32084512171574742,-0.26099999994979584,-0.18101989789124162,-0.19482930881017119,0.083377496546672841,0.61963730335701017,-0.3162210345579417,0.054426377199671958,2.7579895616548979e-17,0.54303372382495596,0.4605549283283788,-1.4735213461600263,-0.68989932148339306,0.54303372382495596,-0.4605549283283788,1.4735213461600263,-0.68989932148339306,
0.66399693042099384,-0.59619289114868934,0.65204629237832124,-0.026330985165362024,-0.097853954659107928,-0.76341117801666292,0.63791430149903827,-0.12457477112615556,0.064677813533013398,-0.37401255909013331,0.51493445416962247,-0.30934906307824944,-0.25604622495917306,-0.17954205072571155,-0.18487376457539409,0.03981733216887233,0.61850006784885814,-0.31156369237697057,0.050838327457943158,-2.0513056044504034e-17,0.52972219934986176,0.4542837711993738,-1.4819144440336851,-0.65706491573496573,0.52972219934986176,-0.4542837711993738,1.4819144440336851,-0.65706491573496573,
0.66017286177339918,-0.59134309272316976,0.65165497744149736,-0.027451460444079485,-0.094757725380970728,-0.75049285074795935,0.65347369631555419,-0.16434090801238954,0.096229710829431839,-0.26667903710371632,0.55593992234235667,-0.29163501347852955,-0.25564377708492936,-0.18340917081065755,-0.17195756676928098,-0.0090284212916540256,0.62058896756039439,-0.30757938640910443,0.03238002745613764,-6.4750736862856246e-17,0.51295190202271923,0.4477249056507222,-1.4905564781727452,-0.62169954503345815,0.51295190202271923,-0.4477249056507222,1.4905564781727452,-0.62169954503345815,
0.65429030755697137,-0.58605472935181935,0.65183808900435558,-0.024100772564587168,-0.096775242419957802,-0.73617736329241723,0.66940017552445641,-0.20234029308981005,0.14104604057078443,-0.12983281254723517,0.59192289975384604,-0.2624660124267747,-0.26065988302208637,-0.19174601259596591,-0.15619123599631596,-0.061150549791672587,0.62505772179335062,-0.30608048991166803,-0.0045069743787963558,-6.8903476478084905e-17,0.49315088884491415,0.4409338399534723,-1.5003109756937807,-0.58433629706163437,0.49315088884491415,-0.4409338399534723,1.5003109756937807,-0.58433629706163437,
0.64735876375335832,-0.58170718163212642,0.65150466636315962,-0.018266798984646223,-0.10126187059145986,-0.72141350344303568,0.68481743163358377,-0.23387305495098706,0.19487877929926944,0.025925140208628232,0.62042637264800204,-0.21872877005205199,-0.26010167884213747,-0.2019288354812051,-0.13890672614775368,-0.1147301991757636,0.62978507140285822,-0.30805547669401118,-0.051098108140253069,-5.7383092511598861e-17,0.47053098907314528,0.43356587312256817,-1.5121431578817146,-0.54329724865876006,0.47053098907314528,-0.43356587312256817,1.5121431578817146,-0.54329724865876006,
0.64082575041065837,-0.57917253767981891,0.64968206521204341,-0.019160136344210869,-0.098617123254798406,-0.7077266141051467,0.69930722280231328,-0.25540600494507226,0.2487611762225275,0.19146793145523833,0.63914345527450778,-0.17274441720788244,-0.22342676276278181,-0.21148391010339332,-0.12133157107261296,-0.16849833507939313,0.63262943726330312,-0.30704547050936559,-0.07948676011935818,-3.7566869392795466e-17,0.44536065125727392,0.42492593946629709,-1.5264832468133163,-0.49592495437808282,0.44536065125727392,-0.42492593946629709,1.5264832468133163,-0.49592495437808282,
0.6359093818717283,-0.57849706505710619,0.64764189157658869,-0.022218754846981797,-0.088121178651986543,-0.69415934800678547,0.71406147100990458,-0.26361595297411478,0.29370667394172517,0.37151662105372529,0.64512490936907985,-0.14380030407987981,-0.15818822364596688,-0.21949057862450444,-0.10426077812863724,-0.22075996338260667,0.63300235361035107,-0.30974681070312082,-0.090765439642388299,-1.1286495556652329e-17,0.41810180200928876,0.41482015153164331,-1.542456615879066,-0.44211080754459686,0.41810180200928876,-0.41482015153164331,1.542456615879066,-0.44211080754459686,
0.63386158870564535,-0.57852165474834538,0.64608474452957576,-0.023462156084649487,-0.068530530464964184,-0.6810308832600831,0.72866317985200901,-0.2584091525365223,0.32055711946256255,0.5618117566412798,0.63648873155465968,-0.14484659297514821,-0.082962342874741093,-0.22692508308053372,-0.09045435058310243,-0.26624270558675123,0.63171746295070152,-0.32195743588367581,-0.081739935909144315,1.5326732313581778e-17,0.39000594442680731,0.40592268424151012,-1.5556435198558172,-0.39148107726753401,0.39000594442680731,-0.40592268424151012,1.5556435198558172,-0.39148107726753401,
0.63480097263009516,-0.57810114044697902,0.64465784298800699,-0.02639221775463902,-0.050651827123955662,-0.66937694036658291,0.74072420978152786,-0.24475607801932897,0.33057710276442837,0.73711840323228484,0.61840393607634647,-0.15777593239836468,-0.0149332761310577,-0.23468963842537666,-0.082930481438902831,-0.30010340529316404,0.63043560371722251,-0.3270413645279372,-0.065260457020162227,2.718817673884257e-17,0.36331620977366064,0.40235851074364593,-1.5604848826119329,-0.35734672982547278,0.36331620977366064,-0.40235851074364593,1.5604848826119329,-0.35734672982547278,
0.63700985010043265,-0.57738175813375248,0.64365183506328627,-0.027857853765400911,-0.039574973347020079,-0.6611246132502,0.7487135682107956,-0.23102926351289127,0.33330170183016689,0.86121071742440625,0.60367998554759228,-0.17103320535718819,0.025114736546323707,-0.24127613999805581,-0.080704196263752734,-0.31986456766535154,0.63129737693194021,-0.33008317293649037,-0.053370628032256957,3.0215845366297766e-17,0.34157843605682692,0.40756260468244276,-1.5534238120189872,-0.3510403611903089,0.34157843605682692,-0.40756260468244276,1.5534238120189872,-0.3510403611903089,
0.6382423356825957,-0.57759570246583725,0.64365507458316562,-0.028754920357431164,-0.036159027117661287,-0.6573022622817335,0.75220968839310842,-0.2234978389305462,0.33859935724102447,0.91729737505982711,0.60392603380979992,-0.17928974567789124,0.039339031927628963,-0.24412893012209302,-0.081484646489352969,-0.3268723427974658,0.63563073468817688,-0.33312416824400815,-0.04852959280845897,2.5235530385118253e-17,0.32698125258500665,0.42272803029304717,-1.5359279668114694,-0.37605795944440013,0.32698125258500665,-0.42272803029304717,1.5359279668114694,-0.37605795944440013,
0.63765086230038071,-0.57930192962359683,0.64287568665783923,-0.028130578092108314,-0.04047463032529891,-0.65785847145152687,0.75152691662753823,-0.22392571674601297,0.34774015451812013,0.90606646711562522,0.62004435169212635,-0.17912785328973699,0.031612709265100097,-0.24272596236697014,-0.084807472367535067,-0.32263560829554006,0.64318332383475418,-0.3383482205812624,-0.052175153054007099,5.6767090707022081e-18,0.31924175376542657,0.44640385993173148,-1.5124747284272537,-0.42792319086261421,0.31924175376542657,-0.44640385993173148,1.5124747284272537,-0.42792319086261421,
0.63553112922172139,-0.58190408319538611,0.64317309309044945,-0.026044954994111455,-0.050867191891371184,-0.66191365235173361,0.74739849206352404,-0.22812554865342932,0.35662708088705769,0.84978663416543965,0.64281216585496226,-0.17092345992573382,0.0071423030363625536,-0.23810431803559329,-0.090018015416802377,-0.30913156388682494,0.65221920135802258,-0.34455555029126028,-0.062701060981400172,-2.8881758759051302e-17,0.31743496126074744,0.47246410247044512,-1.4890499495772165,-0.48945766178679739,0.31743496126074744,-0.47246410247044512,1.4890499495772165,-0.48945766178679739,
0.63312705765713406,-0.58402004716451239,0.64381367122336708,-0.023022957871940808,-0.06558811242984057,-0.6684726517189381,0.74048123326831761,-0.22991442402381621,0.35658359506057269,0.77502190812095306,0.65841442145930296,-0.15559665730421565,-0.025792239749922858,-0.23219058792304459,-0.097672411082191476,-0.28696451713845023,0.66078639251583515,-0.34834324775093434,-0.076832683641627958,-6.0658270650474241e-17,0.32042641073784217,0.49491526923430429,-1.4689249463697951,-0.54342589343689041,0.32042641073784217,-0.49491526923430429,1.4689249463697951,-0.54342589343689041,
0.63305899013646982,-0.58398111916115258,0.64491698602902847,-0.019854941714468478,-0.082891601892702449,-0.67704732383893729,0.73098678846317733,-0.22545430509732278,0.33748571758105717,0.68815513885312196,0.65594971082706266,-0.13556374957848441,-0.061327285678736659,-0.22736462441949296,-0.1099859771881453,-0.25366371385883263,0.66643293367070033,-0.3445508105211133,-0.088701776803594881,-5.2073986833844114e-17,0.32736109635949551,0.51032114506968784,-1.451929144144416,-0.57867234009584956,0.32736109635949551,-0.51032114506968784,1.451929144144416,-0.57867234009584956,
0.63731109550972254,-0.58141060498823327,0.64678146360976863,-0.014968904760996811,-0.10041399643710462,-0.68713289776693598,0.71940346261065424,-0.21531245799827969,0.29608551783516579,0.57567421023651222,0.63432048558752041,-0.11728945042460565,-0.10568350012824788,-0.22442357436144511,-0.12778799501717866,-0.20760429399619285,0.66733028228652824,-0.33550813210469044,-0.093977661170790205,-3.5037469589697652e-17,0.33780030093753921,0.51802887590051383,-1.4364545073293911,-0.59276795575261376,0.33780030093753921,-0.51802887590051383,1.4364545073293911,-0.59276795575261376,
0.64546443004793785,-0.57792035939418418,0.64966599506126532,-0.0043523105642330837,-0.1124137025783616,-0.69812873273259013,0.70707884242039365,-0.1997826101297622,0.2376146964643886,0.4289927966689363,0.59813399556770785,-0.11871888573397167,-0.1674927547505711,-0.22188286327688228,-0.14823673119935782,-0.15068267173763461,0.66294075974267741,-0.33535183794823004,-0.088762189619687099,-1.1462978895577441e-17,0.35156101996130795,0.51837900706771811,-1.4224947059793878,-0.59007041884973443,0.35156101996130795,-0.51837900706771811,1.4224947059793878,-0.59007041884973443,
0.65500550700121363,-0.57596472551623135,0.65254548070551699,0.0017989783812230754,-0.12085576424575259,-0.71033983463482664,0.69340317799699058,-0.17782048491579699,0.17429994556645709,0.25617972197864863,0.55222421382350806,-0.13556472163872296,-0.22060557314994064,-0.21858072450347882,-0.16909194606657835,-0.089277185013941829,0.65411348453111628,-0.32810239684361964,-0.071471870011417513,9.572554666436591e-18,0.36705376064075035,0.5100811015838892,-1.4128480391484917,-0.57588789295266296,0.36705376064075035,-0.5100811015838892,1.4128480391484917,-0.57588789295266296,
0.66342751239905673,-0.5767434257201518,0.65473269686657432,0.0018879635493540411,-0.12376513251445539,-0.72472079811547585,0.677833602255143,-0.14964292879067093,0.11727158421016716,0.072038967537507839,0.50163663339145725,-0.16385661402511104,-0.2534528692786695,-0.21492937257767725,-0.18708477919781566,-0.029080584794884061,0.64258224949004261,-0.31675490308587129,-0.042006909925539154,9.4598049993363725e-18,0.38324394233816889,0.49323667897296486,-1.4102998234209787,-0.55662168522334743,0.38324394233816889,-0.49323667897296486,1.4102998234209787,-0.55662168522334743,
0.66798517841202809,-0.58031063893496659,0.65508403016003547,-0.0058248212388168812,-0.1184331820039321,-0.74155944094801296,0.66032510810874823,-0.11925129612502307,0.077127949099387069,-0.11232578378862322,0.45538936856696716,-0.19719461509051261,-0.25971733370248717,-0.21152037147659219,-0.19755507699764308,0.022912151319715742,0.63154270572147753,-0.30523703417113052,-0.00062264181468043602,-1.4856605283839849e-17,0.4009745387535959,0.47419980713074228,-1.4155261082022881,-0.5461319666333817,0.4009745387535959,-0.47419980713074228,1.4155261082022881,-0.5461319666333817,
0.66735754997132934,-0.58533196894050099,0.65408675511206649,-0.014919918787041669,-0.11082586616233915,-0.7580161454703529,0.64257804710324795,-0.086486274065888991,0.057072948785910675,-0.29190948765183966,0.42137940788212286,-0.23668484046035426,-0.2593376575224085,-0.2090470938630557,-0.19803439407453066,0.061735772753313455,0.62412607339719972,-0.29835463442101745,0.031990763243092385,-2.8813108131733706e-17,0.42087797661019855,0.45800645142048124,-1.4266048565511789,-0.54856298891539479,0.42087797661019855,-0.45800645142048124,1.4266048565511789,-0.54856298891539479,
0.66270251818505321,-0.59003454733244176,0.65397036565547717,-0.0098230991292558509,-0.099852975988610315,-0.77119790320085624,0.6286387547775889,-0.075093144723636859,0.051440350177723776,-0.45652702580250903,0.39938153519370567,-0.28900975612517604,-0.26099999990002049,-0.20773367743085328,-0.18847257735089185,0.08619179394612006,0.62128910679252447,-0.32083309897158674,0.040163727466641708,-4.4361008815472434e-17,0.44258024077072455,0.4483749309705749,-1.4399541943745759,-0.56354551048163304,0.44258024077072455,-0.4483749309705749,1.4399541943745759,-0.56354551048163304,
0.65707502877531754,-0.59338950975192006,0.65413261789836696,-0.0010686682987455093,-0.092619687550332855,-0.77968198991601034,0.61928704655172362,-0.069973768728187946,0.051085914650822677,-0.58141932302379651,0.37262212896434177,-0.32296781780667394,-0.25872307238110609,-0.20654719488959178,-0.17673260078728242,0.09829148103211581,0.62184100631236905,-0.34632642102514349,0.032706233098785224,-3.2062084288974692e-17,0.46392029123545103,0.44725108081978771,-1.4510642471577653,-0.58897996613900216,0.46392029123545103,-0.44725108081978771,1.4510642471577653,-0.58897996613900216,
0.65279980526102699,-0.59595502687932922,0.65391549947468475,0.0036614988550987895,-0.088593615195603451,-0.78342914534096308,0.6151231901034423,-0.071318795228839604,0.050466595755607808,-0.6464673717860856,0.37041657928942018,-0.34787432903917381,-0.25410869796076618,-0.20340082404764942,-0.16829121251956669,0.099769526714179477,0.62360819557627856,-0.3630320747891938,0.025779410528610075,-2.6598459620570748e-18,0.48202153588726115,0.45152426903753484,-1.457636963520436,-0.61749229437752762,0.48202153588726115,-0.45152426903753484,1.457636963520436,-0.61749229437752762,
0.65099805233615227,-0.59797509560574258,0.65349913720621844,0.00061992627597481226,-0.087378908063669394,-0.78189906340425575,0.61725067579109272,-0.080948650857349438,0.050773866540417559,-0.63946748457997626,0.39237509142962224,-0.35375911945441096,-0.25597331754563746,-0.1970592246451614,-0.16485655319366813,0.088203961922512286,0.62362107174920078,-0.3635460236365482,0.025868974208244862,2.4019904291989303e-17,0.49291303392887476,0.45378001290417391,-1.4607092811274498,-0.63303471551608059,0.49291303392887476,-0.45378001290417391,1.4607092811274498,-0.63303471551608059,
0.65119763802621866,-0.5985192913607349,0.65280307286527273,-0.0097720581470974108,-0.086809849376651732,-0.77460673740445052,0.62638084205889089,-0.10122248651168866,0.056974301566848885,-0.56646417920643155,0.43475017474363009,-0.33999924903578554,-0.26099999990002692,-0.18875840048041925,-0.16498099453069279,0.05967912189153278,0.61993657215450859,-0.34771499148793961,0.033527773233240493,2.2885392195165138e-17,0.4943896730395575,0.45274275180338641,-1.4629229797119108,-0.63196190386504636,0.4943896730395575,-0.45274275180338641,1.4629229797119108,-0.63196190386504636,
0.65154438160496531,-0.59593763441489411,0.65189818309807779,-0.023617042573764582,-0.086811511738487196,-0.76090807716525088,0.64259232397720722,-0.132788285425365,0.07422396534079076,-0.44596760336604435,0.49056793917764346,-0.31243469517645961,-0.26099999918479572,-0.18182723184210389,-0.1650341779129153,0.011080255467494762,0.61254188426282485,-0.31857706443272338,0.039127372919494106,1.1999786217536278e-17,0.48575295738883961,0.44849385422357757,-1.4670269642860252,-0.61313215917391406,0.48575295738883961,-0.44849385422357757,1.4670269642860252,-0.61313215917391406,
0.64997454751664385,-0.58989771895002141,0.65186935440859484,-0.031187166816303145,-0.089375253412529582,-0.74103674219640903,0.66475858130478549,-0.17184577028676057,0.10626432556686004,-0.30334589429067876,0.54192869158817714,-0.27967870090899466,-0.2597306973128381,-0.17880237752708966,-0.16015120699104834,-0.056534899268622221,0.60280732329466147,-0.29029820478816271,0.022797649906889782,-8.321634946653314e-19,0.46785800625619672,0.44140221212705044,-1.4744782591865779,-0.5773343169202747,0.46785800625619672,-0.44140221212705044,1.4744782591865779,-0.5773343169202747,
0.6458854344820939,-0.58205840008451792,0.6527660761880445,-0.026953306491543469,-0.091504666331300749,-0.71681026601135034,0.6907122829728074,-0.22961713641928544,0.15390585215793659,-0.15138730995548899,0.58554929270654499,-0.23717510849224904,-0.26066981021266267,-0.17937140774932947,-0.14776820584693856,-0.13744995158119361,0.59202153988672912,-0.28067307061823682,-0.016836054628689801,1.1624749157226907e-17,0.44313179045204326,0.43543445594550806,-1.4842213558365029,-0.53507503509994292,0.44313179045204326,-0.43543445594550806,1.4842213558365029,-0.53507503509994292,
0.63991897117601559,-0.57555879532162413,0.65244101223965723,-0.023672757090024418,-0.092457938638127554,-0.69225865390014563,0.71531048241648432,-0.27753749011053941,0.21397410365159722,0.0037169545788884335,0.61383077777440076,-0.18225688029010828,-0.24799818959385911,-0.1818954759288704,-0.12910401112117309,-0.21981036689663341,0.58177426403198451,-0.27470971161138241,-0.060415250974835591,1.8560245730797315e-17,0.41577173643927084,0.43265082255575027,-1.4944873841672763,-0.49493431577989222,0.41577173643927084,-0.43265082255575027,1.4944873841672763,-0.49493431577989222,
0.63309486289893258,-0.57281858735689484,0.65060876632333187,-0.02653097744497155,-0.087311262681772153,-0.67165935537352617,0.73521871642658032,-0.31358345993528658,0.27828302530276738,0.15558100898834387,0.64540970259195718,-0.14579702033114852,-0.20922881590345552,-0.18482031411956612,-0.10602726937995165,-0.29189665136233961,0.57321087422268135,-0.26989637682494089,-0.089161695397587074,2.8201685255851134e-17,0.39025352185695661,0.43215161994301143,-1.5040844392424524,-0.45974708066660708,0.39025352185695661,-0.43215161994301143,1.5040844392424524,-0.45974708066660708,
0.62655539699441698,-0.57433992342585427,0.64904584668531617,-0.026320998152528512,-0.069998464111634517,-0.65696153987710171,0.75020594185901668,-0.33233414776738046,0.33645944158822377,0.30454760699986622,0.67111782952770616,-0.14885745043984266,-0.16568462386289856,-0.18738942310602266,-0.080486123095534337,-0.34711416357462221,0.56705281646486139,-0.28629525725376653,-0.095500323626805397,4.1895121900151786e-17,0.36952084023213211,0.43148314634693885,-1.5127111013201568,-0.42763076156204688,0.36952084023213211,-0.43148314634693885,1.5127111013201568,-0.42763076156204688,
0.62193399367421631,-0.57775120299060112,0.64748503287546666,-0.028447287432157357,-0.051647718353495832,-0.64824672902153435,0.75914388842926961,-0.32792618429701098,0.37527625340884346,0.4599817138052692,0.67814760114480432,-0.16027291866410562,-0.11447036841176556,-0.1910652192430034,-0.059741135839902454,-0.38153792765611172,0.56397590964885758,-0.2997691855427963,-0.088312656334172013,1.6124801409564681e-17,0.35552035360835704,0.4284724056840411,-1.519769544820426,-0.39776719736547039,0.35552035360835704,-0.4284724056840411,1.519769544820426,-0.39776719736547039,
0.62030918981165772,-0.58007176852380871,0.64636238626508025,-0.029468861058057409,-0.038206564497528364,-0.64423096851460149,0.76330747661998932,-0.30010404305535243,0.38450632831079729,0.62492284409310062,0.6562635432449353,-0.16424352167456321,-0.059859722352256207,-0.19774692841491362,-0.048825029983724844,-0.39605500311690478,0.56457452141437026,-0.30838251214762918,-0.078594744652655923,-1.7816540071468921e-17,0.34768708133878473,0.42297291863102771,-1.5234976149852177,-0.37279470485922889,0.34768708133878473,-0.42297291863102771,1.5234976149852177,-0.37279470485922889,
0.6218344570372214,-0.58005900644250752,0.64601528004814823,-0.027725837490134676,-0.032209291392128803,-0.64432833464011385,0.76356717888040782,-0.25735026785584658,0.36764980602744962,0.78460377925940161,0.61361534084769964,-0.15970309267385169,-0.012230047247421992,-0.20620973075312177,-0.04878418469677296,-0.39271647628572015,0.56859853877247957,-0.31357790147317244,-0.071711654155848042,-3.5338321875841092e-18,0.34565608475586546,0.41948547847372702,-1.5187372143595526,-0.36460367217005418,0.34565608475586546,-0.41948547847372702,1.5187372143595526,-0.36460367217005418,
0.6251111101645821,-0.57891393847179751,0.64620699125264769,-0.026066196401989691,-0.033173801797590413,-0.64840691439811393,0.76012401990737288,-0.21308613912871971,0.34181979187463923,0.91371472111904495,0.5732921816503449,-0.15463642908559125,0.021377097832133041,-0.2123860206315451,-0.05554078188292625,-0.37443009870306898,0.57475917905365859,-0.31406793134177896,-0.067138223788149584,-6.993349307140544e-19,0.35012941914170248,0.42126183314892351,-1.502418776895462,-0.37955158366555997,0.35012941914170248,-0.42126183314892351,1.502418776895462,-0.37955158366555997,
0.62788845118474501,-0.57816539422158153,0.64676687705734226,-0.025095144963878581,-0.04116579549846093,-0.65612169844511914,0.75311348932927313,-0.17718026203315082,0.32212839814724165,0.98801997104514716,0.55187329809118535,-0.1479012478200839,0.036693952300501632,-0.21335128180490362,-0.064213164555336238,-0.34436147915844073,0.58198316507292824,-0.31185998371369961,-0.068127379414959624,-2.1211115443250484e-17,0.36217445222259348,0.42736217891312034,-1.4776046948393162,-0.41299024917393601,0.36217445222259348,-0.42736217891312034,1.4776046948393162,-0.41299024917393601,
0.62805050098980686,-0.57868366896062551,0.6475559252575126,-0.023875147056067598,-0.055830688633824059,-0.66575233095328645,0.74369802029452114,-0.1570172625490317,0.31375840616901718,0.98252011210567236,0.55274866176701665,-0.13335432117453061,0.030069389311636024,-0.20875001821942263,-0.072601089603782365,-0.30952792890132841,0.59003921888426059,-0.3097412638820316,-0.078125911353921537,-2.1028714371879377e-17,0.38068622261588325,0.43616667809012577,-1.4535043424050906,-0.45737679488556371,0.38068622261588325,-0.43616667809012577,1.4535043424050906,-0.45737679488556371,
0.62589869323440506,-0.57992882582205008,0.64841196504771648,-0.021480993280970136,-0.07575038568942602,-0.67574370049087751,0.73291943434627338,-0.15165668466770307,0.31011275351777312,0.89936913818934605,0.56650176597223145,-0.11037418676526622,-0.0012663222656804243,-0.20086064464710363,-0.082082644331507332,-0.27453956340412972,0.59870886421851577,-0.30780123758358563,-0.096110859049453018,-2.4089892976347749e-17,0.40359638057498531,0.44408497616012954,-1.4386894946389428,-0.50163760500352905,0.40359638057498531,-0.44408497616012954,1.4386894946389428,-0.50163760500352905,
0.62395634227473029,-0.580411868686597,0.64926795043082919,-0.01735061003171591,-0.097838597880986283,-0.68466760679674432,0.72205043681132752,-0.15429256906745997,0.29605648440626747,0.75877151778755003,0.57474247344015195,-0.085295575083715658,-0.056292104611388123,-0.19344013120918671,-0.095619086923049448,-0.24106299798302649,0.60681211903362953,-0.30462908369557701,-0.11602591477280498,-3.0854333354220713e-17,0.42888331482587017,0.44727951455564796,-1.4383184146929728,-0.53484355753558999,0.42888331482587017,-0.44727951455564796,1.4383184146929728,-0.53484355753558999,
0.62531125853275804,-0.57914642445712683,0.65091566592584138,-0.0046885225278090114,-0.11116072438039963,-0.69208238209595363,0.71319232154035539,-0.15801307888127278,0.26218264392466517,0.58280004282045794,0.56622808290997284,-0.083758026688942042,-0.13885677853286563,-0.18889407563983021,-0.11274979477470062,-0.20789245794147185,0.61214381650180605,-0.31840697004052559,-0.12539479745417698,-9.3141306633216882e-18,0.45520280173537919,0.44770987946598928,-1.4489007296081862,-0.55968531132792876,0.45520280173537919,-0.44770987946598928,1.4489007296081862,-0.55968531132792876,
0.63115610520169152,-0.57685105334475939,0.65287675288376101,0.0028026988153341858,-0.11992248715580452,-0.69950161758754981,0.70449146832741549,-0.15892513498922692,0.21384359688727253,0.38516018983671207,0.54410648404858142,-0.10278434252372984,-0.20812348338693018,-0.18629096538339873,-0.13256566341636994,-0.17234662838590922,0.61229038579048545,-0.32023969734116314,-0.11953760993847518,2.5517213248125754e-17,0.48249952316825007,0.44771871260687401,-1.4622319913687754,-0.58165136446570664,0.48249952316825007,-0.44771871260687401,1.4622319913687754,-0.58165136446570664,
0.63979286820783443,-0.57546528358019111,0.65498204775115965,0.002189787135252497,-0.12108317903816927,-0.70934920202295837,0.69437581911793644,-0.15276939577502391,0.16446885227844024,0.18516018983671209,0.51735204234509458,-0.14117205380428638,-0.24985801942578184,-0.18251760620596327,-0.14951973096966506,-0.13400788568261421,0.6057041394226601,-0.31114420697083311,-0.094354105047388698,2.7635822787437363e-17,0.51109789665790029,0.44848427261650975,-1.470783894317617,-0.60430395080591737,0.51109789665790029,-0.44848427261650975,1.470783894317617,-0.60430395080591737,
0.64800349984556493,-0.57636800420935874,0.65621701007014432,-0.0062919023118777982,-0.11433086791666357,-0.72228625468356999,0.68204943435347942,-0.1383185890979477,0.12073488972408668,-0.01483981016328792,0.4909355330554242,-0.1895954837219396,-0.26099999999999995,-0.17603865534722279,-0.16015194343216466,-0.095989570613777497,0.59431901192652292,-0.29681313915750684,-0.053340484930242543,1.4625445776533056e-17,0.54064141982343683,0.45161381869746176,-1.4727193981592765,-0.63192311663235745,0.54064141982343683,-0.45161381869746176,1.4727193981592765,-0.63192311663235745,
0.65331493365418225,-0.57953628993820649,0.65570672840303235,-0.018937895192736066,-0.10263507293925199,-0.73669982414050195,0.66811733029444531,-0.1197226456995395,0.094233312908181294,-0.20077894900044685,0.46911033284372716,-0.2325459512985984,-0.25527027822617887,-0.16835568696441511,-0.16459209025094995,-0.062449787587662849,0.58266027154230571,-0.28396996637755184,-0.0069205948380914924,-1.5520280510747401e-18,0.56899133334101115,0.45845073504168599,-1.4691034056111314,-0.66719225574340935,0.56899133334101115,-0.45845073504168599,1.4691034056111314,-0.66719225574340935,
0.65524027598228851,-0.5837566687484006,0.65523630125286902,-0.025242102134159866,-0.097140770966170853,-0.74902742173247183,0.65489268463524053,-0.10320891060948577,0.076638488338059405,-0.33693960827582214,0.45538474836497028,-0.26300443367997428,-0.25277326821351459,-0.16252778629255968,-0.16462582072311496,-0.034755164195276231,0.57484213079770097,-0.2786778300235524,0.015915690466509699,-9.0347891624107123e-18,0.59405866425171505,0.4658867356588175,-1.462610747238319,-0.70240999303637175,0.59405866425171505,-0.4658867356588175,1.462610747238319,-0.70240999303637175,
0.65487541623672696,-0.58765591219442292,0.65509723375923068,-0.02778706459401515,-0.09542699959053956,-0.75864608722737881,0.64387706988600202,-0.093712870457467914,0.067424909185318363,-0.41302935912888222,0.45201695398622577,-0.28379052121969056,-0.25277138240170988,-0.16028396711842322,-0.16252608513577002,-0.013170903667458836,0.57184764307758096,-0.27746732116210049,0.024087806326336225,-1.5240006890321569e-17,0.61487068118077537,0.47222726151897476,-1.4551471677963828,-0.73210929152389626,0.61487068118077537,-0.47222726151897476,1.4551471677963828,-0.73210929152389626,
0.65402426723323803,-0.59024240443414799,0.65519520735165937,-0.027991208718482184,-0.095884488103278889,-0.76379117711265154,0.63768777229967388,-0.095634864144135176,0.065028706489026075,-0.42288439989300713,0.46201176949434009,-0.29426996306588726,-0.25439645110136255,-0.16103396259106154,-0.16041768977614204,-0.00054282814539382174,0.57217483798503133,-0.27772403075760377,0.023829128907447279,-2.8503724173565868e-18,0.62991098262486689,0.47675793925473353,-1.4476067012124147,-0.7523092677751857,0.62991098262486689,-0.47675793925473353,1.4476067012124147,-0.7523092677751857,
0.65374312074390395,-0.59156050210673083,0.65553181549213546,-0.02641321024917,-0.097678059630623829,-0.76288968585255712,0.63856140363391556,-0.11054152875994513,0.06997314260520264,-0.3732494548037239,0.48706521375323264,-0.29589992756932704,-0.25760589092797237,-0.16194361059341919,-0.15868206971923643,-0.0017487723485505708,0.57288698689728301,-0.27819817576288913,0.017116916642889866,7.5379523983969036e-18,0.63753633951695132,0.47853422422237568,-1.4401064880455219,-0.75916173652488672,0.63753633951695132,-0.47853422422237568,1.4401064880455219,-0.75916173652488672,
0.65385089668809449,-0.59198168938879669,0.65584322552202934,-0.024702257516530032,-0.098647848497307483,-0.75532772734847353,0.64740900886458896,-0.1371882764968255,0.084441280057775223,-0.2835267730626988,0.52513786708834065,-0.29005187674407451,-0.25747029976714786,-0.15976468804083502,-0.15633852059971712,-0.022657406372471284,0.57091028700543056,-0.27792392129585441,0.0074990427369667923,-1.963583346322732e-18,0.63656462446261364,0.47684185354470543,-1.4329501136612681,-0.74899124768000358,0.63656462446261364,-0.47684185354470543,1.4329501136612681,-0.74899124768000358,
0.65340928490117656,-0.59140273530996834,0.65654382820144097,-0.020884570389591774,-0.10106680327556988,-0.74113293129685698,0.66337871095071166,-0.17166028507716585,0.1086532683557405,-0.17825717519335116,0.56911043055570154,-0.27868371317465729,-0.25898143751407388,-0.15381840541463937,-0.15169297536813403,-0.064184913439382069,0.56488825751642935,-0.27754657620805845,-0.012619727006123536,-1.6489439511536989e-17,0.62775494990234504,0.47185325797022215,-1.4269317399069701,-0.72112444332005765,0.62775494990234504,-0.47185325797022215,1.4269317399069701,-0.72112444332005765,
0.65140886332772086,-0.5891483624471221,0.6572606305975589,-0.015076833422109654,-0.10474413870261903,-0.72179807937594753,0.68396555988631613,-0.20929163606404286,0.14088805747980296,-0.069791439140197475,0.61017436776111555,-0.25749898996150711,-0.25997197931861266,-0.146278596443881,-0.14368795081317565,-0.12193437045526151,0.55497960748703923,-0.27718360054522528,-0.04296097660553664,-2.2362822692176708e-17,0.6126830525410889,0.46436019495492198,-1.422899375203186,-0.67803022380037237,0.6126830525410889,-0.46436019495492198,1.422899375203186,-0.67803022380037237,
0.64730231967701479,-0.58533800848487827,0.65695023769241268,-0.014137992467010347,-0.10299843772499767,-0.70164235359686411,0.70490385630542962,-0.24367994167063617,0.1774459508266196,0.033795411604771015,0.64113957908706054,-0.23009861863499223,-0.24170326939675946,-0.14005378105373961,-0.13157652894344407,-0.18570679402735199,0.54261025641496841,-0.27305154435140178,-0.064103284105308814,-3.1175620233297972e-17,0.59414779841218024,0.45574647267257062,-1.4212824513835827,-0.62618554823623018,0.59414779841218024,-0.45574647267257062,1.4212824513835827,-0.62618554823623018,
0.64141018110684977,-0.58117843283254045,0.65603735540121155,-0.016681508326353661,-0.098317280653607134,-0.68313101443851632,0.72345522094808434,-0.27025840626432812,0.21520384535989606,0.13055010822101379,0.66087608756451766,-0.20370162109342302,-0.21239559142170839,-0.13652497301524155,-0.11559483636652186,-0.24604369471254389,0.52971276319623339,-0.2659327506950071,-0.08001323547869077,-1.7315493637342917e-17,0.57467040332745978,0.44719965119345018,-1.4214970103850477,-0.57224334623392603,0.57467040332745978,-0.44719965119345018,1.4214970103850477,-0.57224334623392603,
0.63463953343797508,-0.57849298959848661,0.65468949629475892,-0.022326226683851619,-0.091643702547104258,-0.66862224375978996,0.73759559823465803,-0.28436764732661324,0.25118915213300025,0.22631201957651559,0.67083444482614374,-0.18414124650295982,-0.17539694879960463,-0.13565841333339482,-0.097582791175314473,-0.29474994317091996,0.51899539731519584,-0.25735835746985519,-0.0896130504800699,-5.5485150002687132e-18,0.55687181983734813,0.43976946487541363,-1.4222234346175764,-0.52330608667659828,0.55687181983734813,-0.43976946487541363,1.4222234346175764,-0.52330608667659828,
0.62842490412185925,-0.57814390605143851,0.65326975720819314,-0.02861106219926695,-0.085252191146668252,-0.65884518259675728,0.74688452681359474,-0.28335009701253289,0.2823439400180372,0.33129027616457729,0.67283198723231974,-0.17167474897289142,-0.13502057768332879,-0.13637746320498717,-0.080667305539764617,-0.32811686959434783,0.51197213108484785,-0.25014958069571352,-0.095417297256137179,-1.9334121093961091e-18,0.54282702081630818,0.43399719202361642,-1.4222461105629138,-0.4839500684461201,0.54282702081630818,-0.43399719202361642,1.4222461105629138,-0.4839500684461201,
0.62452639457508496,-0.57945546440873785,0.65250913833659618,-0.02973189656411087,-0.077680101803291796,-0.6538612751092957,0.7520287554495354,-0.26698750049578512,0.30386656252599809,0.44976132099059496,0.66690806766730293,-0.17076636192384378,-0.10027411876110842,-0.13796872310978159,-0.068019372608914774,-0.34557344209233598,0.50893644083420153,-0.2551403222964444,-0.0965284117100665,1.7194170923652583e-18,0.53391571252409742,0.4299846201641937,-1.4209163069794732,-0.45525381476684523,0.53391571252409742,-0.4299846201641937,1.4209163069794732,-0.45525381476684523,
0.62418305137365193,-0.5806091179357652,0.6521430139645964,-0.030125345574289211,-0.072164840685151277,-0.65377978479280807,0.75263317248124673,-0.23769810637534269,0.31065853382544445,0.57171112727056728,0.65014412736766336,-0.17105300036657961,-0.066152786501529948,-0.14076231563498112,-0.062777073531036523,-0.34729174397207957,0.50973490312936498,-0.2596739403466935,-0.092497725724362462,8.4577581238223104e-20,0.5316753862402086,0.42775815714257071,-1.4178582674707241,-0.43665229933713623,0.5316753862402086,-0.42775815714257071,1.4178582674707241,-0.43665229933713623,
0.62699906993346977,-0.5804459544342796,0.65204117826532437,-0.030915679098457445,-0.069987176855942732,-0.65827858607485257,0.74887603712290662,-0.19967397071136966,0.30187418052707055,0.68273311859027785,0.62156173475805532,-0.16852932125194003,-0.035552499586723255,-0.14518438804088052,-0.064465833192655086,-0.33476555872322533,0.51383026607494753,-0.25991368218554617,-0.085701002538787832,1.0728401261892354e-17,0.53609808425458949,0.42717803692905365,-1.4125218172903815,-0.42716680172964883,0.53609808425458949,-0.42717803692905365,1.4125218172903815,-0.42716680172964883,
0.63148068973898752,-0.57918803612263392,0.65212228403429295,-0.031921862813236654,-0.070773934656577164,-0.66628982540853865,0.74164001604876917,-0.16030178621569771,0.28126207517577151,0.76601085806740143,0.58598101015539739,-0.16341708574248653,-0.013827459893348141,-0.15058506352976098,-0.070214556353323132,-0.31168709922097954,0.51961519735227124,-0.25668569172542244,-0.078506365685723042,4.2759756268704593e-17,0.54344624945448416,0.42748478430768827,-1.4022606544730267,-0.42765579041153573,0.54344624945448416,-0.42748478430768827,1.4022606544730267,-0.42765579041153573,
0.63582388335289064,-0.57792498073108334,0.65238460831766609,-0.032224007676350711,-0.073321380611544112,-0.67591229028578581,0.73261733825723441,-0.12678086975454744,0.25561666419609896,0.81418419807977382,0.55055997733681472,-0.15651709312316264,-0.0032837276418004333,-0.15571583670010955,-0.076773801245625356,-0.28378448220784441,0.52492448944705616,-0.25282419724023297,-0.072959602180706531,5.3461371359276744e-17,0.54803133969807338,0.42891257939676963,-1.3849303448760517,-0.44084775807891058,0.54803133969807338,-0.42891257939676963,1.3849303448760517,-0.44084775807891058,
0.63878722690878909,-0.57735390253947227,0.65289734283111256,-0.030999780444534102,-0.076575815499067834,-0.68524693381688362,0.72361025268275658,-0.10214028219948793,0.23060539791436421,0.83073565965659923,0.51870247927239621,-0.1471353675605937,-0.0029316183705530813,-0.15954490421310885,-0.082274074358837185,-0.25657230990781865,0.52777901669138794,-0.25015231259924992,-0.070390323994106885,3.220227629047463e-17,0.54628794018673066,0.43464658759414088,-1.3621793211347943,-0.47051585461919621,0.54628794018673066,-0.43464658759414088,1.3621793211347943,-0.47051585461919621,
0.6401762682808485,-0.57737778194498601,0.65365420859291679,-0.028398942116917038,-0.079236597411476289,-0.69219350952664804,0.71678672357017992,-0.086939371361403825,0.21019810985378914,0.82472586218574562,0.49167250247132871,-0.13604425219816016,-0.0093470868682665534,-0.16119866225112814,-0.085968257706304729,-0.2363390860413859,0.52609425192959991,-0.24827734946726532,-0.070280208378332903,1.3925890080670746e-17,0.53641345705300147,0.44451071656506647,-1.3409607481847572,-0.50675070370739828,0.53641345705300147,-0.44451071656506647,1.3409607481847572,-0.50675070370739828,
0.64087233358111195,-0.5774704690265704,0.65456837755960029,-0.025407472684954153,-0.080413344082097216,-0.69578916672995683,0.71327805930543642,-0.079436099847488659,0.19376715684874166,0.80086818120794567,0.46794935604709298,-0.12520507601164524,-0.018874378323407479,-0.16024092180023325,-0.088322397200012309,-0.22629381828951037,0.51885727758204492,-0.24539355530234394,-0.070464928465652873,-2.5292117739757473e-17,0.51977531423256296,0.45781045099236095,-1.3273243463485553,-0.54080792692292479,0.51977531423256296,-0.45781045099236095,1.3273243463485553,-0.54080792692292479,
0.64175676965105177,-0.57731765325266693,0.65550323912428043,-0.023196307594864799,-0.079526299536750916,-0.69604354986845418,0.71320465203367545,-0.076520804541183152,0.17968827647064925,0.76150624258795108,0.44479054386666506,-0.11599723270772379,-0.029064441082369601,-0.15649250452073532,-0.089497757563262809,-0.22689126777718832,0.5061434533801088,-0.24011148205499991,-0.068775650016524775,-3.2281111000596566e-17,0.49986701799026007,0.47351528130667803,-1.3238191929832117,-0.56691331394923816,0.49986701799026007,-0.47351528130667803,1.3238191929832117,-0.56691331394923816,
0.64301046135071382,-0.57700862702291067,0.65634923260032374,-0.022330242122746622,-0.076709798047721406,-0.69376525685250534,0.71575605869220182,-0.075117268489413386,0.1675166437920724,0.71120178546128243,0.42073301045661288,-0.10843116556826976,-0.038672419791923734,-0.15003655259479418,-0.089111586915671323,-0.23575941049939564,0.48902178532728369,-0.23233504728113208,-0.064715109027039516,-1.3843172466287329e-17,0.47978108704948519,0.48975981038786565,-1.3273064874427032,-0.58410620673970315,0.47978108704948519,-0.48975981038786565,1.3273064874427032,-0.58410620673970315,
0.64434220504737549,-0.57672474050982758,0.65706373398671691,-0.022546440440488875,-0.07263830891220191,-0.69005627585108797,0.71974833814352512,-0.073846429005452935,0.15750506446532125,0.65515783044317821,0.39642901854286927,-0.10202566614102368,-0.047394226376183658,-0.14157112334092217,-0.086978716001696085,-0.24915991417890965,0.46910849147388045,-0.22296333441799449,-0.059207323503899831,1.2551708381032155e-17,0.46045457057920902,0.503367502226157,-1.331512733096754,-0.592954828873415,0.46045457057920902,-0.503367502226157,1.331512733096754,-0.592954828873415,
0.64547683087143848,-0.57652615520915917,0.65764073982397364,-0.023080804115931768,-0.068322619401362805,-0.68640187366787364,0.72363786798697216,-0.071705439860884887,0.14932764011318705,0.60110036948112155,0.3729377024103141,-0.096244763159988075,-0.055115582722291862,-0.13301359784599195,-0.083796719237844847,-0.2620324030429847,0.44935798893884726,-0.21371173451394174,-0.053648952490082648,1.4775617598361251e-17,0.44316440044502214,0.51436306041096236,-1.3298419026691346,-0.59896088980175888,0.44316440044502214,-0.51436306041096236,1.3298419026691346,-0.59896088980175888,
0.64637504388605516,-0.57638013530452203,0.6580782307866907,-0.023303667126126321,-0.06430605075499396,-0.68397169210714981,0.7262949781809408,-0.068440495521464556,0.14248951890910483,0.55430823815654018,0.35109076512510734,-0.091160066662897166,-0.061963428216464063,-0.12652155755758165,-0.080487533277401033,-0.27074460012163787,0.43265561328869973,-0.20621090158926217,-0.048816621327276329,1.6960262047458283e-17,0.42855765389633005,0.52190488997617235,-1.3201331854119749,-0.59862799412224099,0.42855765389633005,-0.52190488997617235,1.3201331854119749,-0.59862799412224099,
0.64715158912126569,-0.57621568312113347,0.65836927296901848,-0.022773240872500277,-0.060606270318928561,-0.68352605066605121,0.72704910257771649,-0.064249140151827533,0.13637151757234087,0.51900015367435182,0.33104598934234442,-0.087049578911097644,-0.067675959322681167,-0.12409952892091419,-0.077890899239920527,-0.27339830986637187,0.42133405998287027,-0.20181279471562677,-0.044826459009017917,1.7810511943941944e-18,0.41685557665287332,0.52437242103690274,-1.3020686714174039,-0.58544464838602828,0.41685557665287332,-0.52437242103690274,1.3020686714174039,-0.58544464838602828,
0.64798594557836098,-0.57596117347708353,0.65852018226629794,-0.021360042771197723,-0.056843856040882115,-0.6850605216634561,0.72595082909341013,-0.059544339895016535,0.13036477480658992,0.49720126973993095,0.31219983554779468,-0.08404237782046188,-0.071631983816708655,-0.12640523723723579,-0.076378811996598059,-0.27067061372126683,0.41571098319946431,-0.20080987058124691,-0.041198023103903018,-3.9147049295988214e-18,0.4077735790992712,0.52201328028903604,-1.2761953184209454,-0.56003515131045312,0.4077735790992712,-0.52201328028903604,1.2761953184209454,-0.56003515131045312,
0.64900377320016434,-0.57556902180248692,0.65853503660177692,-0.019184473171538978,-0.052788666183530425,-0.68792637508201637,0.72360390765819604,-0.054749422577807877,0.12411661967603531,0.48856136326642197,0.2941254274356318,-0.082007748942200628,-0.073449088296593856,-0.13293585404179309,-0.076183936279205722,-0.26492563296034782,0.41509978970895661,-0.20283583667862118,-0.037407033180802428,-4.8277870628096908e-18,0.40076829476126669,0.51685480751209922,-1.2434846864600499,-0.52861763384541827,0.40076829476126669,-0.51685480751209922,1.2434846864600499,-0.52861763384541827,
0.65027295131137919,-0.57501038137537785,0.65839238216387119,-0.016489773234313939,-0.04900968278319974,-0.69118569433366106,0.72082485689705922,-0.050226251085594524,0.11713814351504498,0.4903068420839003,0.27736939334541783,-0.080440565130561636,-0.073250319041374343,-0.14331484260109661,-0.078312793514156057,-0.25821402811799848,0.42031281704875734,-0.20775868001457204,-0.033410277039887186,6.7568945715293819e-18,0.39552972420263616,0.51269324311975839,-1.2055068369881916,-0.50192740065246266,0.39552972420263616,-0.51269324311975839,1.2055068369881916,-0.50192740065246266,
0.65175988194170065,-0.57429868771187753,0.65806057716398181,-0.013460433943860789,-0.046622608187702669,-0.69412841671310144,0.71821368006686004,-0.045969516561303103,0.10886921669654846,0.4984355662072304,0.26283139913869308,-0.078565491361268627,-0.071809620031244539,-0.15780254331075083,-0.084115091795175706,-0.25025086905118699,0.43354602668627773,-0.21587064142770898,-0.029634446253463509,1.5856722709805476e-17,0.39239140895498109,0.51306336011422105,-1.1631507768605338,-0.4900227490889868,0.39239140895498109,-0.51306336011422105,1.1631507768605338,-0.4900227490889868,
0.65329506742563792,-0.57352430628336482,0.65757357136052808,-0.010438593236915514,-0.04679850126186038,-0.69600057164643137,0.71643851119179691,-0.04181194803029787,0.099308381035709173,0.5073570375829215,0.25160488862306163,-0.075580177781120431,-0.070206314937585904,-0.1749421040988787,-0.094097222512845233,-0.23923767068066376,0.45464813160760154,-0.22639521482312849,-0.026416257510333059,2.1374568225371447e-17,0.3920597273482721,0.52103277777895163,-1.1169348204251717,-0.50206536340333363,0.3920597273482721,-0.52103277777895163,1.1169348204251717,-0.50206536340333363,
0.6546711315338174,-0.57283273146751745,0.65706494614614452,-0.007918613562854504,-0.049634414302514918,-0.69610761436765334,0.71617589298681583,-0.03785957597802686,0.089583244001394932,0.51208746502287272,0.24433645204168034,-0.071399993152648417,-0.069192298068825847,-0.19067350698687419,-0.10681744467057087,-0.22465491556172479,0.47855713162705699,-0.23687034661959241,-0.023316888567725215,1.5640682370515028e-17,0.39466635967144514,0.5370346827051431,-1.0680954324759222,-0.53984296215151273,0.39466635967144514,-0.5370346827051431,1.0680954324759222,-0.53984296215151273,
0.65572553342900342,-0.57231576532991246,0.65676186216997645,-0.0062922280826774799,-0.053832557374675252,-0.69392119317108314,0.71800824598348312,-0.035111630010097129,0.081745497281770121,0.51132749789659071,0.24147073860364721,-0.067072446742288086,-0.068729823417426186,-0.19998102864222611,-0.11935461950824021,-0.20947547035291378,0.49703562698151288,-0.24404593412354211,-0.019443998559684473,8.3291682771315435e-18,0.39931032925020171,0.55870561465446378,-1.0188420392079061,-0.5981880678308884,0.39931032925020171,-0.55870561465446378,1.0188420392079061,-0.5981880678308884,
0.65632041932904317,-0.57192402547105059,0.65694767482427552,-0.0057717136048917005,-0.056465156251434986,-0.68934626695670853,0.72220502468787517,-0.035567683680561082,0.078607333864618698,0.50829568429857908,0.24265504945309713,-0.064686998986138153,-0.067857257459291304,-0.1984418369611613,-0.12687231645359784,-0.20076051818874635,0.49968050674099118,-0.24414501714253856,-0.01442469694726491,-2.1985742034349781e-18,0.40263580314799535,0.58361012128261069,-0.97436699375834546,-0.66848250812266485,0.40263580314799535,-0.58361012128261069,0.97436699375834546,-0.66848250812266485,
0.65647675879068501,-0.5714419176598412,0.65769303106919641,-0.0064326256263983854,-0.054996229412764865,-0.68314218143665018,0.72818321596965141,-0.040390692440865815,0.081698190330013298,0.50911818310444401,0.24640067848798552,-0.065698247197575541,-0.065085809814176651,-0.18525337986684592,-0.1252566187229002,-0.20444085335456408,0.4804923685680878,-0.23495970861968357,-0.009081900606375759,-1.0266873296321308e-17,0.40136786127237861,0.6118010689374993,-0.94014880202358042,-0.74439500572931205,0.40136786127237861,-0.6118010689374993,0.94014880202358042,-0.74439500572931205,
0.65645520525953838,-0.57053950486715455,0.65871386983822133,-0.0079943385714022139,-0.048520612587407697,-0.67702923710824525,0.73431141405099776,-0.049047647194722377,0.089858694846392709,0.52053837783199852,0.24986506996836125,-0.069967632818383405,-0.059142091643942359,-0.16417388955302242,-0.11317232813765284,-0.22131792290803803,0.44070677629989558,-0.21703605185439323,-0.0046855170572382169,-1.7947043731219459e-17,0.39585029033819463,0.64115899574619939,-0.91905778744624889,-0.8165580630093261,0.39585029033819463,-0.64115899574619939,0.91905778744624889,-0.8165580630093261,
0.65662634035508793,-0.56903426706943927,0.65955975750612039,-0.0097773020615625744,-0.038846503996830317,-0.67266063912109908,0.73886603526540318,-0.059207250341559568,0.099140260240643929,0.54459167126689845,0.25029300495122569,-0.075412526420730999,-0.050206093128114464,-0.141736423982776,-0.094168232390234752,-0.24421774461960011,0.38993840686761105,-0.19419969694953304,-0.0016722753534013065,-1.7084062588326864e-17,0.39035946372071934,0.66525769496084874,-0.90847585615224213,-0.87337298537455865,0.39035946372071934,-0.66525769496084874,0.90847585615224213,-0.87337298537455865,
0.65719313610990149,-0.56704843608801458,0.66004781569133153,-0.011179458340900733,-0.029084709750798889,-0.67037781145787401,0.74136542222770752,-0.068317496802290018,0.10557687212830884,0.57697443324640818,0.24650821154687053,-0.079308542781290348,-0.03965178439188477,-0.12244901006083121,-0.074180292289492758,-0.26400528003104418,0.33931020892047575,-0.17075178182570616,0.00025214017263796911,-1.2998785707771022e-17,0.38877612283061119,0.6769093807790002,-0.90412131900401516,-0.90550839703494768,0.38877612283061119,-0.6769093807790002,0.90412131900401516,-0.90550839703494768,
0.65804355398180803,-0.565028019032627,0.66029094589359272,-0.012045165354394954,-0.022302700740657367,-0.66886706116166517,0.74294976817024116,-0.074662298233220598,0.10723134548519386,0.60734367722637206,0.23975165858157893,-0.079602434606931366,-0.029466618730086366,-0.10798775148459812,-0.059229087071906474,-0.27637736362526227,0.2990364966581267,-0.15099507300421958,0.0013281322475625558,-1.4538256819232259e-17,0.39207814289590298,0.67285817974674045,-0.90340885337842258,-0.90974452772411551,0.39207814289590298,-0.67285817974674045,0.90340885337842258,-0.90974452772411551,
0.65881274394200473,-0.56340676924407795,0.66047586760595345,-0.012484383658601632,-0.019329119497960796,-0.66619349509189107,0.74542387431671964,-0.07890824572041856,0.10554389196801818,0.62783026974225553,0.23327237319310395,-0.076699039929926008,-0.021088188667521348,-0.097614333905473569,-0.051768980963155194,-0.28534422826670847,0.2731706527449379,-0.13754372970822462,0.0019349364123768453,-1.3423826386279998e-17,0.39839379889572085,0.65587358855832512,-0.90580202851864211,-0.89234444630611964,0.39839379889572085,-0.65587358855832512,0.90580202851864211,-0.89234444630611964,
0.65912565088972608,-0.56242024489380915,0.66061800406707383,-0.012783465708306945,-0.019072242790333385,-0.66139627532023948,0.74968513360739997,-0.082724101421830107,0.10405661971103537,0.63957551680869973,0.23082523286317636,-0.073041457234682777,-0.015035651343577995,-0.090640053077297444,-0.050563420323972312,-0.29661413356433231,0.26143880079265114,-0.13133478202920754,0.0024631837000311536,-1.0271170854431483e-17,0.40495253191498154,0.63322050086875148,-0.91147375158194865,-0.86674475794721495,0.40495253191498154,-0.63322050086875148,0.91147375158194865,-0.86674475794721495,
0.65890493877888612,-0.56193302079681295,0.66063779613625007,-0.013268581074777238,-0.01967909058916956,-0.65543040798884067,0.7548825461178893,-0.086998433676973727,0.10555251870660003,0.65170310911964047,0.23384706984831369,-0.071180012552129579,-0.010572616682814256,-0.086480486934641873,-0.051901941534580567,-0.31255164474525821,0.25914643583756525,-0.13033164644223882,0.0027287855633434314,-1.0785963793311849e-17,0.41068001984021069,0.61168688969806295,-0.91935678078107186,-0.84464045702865631,0.41068001984021069,-0.61168688969806295,0.91935678078107186,-0.84464045702865631,
0.65840698655890695,-0.56164050457473536,0.66051702217595332,-0.014063952609482021,-0.020133297572952305,-0.6501161843589317,0.75943781996975934,-0.091472517048282909,0.11029976421692374,0.67199645695833243,0.24157908136902201,-0.072237768474456635,-0.0064160838926017082,-0.084798065782446808,-0.053011590800649586,-0.3304722809084531,0.26153091933088268,-0.13167451016167941,0.0022711196528356452,-1.292178723225687e-17,0.4172159797526685,0.59274966587322453,-0.92678839420396031,-0.82919271725328836,0.4172159797526685,-0.59274966587322453,0.92678839420396031,-0.82919271725328836,
0.65806669724901523,-0.56129315912768296,0.66033472702749363,-0.014975631415668995,-0.02034199353161828,-0.64652075552329047,0.76247809571190672,-0.095801219558698025,0.11650939134903238,0.69995539239198856,0.25233069438612982,-0.076027728914819917,-0.0017047423061526722,-0.084840781186977743,-0.053333050860193215,-0.34498088371924246,0.26526657535282855,-0.13332848761910168,0.0013465282601278835,-9.0329469691280033e-18,0.42635843029308895,0.57418783753025604,-0.92983442121901982,-0.81906826621981221,0.42635843029308895,-0.57418783753025604,0.92983442121901982,-0.81906826621981221,
0.65812545423773683,-0.56085899700868502,0.66018107210854271,-0.015809527053788963,-0.020803385433287035,-0.64385479774886267,0.76470143024883941,-0.099925613140700073,0.12196141877385086,0.72672907875073633,0.26417903682974153,-0.081146698196701769,0.0034535709189840703,-0.085425864920568639,-0.053834590629305776,-0.35349020502750494,0.26939155130109482,-0.13482883686516817,0.00057412278771334555,-2.2492538034983971e-19,0.43761125135429108,0.5546789188844381,-0.9274635935254345,-0.81311667133004795,0.43761125135429108,-0.5546789188844381,0.9274635935254345,-0.81311667133004795,
0.65851481496094144,-0.56043709911573969,0.66007805356696647,-0.01660655082416624,-0.021788281342856042,-0.63966869796734149,0.76816238524586378,-0.10451486091540181,0.12534249364599351,0.73907269876320358,0.27538998938499537,-0.085847966578962959,0.0081780426518053059,-0.084936328013958506,-0.055083013978848648,-0.36006747541187933,0.27331508268436272,-0.1362567353085212,0.00024944490028135828,8.7198826564005855e-18,0.44879534457662057,0.53688817454588578,-0.92234613145196898,-0.81366536740384432,0.44879534457662057,-0.53688817454588578,0.92234613145196898,-0.81366536740384432,
0.65894445392475309,-0.56016283892054042,0.6599560847284861,-0.017548032172429423,-0.022873290268082526,-0.63196468626369817,0.77446078950119401,-0.11079169718900328,0.12734432149468677,0.73039352007715774,0.28574113377681104,-0.089527993383614904,0.011583847439139223,-0.08263938587417341,-0.056492321108110193,-0.37108245088159519,0.2766012836291975,-0.13792643173005265,0.00031508946523013719,1.630808446288067e-17,0.45816781603796819,0.52443384232294066,-0.91825727715809169,-0.82301423250570938,0.45816781603796819,-0.52443384232294066,0.91825727715809169,-0.82301423250570938,
0.65910574895107821,-0.56018541289852819,0.65971606205303479,-0.018846969193433781,-0.023350093028874822,-0.6206009334542758,0.78355219756149364,-0.1195628352600669,0.1300835734671571,0.70496680310907411,0.29640465684895195,-0.092814119109007095,0.013359741205081595,-0.078923941922647484,-0.056808660748311847,-0.38945466260044481,0.27909806270790416,-0.14007437523043223,0.00058723027143397317,1.934228268238126e-17,0.46535400704565999,0.51855787935883202,-0.91720115579067296,-0.84009548841926951,0.46535400704565999,-0.51855787935883202,0.91720115579067296,-0.84009548841926951,
0.65880120479702819,-0.56065129857803409,0.65930774955844873,-0.020692862251870146,-0.022894010599417182,-0.60700320957559195,0.79409997688920053,-0.13030906446157545,0.13561613328467492,0.67445680080773218,0.30835499749274209,-0.096390147559685987,0.013846632639682863,-0.074399925419209589,-0.05507119630721391,-0.41436509610735817,0.28076412453594629,-0.14259386614821576,0.00080736842708094649,1.4999086329661832e-17,0.47098868954021161,0.51827904994480134,-0.9197822367122811,-0.86070801474373126,0.47098868954021161,-0.51827904994480134,0.9197822367122811,-0.86070801474373126,
0.65816241225106475,-0.56160835630189687,0.6589246410272821,-0.023130715038435175,-0.021850168300283464,-0.59271492938054393,0.80478354397718432,-0.14188985540270127,0.14447801309084751,0.6480398572942867,0.32231219634379993,-0.10085491460638492,0.013708578585583001,-0.069388376261496951,-0.05163700779734319,-0.44332602105690644,0.28217110863041872,-0.14541168252022907,0.00093387468970262239,1.0203801887923505e-17,0.47629401486214529,0.52207393794712076,-0.92569078989092657,-0.8819214425441535,0.47629401486214529,-0.52207393794712076,0.92569078989092657,-0.8819214425441535,
0.65763013738371989,-0.56297421179345841,0.65889434762733612,-0.025847956994684833,-0.021099355041633919,-0.5787853705275019,0.8147970269946806,-0.15345535049059697,0.15528068143896748,0.62851469762214507,0.33903553018676297,-0.10666991664836811,0.013640666453958871,-0.063942556707684117,-0.048223873139071727,-0.4735866498271466,0.2843317184441102,-0.14862033451739032,0.00098921388683778644,8.2343894679549982e-18,0.48302319018564377,0.52852781046882802,-0.93406632503211706,-0.90343621438397315,0.48302319018564377,-0.52852781046882802,0.93406632503211706,-0.90343621438397315,
0.65763436029075906,-0.56452444252033929,0.65858588879502122,-0.028216606257342961,-0.021476368448101291,-0.56536909603818586,0.82407546618896754,-0.16467925213269388,0.16517627429581741,0.61258550468652406,0.35801705407087947,-0.11341417829251073,0.014034470613529455,-0.057973433791866931,-0.046787261371863557,-0.50350193938086374,0.28770908220235725,-0.15221923353238839,0.00088665838826123265,1.1048342229210135e-17,0.49225846280224994,0.53663836884923866,-0.94365069306765048,-0.92681839064731397,0.49225846280224994,-0.53663836884923866,0.94365069306765048,-0.92681839064731397,
0.65836077071466925,-0.56598494630524887,0.65793258809296873,-0.029612011014354723,-0.023215730237581902,-0.5519865169729643,0.83300362769514813,-0.17565766478870243,0.17145143560650328,0.59522825216978925,0.37748920637905675,-0.12008741116688842,0.01488979752819115,-0.051446245441135151,-0.048313712492431653,-0.53293486949635283,0.29176665185264533,-0.15601703859249497,0.00053843215425193516,7.6759958472298999e-18,0.50359197714114934,0.54639261093930325,-0.95339917592641488,-0.95373310396775146,0.50359197714114934,-0.54639261093930325,0.95339917592641488,-0.95373310396775146,
0.65977747117240382,-0.56713109221644553,0.65752624778868274,-0.02956559387415781,-0.025843792063593576,-0.53816626466916417,0.84192342029586109,-0.18658618447034103,0.17245769776909717,0.57307094906003719,0.39532060822315118,-0.12595668439307464,0.015816847115559463,-0.044693676126891166,-0.052654503871201713,-0.5619143885032204,0.29555876446209878,-0.15998210767053428,9.4338044861400812e-05,1.6229607483829188e-18,0.51535598760679346,0.55819282276949256,-0.96229513975913972,-0.98452950376207538,0.51535598760679346,-0.55819282276949256,0.96229513975913972,-0.98452950376207538,
0.66166734846806441,-0.56797170884619452,0.65779697960926165,-0.028075596818251287,-0.028625048471526689,-0.52365749672616879,0.8509848374593898,-0.19714120266817647,0.16837306083732173,0.54568989320906858,0.40975455938277022,-0.13054939680306607,0.016204184806601189,-0.038100211879604329,-0.058731011208263816,-0.59030676089627598,0.29857385251086244,-0.16436218974542791,-0.00021999728872816479,-1.2898462878566534e-17,0.5260035426719023,0.57236569308093976,-0.96982509847249032,-1.01813049478928,0.5260035426719023,-0.57236569308093976,0.96982509847249032,-1.01813049478928,
0.66383949184754498,-0.56865852179493281,0.65816022212741809,-0.02558865537319626,-0.030880872004581804,-0.50854617299266769,0.86010021648348634,-0.20567018617680013,0.16011485196891215,0.51550547249125622,0.41836019298655114,-0.1332559043782813,0.015842389660593235,-0.031994266662520129,-0.065192220504849283,-0.61711838878682224,0.30088513760315022,-0.16940371858847283,-2.6991634701661258e-06,-1.7466777554450817e-17,0.53456814779718331,0.58817409938981857,-0.97569149863839255,-1.0515191895241622,0.53456814779718331,-0.58817409938981857,0.97569149863839255,-1.0515191895241622,
0.66622025730346901,-0.56931496265227954,0.65849015056203075,-0.022816440874595254,-0.032341297166073896,-0.49344348806178473,0.86887684663181775,-0.21058080317012723,0.14908241160330041,0.48613823289954827,0.42009607242768121,-0.13399135824850575,0.015273953109114535,-0.026550579639987301,-0.07111021746105764,-0.64050111218090655,0.30287723833098995,-0.17484180082344147,0.0011144018425959976,-9.7890056957416331e-18,0.54113414604699206,0.6037440014627149,-0.97992644205075374,-1.0809726685476373,0.54113414604699206,-0.6037440014627149,0.97992644205075374,-1.0809726685476373,
0.66879730899235512,-0.56997872396160754,0.65873428546903501,-0.020254613591791863,-0.033168833863250792,-0.47924994036714902,0.87681758293642997,-0.21132633931202779,0.13651571773791238,0.46034159165232053,0.41577464415754756,-0.13315218746567958,0.015203116040708998,-0.021873520228590883,-0.07629771539754579,-0.65821980545516523,0.30492423093483018,-0.18016983847425402,0.0031847741452645569,5.0863400962380169e-18,0.54634135239433457,0.61716126519839065,-0.98255607742053153,-1.1038033539399104,0.54634135239433457,-0.61716126519839065,0.98255607742053153,-1.1038033539399104,
0.67143016983034931,-0.57065291021886777,0.65889609279947436,-0.01810451534087618,-0.033768995216221981,-0.46667522120820626,0.88359839259509199,-0.20825348961297327,0.12359062512364119,0.43948882683659735,0.40706454175784496,-0.13096996872366262,0.015824823143109283,-0.018078855280542507,-0.080967550524302628,-0.66899923035753051,0.30749951886954313,-0.18511489505704554,0.0057830421480670607,1.4264332251476107e-17,0.55095829508944161,0.62708233435495442,-0.98335243571033049,-1.118899281698118,0.55095829508944161,-0.62708233435495442,0.98335243571033049,-1.118899281698118,
0.67400030109248166,-0.57131650104031861,0.65902958250919419,-0.016134322864080276,-0.034572685675800567,-0.4555874417158251,0.88937309155478139,-0.20205840316118207,0.11048158098882092,0.42287815846710808,0.39506778397769188,-0.12721927038237982,0.016842998966996158,-0.015167356284131038,-0.085810113987483061,-0.67399253138229498,0.31114418242213659,-0.18995614622892809,0.0083158538956924835,1.8229032085505626e-17,0.55569414898813529,0.63344953069240439,-0.98173827218079213,-1.1275723630621728,0.55569414898813529,-0.63344953069240439,0.98173827218079213,-1.1275723630621728,
0.67648513509062158,-0.57187387723687988,0.65924164810714903,-0.013697044747522039,-0.035871566456600487,-0.44564270851496673,0.8943870515792246,-0.1930399907891801,0.096250496303204161,0.40940360740615711,0.37924681065394333,-0.12097601742537047,0.017732934410647726,-0.013211809190948188,-0.092018752466372922,-0.6762951283880041,0.31608499513850646,-0.19507012575573804,0.01025443424762267,1.921314025963224e-17,0.56121728237828417,0.63604094509444187,-0.97679662986731464,-1.1313438698751401,0.56121728237828417,-0.63604094509444187,0.97679662986731464,-1.1313438698751401,
0.67892794498379194,-0.57219447606611651,0.6596339331170642,-0.010211927230308891,-0.037640513957844145,-0.43680997363196483,0.89870793653270609,-0.18057167860621834,0.079575781691886421,0.39912895287281136,0.35712844206541777,-0.11084881274483123,0.018263130816836916,-0.01213122663389862,-0.1003314587431938,-0.67958647851005138,0.32149818082580894,-0.20024634067838648,0.01132884976786072,2.2643024257311044e-17,0.56775753609825164,0.63425572266361518,-0.96765415935261256,-1.1311278860658462,0.56775753609825164,-0.63425572266361518,0.96765415935261256,-1.1311278860658462,
0.68139539393856041,-0.57213084122195434,0.66021957217005833,-0.0055844335580951723,-0.039196205299283395,-0.42988302546732354,0.90201610629025464,-0.16347351279769073,0.059799451145295751,0.39342958922647814,0.32505798558755783,-0.09584093466943229,0.018545176082669375,-0.012089127540478285,-0.11033163902293247,-0.68681923942923961,0.32572532717091107,-0.204731958577474,0.011867625779406222,2.2514436223915649e-17,0.57394580397954087,0.62854180129096893,-0.95660773556704881,-1.1260401902191099,0.57394580397954087,-0.62854180129096893,0.95660773556704881,-1.1260401902191099,
0.68394218093833714,-0.57165014507621537,0.66084542228075549,-0.00027478383831482794,-0.038654766799665785,-0.4263612441295711,0.90372663068086556,-0.14383105413650113,0.039020661492194117,0.39304455852194808,0.28432399742871495,-0.078873938789673886,0.018396143546634883,-0.014250275905483507,-0.12014661431234869,-0.69927177950459773,0.32716693436052041,-0.20824117488424218,0.013402334498853342,1.9470624477775773e-17,0.57528968303320072,0.62114889122133277,-0.95462857480676422,-1.1089667319208332,0.57528968303320072,-0.62114889122133277,0.95462857480676422,-1.1089667319208332,
0.68649532298904337,-0.57097625845512689,0.66129864937590932,0.0051200764666200996,-0.034467909276072753,-0.4270858317183911,0.90353939614856993,-0.12590846063793854,0.020718808834295305,0.3971645178816372,0.24114320899812342,-0.064838653944372909,0.01720688242441416,-0.019786304820749265,-0.12785191787237388,-0.71459147706700821,0.32570737093754332,-0.21140136510365121,0.017595168699517161,3.0229600179608601e-17,0.56845853023957793,0.61254991922767044,-0.97426032593027689,-1.0689204829444501,0.56845853023957793,-0.61254991922767044,0.97426032593027689,-1.0689204829444501,
0.68867279056486042,-0.5705436772325938,0.66145220449312103,0.0098991764650048063,-0.027543814122992109,-0.43099041340204047,0.90188170408563617,-0.11368802779919511,0.0079759149367611918,0.40330337233825719,0.20517214734415792,-0.057251446617785667,0.014721065304933124,-0.027501608598876834,-0.13260803670861113,-0.72876255246718347,0.32285916634199463,-0.21477084419100451,0.024205331809670487,3.555040206182922e-17,0.55736573317983218,0.60358542958940764,-1.0165748805996038,-1.0086873791288451,0.55736573317983218,-0.60358542958940764,1.0165748805996038,-1.0086873791288451,
0.69008846489742748,-0.57065086107888718,0.66139665888961485,0.013569645300597066,-0.021115536898527722,-0.43545595616494454,0.89986004971238542,-0.1080879951692497,0.0012404379824740687,0.4087477515230904,0.18373272135315094,-0.055834135581987063,0.011606126349185611,-0.034103417932505542,-0.13546447092863287,-0.73910953576872074,0.32100583535785587,-0.21846652704234237,0.030711167708909914,3.2709525612029726e-17,0.55104513112956532,0.59714212149650558,-1.0665114562133762,-0.94927072123509593,0.55104513112956532,-0.59714212149650558,1.0665114562133762,-0.94927072123509593,
0.69061020657236383,-0.57127237697588817,0.66134745574689791,0.015779043251070487,-0.018182564143559236,-0.43859820566976937,0.89836074610286987,-0.10831209406815009,-0.00029033025072549104,0.41280316530620909,0.18057867640476058,-0.059076693702412628,0.0089817923466238032,-0.036689243904304995,-0.13774839065624297,-0.74470728970207123,0.32142944587037547,-0.22194635990919168,0.034314914953098997,2.1757081452678803e-17,0.55540711044191315,0.594320280160336,-1.1066224410504453,-0.9093480875886415,0.55540711044191315,-0.594320280160336,1.1066224410504453,-0.9093480875886415,
0.69037827546063302,-0.57212946227167683,0.66146020072856115,0.0159590440199564,-0.020039051935487086,-0.44016855649450604,0.89754965722518043,-0.11175916296808792,0.0022425556612293038,0.41676276892239916,0.19347743356352104,-0.064611495452736034,0.0082005868951918644,-0.033734498216842657,-0.13913147607520088,-0.74477097271444026,0.32268045584441996,-0.22318084095695051,0.033488128204614658,4.8449686677336423e-18,0.5705537898960128,0.59227417243284775,-1.1253679426756502,-0.89444289852438819,0.5705537898960128,-0.59227417243284775,1.1253679426756502,-0.89444289852438819,
0.6897090702897799,-0.57288522744823056,0.66166371631713927,0.013711376628960728,-0.025255757384261852,-0.44147503542225447,0.89681321241873169,-0.11655697235646852,0.0084051239503624819,0.42173165201214069,0.21679652852069398,-0.071397440158375694,0.0099059138559630337,-0.026261792749682274,-0.1378746704812184,-0.73985470730975422,0.32185982836854621,-0.22011109755408578,0.029250805700225219,-1.7976892223659162e-17,0.59056409300584711,0.58844400442760147,-1.1246638815505487,-0.897017269315314,0.59056409300584711,-0.58844400442760147,1.1246638815505487,-0.897017269315314,
0.68890010791845424,-0.5734261960982503,0.66172826812733443,0.0093775721945544323,-0.030411815978911096,-0.44422332170303586,0.89535067043238525,-0.12377660125019496,0.018918577337693365,0.42779084909836484,0.24631125413476873,-0.081014544421397466,0.013205416562592436,-0.017675261644734361,-0.13224047746911724,-0.73078780267955123,0.31693885855726545,-0.21283318486835406,0.024499847518354219,-2.5455743952161656e-17,0.60528573937599695,0.58005149102159825,-1.1179027998108293,-0.89758316610425726,0.60528573937599695,-0.58005149102159825,1.1179027998108293,-0.89758316610425726,
0.68797644331130703,-0.57393864437098041,0.66154786602945126,0.0041792204950704247,-0.03306630492345701,-0.44881173027998306,0.89300458249543735,-0.13536863081456135,0.033849873393973558,0.43429073746323826,0.28012713305979287,-0.094899222246782836,0.016327126632671003,-0.010945221223699977,-0.12260839248828498,-0.71914735666764729,0.30850565214984788,-0.20388058998349126,0.021252495086799935,-8.9904475625311954e-18,0.60911528059470621,0.56547114400544063,-1.1183185062438057,-0.88112803143250806,0.60911528059470621,-0.56547114400544063,1.1183185062438057,-0.88112803143250806,
0.68672612789471654,-0.57470756407556012,0.66122912290050906,-0.00057313415052191383,-0.033462242548559687,-0.45410485027617342,0.89031945659775447,-0.15206270135078348,0.052177457327597987,0.4405367241586019,0.31826383917607531,-0.11240814342336501,0.01797803288815393,-0.0064011204189868155,-0.11127125019910389,-0.70766970494176373,0.29884297400731419,-0.19594649378018214,0.01922387044334849,2.0242856367058192e-17,0.60441177614779096,0.54593417766264674,-1.1277008571106817,-0.84985636189834812,0.60441177614779096,-0.54593417766264674,1.1277008571106817,-0.84985636189834812,
0.68509361231238741,-0.57591359002530162,0.66095188295889762,-0.0038171322816268789,-0.033102650682130488,-0.45870948846421072,0.8879612881268325,-0.17391494763995061,0.072640281205441803,0.44540292776054446,0.36173376539177299,-0.13201204122980525,0.017304259945521129,-0.0033159922651281445,-0.10150715068067626,-0.70015968620583879,0.29119716983098204,-0.19127316522142801,0.017323582309911996,2.7876088857109215e-17,0.59517300364681491,0.52305194454630277,-1.1433461968869401,-0.8105347949552808,0.59517300364681491,-0.52305194454630277,1.1433461968869401,-0.8105347949552808,
0.68327945309151894,-0.57753019376208437,0.66076971199990631,-0.0056919741857879187,-0.033010110343301924,-0.462414011521733,0.88603115971921098,-0.20082738597077449,0.095652873790814094,0.44894642424515718,0.41195522816298674,-0.15307639524043659,0.014469712587239874,-0.00086621227091001902,-0.094449628498643551,-0.69742845064713377,0.28686750249944898,-0.18992298063002105,0.015077557001679514,1.5575704827686963e-17,0.58368942121230516,0.49924109305964537,-1.1649554771491353,-0.76920536975048726,0.58368942121230516,-0.49924109305964537,1.1649554771491353,-0.76920536975048726,
0.6816375860589694,-0.57928504953696602,0.66064105603679246,-0.0071571774546776105,-0.033550327889314543,-0.46559630912267874,0.88433207973065231,-0.23064273648482286,0.12189812715516252,0.45425032858504688,0.46651143492373737,-0.1739746244827402,0.01086713514891674,0.0019953514602684594,-0.089116434228433752,-0.69735985143482238,0.28439502512536957,-0.18977771900735277,0.012637604578717996,-6.3632610445923961e-18,0.57137354136309948,0.47962730626597372,-1.1945999627289514,-0.73591866576846132,0.57137354136309948,-0.47962730626597372,1.1945999627289514,-0.73591866576846132,
0.68038764026246246,-0.58089283436151862,0.66051170727683173,-0.0089913766897956517,-0.034469087630945743,-0.46824545761894842,0.8828800759799339,-0.25968283293111261,0.15070275349336681,0.46538888515481169,0.51940114790184122,-0.19234457701684263,0.0084579537402196345,0.0060414053161838045,-0.083713516439430508,-0.69780488660928952,0.28109186878638814,-0.18859258419165392,0.010363922742323721,-2.152397645250311e-17,0.55771877887013432,0.46595833983487656,-1.2326377422010983,-0.71267676726156948,0.55771877887013432,-0.46595833983487656,1.2326377422010983,-0.71267676726156948,
0.67943094577071839,-0.5823909927740436,0.66038781260508028,-0.010961332162030655,-0.035379906354363354,-0.46950353867672356,0.88215335321792243,-0.28431840835517902,0.17950192414335636,0.48422827546142333,0.56391444110062539,-0.20581334345571556,0.0081776581015954222,0.011285835884514712,-0.077434813418431489,-0.69895551394639699,0.27578482986371555,-0.18639455839925406,0.0082302873311693725,-3.304035598449462e-17,0.54150723571914339,0.45917497614066827,-1.2770969162254815,-0.69976994268167092,0.54150723571914339,-0.45917497614066827,1.2770969162254815,-0.69976994268167092,
0.67858749085073078,-0.58400273407367642,0.66030413953796219,-0.012240128436626137,-0.03607420811350788,-0.46831945681619158,0.88273762643960374,-0.30116264348757671,0.20404183304357915,0.5098327061238519,0.59426117162185521,-0.21278708911090793,0.0098205098215330185,0.016896056994092253,-0.071054250495360835,-0.70207340116214279,0.26984128840659549,-0.1851425037069985,0.0060914139304412418,-2.2585774028624504e-17,0.52197972708692353,0.45888167676314567,-1.3240716989716559,-0.6950975645670312,0.52197972708692353,-0.45888167676314567,1.3240716989716559,-0.6950975645670312,
0.67790887616120077,-0.58577896840856858,0.6602863669872705,-0.012139100944163261,-0.036496839664009628,-0.46478142139270823,0.88458965246660037,-0.30914708985237688,0.22089545384166059,0.53867826755925541,0.60900577277169088,-0.21365899442626035,0.012265963081663729,0.021297502633681818,-0.066620480707003937,-0.707259543868197,0.26627318125392213,-0.18685000702317153,0.004199301907605521,-2.7036141857876895e-18,0.4986057672835445,0.46047290692396459,-1.3707409766240535,-0.68922199742289336,0.4986057672835445,-0.46047290692396459,1.3707409766240535,-0.68922199742289336,
0.67778202602313709,-0.58741020644720598,0.66028497610589509,-0.010851450553103735,-0.036555212893279412,-0.46079144249119802,0.8866889020158657,-0.30855387473923834,0.22806898853515647,0.5651576977225814,0.6100898185985234,-0.21111332572970362,0.014343656868579602,0.022475714855509796,-0.066412028403170287,-0.7119522155585194,0.26853635147462113,-0.19204835768253647,0.0035013742957132445,7.5186109184646683e-18,0.47329565193791645,0.45795913118170262,-1.4150791595661467,-0.66973618862372153,0.47329565193791645,-0.45795913118170262,1.4150791595661467,-0.66973618862372153,
0.67855982316761199,-0.58848538543685591,0.66020241878911057,-0.0094633959127714967,-0.036217948175424723,-0.45876341398412052,0.8877695840461054,-0.30092900927678262,0.22670410851929976,0.58563909952172255,0.60233285462913866,-0.2089588517483435,0.015792238436826884,0.019887076026370638,-0.070768354756362367,-0.71277674994531792,0.27729726414343991,-0.19901296831985271,0.0048931568467422484,-3.026631158405198e-18,0.45104448536803082,0.45200029059515978,-1.4565644693104629,-0.63820561964121991,0.45104448536803082,-0.45200029059515978,1.4565644693104629,-0.63820561964121991,
0.68029249072129683,-0.58874610523073689,0.65996561119872066,-0.0090129361766567353,-0.035526214105049303,-0.45985018514235704,0.8872397997820981,-0.28765482419448862,0.21936112836693997,0.60163147499271874,0.58954303930410712,-0.20947138581324737,0.017670786599035194,0.014562855324565398,-0.078241091048782477,-0.70818360510458234,0.29038169074491943,-0.20532807299802686,0.0086948675431463961,-7.5088351617439951e-18,0.43660842352886797,0.44423121324304993,-1.4964040022702356,-0.59701099855488859,0.43660842352886797,-0.44423121324304993,1.4964040022702356,-0.59701099855488859,
0.68258702925294146,-0.58819990185553328,0.6595721946687132,-0.00983919060863119,-0.034566225268064479,-0.46375315127176781,0.88523521229354019,-0.27023959786396046,0.20826845083169951,0.61749811411498101,0.57331789212784456,-0.2123815998064722,0.021517865204794095,0.0080089816664248806,-0.086556886761133794,-0.69910044433019536,0.30440078893812261,-0.20937249613591802,0.014230029953815747,1.832265643854794e-18,0.43410228849183019,0.4350976678244407,-1.5355080544731199,-0.54571706291471012,0.43410228849183019,-0.4350976678244407,1.5355080544731199,-0.54571706291471012,
0.68489813060240379,-0.58706622835515576,0.65907669173710248,-0.011531854083683839,-0.033453474292861232,-0.4695032187370749,0.88222140588100428,-0.24952297327817244,0.19407102548279892,0.63704576001542412,0.55224257044519887,-0.21516733710770938,0.027954792325684381,0.00077301732685988527,-0.0942548362285488,-0.68686864730778252,0.31756047061589038,-0.21127251545239895,0.020222311814287561,5.5754521810827138e-18,0.44356807757774125,0.42537887224288551,-1.5720412567329696,-0.48660123292200175,0.44356807757774125,-0.42537887224288551,1.5720412567329696,-0.48660123292200175,
0.68678759717206495,-0.58554346160590631,0.65855809602660687,-0.01340667735461927,-0.032207215977831272,-0.47651424051575697,0.878474322235407,-0.22679613962701395,0.17719444310413668,0.66176306796467621,0.52433936924488322,-0.21461353119364057,0.036376358562684591,-0.0077342649269539652,-0.1006680278232407,-0.67108146076539543,0.32946221550093602,-0.21190282076764463,0.025426929810865945,1.4035992099083342e-17,0.457143718950138,0.41658382391009069,-1.5988298298612051,-0.42857750535201855,0.457143718950138,-0.41658382391009069,1.5988298298612051,-0.42857750535201855,
0.68814224761539422,-0.58373710412913182,0.65807440493157965,-0.015025921580709728,-0.030921758232207396,-0.48466649766653436,0.8740231419065142,-0.20392461258483854,0.15877056087842151,0.68889522351752985,0.49014883096354717,-0.2091232955553968,0.045106417238969847,-0.018067003767301602,-0.10589013578784688,-0.65079281226303576,0.34049767482513293,-0.2119605260757203,0.029316191852575085,2.1274864062715622e-17,0.46401355431849389,0.4098500771733643,-1.6097179192801792,-0.38104048353911779,0.46401355431849389,-0.4098500771733643,1.6097179192801792,-0.38104048353911779,
0.68900268717619129,-0.58177305611517927,0.65763738629130186,-0.01645372543726957,-0.029754412446284736,-0.49415586731247957,0.8687081953451703,-0.18254553368436324,0.1407434464940483,0.71323008815464584,0.45313141535255147,-0.19953440749510482,0.052413907561870698,-0.029768662978730841,-0.10981819283329208,-0.6260089199813248,0.35059408890623411,-0.2114431247715389,0.031940618549002778,1.6230334432608862e-17,0.45747038567082599,0.40513928769861512,-1.6058721956573703,-0.34787076739358197,0.45747038567082599,-0.40513928769861512,1.6058721956573703,-0.34787076739358197,
0.68937545283650625,-0.5798789037088703,0.65725542690236727,-0.01806444955947821,-0.028857250081387981,-0.50535029032588008,0.86224243623670138,-0.16417517216952593,0.12610613938008036,0.73153050370648121,0.41913776446994022,-0.18849615707244716,0.057401555381549549,-0.04113899939267554,-0.11162718161509509,-0.5978404877501402,0.35825928542626312,-0.2095611546233633,0.03348906488777758,9.0886079494788057e-18,0.43596245957023599,0.40140417696875236,-1.598468594995776,-0.3285375925612416,0.43596245957023599,-0.40140417696875236,1.598468594995776,-0.3285375925612416,
0.6893316105347711,-0.57815020555176855,0.6569406873362118,-0.020034965363247604,-0.028134396104742956,-0.51893623900764307,0.85411488440567362,-0.14918583557608994,0.11628969369167105,0.74603215443365745,0.3917285168411534,-0.17854509206949068,0.060497573679141992,-0.051187792357289562,-0.1109763723168424,-0.56659034361866545,0.3623003113776197,-0.20564244569589701,0.034404167195268051,4.9894452761645237e-18,0.40348156974077176,0.39726998009272663,-1.6006427905447311,-0.31797346088408995,0.40348156974077176,-0.39726998009272663,1.6006427905447311,-0.31797346088408995,
0.68915998524698963,-0.57648351009513166,0.65680976783764833,-0.022153231718498704,-0.027469507130937508,-0.53644093320391451,0.84319973060107367,-0.13675120587911929,0.11058100599081515,0.7631086897092384,0.37151462412369524,-0.17142335675967996,0.062700718513706663,-0.060580752777193492,-0.10900430281978152,-0.5311005571539964,0.36329734768613503,-0.19965093624451158,0.035316127408258,3.6045621215896417e-19,0.36800808554789477,0.3917586712644105,-1.6215892455281815,-0.30970878737216523,0.36800808554789477,-0.3917586712644105,1.6215892455281815,-0.30970878737216523,
0.68920157955158023,-0.57475454841150253,0.65738949462605833,-0.023915419963832875,-0.026775057597034524,-0.5586682825661542,0.82861384192711418,-0.12551174349246336,0.10688352087531086,0.7880440101202415,0.35640797669139257,-0.16727271000767949,0.064565833544761059,-0.07098782016960728,-0.10753885979261101,-0.49049869953608966,0.36326184793051014,-0.19244496548404197,0.036770592185841749,-9.0383378855141643e-18,0.33573465499610639,0.38394195125832808,-1.6588183675446457,-0.29972760813191668,0.33573465499610639,-0.38394195125832808,1.6588183675446457,-0.29972760813191668,
0.68962471936350034,-0.57299271055716972,0.65773815969330363,-0.024979895614117485,-0.026137156759280376,-0.58497131293647397,0.8102477503165475,-0.11495825969209925,0.10374536281958811,0.81953493897242491,0.34453290531017505,-0.16507527183287685,0.065790565869543183,-0.083209506616134007,-0.10765152520978978,-0.44723086155265512,0.36366749842886725,-0.18484950449856,0.038668870870767577,-9.5809019653317081e-18,0.30706926231674525,0.37670037858417227,-1.6995368342075945,-0.29585462222514436,0.30706926231674525,-0.37670037858417227,1.6995368342075945,-0.29585462222514436,
0.69043536904063363,-0.57145024749664308,0.65789650780029174,-0.025395122105328551,-0.025843714554377964,-0.61338217486699209,0.78895468675122638,-0.10564234573213656,0.1008025845506402,0.84709061309558287,0.33575299526605362,-0.16360329935271725,0.065413134836342979,-0.096363305001895466,-0.10961887102210643,-0.40955899614322128,0.36516269575193055,-0.17745277330772996,0.04002126624573242,-5.2068820831801462e-18,0.27871189479192249,0.38142829037658965,-1.7269319013139093,-0.32274766977468744,0.27871189479192249,-0.38142829037658965,1.7269319013139093,-0.32274766977468744,
0.69155128219814377,-0.57034112774707768,0.65791580335813782,-0.025722907681826845,-0.02617181656275545,-0.64233049503858364,0.76554875950633339,-0.098298389895020363,0.098460313398022498,0.85767486370859447,0.33097247867587481,-0.16215436330745453,0.062904524364552475,-0.10856573945740228,-0.11299645764923255,-0.38650855210277835,0.36731444921355466,-0.16996014552671368,0.039504989031593156,1.3297229126129728e-19,0.2473643365109183,0.40601029697990781,-1.7343831203767841,-0.39509117844040886,0.2473643365109183,-0.40601029697990781,1.7343831203767841,-0.39509117844040886,
0.69290565592100029,-0.56974529941628493,0.65789904187814208,-0.026787851142600124,-0.02699619879797097,-0.67127291446352322,0.74023394314856283,-0.093101384791739239,0.096804924011048135,0.84063016233690624,0.3301514706759282,-0.1605903676693656,0.058226425026638412,-0.11789229077736639,-0.1169775203808628,-0.38441689981812965,0.36896807716991253,-0.16154088591733182,0.036314006302713281,6.2952101876462872e-19,0.21072884505954653,0.45270032779930358,-1.7240786690358347,-0.51431892462039341,0.21072884505954653,-0.45270032779930358,1.7240786690358347,-0.51431892462039341,
0.69442881021449854,-0.56959429147557605,0.65793494617752246,-0.028944135771283731,-0.027802022540733915,-0.70020460931189277,0.71281329227608925,-0.089513935960397473,0.095486261846671361,0.79695354032730159,0.33197169193740761,-0.15931494865369028,0.051760035178435575,-0.12392474080577134,-0.12085280703803543,-0.401322185305026,0.3694343610303899,-0.15206929367216712,0.030794831167439484,1.1580603793034715e-18,0.16948209497109118,0.51525207917163995,-1.7045737327999231,-0.66364113075446807,0.16948209497109118,-0.51525207917163995,1.7045737327999231,-0.66364113075446807,
0.69601299217768542,-0.56985256889248803,0.65802278799504532,-0.031814620717823316,-0.028138808495261184,-0.72915558202574937,0.68302867770375397,-0.086849875877958602,0.094197328009404599,0.73720695540721115,0.33530015081967351,-0.15906584218544587,0.044023011945469273,-0.12769489217256919,-0.12426235277105629,-0.42936255252949906,0.36891451617809107,-0.14242767137644113,0.023849747540473459,3.8151222475465988e-18,0.12700207289596585,0.58175190604338933,-1.6854465922130919,-0.81605350200459792,0.12700207289596585,-0.58175190604338933,1.6854465922130919,-0.81605350200459792,
0.69748672918938048,-0.57052278392444888,0.65810400402689628,-0.034621430936504716,-0.027854941291869519,-0.75783228809444558,0.65093446819712386,-0.084221262054182067,0.092518984332060961,0.67659218705308433,0.33904201526556121,-0.16051658045621611,0.035936751141707621,-0.13080630181658875,-0.12699614630247902,-0.45868823477947696,0.36794983942527643,-0.13382186687207059,0.016504735121869157,4.9746513283224137e-18,0.087833817364259742,0.63691530657741802,-1.6751253486550963,-0.94019649535458849,0.087833817364259742,-0.63691530657741802,1.6751253486550963,-0.94019649535458849,
0.69879825235136661,-0.57161054627145069,0.65811807394876876,-0.03690908564320277,-0.027156247125520332,-0.78622125016122657,0.61624378571630078,-0.080739902552231041,0.090045380877897263,0.62554906206344674,0.34253036557406397,-0.16390756209271037,0.028487189129104085,-0.13432767971508314,-0.12917784126433537,-0.48439975827302523,0.36694910417801491,-0.12665412103861293,0.009098350348178982,5.9878499100040656e-18,0.053302888497455875,0.67707207740280517,-1.6744482638835962,-1.0312207940215385,0.053302888497455875,-0.67707207740280517,1.6744482638835962,-1.0312207940215385,
0.70012160427514503,-0.57315108004437887,0.65802343586637457,-0.038606234287096877,-0.02645125066917723,-0.8145693269647124,0.57817532079851142,-0.075216250531513956,0.086044108172228642,0.59167947943669508,0.34486005074484438,-0.16896771705087965,0.022861480732253296,-0.13891861763452823,-0.13151624548716714,-0.5057109511354928,0.36633511906410887,-0.12061383644046571,0.0014941983958227712,-5.0882196661806981e-18,0.023071756094854116,0.70400903921251712,-1.6806369687541418,-1.0950157937730909,0.023071756094854116,-0.70400903921251712,1.6806369687541418,-1.0950157937730909,
0.70167495115927414,-0.5751584964471439,0.65781897833873337,-0.039928477764990214,-0.026113095422630267,-0.84248840234651812,0.53659772159638408,-0.066824666528318782,0.079885159525428046,0.5769208889937858,0.34502659203562808,-0.1748056139111881,0.019690892123470867,-0.14449372780426373,-0.13479362793340832,-0.5244104754317741,0.36626142787219612,-0.11515257017519127,-0.0065442895049030369,-1.6893995478421759e-17,-0.0035642745550450716,0.72099399147777743,-1.6905279661440313,-1.1388394626166107,-0.0035642745550450716,-0.72099399147777743,1.6905279661440313,-1.1388394626166107,
0.70341497248451679,-0.5776438307802777,0.65753826569413609,-0.04106195621415698,-0.026196404679101642,-0.86880885393257856,0.49274622216929737,-0.055691000873589788,0.071593686899328102,0.57826243992280291,0.34254230626239701,-0.18067370016734666,0.018655889322477259,-0.15069573598448788,-0.13878999136573411,-0.53917553225264803,0.36652383793218762,-0.11010396604150846,-0.014542150904990357,-2.2439327972773054e-17,-0.026669395981338238,0.73044442153332301,-1.7023618622617571,-1.1669927838997403,-0.026669395981338238,-0.73044442153332301,1.7023618622617571,-1.1669927838997403,
0.70491318627704658,-0.58051154387502968,0.657229076740934,-0.042187881665808107,-0.026479220755389991,-0.89218708421123727,0.44891117192089297,-0.042883725187280314,0.06237806654842544,0.58954719991988802,0.33815905406679009,-0.18628333664822772,0.018659625864280532,-0.15751061337556369,-0.14165028683799036,-0.54166117359538957,0.3668286113242285,-0.1054708032510968,-0.0211575309209866,-1.9636044454918578e-17,-0.045601902626431816,0.73345055760932731,-1.7156666958206297,-1.180406374530228,-0.045601902626431816,-0.73345055760932731,1.7156666958206297,-1.180406374530228,
0.7056881831307753,-0.5836496572179477,0.65692095620941038,-0.043445055675328081,-0.026617494040568027,-0.9123882180753049,0.40614255584183462,-0.029821140553426349,0.053768281339331904,0.60263970449224058,0.33369245507180056,-0.19201056086814211,0.018394687863243258,-0.16508956528876495,-0.14112975906250488,-0.52301879293985576,0.36673365250289663,-0.1009633862396502,-0.025130744121845978,-4.9842862322792342e-18,-0.059781697617715485,0.73022978937591776,-1.730647266018313,-1.1786563397116709,-0.059781697617715485,-0.73022978937591776,1.730647266018313,-1.1786563397116709,
0.70536253445826502,-0.58690334035019809,0.65663629942886403,-0.045153057985763093,-0.026215828049591314,-0.92971315938897148,0.36456463483610901,-0.018750239675542735,0.047304223413111419,0.60236835376307785,0.33213627668352391,-0.19840980427260588,0.016778071290791285,-0.17275237053330217,-0.13540732127571511,-0.47994123445990206,0.36558470564847512,-0.095899795815563418,-0.025959347296029934,2.6195168262378179e-17,-0.069477511706100281,0.72271113449964186,-1.7466524568823738,-1.1647756364785535,-0.069477511706100281,-0.72271113449964186,1.7466524568823738,-1.1647756364785535,
0.70396375593875538,-0.59009381284539242,0.65638908214163438,-0.047632020538417336,-0.02506091068415086,-0.94439397871785724,0.32438118677963457,-0.011700788055629869,0.043479182015344661,0.57430945425408586,0.335590383619502,-0.20548055443104268,0.013752166628035422,-0.17930592596278608,-0.12469861358729306,-0.41893682882696892,0.36334028035184196,-0.089781061533379253,-0.024316184193274814,3.6443465117401576e-17,-0.076004312917407696,0.71451764559074638,-1.7622255033985434,-1.1455556857103835,-0.076004312917407696,-0.71451764559074638,1.7622255033985434,-1.1455556857103835,
0.70182780867355798,-0.59302855450004732,0.65617921793847533,-0.050989150014675258,-0.023335339031143397,-0.95616853885758102,0.28739744924414523,-0.0095015422940063366,0.041517013134086227,0.5134695687394184,0.34389398126330933,-0.2122197958985545,0.0097890965487209703,-0.18376180254671262,-0.11130469415132321,-0.352802553070865,0.36112941961297695,-0.083125464026598483,-0.021514593442535847,3.8718212340899826e-17,-0.081224845953022928,0.7092219688151602,-1.7760144833436207,-1.1276322261589875,-0.081224845953022928,-0.7092219688151602,1.7760144833436207,-1.1276322261589875,
0.69944400373905147,-0.59546816204441066,0.65600532808877488,-0.05507139222096253,-0.021529898840520423,-0.96457374732022427,0.25710132476395747,-0.011589145465447374,0.040154176120137011,0.42703018102398571,0.35497126168241822,-0.2169554854706093,0.0051295894754500963,-0.18564089704572539,-0.09881040382507382,-0.29668331401199732,0.36084461813782404,-0.077527910797285091,-0.018900005655836813,3.4500787004144462e-17,-0.088967885574872535,0.71145168120216218,-1.786532112608346,-1.1195591341219868,-0.088967885574872535,-0.71145168120216218,1.786532112608346,-1.1195591341219868,
0.69712281565487166,-0.59727799957723893,0.65586247191661795,-0.059533552890164258,-0.0200206678204384,-0.96983994057665801,0.23551097342281482,-0.016266144170105527,0.038835095086808748,0.3309822238406408,0.36644072259512717,-0.21884448517903063,-0.00038898762670757438,-0.18557514510686096,-0.089288069032795292,-0.25696146176589008,0.36365511350715862,-0.074258183823052507,-0.017048825199343212,1.9531433586295697e-17,-0.1040973742018805,0.7243229947714851,-1.7932712820660073,-1.1268897989218751,-0.1040973742018805,-0.7243229947714851,1.7932712820660073,-1.1268897989218751,
0.6950781624396557,-0.59844298896382153,0.65574711830622689,-0.063571294260160199,-0.018980230968968399,-0.97295330569107341,0.22126975917026076,-0.020531711742304733,0.037590420008609557,0.24988740703863377,0.37522402459883708,-0.21843702849156965,-0.0060809710917030663,-0.18550786096547289,-0.082956318201584986,-0.23159665069172242,0.36954385098869208,-0.073798192300579366,-0.016203230622457626,-8.5800700646801465e-19,-0.13147188534138174,0.74725881648797365,-1.7975281314639973,-1.1494461868936208,-0.13147188534138174,-0.74725881648797365,1.7975281314639973,-1.1494461868936208,
0.69340535459916031,-0.59913019071459794,0.65567776206673001,-0.066203044061095853,-0.01832322815236926,-0.97526162812887152,0.21010990687386374,-0.021725586547010945,0.036571169507999483,0.20264401826530734,0.37895407881963117,-0.21736303085929404,-0.010277005183252067,-0.18735085674474819,-0.078518279972153188,-0.21357946334918854,0.37695897949444518,-0.075627123250204445,-0.016368219271022739,1.0694446355619379e-18,-0.17096305989198896,0.7751638256276937,-1.801816474216789,-1.1807079921409229,-0.17096305989198896,-0.7751638256276937,1.801816474216789,-1.1807079921409229,
0.69209668769859911,-0.59958438717625351,0.65570046661775228,-0.066926874195266883,-0.017808696509675134,-0.97763321645867329,0.19858735588084725,-0.018901727334234477,0.035713939692188938,0.19244169979178558,0.37682060276639917,-0.21671696702232851,-0.011863955217114332,-0.19154581754157071,-0.07445027908813362,-0.19635897123951437,0.38380388669862325,-0.078687197211477225,-0.017051491444924953,8.6884515713730203e-18,-0.21590813060601988,0.80180431185608048,-1.8073139631811923,-1.212505421971259,-0.21590813060601988,-0.80180431185608048,1.8073139631811923,-1.212505421971259,
0.69113438928256321,-0.60009254461988282,0.65582708472690798,-0.065949401401057206,-0.017220359548613076,-0.98034975589177631,0.1851175080720168,-0.012542892810605074,0.034422099278842926,0.20976387107905048,0.36937964728049605,-0.21664681998805604,-0.011064915487683262,-0.19743635617612587,-0.069920971579917793,-0.17559637908225162,0.3886213133132484,-0.081731339914380197,-0.017299905245366353,-5.9608429735356238e-19,-0.25529483523782037,0.82209682008903306,-1.8123888446616634,-1.2374284449046367,-0.25529483523782037,-0.82209682008903306,1.8123888446616634,-1.2374284449046367,
0.69049893458380784,-0.60081908043889509,0.65601633060404463,-0.064145314853720728,-0.016543258818066692,-0.98313026350939237,0.1704892493441989,-0.0039984792078478102,0.032125439290159118,0.24071730824311,0.35849426448919808,-0.21663017464623913,-0.0087539242523754657,-0.20385686712994949,-0.065186701584453791,-0.15131763468869297,0.39162127321738815,-0.084036342552236687,-0.016510760881570514,-1.5183123070456952e-19,-0.28201096345947407,0.83516158843934907,-1.8140339609421692,-1.253794020875771,-0.28201096345947407,-0.83516158843934907,1.8140339609421692,-1.253794020875771,
0.69013895815177118,-0.60177246996947642,0.65621834452920935,-0.062620388264914797,-0.01573942568099896,-0.98551813934525323,0.15679590069339805,0.0045973680196078693,0.029123779083004474,0.27144049007040538,0.34753979419420761,-0.21645416954404753,-0.005727056175701825,-0.20920782172114175,-0.060775490031763364,-0.12685174054759363,0.39324364864277733,-0.085021029875375673,-0.014595332787609052,-4.5179894206325555e-18,-0.29503938265449647,0.842591078981894,-1.8107145507598608,-1.2639128952121399,-0.29503938265449647,-0.842591078981894,1.8107145507598608,-1.2639128952121399,
0.68995771742927547,-0.60280791106986853,0.65641641214998014,-0.061871247916507367,-0.014690260118628238,-0.98728273614186701,0.14570155749040495,0.011308235520896392,0.026471201640367873,0.29409597766234757,0.33940224826096038,-0.21643599278369702,-0.0024985179292714445,-0.21240282234322153,-0.05687574519906078,-0.10598028652380856,0.39334662074931148,-0.084452756844946408,-0.01193610513667521,-1.4282143706283702e-17,-0.30034963954380689,0.84689999743006439,-1.8043719605244555,-1.2714422427595977,-0.30034963954380689,-0.84689999743006439,1.8043719605244555,-1.2714422427595977,
0.68985757416642968,-0.60372504083149203,0.65661896708326517,-0.06140312384514357,-0.013308306311881044,-0.98847993710547577,0.13769516805292001,0.01532932312506094,0.025008326055815142,0.30906437002485893,0.33454079227352651,-0.21707637151378253,0.00051905347933446123,-0.21361551923567401,-0.053392408372616239,-0.090700789940520124,0.39152174368668752,-0.08284083128588117,-0.009051345878855312,-3.1128646315643899e-17,-0.30544524248426691,0.84963176311102573,-1.7986939846964414,-1.2785572917324275,-0.30544524248426691,-0.84963176311102573,1.7986939846964414,-1.2785572917324275,
0.68973792367671782,-0.60442926376814887,0.6568323666397482,-0.060293776792889678,-0.011634138876095598,-0.9893110563727503,0.13226088246830089,0.016944335557927848,0.024706624606593293,0.31910129912838087,0.33138156539627234,-0.21861745530895152,0.0028415850188602669,-0.21389673510351012,-0.050206338145596177,-0.080675274592540702,0.38780839595179806,-0.081267921206476079,-0.0062828537100064171,-2.9094172827274011e-17,-0.31416203030424372,0.85109516326940882,-1.796549866246264,-1.2857700074046539,-0.31416203030424372,-0.85109516326940882,1.796549866246264,-1.2857700074046539,
0.68955474017423124,-0.60500712681744051,0.65706803404219249,-0.058064962423714131,-0.00979069925343941,-0.98997892212720451,0.12835239028050702,0.017487568306678435,0.024693077969081472,0.32666321659626874,0.32744620710052613,-0.22064653677254564,0.0044400650433777493,-0.2142473797075492,-0.047271520822264677,-0.073752239570115591,0.38285059494647306,-0.08055290856756514,-0.0035897162044515353,-3.7869342175350187e-17,-0.32460747214618513,0.85137593523663935,-1.7970999926520941,-1.2925324075305396,-0.32460747214618513,-0.85137593523663935,1.7970999926520941,-1.2925324075305396,
0.68931366838753272,-0.6056611308117763,0.65731967416786208,-0.054898286400124105,-0.0079533526933467467,-0.99065472446704961,0.12460392940184194,0.018726650755493124,0.023799664629168535,0.33405113579179591,0.32076522383509959,-0.2224744407301919,0.0057650915414709054,-0.21552047847405961,-0.044623634133447873,-0.0669292409596981,0.37810311749660264,-0.081119441690027605,-0.00076188782209700781,-4.4918250711465545e-17,-0.33277746896770533,0.85179119852525986,-1.795781187502915,-1.2988976978604618,-0.33277746896770533,-0.85179119852525986,1.795781187502915,-1.2988976978604618,
0.68903714504154889,-0.60652994591623821,0.65755780716193957,-0.051502232777668445,-0.0062704372021992645,-0.99141761514283144,0.11999714171891182,0.021749474713614193,0.021467662559362437,0.34267684514146712,0.31126170901267736,-0.22365875405758076,0.0073374161230197665,-0.21805836342436202,-0.042283966030421456,-0.058212444998869989,0.37514729980430006,-0.08287818823960022,0.0022561738418913901,-3.8181344653470756e-17,-0.33628235578488586,0.85356433115026298,-1.788823034416577,-1.3050154009776942,-0.33628235578488586,-0.85356433115026298,1.788823034416577,-1.3050154009776942,
0.68872312897146337,-0.60757570035220376,0.65774391820805556,-0.048540197641341445,-0.004781216881982314,-0.99225463974221884,0.11424412058441479,0.026188793204750961,0.01814841023319259,0.35286669661240827,0.30086990832169075,-0.22447461155258475,0.0093274143482453779,-0.22149519811419846,-0.040111692438800535,-0.047455855102185779,0.37448656812411901,-0.085330352158799944,0.0052936536832090229,-3.8360176688278579e-17,-0.33474962093391697,0.85639522189308681,-1.7759199633899252,-1.3099428988275388,-0.33474962093391697,-0.85639522189308681,1.7759199633899252,-1.3099428988275388,
0.68831971601044795,-0.60860236260107403,0.65784197307737713,-0.046475025361775057,-0.0034280877389912499,-0.99312973929458914,0.10733890795390764,0.030460326041190831,0.015159336299392031,0.36510221550648048,0.29308660677169662,-0.22593858463638064,0.011541942687706242,-0.22482252939112124,-0.03763531806847624,-0.03523370525837393,0.37529846290849755,-0.087591523543684824,0.0080276508958040237,-3.2931181486322885e-17,-0.3285210797153057,0.85916657901387494,-1.7588252799168544,-1.312037405985234,-0.3285210797153057,-0.85916657901387494,1.7588252799168544,-1.312037405985234,
0.68776801202881244,-0.60941736104014477,0.65781107210255607,-0.045283485201719542,-0.0021353354708717898,-0.99400886618902184,0.099454614010752548,0.032322965469113465,0.013981070990554066,0.37991894233211465,0.29170505722981127,-0.22965025269837658,0.013533077057654701,-0.22711257537855065,-0.034423909142872147,-0.021984837972599255,0.37599027966909937,-0.088893729070500832,0.01026933472168565,-2.2367888025855843e-17,-0.31787034895550043,0.86073775698393806,-1.7390533309519891,-1.3102448310507895,-0.31787034895550043,-0.86073775698393806,1.7390533309519891,-1.3102448310507895,
0.68699704637406434,-0.60983650867667105,0.6575303775775927,-0.044762018644257461,-0.00093886482278389416,-0.99482296492170019,0.091229099985330631,0.027853797980781518,0.016889893157333257,0.39592106016768869,0.30321425745945169,-0.23846285514260693,0.014439000871131893,-0.22741380002805328,-0.030405461426647691,-0.0085993454248814907,0.374727879704153,-0.088592831961813751,0.011838425871856661,-1.3551901654815507e-17,-0.30323007509389704,0.86021692696948637,-1.7177101928360106,-1.3049317543597541,-0.30323007509389704,-0.86021692696948637,1.7177101928360106,-1.3049317543597541,
0.6859719632372977,-0.60975398226654798,0.65682532977500985,-0.04470677724262781,0.0001458933930907208,-0.99549602879460708,0.083599877020619578,0.013798907413134751,0.025913457823246496,0.41003475994806154,0.33293772185090159,-0.25468282459841846,0.013650029791940221,-0.22528281094559471,-0.025801938383301366,0.0034461371740319583,0.37059640237584152,-0.086524441093548246,0.012612463270338096,-2.5835826415963156e-17,-0.28583526815398658,0.85788733518866633,-1.695496310836851,-1.2983476648807724,-0.28583526815398658,-0.85788733518866633,1.695496310836851,-1.2983476648807724,
0.68466722036892547,-0.60910472130131665,0.65548642440172233,-0.045223128717756494,0.0011934030404156708,-0.99598259633038544,0.077279442448458149,-0.010590761958654349,0.041961311052413332,0.41898011822119746,0.38193768904887088,-0.27835856129871916,0.011142348015726252,-0.22074100653267809,-0.020750341260747981,0.012657170913850496,0.36409185415190165,-0.082931072578182316,0.012451857977015495,-2.883492095485322e-17,-0.26693143451412127,0.85471286803406854,-1.6727302697791302,-1.2930017288968934,-0.26693143451412127,-0.85471286803406854,1.6727302697791302,-1.2930017288968934,
0.68305133778939187,-0.60783477289695287,0.65358545813595004,-0.046799808964079814,0.0021950948697236484,-0.99627836163015471,0.072349053808417774,-0.04285737071190418,0.064040325145869686,0.42009693633698864,0.44520972108437451,-0.30609980045463836,0.007231120159678809,-0.21400087701388515,-0.015269389384976783,0.01853011488162843,0.35676165252175474,-0.078207140357166291,0.011156551527818243,-3.4826695578603843e-17,-0.24780687740187046,0.85122175939471512,-1.6502200122372133,-1.2898761939867085,-0.24780687740187046,-0.85122175939471512,1.6502200122372133,-1.2898761939867085,
0.68113209033195743,-0.6060358203378009,0.65350647560561037,-0.049979453203199652,0.0030090115802026904,-0.99643236065882423,0.067937844672188122,-0.078857426716961193,0.089359384730363256,0.41260245936394668,0.51449978613965341,-0.3331151458430377,0.002514817435314873,-0.20542064464464641,-0.0093770795704549124,0.0225176448503056,0.35030131170319134,-0.072688661014624831,0.0087357370801330915,-2.8087146471195365e-17,-0.22886868553559669,0.84694941080252095,-1.62863149688881,-1.2873266531167979,-0.22886868553559669,-0.84694941080252095,1.62863149688881,-1.2873266531167979,
0.67906330369522738,-0.60417579124918119,0.65326868613257905,-0.054835374304632756,0.0035050664714958752,-0.99653783996252798,0.062394949769354571,-0.11275511229945007,0.11209598211986184,0.39480843879800637,0.57786209795164156,-0.35402665067644307,-0.0017069795923698764,-0.19638764240996906,-0.0033577382119002182,0.027980067233647619,0.3468082185132163,-0.067151898850045924,0.0058205168869294548,-7.6784326210625891e-18,-0.21031531040921725,0.84064287490041223,-1.6086534903938885,-1.2813459573970958,-0.21031531040921725,-0.84064287490041223,1.6086534903938885,-1.2813459573970958,
0.67707930433777297,-0.60286373309032171,0.65288314821519466,-0.060638906056339203,0.003649012405776544,-0.99666228816851488,0.05453339457115567,-0.13985622316050728,0.12629186571329992,0.36444776646879584,0.62573561070224626,-0.36606709146707078,-0.0048517782092544117,-0.18888646217175678,0.0022179250507947503,0.037721838204864459,0.34761907940750097,-0.062657464933342608,0.0033460187624996607,6.1948754939521814e-18,-0.1926704915254093,0.83139120398023458,-1.5910182537632596,-1.2685436460727761,-0.1926704915254093,-0.83139120398023458,1.5910182537632596,-1.2685436460727761,
0.67530899394537758,-0.60240774455357826,0.65240921836293464,-0.066351806609211528,0.0035037018868735561,-0.99679614866400212,0.044526394884317172,-0.15818911543118588,0.12945019209513134,0.32088449335001007,0.6552241687224386,-0.37004383755943987,-0.0077326802614998769,-0.18438191184116176,0.0068744778786330538,0.051801246960853323,0.3529499238978403,-0.060208031662189312,0.0018291497279018583,-4.9518695914967101e-18,-0.17709654150676357,0.81960682569450527,-1.5766712093483111,-1.2486471825885452,-0.17709654150676357,-0.81960682569450527,1.5766712093483111,-1.2486471825885452,
0.67371319969184207,-0.6027225543972734,0.65191347553815471,-0.070973025353851568,0.0032750851031598466,-0.99690414079288803,0.033678443546015908,-0.16631715392325142,0.12343456443742526,0.27214776801644813,0.66741997090035599,-0.36893334740156536,-0.010825775643494564,-0.18347339144234812,0.010545666669447746,0.067791394094226659,0.36218536237904198,-0.060685260836402868,0.0012274694833091511,-8.9602839910610859e-18,-0.16503308508081058,0.8073633963947956,-1.566442002689473,-1.2248820656160206,-0.16503308508081058,-0.8073633963947956,1.566442002689473,-1.2248820656160206,
0.67207296301452857,-0.603410447401034,0.65143914776345324,-0.074201818705284098,0.0031240395392930676,-0.99696334499666672,0.023418352009540639,-0.16392298155709117,0.11267022718671101,0.23011944268958029,0.66579537270325828,-0.36564290327250543,-0.013351642895506114,-0.1853622273039251,0.0135812725089494,0.08271865996353811,0.37414812871287867,-0.064229209784679053,0.00097256743798090049,-1.1111554507582302e-17,-0.15691608010938249,0.79704289717270416,-1.5601212343348489,-1.2017942091861993,-0.15691608010938249,-0.79704289717270416,1.5601212343348489,-1.2017942091861993,
0.67009484125683838,-0.60394313304164882,0.65106706777214329,-0.076229867712348451,0.003024239331392742,-0.99696485093914222,0.015522475218800503,-0.15304457355192536,0.10228647249120806,0.20459174122323226,0.65582937801500141,-0.36261361381751189,-0.014761634417055993,-0.18780552591899075,0.016143362886811584,0.093211032869830623,0.38642194106527356,-0.070019951181964968,0.00027060839848754904,1.7504723792829231e-10,-0.1525228935843424,0.79198196486758565,-1.5561173925951584,-1.1863645114042709,-0.1525228935843424,-0.79198196486758565,1.5561173925951584,-1.1863645114042709,
0.66769786058313252,-0.6040332270916644,0.65087595038925405,-0.077372761436679191,0.0028852500173263142,-0.99693295352505706,0.011393739325014989,-0.13840480426852517,0.095343086625724813,0.19558669372191062,0.64346202535483421,-0.3610753649436691,-0.015658897438275934,-0.18869798842056368,0.01800671092658283,0.097116015533456987,0.39644260402148268,-0.076752694300116581,-0.0012058563083666826,1.6938808227018418e-09,-0.15176703830792487,0.79496948948628887,-1.5525522645827183,-1.1847479686769333,-0.15176703830792487,-0.79496948948628887,1.5525522645827183,-1.1847479686769333,
0.66505555482136081,-0.60373107987877028,0.65089971297414662,-0.077666650231756867,0.002715090081212066,-0.99690727929506873,0.011678879061475822,-0.12491399726729494,0.091840832708190212,0.19521589327688277,0.63231137682065897,-0.36088296920127799,-0.016760322949472224,-0.1873595667869358,0.018795317889353357,0.093855666326545933,0.40271721168556485,-0.083530245501112224,-0.003163003326299786,8.4491924867243999e-09,-0.15479493250977044,0.80713303220161126,-1.5478698151851429,-1.19976813907483,-0.15479493250977044,-0.80713303220161126,1.5478698151851429,-1.19976813907483,
0.66237689818275625,-0.6031318108948599,0.65113352511367439,-0.077029599002900045,0.0026162127381436744,-0.9968960650233708,0.016057143247789962,-0.11752495516991411,0.090580382053103259,0.19206654753971131,0.62566926029262215,-0.36191693389074198,-0.018550057732080953,-0.18390917966654985,0.01856415040530042,0.084112252908476612,0.40452775789834211,-0.089709177928392808,-0.0052539813392962972,2.8265298850651145e-08,-0.1598864437614009,0.8275780962968784,-1.539103195010237,-1.2303534675606538,-0.1598864437614009,-0.8275780962968784,1.539103195010237,-1.2303534675606538,
0.65968877325056452,-0.60224190681982059,0.65154304677542396,-0.075513383828390457,0.0026307590612396087,-0.99687612449821905,0.022995659915718277,-0.11831706244230408,0.090551976281442903,0.17979150527611465,0.6252721782183549,-0.36437567457651415,-0.021276523118776161,-0.17883843272985414,0.017922656823509867,0.070217169343966823,0.40232283421394388,-0.095135345609982769,-0.0074151648293814387,6.7444459906818203e-08,-0.1626405877670089,0.85259621701454469,-1.5226462837971186,-1.2704633220196979,-0.1626405877670089,-0.85259621701454469,1.5226462837971186,-1.2704633220196979,
0.65696649567465693,-0.60109278012855971,0.65206421463141218,-0.07343813241454708,0.002637776577237994,-0.99686781615399966,0.029230804958942598,-0.12761757766801982,0.090617570723208793,0.15742068726270919,0.63223938925375667,-0.36851886849572518,-0.024737003925397752,-0.17316063750398378,0.017821217906637623,0.05755422252272805,0.39780740388758196,-0.099864359267389749,-0.0096588733975776792,1.0719297685484179e-07,-0.15474323282148239,0.87230802102995741,-1.4946735019875623,-1.3052220521133027,-0.15474323282148239,-0.87230802102995741,1.4946735019875623,-1.3052220521133027,
0.65419219582189769,-0.59993702549978845,0.65258564694880805,-0.071399881769248497,0.0025511611130905197,-0.99694753486385979,0.031482712544911293,-0.14425258033907482,0.088482145607143736,0.12578927244737087,0.64663507375745966,-0.37433632745841877,-0.027580104192575713,-0.16803820347697057,0.018888054065253321,0.051872749058981399,0.39347967254342531,-0.10408245465282996,-0.011705285137564036,4.4038561035471514e-08,-0.12992462648577804,0.87562623105748261,-1.4544717291176343,-1.3183040657693217,-0.12992462648577804,-0.87562623105748261,1.4544717291176343,-1.3183040657693217,
0.65120935911557121,-0.59902730772880641,0.65296220922710591,-0.070152008989452216,0.0025685807369422945,-0.99712356838991634,0.028577742897252376,-0.16688958445882332,0.082187749067115456,0.085784592947219337,0.66905892211657503,-0.3820820935411347,-0.028082896715764836,-0.16380799319449951,0.021386385000482427,0.055487314952856956,0.39152274757623362,-0.10809995671366823,-0.013082806002326164,-4.3310880810916509e-07,-0.087753891237209877,0.85728160275445409,-1.4049866543900889,-1.3022303862209439,-0.087753891237209877,-0.85728160275445409,1.4049866543900889,-1.3022303862209439,
0.64800799837613454,-0.59793759232652111,0.65312830775251041,-0.070591916031792351,0.0026600519235096135,-0.99725993674090019,0.021961878022162578,-0.19360423057436443,0.075257668632449939,0.046370574760184302,0.70616749276989754,-0.39735114881510358,-0.027761685728280184,-0.15941949760171675,0.025432731484683353,0.066009698379140239,0.39222005514088099,-0.11128773742234965,-0.014409473940693947,-2.0444896753252306e-06,-0.033494430462103271,0.82007257867473915,-1.3531815904412985,-1.262032206093697,-0.033494430462103271,-0.82007257867473915,1.3531815904412985,-1.262032206093697,
0.64463331037086213,-0.59592107581863085,0.65315736282151327,-0.073101164626073856,0.0025121722265439191,-0.99721067639238281,0.014858519780329546,-0.21685306889339473,0.075573756601611752,0.021523395376518692,0.73961940574178775,-0.40671445767837755,-0.03156416722156561,-0.15307935881348556,0.030741361810825634,0.077570049796703136,0.39388577925979484,-0.11279868432547452,-0.017060587147087108,-6.1838196780259273e-06,0.025948767760995514,0.77305809300790729,-1.305256846998093,-1.2122475740931953,0.025948767760995514,-0.77305809300790729,1.305256846998093,-1.2122475740931953,
0.64120188762604735,-0.59301103683130796,0.65317454586679946,-0.077223832771948359,0.001838559035172933,-0.99694828715224959,0.011278834021312609,-0.25504578349931639,0.0884836800280005,0.021729138261670878,0.78194535823254319,-0.40803938656233318,-0.035843899904779729,-0.14369466986497639,0.035731186081439707,0.083137153669684105,0.39451359508674289,-0.11273100958282176,-0.021362041342994482,-1.5220484666429596e-05,0.083506560467494814,0.72967160683165366,-1.2655361281489681,-1.172694643887755,0.083506560467494814,-0.72967160683165366,1.2655361281489681,-1.172694643887755,
0.63780887735241065,-0.59028217358609969,0.65324478428336663,-0.081811942255049452,0.00072438250777334874,-0.9965579643227318,0.013360580802177915,-0.29047789354745901,0.11039152034267058,0.043523251424516358,0.81838182244838276,-0.40382871879601606,-0.03879972223956818,-0.13213045657640099,0.03840335034692987,0.079310367948293048,0.39374505625335177,-0.11261576912779823,-0.025862134284943022,-3.2759994561299916e-05,0.1351496524463725,0.69963822153844712,-1.2344183716396127,-1.1557315113170183,0.1351496524463725,-0.69963822153844712,1.2344183716396127,-1.1557315113170183,
0.63489152686963557,-0.58883285039423994,0.65369019561874597,-0.082814164130007445,-0.00056919190442613927,-0.99635108495101499,0.020639906902876627,-0.32403239270444728,0.1313111338743673,0.073717928027665719,0.84964800711308874,-0.40275809896646153,-0.036125273626239587,-0.12072241149503718,0.0377030261005568,0.067276041255482241,0.39202997613595492,-0.11913150686998043,-0.029042366328081087,-6.3694640736445716e-05,0.18031375734610369,0.68424487099857212,-1.2100208908747723,-1.1607205656788042,0.18031375734610369,-0.68424487099857212,1.2100208908747723,-1.1607205656788042,
0.63268685584848572,-0.5893502306265217,0.65404106383332883,-0.082802878001301441,-0.0014597477280331539,-0.99608030985244211,0.031073603838871366,-0.34945421751780315,0.14032510729570183,0.094286933246859467,0.86892982054653745,-0.40012436823107955,-0.026737644693256166,-0.11208190619187378,0.033699369906614277,0.050574701752987207,0.39084936923484526,-0.1261867641615779,-0.029028393231608291,-0.00011391579155634347,0.21892639372461387,0.67987252874294912,-1.1901062625300201,-1.1791480930623719,0.21892639372461387,-0.67987252874294912,1.1901062625300201,-1.1791480930623719,
0.63117566289151705,-0.59143438231109402,0.65412546850897557,-0.082814719232327,-0.0016108676322256921,-0.995655300891652,0.04253997167719184,-0.38979185109427195,0.13285931763551673,0.096467662255936601,0.90207613259727593,-0.40248276920181675,-0.0034270631860717697,-0.10703576954873648,0.027992655464141789,0.032472771877363651,0.39093470581095413,-0.13140048721130124,-0.026171064561866176,-0.00018965230922663088,0.25184493107761485,0.68190395807232895,-1.1732532774926452,-1.202330315469553,0.25184493107761485,-0.68190395807232895,1.1732532774926452,-1.202330315469553,
0.63021227318556405,-0.59365449143990157,0.65404210702049781,-0.082854270368105928,-0.0013225870190179715,-0.99515625183133893,0.052890973581005675,-0.43454141011956593,0.11302705986083697,0.084069793439957824,0.93761706225840857,-0.40499963132185701,0.025903131190303057,-0.10476337350471045,0.022919082587779069,0.016043052048793503,0.39139017357419159,-0.13431991260318318,-0.022939915489735004,-0.00029630518342294368,0.28083972502149496,0.6855229417133355,-1.1584547667964511,-1.2228748789304351,0.28083972502149496,-0.6855229417133355,1.1584547667964511,-1.2228748789304351,
0.62966788040035893,-0.59473249871091682,0.65398853998068474,-0.082883538731435114,-0.001285946545032535,-0.99469483605577425,0.060916733930953523,-0.46365305181478106,0.09046902128409548,0.068669244718794306,0.95794674345358377,-0.40355103567748302,0.048876087865943996,-0.10376623121439876,0.019776563207528967,0.0031040665659374015,0.39052567847480946,-0.13459511538629038,-0.021662471231276407,-0.00043693117746402145,0.30765513929502308,0.68751411746403424,-1.1450642803881577,-1.2372865860068847,0.30765513929502308,-0.68751411746403424,1.1450642803881577,-1.2372865860068847,
0.62936361972410282,-0.59464155635666427,0.65405678995156025,-0.082870608675911353,-0.0018041735835548549,-0.99434152135316101,0.066439040393775864,-0.49209678624698583,0.071644801091258647,0.058612488043282986,0.98146336493747244,-0.40453882248109341,0.069157070618520458,-0.10331182629847871,0.018238848522683825,-0.0056724909541006913,0.38791212787556467,-0.13257584091437841,-0.022453694564542263,-0.00060982781971692678,0.33233609573308809,0.68715278264144941,-1.1328777757672346,-1.2455794131998952,0.33233609573308809,-0.68715278264144941,1.1328777757672346,-1.2455794131998952,
0.62925816144935687,-0.59399505830355792,0.65433041689519633,-0.081737369075283936,-0.0027478716468727488,-0.9942116418878657,0.069675410531245319,-0.49866317984393194,0.058308950317173147,0.057021306266713249,0.98414144785667068,-0.40370837257060799,0.07959959912720431,-0.10337003476799997,0.017408583568042504,-0.010217574131813031,0.38404218572480636,-0.13099729808152155,-0.024179778966523617,-0.00080833224383051073,0.35423031060858501,0.68441767044960855,-1.1212750226591259,-1.2485874697597472,0.35423031060858501,-0.69941767044960856,1.1212750226591259,-1.2485874697597472,
0.62940237463740945,-0.59325725093535231,0.65480481167962523,-0.078789933293343675,-0.0038139996681171694,-0.99433426457416529,0.07125286037708245,-0.48893487393796431,0.048840864974419057,0.06210313113131842,0.96601138095837791,-0.39867702092410168,0.083084951144886912,-0.10418055593019238,0.016757830371005512,-0.011610386096436564,0.37957363556236778,-0.13173991814876876,-0.025950174066828702,-0.0010250736978238747,0.37316473708304954,0.67949222914603502,-1.1093123272428229,-1.2475286887877224,0.37316473708304954,-0.69449222914603503,1.1093123272428229,-1.2475286887877224,
0.62971311890211779,-0.59263163248273698,0.65524233789592912,-0.075762597671726009,-0.0047004152494276481,-0.99448876041929402,0.072319017486488071,-0.47381093165452703,0.041484838103322798,0.068721748900204521,0.93206079646895235,-0.38259663267048355,0.084080172820443055,-0.1054811215232998,0.016199733363292657,-0.012242551303796482,0.37520519450696577,-0.13230839278423295,-0.027410243471096309,-0.0012515278263059454,0.39011651982302276,0.67248069188187665,-1.0961253411767689,-1.2439181817292451,0.39011651982302276,-0.68748069188187666,1.0961253411767689,-1.2439181817292451,
0.6300095484312036,-0.59212392505130718,0.65555495186808199,-0.073072853137047741,-0.0051047708037110142,-0.99458759929809748,0.073687222582346598,-0.46200844846366607,0.034290153170970936,0.071210623764396339,0.88596743333355399,-0.3512253085528137,0.085157214143567916,-0.10670570556768913,0.016022282615915085,-0.013934503523055307,0.37146474873313917,-0.13293369125712559,-0.02846538101605757,-0.0014743306217075169,0.40639970479928123,0.66325918425802521,-1.0815398246565107,-1.2383623972082016,0.40639970479928123,-0.66325918425802521,1.0815398246565107,-1.2383623972082016,
0.63014672610882294,-0.5916673868453648,0.65571439227549988,-0.070993772574087788,-0.0049420441281955111,-0.99461221920302423,0.075379001502867041,-0.45244154837325556,0.02657315685952652,0.066847576921688717,0.83336801882988321,-0.3103694095151826,0.085631084406637581,-0.10743567959186479,0.016486125956666452,-0.016820002618243141,0.36858540504543896,-0.13367100995547895,-0.029162717302258733,-0.0016892401410899698,0.42210785961572583,0.65200121035256831,-1.0664448178764783,-1.2305249821799142,0.42210785961572583,-0.65200121035256831,1.0664448178764783,-1.2305249821799142,
0.63002141017389091,-0.59128267710189608,0.65573016403420781,-0.069637078867865146,-0.0042546433773021199,-0.994567223394899,0.077256801674958228,-0.43191710544797823,0.019146135752544154,0.056963249758621819,0.77657340432320376,-0.27288697617889623,0.081661823380623069,-0.10742292786906257,0.01753130140147172,-0.020407084759903445,0.36658477694254349,-0.1345158857018581,-0.029397484658981645,-0.0019259128656487017,0.43619436345814794,0.6395328024485798,-1.0522510033493773,-1.2203260270808998,0.43619436345814794,-0.6395328024485798,1.0522510033493773,-1.2203260270808998,
0.62960728936497179,-0.59106814706833111,0.65563121105246747,-0.068862149390919988,-0.0031280362691804122,-0.99446202550027196,0.079331580144717112,-0.40680058549916764,0.013235427079256092,0.044844306633851465,0.71746469432474436,-0.23596005979055792,0.07596342852846584,-0.10673713414143336,0.01892699562975857,-0.024323443434646722,0.36537030622338346,-0.13558530627565302,-0.029039857023334031,-0.0021532424222126777,0.44772273843341998,0.62703005575509352,-1.0398140349729417,-1.2083721291214502,0.44772273843341998,-0.62703005575509352,1.0398140349729417,-1.2083721291214502,
0.62888182004330151,-0.59110078421890511,0.65546606235116511,-0.068320542371047607,-0.0016981228672760477,-0.9943033136090883,0.081794501128381908,-0.37834576799727226,0.0092843157411182514,0.03208062374043797,0.65789725890652151,-0.20113638385348637,0.069036667692284392,-0.105509683475593,0.020332794646089149,-0.02866558724039291,0.36479129784653702,-0.13731016020764983,-0.028046337740278326,-0.0022249463085977353,0.45627998010170823,0.61617663620232599,-1.0297364778660543,-1.1961137545503477,0.45627998010170823,-0.61617663620232599,1.0297364778660543,-1.1961137545503477,
0.62784318862933264,-0.59135717664553533,0.65527324763454198,-0.067748135320356423,-0.00010204831970825508,-0.99407909962623509,0.084952477498002943,-0.34870458136153321,0.0066113469700052746,0.017579574791483053,0.60028184676351681,-0.16944421388130601,0.061354002532526625,-0.10382637576235176,0.021593191846492256,-0.034054186117384616,0.36455616444479189,-0.1398665179384414,-0.026646128916244089,-0.0021024262272778486,0.4625117247471211,0.60836636492672302,-1.02228165780969,-1.1854954540734721,0.4625117247471211,-0.60836636492672302,1.02228165780969,-1.1854954540734721,
0.62649931060852637,-0.59176160144606316,0.65505881741144123,-0.067208029671660049,0.0016123854462766962,-0.99376490114075267,0.08894831207806006,-0.31994480234863193,0.004389322575040812,-0.00041216454956522229,0.54737948929254077,-0.14169750163494518,0.053541426346827903,-0.10152994392509594,0.022856534191353663,-0.041062860117636435,0.36426220019405636,-0.14288016975848453,-0.02515234525242464,-0.002015117215970245,0.46750305536122616,0.60382529291472409,-1.0173946058513446,-1.1777290961601681,0.46750305536122616,-0.60382529291472409,1.0173946058513446,-1.1777290961601681,
0.62486253027862682,-0.59221734806755999,0.6548619966960787,-0.066635372587222838,0.0033250919614167124,-0.9933824607146623,0.09348774052298324,-0.29403275746175384,0.0022873597120420682,-0.021405376491780731,0.50241845205841174,-0.11955574224973133,0.046293469977261394,-0.098435977664421942,0.024106670592234151,-0.049282162560880034,0.36337388925181358,-0.1460943864400904,-0.023692505337532969,-0.0019790028246750471,0.47206451672686134,0.60249724514202541,-1.0147169691679951,-1.1735886800230459,0.47206451672686134,-0.60249724514202541,1.0147169691679951,-1.1735886800230459,
0.62292583001425017,-0.59264879559913108,0.6547588540058914,-0.065686501619574011,0.0047813298169730126,-0.99300253113652293,0.098022423692856964,-0.27185144193305266,0.0004808404766533984,-0.042932017978627432,0.46669899853798946,-0.10422373419706336,0.039711924183591193,-0.094533109722457681,0.025041466993809474,-0.05755235060379868,0.36158776067363191,-0.14985991274766464,-0.022281495196234825,-0.0016619959072708037,0.47638167133206066,0.60415793823563657,-1.0138699427722844,-1.1733267891004238,0.47638167133206066,-0.60415793823563657,1.0138699427722844,-1.1733267891004238,
0.62069876072982644,-0.59298463865210738,0.65481948042684468,-0.06394530824419721,0.0055748526763777437,-0.99270120236738102,0.10209917428435689,-0.25461564953790378,-0.00092976674766932549,-0.061119302607843942,0.44017933989334768,-0.09543825563103403,0.033935616165910315,-0.090679054516830018,0.025194490849758683,-0.064856758868226311,0.35916432862844616,-0.15447054346729033,-0.021240263470900245,-0.0013027908800105595,0.48029164678785063,0.60833140651666551,-1.0155823562800135,-1.1770789167523814,0.48029164678785063,-0.60833140651666551,1.0155823562800135,-1.1770789167523814,
0.61827446175778511,-0.59318470590521288,0.65504752679645717,-0.061449335345479673,0.0054628613763923932,-0.9924809680917297,0.10571501457637796,-0.24235608501595304,-0.0021002044239606913,-0.073442494678387121,0.42135407134950531,-0.091586138543908277,0.029035495928980522,-0.087368647992623394,0.024267604110596572,-0.071067177290870601,0.3567696957992621,-0.16005548796719715,-0.020820587024019326,-0.00094792099260076123,0.48378696316757602,0.61464565990275866,-1.020355382569512,-1.1844001707798668,0.48378696316757602,-0.61464565990275866,1.020355382569512,-1.1844001707798668,
0.6157840633477305,-0.5932773635381996,0.6553674050234356,-0.058752511800414714,0.0044520726119904978,-0.99228323773656324,0.10909765127463933,-0.23436704027562577,-0.0031120396507285037,-0.078979037365330851,0.40896908129920567,-0.090914590973630027,0.025059716378547512,-0.084903499977909802,0.022212467042850341,-0.076705568637372601,0.35559854366461108,-0.16643552849007007,-0.021097118517872233,-0.00064340214625250485,0.4869539190572183,0.62283394762098654,-1.0284617973302501,-1.1944438523201606,0.4869539190572183,-0.62283394762098654,1.0284617973302501,-1.1944438523201606,
0.61339237892856269,-0.59339064780453887,0.65562241417408906,-0.056809838961799912,0.0027763036271326812,-0.99207766144354281,0.11201271356420028,-0.22907533415032244,-0.0037205324643444595,-0.076567230746906953,0.40167797666523719,-0.091570686959787803,0.02235549171252206,-0.08411907087910947,0.019320029110786199,-0.082013216090978364,0.35817768965598296,-0.17351965647048473,-0.022112171903118469,-0.00054301978095883986,0.49057012394805605,0.63135811452185164,-1.0393499240227941,-1.2049670013227178,0.49057012394805605,-0.63135811452185164,1.0393499240227941,-1.2049670013227178,
0.6111438639957707,-0.59368122266938594,0.65565944702649681,-0.056319203187697703,0.00069213838827811205,-0.99190728003562967,0.11378759206993258,-0.22467049004458103,-0.0036982552611420439,-0.065624184101192556,0.39808507326885917,-0.09234165009186554,0.021181397327043848,-0.08624175725435107,0.01579780297270365,-0.086538862887814288,0.36744160043153834,-0.18180291278512822,-0.023789330736743528,-0.00082024211611360343,0.4954629892537451,0.63836381564409095,-1.0519858870095584,-1.2135052227444925,0.4954629892537451,-0.63836381564409095,1.0519858870095584,-1.2135052227444925,
0.60894320732128737,-0.59425307011249062,0.65533486891365134,-0.057526071611628142,-0.0017738752885913308,-0.99181432178460427,0.11398225982291975,-0.21875054817493239,-0.0037412524095320615,-0.049977041622680317,0.39622500598697652,-0.092667260369594898,0.020881837896623106,-0.09261585213851796,0.011465036014434641,-0.089627581574491744,0.38671185298820715,-0.19297288164277496,-0.026135817989955613,-0.0010073499928715123,0.50219596462348803,0.64347153445838079,-1.0640772723497449,-1.2195113572075797,0.50219596462348803,-0.64347153445838079,1.0640772723497449,-1.2195113572075797,
0.60667282398436317,-0.59508174439000783,0.65456309182788763,-0.060096630864353739,-0.0047380486074061149,-0.9917592152817194,0.11304691396909418,-0.21076921779454885,-0.005154346180612948,-0.03674272680295268,0.39471805039186247,-0.092072881840248685,0.020248732202694814,-0.10382831521026886,0.0060531918875989738,-0.091642663571634239,0.41673111811833569,-0.20799976951764176,-0.029366045848808982,-0.0009997250880675471,0.51040197105372798,0.647682284603466,-1.0738725544128913,-1.2247435017576114,0.51040197105372798,-0.647682284603466,1.0738725544128913,-1.2247435017576114,
0.60434631726731514,-0.59606529745916381,0.65330197867483553,-0.063635143296641189,-0.0081663344410540621,-0.99160736210393974,0.11224401516641815,-0.20199858343907176,-0.0087753287236851229,-0.031305285743274902,0.39382302241040745,-0.09046539071268013,0.018710787805006093,-0.11901839645162356,-0.00056514646284062193,-0.094257966399528104,0.45522861619939259,-0.22625177068802454,-0.033502277000939273,-0.00088547641827986827,0.51923868312681432,0.65256287777775634,-1.0805988442891186,-1.2316473156748584,0.51923868312681432,-0.65256287777775634,1.0805988442891186,-1.2316473156748584,
0.60211413131021863,-0.59707873741627937,0.65177875497320925,-0.067952491975094176,-0.011650124328122822,-0.99114740307856419,0.11346170635122772,-0.19373722438191407,-0.01445820877681263,-0.03602235579052538,0.39374269494368347,-0.087481301671171657,0.016547989442937231,-0.13569437270663121,-0.0081733701906325611,-0.09998160705840653,0.4972228647426068,-0.2453348606816618,-0.038037964191641294,-0.00073052793183697165,0.52767801876018017,0.65958363491764116,-1.0840679492432252,-1.2421072354267269,0.52767801876018017,-0.65958363491764116,1.0840679492432252,-1.2421072354267269,
0.60007082766010245,-0.59802636016617794,0.65104872115258183,-0.0729703389962785,-0.014738656144645134,-0.99023354744169823,0.11787969783999289,-0.18631482831443552,-0.021234853347040658,-0.049271971504251007,0.39419180086276145,-0.082896945987913292,0.014334774947267388,-0.15157718729233088,-0.016379837594179644,-0.11025372364605054,0.53832866785731504,-0.26292915246088472,-0.042452734298743744,-0.00059277802094701449,0.53495817676738699,0.66949643980197659,-1.0852016984293931,-1.2566808557517759,0.53495817676738699,-0.66949643980197659,1.0852016984293931,-1.2566808557517759,
0.59813101761739051,-0.59881675878018958,0.65039682990305792,-0.078307582552542263,-0.017119022519899354,-0.98888722538588192,0.12520749598706907,-0.17952143784540986,-0.027587402138917205,-0.066385079438520775,0.39477193336210853,-0.077410123754969876,0.012433671761660369,-0.16509398518821411,-0.024647936869650729,-0.12452895302477417,0.57502132735425993,-0.27749384051924619,-0.046304306700464079,-0.00047279126669894252,0.5400290583025753,0.68206671574067446,-1.0864696456474388,-1.2740389978332762,0.5400290583025753,-0.68206671574067446,1.0864696456474388,-1.2740389978332762,
0.59609974891669082,-0.59939017227032321,0.6502511266376193,-0.081058980232885408,-0.018533110273262161,-0.98751472536815521,0.13379324619823196,-0.17305809362041688,-0.032582786687489818,-0.082495907305625615,0.39506073593077601,-0.076794598157531271,0.010944085326129727,-0.17636132439133453,-0.032358316590240514,-0.14021586967497776,0.60622223025757416,-0.29354242272345998,-0.048649608868165106,-0.00036653756492825609,0.54198412475371649,0.69604511587874396,-1.0903216609191326,-1.2915357358613018,0.54198412475371649,-0.69604511587874396,1.0903216609191326,-1.2915357358613018,
0.59385898853679597,-0.59973669646572103,0.65058879837384065,-0.080896853500917285,-0.019249017247080322,-0.98639651993108968,0.14179943545906082,-0.16682946490441289,-0.035928621280498216,-0.094964384829564069,0.39465827039809614,-0.081410412342108551,0.0096750502196045404,-0.18677783140398929,-0.039293937818394187,-0.15391146679916037,0.63289535308981348,-0.31147590369410671,-0.049468692595303697,-0.00027521023033687161,0.54031819242966761,0.70965467475335353,-1.0979089081193594,-1.3060839733852498,0.54031819242966761,-0.70965467475335353,1.0979089081193594,-1.3060839733852498,
0.59141254725159453,-0.59991391123522009,0.65085121406613389,-0.080731118257098819,-0.020068316035587532,-0.98555485241524332,0.14751739598170149,-0.16108123298859373,-0.037508952873776362,-0.1015161369598806,0.39355785510058738,-0.085143316414034095,0.0081141721654630107,-0.19804785561578564,-0.045524797115140736,-0.16190049816098098,0.65640002385016338,-0.32552219548903455,-0.050236397916748082,-0.00019906732637415284,0.53514388459189444,0.720467558049391,-1.110059202476636,-1.3135542840162779,0.53514388459189444,-0.720467558049391,1.110059202476636,-1.3135542840162779,
0.58882001024291153,-0.60005222030016991,0.6509889212187604,-0.080535195170250776,-0.021209364269152767,-0.98512827274029657,0.15028816138973833,-0.15581343255668481,-0.037845722378346595,-0.10113423076497226,0.39231379222291773,-0.088535428081608164,0.006414554092706414,-0.21087499274663099,-0.050854542778177844,-0.16206074074853191,0.67787874785901292,-0.33637800364806492,-0.051034278149060079,-0.00013769026281664723,0.52765171956572277,0.72674267253455804,-1.1273560806736254,-1.310902609884637,0.52765171956572277,-0.72674267253455804,1.1273560806736254,-1.310902609884637,
0.58610567852339768,-0.60034033514062324,0.65100558993516966,-0.080309342732447567,-0.022691029905858823,-0.98510341233457543,0.15035555739136924,-0.15064132882635448,-0.038017613709062224,-0.09555997958440117,0.39226081097611465,-0.093115532844354476,0.0049703565293141875,-0.22397086924718562,-0.054891697279950094,-0.15408074021080329,0.69761895951058228,-0.34542982463833199,-0.051493185785930505,-9.0167976297623873e-05,0.52041210302350538,0.72790368200226496,-1.1496740162756331,-1.2973089427844031,0.52041210302350538,-0.72790368200226496,1.1496740162756331,-1.2973089427844031,
0.58326998585356393,-0.60090449134934021,0.65095515822813221,-0.080082860027453281,-0.024313869066059351,-0.98532694382788577,0.14874940358757854,-0.14501629572028141,-0.038995384148585138,-0.088750038132112491,0.39460380112334592,-0.10042338331978082,0.004029869423922949,-0.23449304218562128,-0.057139588757046819,-0.14003240886444593,0.71468113090513508,-0.35399652904543433,-0.051138889699657436,-5.5641108358424899e-05,0.51614377560900015,0.72527788593583098,-1.175155545567641,-1.2759440509119746,0.51614377560900015,-0.72527788593583098,1.175155545567641,-1.2759440509119746,
0.58035374598498202,-0.60177152488510499,0.65089044412903618,-0.079899217413075971,-0.02574816733675752,-0.98564134300139306,0.14650696195739929,-0.13890888559802633,-0.040915479212023417,-0.083656037939585828,0.39959584772694645,-0.11070941647015552,0.0036997107665420873,-0.2397991836593612,-0.057414587434339484,-0.12372098750405464,0.72727174939275341,-0.36233336200553573,-0.049826288090782357,-3.3259875087964488e-05,0.51578872843535206,0.72117957697988411,-1.2006250829801062,-1.2520668922380067,0.51578872843535206,-0.72117957697988411,1.2006250829801062,-1.2520668922380067,
0.57748930726731618,-0.60290526626011354,0.65084446786080929,-0.079802258146834448,-0.026609956876889964,-0.98592111641052271,0.1445097297952796,-0.13309950726700986,-0.043247904406809277,-0.081255135041848406,0.40671694986960399,-0.12280608946826603,0.0041931324170885265,-0.23857717645813845,-0.056187348661755086,-0.11045199003563784,0.73424031705282022,-0.37029494812315461,-0.047887850124135843,-2.2183708470459993e-05,0.51813066749792436,0.71815257771051921,-1.2221593095439074,-1.23133019093282,0.51813066749792436,-0.71815257771051921,1.2221593095439074,-1.23133019093282,
0.5747957721356125,-0.60421851205197952,0.65081431146863922,-0.07981167254677865,-0.026691939343753631,-0.98612057287281396,0.14312181195173715,-0.12875663804844734,-0.045287696565435569,-0.080562886770401632,0.41531043904655496,-0.13507367393159692,0.0056889678715120323,-0.23170000850391717,-0.054251667454194033,-0.10368822063351621,0.73602480096738554,-0.37761508728871229,-0.045774454643739908,-2.2016998988475056e-05,0.52046483835644664,0.71731665265540467,-1.2383029590200836,-1.2155336392630713,0.52046483835644664,-0.71731665265540467,1.2383029590200836,-1.2155336392630713,
0.57234930459367162,-0.60556812300791174,0.65077434991640348,-0.079918674477653967,-0.026039899084920923,-0.98625675091238219,0.14224116986700197,-0.12680538976039546,-0.046463061261507996,-0.079886653416036429,0.42480731482018547,-0.14617254385393325,0.0080566077145526362,-0.22168659728961637,-0.052283374197061208,-0.10370936645330406,0.73442247098538826,-0.38406230670858987,-0.043767057277945998,-3.3180708191508926e-05,0.52027326517051198,0.71789363452729638,-1.25066815566404,-1.2025332421117598,0.52027326517051198,-0.71789363452729638,1.25066815566404,-1.2025332421117598,
0.57015752069518499,-0.60682953775328574,0.65068578549650835,-0.08007450572100118,-0.025021360215172934,-0.98637302219061318,0.14152832282294656,-0.12713928941201233,-0.046797533026539349,-0.078189031639413181,0.4346190062664701,-0.15563437583012504,0.010797726750610036,-0.21144709472388326,-0.050660742249416975,-0.10764420590408255,0.73177825877559555,-0.38964001769898698,-0.041988977862238215,-5.6960774675906482e-05,0.5169845105438331,0.71790077920660145,-1.2623523472254732,-1.1886678705140332,0.5169845105438331,-0.71790077920660145,1.2623523472254732,-1.1886678705140332,
0.56820800341629818,-0.60795281419951941,0.65052360452230151,-0.080225469858767884,-0.024047002150295625,-0.98651629994863621,0.14061011915639696,-0.12890191678385146,-0.046727682060870947,-0.075466574673090286,0.44423950212615454,-0.16370358638057325,0.013401306862565188,-0.20276032798811444,-0.049415593580499788,-0.11208171014589094,0.72955964382841754,-0.39440376437760621,-0.040540902109044409,-9.5016648979936603e-05,0.51208422147821631,0.71528412964486854,-1.2752202702424098,-1.1713496573831925,0.51208422147821631,-0.71528412964486854,1.2752202702424098,-1.1713496573831925,
0.56649385682757125,-0.60893596730486022,0.65031054673927635,-0.080342011522701678,-0.023360905848000407,-0.98674203424309181,0.13906684407238157,-0.1308148491114553,-0.046570256014678367,-0.07175804333772115,0.45281852626953456,-0.1706448564365696,0.015532056755554191,-0.19676355105390816,-0.048544437976961459,-0.11482316705823162,0.728804589222112,-0.39848920586547032,-0.039552031701990523,-0.000148463904954659,0.5080717539367523,0.70875530400567466,-1.289589891608607,-1.1497756631281031,0.5080717539367523,-0.70875530400567466,1.289589891608607,-1.1497756631281031,
0.56496446082812057,-0.60983246569226568,0.65009794693615164,-0.080434039126959511,-0.022922480336148188,-0.98709479145869528,0.13656060163926001,-0.13201676936585047,-0.046303886781254432,-0.066768211860512877,0.4597673890989199,-0.17662897909974495,0.017223131870520537,-0.193488191701742,-0.048094806004192241,-0.11615101837862987,0.72976200190197926,-0.40211370101833055,-0.039070248813687307,-0.00021678377977469955,0.50659838811387059,0.69862798403963555,-1.3050406213959167,-1.1248515778743635,0.50659838811387059,-0.69862798403963555,1.3050406213959167,-1.1248515778743635,
0.56350124646849975,-0.6107190284361429,0.64992209610179918,-0.080515522129416303,-0.0226413573773947,-0.98757624053212134,0.13303303638111219,-0.13212078989045797,-0.045831082731633888,-0.060047083637341958,0.46488518826114883,-0.18180181452966163,0.018642687563361217,-0.19245761994536106,-0.048207678106218205,-0.11731545560218068,0.73229659920769874,-0.40552204684048498,-0.039076239725235752,-0.00029690507407112779,0.50738170881932421,0.68695053413170282,-1.3214210354383191,-1.0986479927805237,0.50738170881932421,-0.68695053413170282,1.3214210354383191,-1.0986479927805237,
0.56199464485250794,-0.61161254758756134,0.64979339081563758,-0.080593870108279772,-0.022437355375247311,-0.98812756086456277,0.12886084216931229,-0.13128016002421883,-0.044997267811744526,-0.05148485030524394,0.46842226514651042,-0.1862835789097998,0.01988943170813836,-0.19301117455272754,-0.048769144649487395,-0.11876716578688681,0.73587254525938728,-0.40869816522307606,-0.039430213410687726,-0.00038282578316316046,0.50861440045380157,0.67594606140985447,-1.3386326376023154,-1.0727445071797383,0.50861440045380157,-0.67594606140985447,1.3386326376023154,-1.0727445071797383,
0.56046479589765441,-0.6124795691721292,0.6497164134308292,-0.080669064508689312,-0.022268927930133599,-0.98867704634923781,0.12455639245852675,-0.12978351523108822,-0.043640060995447046,-0.041117346269180857,0.47053917421036662,-0.18998126435911383,0.020966187944396551,-0.19524852943832965,-0.049613732776617368,-0.11939806515665531,0.74046092913431161,-0.41147405779307361,-0.039800338502267212,-0.00046602864335639345,0.50868384002363309,0.6669027886450174,-1.3556587387941623,-1.0485297913813914,0.50868384002363309,-0.6669027886450174,1.3556587387941623,-1.0485297913813914,
0.55907793143323881,-0.61336768309468215,0.6496933415664633,-0.080734822433568082,-0.022148141975122371,-0.9891723165836751,0.12053827756424859,-0.12768910466432387,-0.041996154805280031,-0.029250413849845867,0.47124252777860121,-0.1928223944077104,0.022040780462907826,-0.20028919417004454,-0.050853137225993363,-0.1168463055895157,0.74717029330767903,-0.41393897280445896,-0.03957425762564077,-0.00053671412485438051,0.50680000112751156,0.66143617045715608,-1.3697488391323183,-1.0298558720050675,0.50680000112751156,-0.66143617045715608,1.3697488391323183,-1.0298558720050675,
0.55798960884871363,-0.61440843806933465,0.64971225099880048,-0.080779947878971414,-0.022167490203577927,-0.98960912057788808,0.11686312877808834,-0.1247185095211352,-0.040759402257880196,-0.016631947364901922,0.47054474624191417,-0.19501464264621651,0.023342994086633637,-0.20981815754970926,-0.052367191065167462,-0.10841915340844291,0.75817069238458434,-0.4168500589632585,-0.038555165257837774,-0.00058561160981658155,0.50295441438869826,0.66131094216498387,-1.3784858714532693,-1.0215927498998458,0.50295441438869826,-0.66131094216498387,1.3784858714532693,-1.0215927498998458,
0.55718261689616333,-0.61573446332101811,0.64978165713371483,-0.080805569202498068,-0.02235660522370659,-0.9900188965200083,0.11328383257127561,-0.12006340601492813,-0.04073814473333183,-0.0049862441564106196,0.46833804544509805,-0.19710890385521543,0.024961594546884472,-0.22583810246195768,-0.05381846445634391,-0.093284267995499659,0.77755364790721471,-0.42270304897385907,-0.037229579402976679,-0.00060590153807407135,0.49703213084827147,0.66830242930609707,-1.381097405555624,-1.0283858025527821,0.49703213084827147,-0.66830242930609707,1.381097405555624,-1.0283858025527821,
0.55646727515320804,-0.61737243080425741,0.64991724727279476,-0.080827011554847061,-0.022630709749996952,-0.99043823038994894,0.10948496226126508,-0.11314090752490709,-0.042248680380075121,0.0039416734792771819,0.46464689567173972,-0.1996233678852106,0.026766268592294546,-0.24882580554111339,-0.055074821355137887,-0.07404152944302686,0.8079823682894498,-0.4338475462706391,-0.036327549328901053,-0.00059470564437777624,0.48883381232556722,0.68231353237749226,-1.3792631805814362,-1.0502193931125001,0.48883381232556722,-0.68231353237749226,1.3792631805814362,-1.0502193931125001,
0.55564374607581979,-0.61923511989512159,0.65014389275890083,-0.080878547646849208,-0.022716761633565757,-0.99090003021280204,0.10516529558598726,-0.10409627171626985,-0.044751881423625614,0.0098279812406705577,0.45964090557210824,-0.20263802049100629,0.028694230737574392,-0.27755195414324785,-0.056803572719518983,-0.056000624291949401,0.84867208762179402,-0.45054253004609812,-0.036168006405177533,-0.00055373032273069796,0.4778353209445152,0.70135610949172367,-1.3754992725952548,-1.0825123935458942,0.4778353209445152,-0.70135610949172367,1.3754992725952548,-1.0825123935458942,
0.55455247322727763,-0.62107555958804606,0.65051742286160008,-0.081017448433213693,-0.022064969249723992,-0.99143602811734588,0.10001955974848968,-0.093781954309221593,-0.04671712429915207,0.013847500058149215,0.45363354183885063,-0.20580344893032823,0.03077422683708286,-0.30335553853315061,-0.06034664833707068,-0.046064517282175359,0.8948281235369121,-0.47507392590013542,-0.035166748416167362,-0.00048886642200076953,0.4632018153714903,0.72183015056087751,-1.3723941009826555,-1.1170842500620615,0.4632018153714903,-0.72183015056087751,1.3723941009826555,-1.1170842500620615,
0.5531431780381908,-0.6226376840179747,0.65110034416225093,-0.081274126011059919,-0.020236233495571011,-0.99204832664449882,0.093942157186754943,-0.082777279222275735,-0.046579856289101065,0.017980392579613067,0.44658572456053702,-0.20864339762364456,0.032931034169809054,-0.34318348278248845,-0.066661026820677996,-0.049392585892756857,0.94789478489125134,-0.49506521492019639,-0.039011992950559488,-0.00040885876240244218,0.44436757257423343,0.74147055226015457,-1.3710356894670324,-1.1486197739414044,0.44436757257423343,-0.74147055226015457,1.3710356894670324,-1.1486197739414044,
0.55152370499691239,-0.62368414187328858,0.65190761548872744,-0.081618304318644391,-0.017223082517821522,-0.99266325076222339,0.087529928681043742,-0.071345355010412684,-0.043488295536319811,0.024005131275307595,0.43826636722372325,-0.21071515769360274,0.03486131079012833,-0.37628640525522933,-0.076145646158456065,-0.066479727671069591,0.97359766445784879,-0.49306912502200484,-0.043187463805414397,-0.00032345302468621891,0.42129133089360449,0.76074438194240468,-1.3711332094682684,-1.1778483918808655,0.42129133089360449,-0.76074438194240468,1.3711332094682684,-1.1778483918808655,
0.54987869081535434,-0.62412985873413462,0.65284742769661275,-0.081965152420465773,-0.013673695140020647,-0.9931674121448365,0.081934335314543222,-0.059844393684152453,-0.038052435997279678,0.031992267541758566,0.42867417573530875,-0.21162119739534049,0.036035252785888761,-0.40072011107007532,-0.087052160201219364,-0.091817656175280871,0.98745321516829387,-0.48603928343538011,-0.047578016899413683,-0.00024154684023012423,0.39472129009837881,0.78196460301929827,-1.3716921595762037,-1.2100766332353503,0.39472129009837881,-0.78196460301929827,1.3716921595762037,-1.2100766332353503,
0.54836955195732673,-0.624030860924637,0.65377606598434013,-0.082243349393851209,-0.010444413898954251,-0.99348032966695443,0.07825458621466129,-0.048976469983875955,-0.031821311514027964,0.04003865076424646,0.41833139711889977,-0.21112867929145862,0.036069189361024614,-0.41657081715461974,-0.096822965605809774,-0.11769447532977119,1.0000757036834467,-0.48461441866329674,-0.051784018676457315,-0.0001697890301436961,0.36559540545889924,0.80685201732618195,-1.3719289452117849,-1.2499235192939819,0.36559540545889924,-0.80685201732618195,1.3719289452117849,-1.2499235192939819,
0.54713061258148799,-0.62356361913833913,0.65453275981959103,-0.082417978067436087,-0.0082425103583641489,-0.99358028257659625,0.077055564297972501,-0.040069435413553289,-0.026551754936920392,0.045754256984770175,0.40864017786162771,-0.20938517136401844,0.035080004256730177,-0.42488361209618658,-0.10282239816777251,-0.13653303609777026,1.0119354872891069,-0.48878777065475237,-0.055178223509608458,-0.00011190661702343581,0.33521349716405452,0.83466054505249399,-1.3717087289952137,-1.2973698577705381,0.33521349716405452,-0.83466054505249399,1.3717087289952137,-1.2973698577705381,
0.54620608350121447,-0.62292455819700265,0.65505290427224161,-0.082503806655414319,-0.0071249845714812564,-0.99352024087272683,0.077845278973237564,-0.034067659320353806,-0.023005486248678909,0.048375579771311489,0.40090190417541494,-0.20690361739931076,0.033674791606252107,-0.4267680127555592,-0.10372930278917776,-0.14481991849458892,1.0233155622037526,-0.49814385799147903,-0.057083790369080782,-6.8792182238698173e-05,0.30431367873453363,0.86267830110327304,-1.3715334121559906,-1.3481504804726447,0.30431367873453363,-0.86267830110327304,1.3715334121559906,-1.3481504804726447,
0.54552816464229881,-0.62228948573707732,0.65536814781280273,-0.082532478472315179,-0.0067538059804320366,-0.99339414834091333,0.079440809059495118,-0.030947549424070287,-0.021139538065919866,0.048260283503136561,0.39536217651832112,-0.20402649337515752,0.032411824238883419,-0.4227386427860963,-0.10015628470556677,-0.14326123150696093,1.03430583951611,-0.5122297545332628,-0.05684356406862473,-3.9151657415562423e-05,0.27339979817796944,0.88730239666015887,-1.3724284160705591,-1.3962909486399389,0.27339979817796944,-0.88730239666015887,1.3724284160705591,-1.3962909486399389,
0.54497361460277771,-0.62174085534765511,0.65557719349310428,-0.082536967644095502,-0.0066968864919888602,-0.99329062186825579,0.080725096419915959,-0.029423725660776664,-0.020301203395354756,0.046678119843635443,0.39094847586368042,-0.20085853155024888,0.031414924648785203,-0.42985449346487092,-0.093913899660916067,-0.13637928398571308,1.034849325227468,-0.50744553977416518,-0.061211784579290905,-2.0407102915070986e-05,0.24320952382207633,0.90629859920421185,-1.375072530511313,-1.4378442680861316,0.24320952382207633,-0.90629859920421185,1.375072530511313,-1.4378442680861316,
0.54446142821521581,-0.62126313167261871,0.65576220693950327,-0.082533498653234491,-0.0067395473847598414,-0.99323339051675752,0.081426236949103614,-0.02824851013633068,-0.019859878577133228,0.044739088160108284,0.38638395992649444,-0.19723076675203502,0.030494546058058795,-0.42724751407908057,-0.088069644931063812,-0.12930299728899725,1.0064238120164535,-0.48126800007182263,-0.061637851309007563,-9.576239760461628e-06,0.21436967919081684,0.9195049369477506,-1.379610714325783,-1.4720832219538718,0.21436967919081684,-0.9195049369477506,1.379610714325783,-1.4720832219538718,
0.54394753563105458,-0.62086072529026481,0.65595338322444885,-0.08252607605519155,-0.0068299070044447836,-0.9932095041571285,0.08171707283789903,-0.027033288021945805,-0.019581883923288215,0.04303044023835554,0.38111416687119493,-0.19293932932917396,0.029613192980598103,-0.42010137893593952,-0.084333693346410082,-0.12593595711911465,0.97797131992219766,-0.45866156819987752,-0.060606464315587506,-3.9254436501145988e-06,0.18684950697478145,0.92798034645322336,-1.3862180084471032,-1.4995310690976993,0.18684950697478145,-0.92798034645322336,1.3862180084471032,-1.4995310690976993,
0.54340643611543338,-0.62055356509567949,0.65612383224518889,-0.082510516317676461,-0.0070186328499394213,-0.99319696989872186,0.081868995803696665,-0.026296684334894987,-0.019658822525848781,0.041287107368452557,0.3756426273707234,-0.18803738720394858,0.028918181966724122,-0.40853906498412185,-0.082663361907431274,-0.12656302151646148,0.94300265733775723,-0.4331206805044463,-0.058401450553315075,-1.3178050487186007e-06,0.15945564806918933,0.93350532006538167,-1.3951024794786884,-1.5216574219993935,0.15945564806918933,-0.93350532006538167,1.3951024794786884,-1.5216574219993935,
0.54278449074712687,-0.62034431626587594,0.65622407135531802,-0.082486158669717868,-0.0073162614214492038,-0.99322237787907064,0.08155865390608058,-0.026678356112270742,-0.020183222785341473,0.039929739293695296,0.37110641192196958,-0.18312114289761602,0.028581244796727471,-0.39304006062407032,-0.080902450851868854,-0.12773368162071883,0.90112316032786099,-0.40393698813829965,-0.055434573850545357,-2.9462015500796873e-07,0.1311146845102894,0.93820520283268827,-1.405622307046867,-1.5401302881145944,0.1311146845102894,-0.93820520283268827,1.405622307046867,-1.5401302881145944,
0.54204467157775205,-0.62022691027973187,0.65623689214171188,-0.082460329324230544,-0.0076478008413302838,-0.99333985332501529,0.080110804678695441,-0.02807919064986384,-0.020929603669545445,0.040542817234182765,0.36810888423698945,-0.17891540781870843,0.028701529040344662,-0.37450990472660678,-0.076673403404586463,-0.12492559665019491,0.85294581372636269,-0.37104367588321063,-0.052036519065319621,1.4990210592384838e-08,0.10267419908365714,0.94339072317375217,-1.4158799908875683,-1.5562337353813656,0.10267419908365714,-0.94339072317375217,1.4158799908875683,-1.5562337353813656,
0.54120108455082239,-0.62020615319516037,0.65618347792977283,-0.08244203365327292,-0.0079316616214125113,-0.99359080686625356,0.076926642601269024,-0.029803650558154621,-0.021555564373708019,0.045081170841952602,0.36627579024254009,-0.17569122579091564,0.029298147018050304,-0.3537940984548692,-0.069107418121756886,-0.11521892826489716,0.80000968052643984,-0.33528946304003593,-0.048208577692655852,6.1282724396237366e-08,0.077283754706844218,0.94879457337719653,-1.4233037478848911,-1.5700021513446587,0.077283754706844218,-0.94879457337719653,1.4233037478848911,-1.5700021513446587,
0.54027517962303473,-0.62028473918644911,0.65610621795928536,-0.082440470669807295,-0.0080814389337627284,-0.9939759022961443,0.071764648644484647,-0.031071257524456785,-0.021761946401410503,0.05402858320997353,0.36485684303784177,-0.17338169298329878,0.030216045547764869,-0.33195578205472126,-0.059108903265013384,-0.098186866875175055,0.74514877059971552,-0.29852817732708697,-0.043682149521431568,4.0149916655285472e-08,0.058463001129899744,0.95365882995961304,-1.4250191925111413,-1.5807856547737447,0.058463001129899744,-0.95365882995961304,1.4250191925111413,-1.5807856547737447,
0.53924005874628089,-0.62043675062566594,0.65603803491266477,-0.082460890135626533,-0.0080274913132184506,-0.99444943926557572,0.064854249865668623,-0.031785617150723561,-0.021405335991122272,0.066249951290623055,0.36342993623836978,-0.17161632509386071,0.031262337731486546,-0.30963673423531585,-0.048483034952329689,-0.076424770607583264,0.69035146276351267,-0.2621323729221825,-0.038418354340451842,1.7534368933712696e-08,0.047046385180955025,0.95761598334492493,-1.420064760621345,-1.5882116225651091,0.047046385180955025,-0.95761598334492493,1.420064760621345,-1.5882116225651091,
0.53800025558667586,-0.62059578649291824,0.65600869890158431,-0.08250621747248417,-0.0076622197720362939,-0.99494566952104169,0.056719742311422724,-0.03225625532971968,-0.020393327388881829,0.080242664192509153,0.36183525341444644,-0.16993523649625408,0.032397196325076878,-0.287158462122519,-0.039167287796733313,-0.055550401450743095,0.63728820637998596,-0.22754404149315721,-0.032963101484470736,5.6139533693352573e-09,0.041184484083091534,0.96065546586647699,-1.4104116099957411,-1.5922439079407487,0.041184484083091534,-0.96065546586647699,1.4104116099957411,-1.5922439079407487,
0.53647517897523944,-0.62069118291181291,0.65603296982594639,-0.08257176961534958,-0.0069081509230496854,-0.99540620906857558,0.047965188013197838,-0.032796230094126556,-0.018728225967146156,0.094939814669507863,0.36017768251923665,-0.1681631812942605,0.033718717502948956,-0.26495569849538247,-0.032105243556224454,-0.040796841133030004,0.5877087029809176,-0.19627412293034535,-0.028222043377842967,1.2320233320939236e-09,0.037355335093461721,0.96314060357960507,-1.4001917909432233,-1.5933993847143835,0.037355335093461721,-0.96314060357960507,1.4001917909432233,-1.5933993847143835,
0.53462524919668608,-0.62070278669670831,0.65609837049311892,-0.082645623509128227,-0.0057863762704940336,-0.99580302831747625,0.038891484391667418,-0.033458530797720987,-0.016563985893239548,0.10970838160595719,0.35885923375434714,-0.16665725259829151,0.035275576529592484,-0.24401230583465852,-0.027062425469315386,-0.033239513060333167,0.5440017841204281,-0.16994262175129912,-0.024627063407905263,1.3922929895072098e-10,0.032846082196010047,0.96534284570435402,-1.3929038677351548,-1.5918789428394007,0.032846082196010047,-0.96534284570435402,1.3929038677351548,-1.5918789428394007,
0.53248736021443677,-0.62063650492684275,0.65617897020326255,-0.082711777924990709,-0.0044701473066789477,-0.99611909953744471,0.029757673165992701,-0.033961932718595232,-0.01414679997665576,0.12494476112879538,0.35797910140747574,-0.16576810038833342,0.03703044879876087,-0.22654998757869416,-0.023395408493354607,-0.030309851207347631,0.50989927061192308,-0.15039037792783325,-0.022188809826249503,-3.0077316686968399e-17,0.026567159356866689,0.96682338376339816,-1.3903738051162331,-1.5876890479080392,0.026567159356866689,-0.96682338376339816,1.3903738051162331,-1.5876890479080392,
0.53014620235790644,-0.62054036405195179,0.65625169827790242,-0.082759970435499666,-0.0031888206512848236,-0.9963501435264448,0.020664225395649508,-0.033821677577096143,-0.011821913821117039,0.1411269566757288,0.35724244253382409,-0.16561461068279648,0.038863860182965303,-0.21409275061241528,-0.020574059186286211,-0.028045849800047658,0.48702915662870971,-0.13790739218942041,-0.020475448700126443,-5.2387155743566552e-18,0.019259066146526265,0.96678017994440468,-1.3919183618388093,-1.5808126908073465,0.019259066146526265,-0.96678017994440468,1.3919183618388093,-1.5808126908073465,
0.52771660669338993,-0.62047132551826978,0.65629331520994016,-0.081997339170106195,-0.0021910346057553605,-0.99655861431563975,0.011940015480349318,-0.033192604439841414,-0.0099148737715660396,0.1576511421882385,0.35733916838784852,-0.16826698630753772,0.040263827321844629,-0.20663318474412215,-0.018410994552514128,-0.023768723889857232,0.47410552420147539,-0.13276433929884657,-0.018872097532476425,1.2101235468610792e-17,0.011833402586605474,0.96501895271782923,-1.3959714473625271,-1.5720541145880373,0.011833402586605474,-0.96501895271782923,1.3959714473625271,-1.5720541145880373,
0.52531848720244445,-0.62043543063774809,0.65627380616784903,-0.079567096798443968,-0.0016188100959469447,-0.99681937946583998,0.0041930039682672735,-0.032886631112519785,-0.0084502215319004325,0.17299700109569977,0.35958770031685616,-0.1759583244878602,0.040604023725352358,-0.20215902342564121,-0.01709260375242859,-0.018606970817931334,0.46694907045920669,-0.13422173534737861,-0.017109552180513739,1.5569682845032101e-17,0.0047065387905798955,0.96250057255001287,-1.4013487334225658,-1.5633708365411407,0.0047065387905798955,-0.96250057255001287,1.4013487334225658,-1.5633708365411407,
0.52304584736845749,-0.62034957756112608,0.65603587203105762,0.078296875161096444,0.0014449167728326569,0.99692766110886899,0.0016583339613245897,-0.034554701187822334,-0.0068866845859234553,0.1859113912319246,0.36613130578289821,-0.18376469359869058,0.040787299728132519,-0.19851236777612005,-0.017292577963726706,-0.016694845320677415,0.46202796174678601,-0.13498178635575908,-0.01591159300484081,5.9943870113379477e-20,-0.0025552203621187009,0.96098445969286206,-1.4080536413082174,-1.5573250359472914,-0.0025552203621187009,-0.96098445969286206,1.4080536413082174,-1.5573250359472914,
0.52096134651227111,-0.62008882044663038,0.65548552387142944,0.077865651830489088,0.001474962384407711,0.99695339121882021,0.0043244061178083874,-0.041148187344516668,-0.0043867487427709474,0.19473435948471568,0.3810833900190308,-0.19387545763921599,0.041018982971443574,-0.19391311929918748,-0.018770319869439479,-0.021226698134497585,0.45673722428448921,-0.13456751829223781,-0.015496320581117603,-1.0022290067600278e-17,-0.011616238875377653,0.96286155996977851,-1.4165627385599435,-1.5570807471602166,-0.011616238875377653,-0.96286155996977851,1.4165627385599435,-1.5570807471602166,
0.51902984544939668,-0.61951536945506269,0.65444687658435274,0.077910961252111999,0.0015168289628826178,0.99695408912707828,0.0031820621406746493,-0.055650699586702206,-7.1321449851536576e-06,0.19893435222092024,0.40887208163157018,-0.20888009788372719,0.04152771194996973,-0.18797034048313299,-0.020571530130548969,-0.031332841487263237,0.45078363217083878,-0.13366043149246337,-0.015788639043797726,-1.3311929938674693e-17,-0.024148069426785167,0.96925346594677197,-1.4271016507483412,-1.5638104854470718,-0.024148069426785167,-0.96925346594677197,1.4271016507483412,-1.5638104854470718,
0.5172014797988399,-0.61850061544720525,0.6526779360709053,-0.078417240659086701,-0.0013976613879247044,-0.99691920225658259,0.00094185039064868044,-0.079977748389406772,0.0073147860814318007,0.20014044115846769,0.45201611992410501,-0.22974347001553444,0.042495213730084226,-0.18096567618208007,-0.021253393295525062,-0.043185766140682764,0.44486429841049768,-0.13269970924038721,-0.016734961861894222,4.257566266453021e-18,-0.039807009889020126,0.97842939493904235,-1.4390264089242808,-1.574590658616136,-0.039807009889020126,-0.97842939493904235,1.4390264089242808,-1.574590658616136,
0.51546356741412536,-0.6170637169840868,0.65162868115413597,-0.079735595451223759,-0.001089178423122865,-0.99679788093414867,0.0059188743517732088,-0.11271567717745655,0.017979371892163018,0.20199843706261883,0.50768235402883566,-0.2543042859821405,0.044195240029107075,-0.17329446618593156,-0.019917231627079316,-0.052547186740869126,0.4395587487679613,-0.13127662050904415,-0.018318787958862923,2.2004680298073209e-17,-0.055913371954569094,0.98665092206396077,-1.4511750288523468,-1.583732156707887,-0.055913371954569094,-0.98665092206396077,1.4511750288523468,-1.583732156707887,
0.51386088756091186,-0.61542945617160816,0.65161592359442377,-0.082268290248014339,-0.00072034003456756071,-0.99656452152069475,0.0095165107120026553,-0.14951546700070734,0.03137287125466727,0.20747252119039469,0.56853641469572935,-0.27830639624544279,0.046987227755932282,-0.1654038677371093,-0.016849781780286548,-0.0570342575016171,0.43537589881470418,-0.12878440263227281,-0.020375998971868807,3.1282654536004763e-17,-0.069228597381150045,0.99048273512531948,-1.4628286712773351,-1.5860677115640045,-0.069228597381150045,-0.99048273512531948,1.4628286712773351,-1.5860677115640045,
0.51244890963418221,-0.61402835525303456,0.65183083378249829,-0.082808423676013418,-0.00037872224367158184,-0.99651883627378601,0.0096348580319238573,-0.18374032464029671,0.045266966127785017,0.2161708043893355,0.62332393868983105,-0.30237028201824323,0.048937342981075507,-0.1582071436141862,-0.012995171092562674,-0.056046645095998562,0.43285620582586914,-0.13136952280969444,-0.021757248682089558,4.07738265834874e-17,-0.07755505276550978,0.98770776339673994,-1.473823829121534,-1.5779153289579937,-0.07755505276550978,-0.98770776339673994,1.473823829121534,-1.5779153289579937,
0.51121746619937847,-0.61320956394826198,0.65207452713232139,-0.082808868223329515,-0.0001131922179752828,-0.99654995768154486,0.0055552116075141674,-0.21091244099742637,0.057560980079900334,0.2240146053011377,0.66421967363294931,-0.31944804646739022,0.049556629351238203,-0.15268667533790947,-0.0096477138218351854,-0.050454636377643747,0.43210768722066945,-0.13536261085388587,-0.022378170321895225,4.2772756882990051e-17,-0.081284961496736502,0.97837963741112843,-1.4846787876841829,-1.5589208092836677,-0.081284961496736502,-0.97837963741112843,1.4846787876841829,-1.5589208092836677,
0.51007168166798678,-0.61304322247385878,0.65224768215757289,0.082808165198901482,-0.00010093392195357473,0.99656370681534168,0.0018909910630677408,-0.22895941753490123,0.066396440723955355,0.22578532952351382,0.68815050215974893,-0.32710429684608983,0.047920962858020298,-0.14965604915532937,-0.0072720973489964905,-0.041428486408469301,0.43278025233717671,-0.13860896631633521,-0.022258519702590494,2.1499361138473941e-17,-0.082838768212383992,0.96449542281235856,-1.4964939090417873,-1.5315765162362867,-0.082838768212383992,-0.96449542281235856,1.4964939090417873,-1.5315765162362867,
0.50891438226680041,-0.61321717754522354,0.65232085469544443,0.08280938464059498,-0.00034180965921534929,0.99650671716487604,0.010809793100918353,-0.2389416981282228,0.071443781439421053,0.2201149962965944,0.69841348286967808,-0.32788390227258007,0.044061809597558108,-0.14913736271365624,-0.0053297124666794237,-0.030323103333066426,0.43442397585772663,-0.14062554439269018,-0.021798266460638583,-1.202711357008799e-17,-0.084766010893890562,0.94880418154338275,-1.510193967766293,-1.4997777457122621,-0.084766010893890562,-0.94880418154338275,1.510193967766293,-1.4997777457122621,
0.50774048405629224,-0.61330102034279887,0.6522939344640446,0.082811621707798919,-0.00063034271282550369,0.99637711684583563,0.019351460000966724,-0.24333867711611817,0.073724591528175676,0.21047844448278874,0.70069593780232298,-0.32558536353213186,0.039308958528978796,-0.1505254137213326,-0.0031018157669847322,-0.018802994353307137,0.43652953391492122,-0.14142938564401036,-0.021653320654507941,-1.8660811921278854e-17,-0.08830554202018856,0.93351197044800815,-1.5257495065886357,-1.4670272184501156,-0.08830554202018856,-0.93351197044800815,1.5257495065886357,-1.4670272184501156,
0.50658873099390456,-0.61301609299858484,0.65221308196474936,0.082813562674624017,-0.00086838505129268988,0.99623042735341905,0.02580882329287567,-0.24436592415284333,0.074679588184693002,0.2033149886237145,0.70011700887446104,-0.32356310041238812,0.035622701965343929,-0.15276468436313226,-0.0005165844140265542,-0.009126331593253394,0.43824780129417018,-0.14110244990491452,-0.022248851452120619,-1.9644148950477932e-17,-0.093275802526595231,0.92078310740224478,-1.5415126353165991,-1.4378479271864921,-0.093275802526595231,-0.92078310740224478,1.5415126353165991,-1.4378479271864921,
0.50548494473362693,-0.61243078057164391,0.65213077375092099,0.082815889062676104,-0.0009739757019005394,0.99612511114064339,0.029586193488376076,-0.24286046072909878,0.074913141235565112,0.20187805678638157,0.69839883112886114,-0.32281283041355507,0.03394510151279119,-0.15508097688907352,0.0018244275718379143,-0.0027113487361084955,0.43883488772378487,-0.13959986114379458,-0.023367330607701946,-7.5542399604450998e-18,-0.098779738655602536,0.91173136402962662,-1.5552279699359703,-1.4154130524996595,-0.098779738655602536,-0.91173136402962662,1.5552279699359703,-1.4154130524996595,
0.50441753722618277,-0.6118083922848534,0.65209405196464332,0.082817379105864425,-0.0010007899712947163,0.99607961269055323,0.031075477787260639,-0.23889463969537494,0.074329086874729694,0.20479803990355311,0.69509513392550382,-0.32279683905347595,0.033929344182339449,-0.15673655061543093,0.0032220856897415538,-2.201356006512181e-05,0.43757411440953525,-0.13686804439536215,-0.024346165288413931,2.6377608619214025e-17,-0.10396494302557516,0.90661134112143615,-1.5643047559032361,-1.401282795238938,-0.10396494302557516,-0.90661134112143615,1.5643047559032361,-1.401282795238938,
0.50335046738945877,-0.61135503192503537,0.65212021729275849,0.082814913953898658,-0.0010891313594509919,0.99607349658212241,0.031274482031762668,-0.2328864623559399,0.072673121510327135,0.20780379260280496,0.68946742539243844,-0.3223997448367002,0.034492256280232524,-0.15732436032323024,0.0035420352051104532,-0.00022597810460089131,0.43417446606576204,-0.13295769319772019,-0.024656076458295009,3.8111914014348176e-17,-0.10863879947417988,0.90476584273436433,-1.5675489027237473,-1.3945633472857015,-0.10863879947417988,-0.90476584273436433,1.5675489027237473,-1.3945633472857015,
0.50224738776934552,-0.61106205699403549,0.65240603699650379,0.080972260304567861,-0.0012589924369906563,0.99623418815705223,0.030973381253455556,-0.22531046875401267,0.069776684457401719,0.20790384550837074,0.68139256982606367,-0.3245626481109059,0.033745578049646049,-0.15677229090644754,0.0034327777290816255,-0.0018540796712074982,0.42904050377930514,-0.13197204231028203,-0.024167770671342664,9.5849113823729846e-18,-0.11300133684840979,0.90530188390352806,-1.5655451308202812,-1.3931559267155091,-0.11300133684840979,-0.90530188390352806,1.5655451308202812,-1.3931559267155091,
0.50108087568693671,-0.61076543611119616,0.65287294760073311,0.077723805334973653,-0.0014781902773510821,0.9965034910549101,0.030620538093437691,-0.21706096332172134,0.066393871722510378,0.2049380723260516,0.67192402645094951,-0.32862192170152754,0.031529992719418844,-0.15524854987576131,0.0036282794551514975,-0.0034210751115207908,0.42316081027554475,-0.13386105134312626,-0.023391002127090749,-1.8489424577859034e-17,-0.117719406668822,0.90713109058159724,-1.5604357683109713,-1.3942736153361246,-0.117719406668822,-0.90713109058159724,1.5604357683109713,-1.3942736153361246,
0.49980252412715676,-0.61031779300179134,0.6532680985861179,0.075316693501230034,-0.0017031061935935243,0.99669904301273904,0.030257441511560238,-0.20849807502312961,0.063504528699443646,0.20065833178779974,0.6620542016326556,-0.33081666557088774,0.028981703673516875,-0.15283021442998718,0.0043915861659433461,-0.0041801252155932948,0.41730602840112441,-0.13484177222550545,-0.022968836252785799,-2.5031677098755194e-17,-0.12359705520625019,0.90949425663979366,-1.5545185260835093,-1.3958031308767069,-0.12359705520625019,-0.90949425663979366,1.5545185260835093,-1.3958031308767069,
0.49831569147667726,-0.60967509837274236,0.65359223600935334,0.073903243767488497,-0.0018821191360454737,0.99681311693836283,0.029972955940756933,-0.19918900487121374,0.061345591805021575,0.1959197311014117,0.65199819997451824,-0.33136544474554575,0.025983747220710285,-0.14937649268741912,0.0058273794053772402,-0.0037647151643762536,0.41178014929400597,-0.13504337860638044,-0.023052167738988903,-3.2317672073171178e-17,-0.13185745485340289,0.91200182916510419,-1.5501285962716254,-1.3959207378660983,-0.13185745485340289,-0.91200182916510419,1.5501285962716254,-1.3959207378660983,
0.49654838149285846,-0.60890500620667398,0.65386311616631743,0.073506667101757794,-0.0020532738014991175,0.99683896241678283,0.030077183480496886,-0.18826189965040485,0.059596170269434139,0.19056751527265858,0.6413187131916307,-0.33055885275602653,0.022524291374628996,-0.14459972995793502,0.0077555210111506607,-0.0021421724809070931,0.40636967995753048,-0.13444774481960145,-0.023411511986559757,-2.2846356624300016e-18,-0.14387325272209026,0.91481897743274487,-1.549064494893025,-1.3935023660463379,-0.14387325272209026,-0.91481897743274487,1.549064494893025,-1.3935023660463379,
0.49451098944148864,-0.60810891650334753,0.65409301699721278,0.074112352468713172,-0.002269258524183857,0.99677071434710263,0.030827790989147629,-0.17527131195211079,0.05798347867461414,0.18514735813123623,0.62975247623136688,-0.32860821288652309,0.018934832176189801,-0.13833556968205893,0.0098611870069297228,0.00032988667866885104,0.40083741959234276,-0.13298632633256377,-0.023755814101607497,2.5947542779522305e-17,-0.16061307896867044,0.91869890799385812,-1.5517981233297213,-1.3889088424588836,-0.16061307896867044,-0.91869890799385812,1.5517981233297213,-1.3889088424588836,
0.49231415273672274,-0.60736918335186751,0.6542711031823093,0.075685509067073553,-0.0025160780989957098,0.99660972334806452,0.032162593122323231,-0.16129719892248873,0.056622649081464221,0.18101818479888376,0.6185776104284777,-0.32597631768513347,0.015771217127437624,-0.13091867921331102,0.011778565224133132,0.0028957004580916763,0.39560131614541988,-0.13087902694620132,-0.023985647498404098,4.2320481101621146e-17,-0.18015045028268406,0.92400676179188612,-1.5564293971926195,-1.3838023658726617,-0.18015045028268406,-0.92400676179188612,1.5564293971926195,-1.3838023658726617,
0.49009607665723232,-0.60668483278302232,0.6543818546860567,0.077974881520975939,-0.0027290894524662291,0.99638556951225921,0.033589682795183026,-0.14855552703678734,0.055885322484636381,0.17893780615631527,0.60997903340502924,-0.32344405479870653,0.013303553877107903,-0.12317770898160699,0.013325594012788244,0.004521101281159603,0.39146103953787725,-0.12874741420663341,-0.024293597999593571,3.2688632212512641e-17,-0.19755281528400404,0.92989379848823517,-1.5592997171456049,-1.3799977204600045,-0.19755281528400404,-0.92989379848823517,1.5592997171456049,-1.3799977204600045,
0.48799318181770984,-0.60600317091507949,0.6544219704496721,0.080383944567443216,-0.0028303839952443753,0.99616869076898162,0.034327101739453449,-0.13990431843918236,0.05611503824234234,0.17858274486060699,0.60639681338274942,-0.32218977319307274,0.011572854672512988,-0.1163377748766822,0.014490652316303951,0.0041670739669624956,0.38928801940639912,-0.12763243225906917,-0.024995634552080915,3.4351432194992166e-18,-0.20668432584531204,0.93432862642072811,-1.5568895998165495,-1.3781447369398538,-0.20668432584531204,-0.93432862642072811,1.5568895998165495,-1.3781447369398538,
0.486090386834793,-0.60528793653995772,0.65440586060968509,0.082276794319270152,-0.0028013400521021007,0.9960311747256404,0.033831650641341998,-0.13684103282600452,0.057276286172156979,0.17852103255829163,0.60854890930873384,-0.3229444089561086,0.010402230867785545,-0.1113299365386238,0.015406383028948846,0.0015367048748218962,0.38932326261428946,-0.12825200331262376,-0.026234581892217571,-3.2954184419478785e-17,-0.2053075815016927,0.93587948060004877,-1.5487948218238843,-1.3774618999622641,-0.2053075815016927,-0.93587948060004877,1.5487948218238843,-1.3774618999622641,
0.48440765889100751,-0.60456586423411629,0.65441197635465043,0.082765215143218357,-0.0026680351266867596,0.99604647474680941,0.032159304956935128,-0.13877433161355332,0.058991835493936537,0.17744208574304265,0.61515669393629668,-0.32671722616121401,0.0092755815679443961,-0.10825290257611482,0.016219202543397114,-0.0028508293455527926,0.39103429862521105,-0.13175330984335035,-0.02783252701584292,-3.7171170333938202e-17,-0.19549338436932959,0.9344457509621571,-1.537078031846844,-1.3765421283710761,-0.19549338436932959,-0.9344457509621571,1.537078031846844,-1.3765421283710761,
0.48290038194089169,-0.60391793977521102,0.65440252791621056,0.082769892077352206,-0.0025190257041775134,0.99611732445786483,0.029884366981920651,-0.14355245481384629,0.060866887245135871,0.1752849728586548,0.62346803488240687,-0.3308009764153102,0.0083907377649400944,-0.10642802379492057,0.016876854064978557,-0.0077318019975516801,0.39306050136022591,-0.1354797414660901,-0.029401406241801358,-2.8359685669930646e-17,-0.18117229499932849,0.93057657585958964,-1.52417289960265,-1.374072920474668,-0.18117229499932849,-0.93057657585958964,1.52417289960265,-1.374072920474668,
0.48146093976019078,-0.60339716755654949,0.65440237082206709,0.08277409749763881,-0.0023779015586357839,0.99618162464179472,0.027658002344047326,-0.14948096642245068,0.062606220509207514,0.17240564909729303,0.63164947102214519,-0.33384175256383131,0.0077693701073896435,-0.10490906920553321,0.01731902845169456,-0.011817765680112946,0.39416726310607891,-0.13800804187454713,-0.030580011856460289,-6.4328574731671835e-18,-0.1650554300825206,0.92499028165303132,-1.5105101893081556,-1.3697642053688679,-0.1650554300825206,-0.92499028165303132,1.5105101893081556,-1.3697642053688679,
0.47999164292674168,-0.60301094696013524,0.65451511208049229,0.082084632854328765,-0.0022029442410946036,0.99628960261713073,0.025773781306598825,-0.15748583784422052,0.063749563807664236,0.16692903190119562,0.64082455015820594,-0.33759385341113457,0.0071065084159549798,-0.1030879323492512,0.017536023098706676,-0.014507606533213438,0.39365893250612533,-0.14053886862704962,-0.031143090795180049,3.1731205216906247e-17,-0.14697862726782221,0.91802648759883665,-1.494102989546126,-1.364269550499658,-0.14697862726782221,-0.91802648759883665,1.494102989546126,-1.364269550499658,
0.47850059270790335,-0.60274798669728424,0.65473839154595115,0.080490431480581243,-0.0019786901295701935,0.99646458087187506,0.023994047038369288,-0.17013470698384187,0.063800180612751223,0.15605486499010568,0.65378045635416826,-0.34320921310002833,0.0066277311761478684,-0.10111508404633848,0.017476961793734903,-0.016459624039952457,0.39192536281147705,-0.14377026548509778,-0.031189890850446805,5.2820443159049574e-17,-0.12546638913293559,0.90976436877201594,-1.4733377838777173,-1.3584167221222152,-0.12546638913293559,-0.90976436877201594,1.4733377838777173,-1.3584167221222152,
0.47708630502909155,-0.60257632732561595,0.65496588428013058,0.078716600516784418,-0.0017096105395929691,0.99665833159896244,0.021747277743579787,-0.18969820911002236,0.062651962575284756,0.13887936647192706,0.67313853741564111,-0.35001199149420514,0.0070380852239582559,-0.099416608456698738,0.017072888055138999,-0.019109493531463708,0.39002011173635187,-0.14697274470367819,-0.031091236775529867,3.9398370814588144e-17,-0.10017646580757289,0.900664402146927,-1.4491629440678502,-1.3528182033687837,-0.10017646580757289,-0.900664402146927,1.4491629440678502,-1.3528182033687837,
0.47579197840328868,-0.6022653169761889,0.65513584073907449,0.077417253535611755,-0.0013511956072591483,0.99682700815175529,0.018456948411216891,-0.21614372872478188,0.062449861475868923,0.12069721796555348,0.7009510066327812,-0.35848125161134015,0.0079915538596545561,-0.097677814561745985,0.016600062468059753,-0.02397753998066858,0.38864706878495142,-0.1498613125668023,-0.031537491745525156,2.6245018283279158e-17,-0.072452055371577548,0.89184089814468614,-1.4244067652494623,-1.348335995908585,-0.072452055371577548,-0.89184089814468614,1.4244067652494623,-1.348335995908585,
0.47452235266188414,-0.60157884555343333,0.65525509672219773,0.077083830613378576,-0.00084076620953960025,0.99692735807651656,0.013900319734661755,-0.24706747449656041,0.066582979022285507,0.11007389756526141,0.73777645831835137,-0.3699197855150903,0.008733657327113507,-0.094813858849040589,0.016399564606915197,-0.031611354664121891,0.38737454419472406,-0.15198758320163094,-0.032995196535072206,3.0995646835966428e-17,-0.042483177597242322,0.88332914413707742,-1.400372139970085,-1.3453306212006653,-0.042483177597242322,-0.88332914413707742,1.400372139970085,-1.3453306212006653,
0.47310894866449771,-0.60058909513158787,0.65538602310463367,0.077698533848914217,-0.00017507432042916226,0.99694177873345902,0.0083664211272433328,-0.27847871878328057,0.07731468773206096,0.11470563446691016,0.78679141916021944,-0.39080159503911477,0.0096812974632274722,-0.08974098185790863,0.01648136730108668,-0.041273380454112094,0.38496705291693178,-0.15307186754989338,-0.03516095836333704,4.8078737437315987e-17,-0.0084703326810939925,0.87307955980649954,-1.375777311561847,-1.3426034714848418,-0.0084703326810939925,-0.87307955980649954,1.375777311561847,-1.3426034714848418,
0.47146748890823087,-0.59969658473620413,0.65558803543267818,0.078713493134576637,0.00055326985699173951,0.9968937722950616,0.0025858558235659591,-0.30740846105095165,0.092969578645098666,0.13397113642573877,0.82420030516530218,-0.40102278821208936,0.012434711110949206,-0.082480700741072763,0.016467344691812363,-0.051293362132355663,0.38059616774876892,-0.1532881871438794,-0.037066394537199385,5.008363912746035e-17,0.030645354319052281,0.85879734496415294,-1.3486792303394131,-1.3381163961480274,0.030645354319052281,-0.85879734496415294,1.3486792303394131,-1.3381163961480274,
0.46969624357153006,-0.59928508912072087,0.65587683727240986,-0.079349227236351377,-0.0012271536659610284,-0.9968425266446459,0.0026779289744380446,-0.33321930992255067,0.10935269824007171,0.16093993780221699,0.85315239862872971,-0.4061416233604464,0.018190390268053226,-0.074362782726716148,0.015965794599521237,-0.060123778943995565,0.37452553923111476,-0.15322473899186109,-0.037903583312546833,4.6536020783977686e-17,0.073533006671362366,0.83957986867142798,-1.3187827988446184,-1.3300772000035324,0.073533006671362366,-0.83957986867142798,1.3187827988446184,-1.3300772000035324,
0.46806545630492946,-0.59957761195616488,0.65620295009310559,-0.079057616960757138,-0.0017198996686383998,-0.99684587775418376,0.0067254107760661638,-0.35562695214946738,0.1210037909435375,0.18582333419150623,0.877874272686894,-0.41239803992551832,0.026996300549075179,-0.067505756522294139,0.014788846072084409,-0.066562428280403027,0.3681854195278782,-0.15351646610843081,-0.037346625254247943,2.1819616630374249e-17,0.11637429315717449,0.81672145810397234,-1.2881293846326503,-1.317510490721908,0.11637429315717449,-0.81672145810397234,1.2881293846326503,-1.317510490721908,
0.46679284133142973,-0.60041775430607291,0.6564915665003126,-0.077897083036861964,-0.0019792941051113241,-0.99691598525196257,0.0093083402549789199,-0.3744758819773456,0.12517395594151276,0.203088638834938,0.89350512415935679,-0.41539067515562933,0.037923247916024416,-0.063219216750683455,0.013219884164665529,-0.070433895537838964,0.36305385634545317,-0.15440939616162902,-0.035847481378386163,1.4721240986865754e-19,0.15632427201362198,0.79240243365199814,-1.2589282066546561,-1.3005416965925967,0.15632427201362198,-0.79240243365199814,1.2589282066546561,-1.3005416965925967,
0.4659199894923296,-0.60130767779917105,0.65668417122811107,-0.076323010747184103,-0.0020194634374355934,-0.99702563042459402,0.01051722750303717,-0.38863574646102439,0.12231942873649247,0.21157712959142466,0.89719404842189099,-0.41207878072690673,0.049125414472247317,-0.061571628971559947,0.012003191182258488,-0.072157766928391015,0.35998019524305658,-0.1558567310338981,-0.03436509382687971,-2.1386168024713118e-17,0.19278934309330165,0.76858164974598986,-1.2325326797911262,-1.2801633523432674,0.19278934309330165,-0.76858164974598986,1.2325326797911262,-1.2801633523432674,
0.46530783034691758,-0.60182989180458146,0.65678143079201001,-0.074790048925312436,-0.0019103979756161203,-0.99713892310331365,0.010805877737982771,-0.39695948281410476,0.11526960523964369,0.21374485290078177,0.89024494573057589,-0.40313186149006403,0.058731787953233548,-0.061488966033107766,0.011660273004178904,-0.072599895470064707,0.35859234106220061,-0.15757224823507524,-0.033575507336896772,-1.6765384831929592e-17,0.22711240124492207,0.7461525071228714,-1.208874853015854,-1.2580878830726292,0.22711240124492207,-0.7461525071228714,1.208874853015854,-1.2580878830726292,
0.46477453918500966,-0.60196793157265216,0.65681666864573862,-0.073583401928176098,-0.0017025766602316379,-0.99723112221411248,0.010614757697398553,-0.39843288278683259,0.10628023719821604,0.21203116108414211,0.87549091842168636,-0.39116821657108186,0.065652451835242931,-0.061712210475984478,0.012094233362387661,-0.072460312999316365,0.35797691194358161,-0.1591687965287755,-0.033409588285402962,-4.4600182557587833e-18,0.26038170164368291,0.72523144914829241,-1.1874548993554543,-1.2359152837065845,0.26038170164368291,-0.72523144914829241,1.1874548993554543,-1.2359152837065845,
0.4641394204581058,-0.6018771820834049,0.65681994179742342,-0.073020970887208173,-0.0014589284831018146,-0.99727629714037713,0.010285742576457891,-0.39247804889314442,0.096722121252056689,0.20787852057999121,0.82841933954033786,-0.35130392759332618,0.069443478887789498,-0.061133094580923905,0.012885354155995125,-0.072334638806199225,0.35747781294617897,-0.16029899134417902,-0.033531435164822543,3.6584085043012689e-18,0.29260344124476451,0.70592196042246058,-1.1680820486686931,-1.2151685339908065,0.29260344124476451,-0.70592196042246058,1.1680820486686931,-1.2151685339908065,
0.46328158611880715,-0.60167680852031435,0.65680567595921957,-0.07320862306721132,-0.0012440054313692011,-0.9972683638048826,0.0097345011696553414,-0.37882455391148673,0.087200575694600518,0.20265243689074661,0.78020285277938806,-0.31469894463705939,0.0702419574365616,-0.05945404695634901,0.013704193254925431,-0.072076755942626275,0.35716280446571069,-0.1610600653191826,-0.033704249806307693,8.9172355536992327e-18,0.32332153983491496,0.68801671449060819,-1.1505444293658158,-1.1959525210189661,0.32332153983491496,-0.68801671449060819,1.1505444293658158,-1.1959525210189661,
0.46209771115578391,-0.60148016884047073,0.65678528642307987,-0.073945629564336562,-0.0011123996974090969,-0.99722497189820392,0.0085534705163192917,-0.35712171365027684,0.078194292171619884,0.19871892079945297,0.72441955626387511,-0.27568385854660682,0.068433652674193934,-0.05700725154958159,0.014279259797688791,-0.070913416419526018,0.35748693995014147,-0.16199683084569419,-0.03369830680591801,1.3115397598179036e-17,0.3521326674489822,0.67088838772026849,-1.1341390828799913,-1.1770663162556827,0.3521326674489822,-0.67088838772026849,1.1341390828799913,-1.1770663162556827,
0.46055820549275206,-0.60140808463347728,0.65675598598738405,-0.074792841238035701,-0.0010180616713221786,-0.9971782214981243,0.0063709512486941943,-0.32780653274930821,0.069882252635261044,0.19806121287489406,0.66069534975770483,-0.23459884009745971,0.064727198117082912,-0.054544940663300706,0.014502354137842557,-0.068069373639984651,0.35895888058941272,-0.16381801022128956,-0.033265636275458199,8.8584568329793636e-18,0.37883787524563106,0.65377809975190171,-1.1180813885207521,-1.1569466478895951,0.37883787524563106,-0.65377809975190171,1.1180813885207521,-1.1569466478895951,
0.45868791100904704,-0.6015383177773489,0.65669915113964539,-0.075343021473075769,-0.00084555309131140286,-0.99715192833077604,0.0032781063881851414,-0.29184055204572246,0.061933783245487956,0.2006884967591849,0.58921903578138546,-0.19189073070576737,0.059766452325281411,-0.052718174680461062,0.014405878195397877,-0.063607436081367832,0.36188006778390136,-0.16706922947460306,-0.032242489867664911,-8.566075240681765e-18,0.40281576619757653,0.63655678962807727,-1.1028130483002441,-1.1351371797856056,0.40281576619757653,-0.63655678962807727,1.1028130483002441,-1.1351371797856056,
0.45655166380861201,-0.60186536384713252,0.6566440148892978,-0.074661150494222839,-0.00068758122004237596,-0.99720872361207502,-3.7295053028632261e-05,-0.25356084580208393,0.053895721814983172,0.20467654247159833,0.51516339005586487,-0.15108803233798188,0.05413329413644536,-0.052510368311278553,0.01382045096042029,-0.058688984053945015,0.36598034619460579,-0.17254687363127086,-0.03075981297265859,-1.6348092709009863e-17,0.42188968267764881,0.61918672503109051,-1.0903878018882858,-1.1115224912540242,0.42188968267764881,-0.61918672503109051,1.0903878018882858,-1.1115224912540242,
0.45419290109880872,-0.60231151672758543,0.6566445215871467,0.072005529122240786,0.00079844969751378405,0.99740055908857905,0.0025866935837924971,-0.21858432025601571,0.045433427221600986,0.20667448788802775,0.44634192244223131,-0.11677413566627315,0.048252610159057359,-0.054300061006808842,0.012478177719753682,-0.054967273323653261,0.37036690830156616,-0.18058392669896953,-0.029151791329047355,-1.3582049512099728e-17,0.43431290163285974,0.60165590446586736,-1.0826376427682671,-1.086151064123974,0.43431290163285974,-0.60165590446586736,1.0826376427682671,-1.086151064123974,
0.45169464066903087,-0.60267095785680391,0.65672406642807524,0.067544600796502055,0.0013144282390663525,0.99771115020668899,0.0029085967219756636,-0.1926720717886139,0.037039855621435538,0.2034755750937538,0.39189105159537541,-0.092886217792535836,0.042839841057036018,-0.057040762770688473,0.010597753780377498,-0.055060299193105025,0.37337191254089019,-0.19015541308817754,-0.028039890896441561,-6.1552922262174979e-18,0.44078751700168978,0.58538441978474243,-1.0790870091058737,-1.0624362076541058,0.44078751700168978,-0.58538441978474243,1.0790870091058737,-1.0624362076541058,
0.44919254209197523,-0.60270489867859445,0.65684662491121659,-0.062506290446483023,-0.002089005926585169,-0.99804238359455222,-1.6055007150231817e-05,-0.17796646518971909,0.029885843838612397,0.19424363935156602,0.35627265467541253,-0.079545677981683355,0.038371887950914826,-0.058829907820867486,0.0089689740968986135,-0.060922591334646774,0.37377437165367972,-0.19925652017715317,-0.028034230464935923,-9.7458380605306263e-18,0.44463696182791168,0.57298662508912956,-1.0764972553525443,-1.0462796956178684,0.44463696182791168,-0.57298662508912956,1.0764972553525443,-1.0462796956178684,
0.44683239212246295,-0.60232849339929173,0.65697238426789528,-0.058028130879359749,-0.0029004709569701178,-0.99829393619266449,0.0057913949815196998,-0.17328800011924725,0.024998210157568805,0.18125774031512898,0.33881623901917945,-0.074688773099322245,0.034825316987294512,-0.058615623696879934,0.0081999341811035149,-0.072305141483969937,0.37154287412611642,-0.2064758844739463,-0.029281767703064,-7.132110551178155e-18,0.44848070492080705,0.56706421372540083,-1.0719417041898383,-1.0421328897882847,0.44848070492080705,-0.56706421372540083,1.0719417041898383,-1.0421328897882847,
0.4446979375598421,-0.60177970907527023,0.657074522377181,-0.0547685826005836,-0.003485139164083469,-0.99841240204273918,0.012685882396491259,-0.17486479339792255,0.022575374574519323,0.16891196630071945,0.33447879149818083,-0.075200750939917127,0.03226853736700952,-0.056346741196134996,0.0082634754787612591,-0.085905845238409759,0.36749977514959065,-0.21127326879383868,-0.030954422937458731,-1.1581535912549511e-17,0.45325403465980951,0.56879386328612869,-1.0653066229607555,-1.0496397210590014,0.45325403465980951,-0.56879386328612869,1.0653066229607555,-1.0496397210590014,
0.44275539967395772,-0.60137964068257665,0.65716596861485044,-0.052335771682877473,-0.0037585700490716505,-0.99844683204734286,0.018728687305022709,-0.17872007812987081,0.021894350019835019,0.16118736769552339,0.33644724664581216,-0.078532013822618013,0.030796990554841471,-0.052946110546242806,0.0085869273665131716,-0.098032329710276714,0.36236008754844085,-0.21423155189177323,-0.032001666662948194,-2.7910644735174557e-17,0.45790877219320175,0.57606921565353131,-1.0590512505382319,-1.0632159774760963,0.45790877219320175,-0.57606921565353131,1.0590512505382319,-1.0632159774760963,
0.44092742914645339,-0.60134713263043915,0.65727250050853381,-0.049765667792252284,-0.0039047478916205696,-0.99849938939436533,0.022518895003383051,-0.18194003368826589,0.021513105737261479,0.15897217441163536,0.33843186628375521,-0.082797621647467456,0.030174841619045503,-0.050042798201859161,0.0083732747133357082,-0.10585832549778665,0.35710809472338745,-0.21675812607657793,-0.031828226290762034,-3.5551485957383452e-17,0.46046665954921662,0.58327555364004291,-1.0562239173583858,-1.0728138977800084,0.46046665954921662,-0.58327555364004291,1.0562239173583858,-1.0728138977800084,
0.43916628746169167,-0.60165569300870414,0.65739281062070631,-0.046649000853842382,-0.0041511882471826763,-0.99861340928610831,0.024039491455729738,-0.18372384285217047,0.020432072253708338,0.16016097164885418,0.33818121366787979,-0.087170797825613919,0.029959670461656526,-0.048530431846184351,0.007302394797965692,-0.10921529775586908,0.35267551837806194,-0.21983732444349594,-0.0306708860216219,-2.6820800786678369e-17,0.46042574172227629,0.58576071491243487,-1.0581885516927454,-1.0716478598989767,0.46042574172227629,-0.58576071491243487,1.0581885516927454,-1.0716478598989767,
0.43750289551124,-0.60208421785051414,0.65748826107964087,-0.043570629007527485,-0.0044995965118617151,-0.99874183478130607,0.024415187420724634,-0.18474291099206266,0.018923060255755401,0.16199890645894199,0.33733454738218605,-0.091510007860388751,0.029804449605841801,-0.04796865917846569,0.0058447766663110466,-0.11016896977870834,0.34959908828828556,-0.22331043547057589,-0.029266073643565899,-2.7284039656076311e-17,0.45937218955514664,0.58372315892037463,-1.0643033106445543,-1.061588548792411,0.45937218955514664,-0.58372315892037463,1.0643033106445543,-1.061588548792411,
0.4360054259874761,-0.60235777808033497,0.65752002629090578,-0.041124470246907047,-0.0048549557624744354,-0.99882778405105677,0.025065218114176242,-0.18610865828103662,0.017743305048990594,0.16251742723143636,0.33802672438787135,-0.095788100884691821,0.029440522948362125,-0.047753493808987732,0.0047310318865223322,-0.11142728364039259,0.34812004186477696,-0.2268655277814563,-0.028412527489723515,-2.4348041023027334e-17,0.45933950616751851,0.58122189262366641,-1.073193016911244,-1.0503265045127783,0.45933950616751851,-0.58122189262366641,1.073193016911244,-1.0503265045127783,
0.43467513111339384,-0.60241381083643808,0.6574846761651536,-0.039272080043887977,-0.0051875360989226205,-0.99886153056881521,0.026578862804352454,-0.1890058945660168,0.017139217351748195,0.16101690771415034,0.34188652624699112,-0.1006874183142283,0.028864662344929608,-0.047728051690688479,0.0041326069047387601,-0.11405638912115271,0.34809329037068004,-0.23060005164902708,-0.028268707735719777,-9.4736886742147796e-18,0.46072502919546282,0.58253385355701548,-1.0845489453499768,-1.0437227655216958,0.46072502919546282,-0.58253385355701548,1.0845489453499768,-1.0437227655216958,
0.43342429863572163,-0.60240376327982381,0.65737436060316257,-0.037729919469375234,-0.005501244214403558,-0.99885693549486632,0.028827277060669787,-0.19379601598760451,0.0167983987596633,0.15779842873736977,0.34946225516669832,-0.10705192155105103,0.028358511505537688,-0.048275744816115483,0.003621450955484128,-0.1176855011872949,0.34992179042711258,-0.23510350341364172,-0.028383984440645986,3.2863651880421328e-18,0.46269957604066608,0.58999613760309777,-1.0988294316002452,-1.0429162739142552,0.46269957604066608,-0.58999613760309777,1.0988294316002452,-1.0429162739142552,
0.43218200806186791,-0.60247390052812011,0.65716598519443425,-0.036415707277446085,-0.0058049729463132685,-0.99882761331701952,0.031362356863006521,-0.19918797970133933,0.016278944531380426,0.15367456409521069,0.35890483851168548,-0.11434389984950312,0.02809991681480287,-0.050001701778134712,0.0027235924056010935,-0.12173991517546832,0.3546115406378787,-0.24097312245858299,-0.028359656460610689,5.1011344273529509e-18,0.46429469069448093,0.60168544473667362,-1.1151228268966453,-1.0438944372774757,0.46429469069448093,-0.60168544473667362,1.1151228268966453,-1.0438944372774757,
0.4309656512988379,-0.60265710756982627,0.65678322387753707,-0.035602955942863182,-0.006144893961976353,-0.99877901432931337,0.033691992248779723,-0.20321224217487044,0.015343583991037494,0.14943285101109946,0.36747365120096448,-0.12096434081671086,0.028036644481059567,-0.054360381459507917,0.001084066685378645,-0.12602779521247015,0.36496568246533789,-0.24920788024499213,-0.028269524029093423,1.4894000447006233e-17,0.4653543432019438,0.61327014063672358,-1.1315970002698317,-1.0410963345162334,0.4653543432019438,-0.61327014063672358,1.1315970002698317,-1.0410963345162334,
0.42979212114435111,-0.60297258184310198,0.65605332705648511,-0.035785340737634577,-0.0066171942359599676,-0.99871972358006034,0.035135962501443463,-0.20423764841475944,0.013984128978844929,0.14638566062897149,0.37327940626451728,-0.12541788535010337,0.028148421059754569,-0.064368337262058359,-0.0018375208202753696,-0.12989548426372086,0.38637926293011765,-0.26163138472458897,-0.028436573336151707,2.4956439109760712e-17,0.46705860401473925,0.62023006513166323,-1.1468025033381719,-1.0301661561887889,0.46705860401473925,-0.62023006513166323,1.1468025033381719,-1.0301661561887889,
0.42858884064800951,-0.60349528709872235,0.65474991242210401,-0.037260168872006255,-0.0073129418570774271,-0.99865640519496723,0.035264501415590073,-0.20191751859618767,0.012220953855168158,0.14552703612362713,0.37638142026095728,-0.12746062975680567,0.02854513978621254,-0.082655371478245587,-0.0065975906093221973,-0.13207932648793086,0.42303050827448252,-0.27958418975074556,-0.029084705620635889,1.3685409378215877e-17,0.47118226759555393,0.62076873177378356,-1.1612027896317714,-1.0103618264345633,0.47118226759555393,-0.62076873177378356,1.1612027896317714,-1.0103618264345633,
0.42716357263613836,-0.60432389396720376,0.65424251024129154,-0.040357401788354369,-0.0083538489186163432,-0.99854878897169286,0.034667122353951592,-0.19654181784809496,0.0097715653938770051,0.14630030559676024,0.3781551857200226,-0.12755994124670458,0.02940640006690811,-0.1083784388957225,-0.013470780735307978,-0.13150276364431954,0.47346994939083481,-0.3017254473218095,-0.030185979649957336,6.6885523581641883e-18,0.4793215927276312,0.61576503715564368,-1.1759085323360303,-0.9842046580297249,0.4793215927276312,-0.61576503715564368,1.1759085323360303,-0.9842046580297249,
0.42537072083814154,-0.60543569574532208,0.6538036212763304,-0.04522261355029588,-0.0098156609424225119,-0.99831955202024925,0.034880368089120567,-0.18895988318938003,0.006287466397322276,0.1463326897491177,0.38037584977687539,-0.12645301826190586,0.030709518463493946,-0.13654094844906797,-0.022053828330742202,-0.12872360125223381,0.52973508740111508,-0.32415462795557143,-0.031491547260856199,1.7608412194870861e-18,0.49137830687999512,0.60885851077002817,-1.1910515259224688,-0.95716685780372512,0.49137830687999512,-0.60885851077002817,1.1910515259224688,-0.95716685780372512,
0.42322350663099184,-0.60665394217525725,0.65319619434697729,-0.05155576684925739,-0.011687820081146213,-0.99789858021891109,0.037467604185712676,-0.1802685220937649,0.0016814636561335665,0.14288804531409938,0.38403968713771292,-0.12473078262281324,0.032099025911051321,-0.16108427525327784,-0.031493842671957629,-0.12602927183811355,0.58211782746308416,-0.34296471390782091,-0.032746202107601388,-3.9887479042750108e-18,0.50496764462582133,0.60444329170157973,-1.2051683427205009,-0.93514166404809151,0.50496764462582133,-0.60444329170157973,1.2051683427205009,-0.93514166404809151,
0.42087158378761308,-0.60769162628749185,0.65248653422784264,-0.058292761354572169,-0.01383812476696988,-0.99726499847881089,0.043277974601984869,-0.17207401215787194,-0.0036697121317296596,0.1341862416988526,0.38923932936780559,-0.12312780019443992,0.032937997876904226,-0.1763817013575176,-0.040555663912282623,-0.12716819984468297,0.62106449627453686,-0.35544872412444939,-0.033896406246902371,-6.4554611558102761e-18,0.51555261309281719,0.60576041123656121,-1.2164856391554477,-0.92206323106802046,0.51555261309281719,-0.60576041123656121,1.2164856391554477,-0.92206323106802046,
0.41844308100333949,-0.60838820803391469,0.65178346108435703,-0.064245106012650155,-0.016061281102270411,-0.99646414057378907,0.051708975558572262,-0.16558376316221843,-0.0091688116799837766,0.12089880684757383,0.39541056687096043,-0.12237311100492493,0.032855745679459508,-0.18090790910625998,-0.048316401988086351,-0.1342758678171363,0.64333320387874371,-0.36190477481161498,-0.035041623333335568,6.0483211635271318e-18,0.51955476745011619,0.61225287441490339,-1.2252459508651687,-0.91585343229089755,0.51955476745011619,-0.61225287441490339,1.2252459508651687,-0.91585343229089755,
0.41598641464811159,-0.60879529127594012,0.6512189683433669,-0.068409613754217613,-0.017908310781311838,-0.99567611252087884,0.06023699947929842,-0.16146201470122504,-0.013755581537911912,0.10679193853740451,0.40208968436007669,-0.1235937080329732,0.032062301774654502,-0.17706562588832811,-0.053844724848770634,-0.14574981385674096,0.65148888053771603,-0.36480699944410644,-0.036037961364791142,9.6539250206600353e-18,0.51594451300816901,0.61899831804204253,-1.2347858631744342,-0.9076513802371331,0.51594451300816901,-0.61899831804204253,1.2347858631744342,-0.9076513802371331,
0.41349109910519588,-0.609136110094461,0.65086480500824229,-0.070697543630996215,-0.018903907624922792,-0.99513796273094601,0.065916118914528046,-0.15930713008055225,-0.016477746067840877,0.096513505128675944,0.40916135831579614,-0.12749840456987574,0.031311233655693715,-0.16927499829827974,-0.056570342992156727,-0.15668818451430339,0.65155226969916213,-0.36666759603504989,-0.036431715283492289,1.5636752523541544e-17,0.50760402536259919,0.62005383418106819,-1.2491755259229049,-0.88816343936077047,0.50760402536259919,-0.62005383418106819,1.2491755259229049,-0.88816343936077047,
0.41095785322581702,-0.6096051970580546,0.65071657594875587,-0.07181238554316631,-0.018849515235351902,-0.99497386775278873,0.067191365122670321,-0.15781944224585692,-0.017022382607301864,0.092686818488396633,0.41632620202463283,-0.13371263960522656,0.031254089224017428,-0.16048855394952377,-0.056462935180294903,-0.16255196455266413,0.6480137012684124,-0.36814929623275505,-0.03583062036608628,3.2842936750677718e-17,0.49884926666433771,0.61263065136104722,-1.2701060285752457,-0.85481739671006829,0.49884926666433771,-0.61263065136104722,1.2701060285752457,-0.85481739671006829,
0.40845126916275032,-0.61026745845771202,0.65075680356036714,-0.072311767182502901,-0.017961178197548649,-0.99513926275659126,0.064391397911270215,-0.15557405988526629,-0.015872738304078423,0.095286588385586596,0.42227891077848134,-0.14100863348732878,0.031932746296192013,-0.15262663153124972,-0.05430699727558283,-0.16157907830424817,0.6438463047810834,-0.36951009845221228,-0.034227985010909581,3.6665261461185758e-17,0.49194392095639417,0.59916951916813765,-1.2962756458764471,-0.81425156000345267,0.49194392095639417,-0.59916951916813765,1.2962756458764471,-0.81425156000345267,
0.40601744755262509,-0.61105693794697857,0.65096060306042081,-0.072196846140041071,-0.016787809003027267,-0.99546881942043808,0.059561853883071128,-0.15197094033280714,-0.014082619868680637,0.10164589926911372,0.4256041508656635,-0.14821654423803277,0.032699735395210622,-0.14627281645043405,-0.051476739454057167,-0.15619310041069576,0.64012788029350487,-0.37130683360654837,-0.03204765486349586,4.0259167831644368e-17,0.48490579614445212,0.58599169995449873,-1.3250185103176457,-0.77856575334460054,0.48490579614445212,-0.58599169995449873,1.3250185103176457,-0.77856575334460054,
0.40365749124350736,-0.6118876722642288,0.65126168699260822,-0.071380137440142044,-0.016114505613193338,-0.99574166585356783,0.056069007223513552,-0.1470437715387195,-0.013185477662793588,0.10702079511694056,0.42536907582373468,-0.1541711071315251,0.032635190043496361,-0.14173769084369867,-0.049999150336570042,-0.15207621797960233,0.63801844002547736,-0.37456642528963136,-0.030030211177865456,4.3537444429949455e-17,0.47218681537850415,0.58208744541119395,-1.3537569582538931,-0.7641797408806259,0.47218681537850415,-0.58208744541119395,1.3537569582538931,-0.7641797408806259,
0.40136248193572138,-0.61270813658924539,0.65156394968124876,-0.070053740547790996,-0.016442488198457672,-0.99580935922312097,0.056443229007060981,-0.14132570770812353,-0.014197181245426061,0.10752678592275167,0.42196481430882438,-0.15820573457994355,0.031303085245014683,-0.13918849525244337,-0.051302830032100073,-0.15411019977077739,0.63868008956337774,-0.3798861540631821,-0.028776075675114584,4.7448884671965199e-17,0.44936869191363804,0.5928889500377208,-1.3811313962874283,-0.7806132911962913,0.44936869191363804,-0.5928889500377208,1.3811313962874283,-0.7806132911962913,
0.39917059382797149,-0.61351258608805714,0.65180478658989127,-0.068469729010048191,-0.017681051927053444,-0.99563424661000532,0.060923916398822296,-0.13565787189299386,-0.017042746527680668,0.10230706936104791,0.41669910746358352,-0.16044275146166076,0.029010033604667574,-0.13915484365033634,-0.055419841930972054,-0.16278241414814332,0.64294440461496216,-0.38709259308000921,-0.028337482396377654,3.1826598397998819e-17,0.41572142870088785,0.617473110437602,-1.4072224261536315,-0.82627317771779996,0.41572142870088785,-0.617473110437602,1.4072224261536315,-0.82627317771779996,
0.39716013520464089,-0.61434632549659374,0.65195239374347924,-0.067005952192911375,-0.019350666112653181,-0.99525580067635466,0.067835428146257162,-0.13080040701170531,-0.021002223024883051,0.092960778460914009,0.41129822434437613,-0.16140385596400761,0.0265759336902739,-0.14294044354609947,-0.061488436143429165,-0.17384704952852173,0.65205594211903328,-0.39552891444251981,-0.028266030674703239,2.95096988290078e-17,0.37420096928259228,0.64988286238018511,-1.4326161505783519,-0.89142413907269002,0.37420096928259228,-0.64988286238018511,1.4326161505783519,-0.89142413907269002,
0.39534513743084898,-0.61532215597047235,0.65201379793333458,-0.065971781285646208,-0.020994384421716118,-0.99479204659780263,0.074804705216365688,-0.12680609656192565,-0.025394003268397813,0.082502248544538206,0.40682140875891182,-0.16171029807571524,0.02481041725118369,-0.1518565931042731,-0.068587370736538589,-0.18138272277394207,0.6672420250298573,-0.40473483376761399,-0.027959378510268744,1.8202500407342397e-17,0.32819901549151931,0.68360450691509245,-1.4581810729708862,-0.96506676230770594,0.32819901549151931,-0.68360450691509245,1.4581810729708862,-0.96506676230770594,
0.39364004879054298,-0.6166148681504684,0.65199843037908789,-0.06575230652539911,-0.022300335234979918,-0.99442364160684293,0.079378525108386763,-0.12304596526397733,-0.029753862215653938,0.074563811793803975,0.40393167607849934,-0.16201664929188153,0.024424058068994538,-0.16661201989670579,-0.07557733808769232,-0.17907205039035523,0.68914753821888364,-0.41417731350444664,-0.026945189405037522,4.2105258509635079e-18,0.28079094812374195,0.71226064462092942,-1.4847869818441883,-1.0349521740793381,0.28079094812374195,-0.71226064462092942,1.4847869818441883,-1.0349521740793381,
0.39193891728103264,-0.61826968920051206,0.65190580070687576,-0.066599138013823181,-0.02324689582347822,-0.99425013928742501,0.080565483783840833,-0.1188080132375717,-0.033918800465062765,0.070966058045314098,0.40275754220148774,-0.16264107941817871,0.025517672845848018,-0.18623699971303448,-0.081090821959537124,-0.16383694921231784,0.71652364797902512,-0.42319512498952089,-0.025258169794003891,-1.0964635876335401e-17,0.23408334138378201,0.73272678222658283,-1.5124821930079668,-1.0929571634515469,0.23408334138378201,-0.73272678222658283,1.5124821930079668,-1.0929571634515469,
0.39020730520326202,-0.62011213333116089,0.65174378392249521,-0.068570406277467855,-0.023975890691297259,-0.99421771875058629,0.07908466204569671,-0.11365735231398209,-0.037775413364206568,0.071092305026043801,0.40281534180013034,-0.16329266831647229,0.027542050509650407,-0.20856608818363576,-0.084168804424501809,-0.13795625920141474,0.74665613453802038,-0.43090118335462152,-0.023379019625211162,-2.376281005394702e-17,0.18913150195270456,0.74588608133331824,-1.539804231241336,-1.1382360636953228,0.18913150195270456,-0.74588608133331824,1.539804231241336,-1.1382360636953228,
0.38844382354704121,-0.62180916844853995,0.65157149318242702,-0.071419481987175917,-0.024493414197283851,-0.99421466963084049,0.076397126545979743,-0.10748716321138582,-0.040870738000630909,0.073180263222381775,0.40322319005591611,-0.16357616105843922,0.029667520280674785,-0.23068264813977774,-0.084759692549459725,-0.10898697161706675,0.77537006056850555,-0.43590132220541822,-0.022027154413372135,-3.5693058315969172e-17,0.14707396091815406,0.75403791149292343,-1.564011872772862,-1.1724913839491662,0.14707396091815406,-0.75403791149292343,1.564011872772862,-1.1724913839491662,
0.38664515038903902,-0.62315679368387245,0.65147974221251403,-0.074704526864475027,-0.02461635595729314,-0.99418604097552976,0.073534921056196037,-0.10043063633119496,-0.042744759131181538,0.075791980403337997,0.40308802750915868,-0.16332709381533325,0.031439780983202562,-0.25098129969893945,-0.084114997070268996,-0.084891808734151586,0.79957747899920495,-0.43705572603139153,-0.021530125262880274,-2.6128038793307719e-17,0.10803426065304896,0.75897228564601249,-1.583150562724464,-1.1977493893250022,0.10803426065304896,-0.75897228564601249,1.583150562724464,-1.1977493893250022,
0.38483678377172875,-0.62415333788786276,0.65155927708273742,-0.077882689632040689,-0.024124617509750999,-0.99414057519550303,0.070970460303156055,-0.092733149363276229,-0.043196304462429863,0.078310646119848087,0.40149668741917244,-0.16251126239264099,0.03285319795368611,-0.26889879100734632,-0.084507715130851382,-0.072200796076619764,0.81687701405670243,-0.4333437431149546,-0.021729426015238324,-1.0530820095306148e-17,0.071168207246270085,0.76207128823296511,-1.5957218888072788,-1.2156335206462938,0.071168207246270085,-0.76207128823296511,1.5957218888072788,-1.2156335206462938,
0.38307242225793997,-0.62500104741487317,0.65183206204247746,-0.080636886012441442,-0.023009129176207462,-0.99410841245539716,0.068678503726995924,-0.084549873352202348,-0.04256690110312264,0.080972630675134577,0.39792988691938758,-0.16111426350144489,0.034227636902595171,-0.28466794118252942,-0.087970651425049382,-0.072888794094867232,0.8269491753126732,-0.42485056002101146,-0.022158892312257913,-8.02109903332868e-18,0.035676293253197308,0.7642216189801605,-1.6014184698390874,-1.2276672243376097,0.035676293253197308,-0.7642216189801605,1.6014184698390874,-1.2276672243376097,
0.38142868051563394,-0.62585201102223653,0.65232944536800364,-0.081573415471746305,-0.021383508006843462,-0.99421569267195742,0.066510750397324542,-0.076140595999692459,-0.041401896078819465,0.084267336021464967,0.39258139666066477,-0.16186047252568514,0.035518877299332639,-0.29873726485657703,-0.094201305663716484,-0.083672789277309367,0.83073584965887515,-0.41486452692429016,-0.022271891365514895,6.5698629204304604e-18,0.0021347784409377515,0.76539335256232299,-1.6002358464114939,-1.2341053376593145,0.0021347784409377515,-0.76539335256232299,1.6002358464114939,-1.2341053376593145,
0.37999235491383354,-0.62656653201715817,0.65288513480128862,-0.081712527954312164,-0.019706614695881496,-0.99437082195715476,0.064508763379841585,-0.068132699559199275,-0.039959912382642654,0.088091108396057702,0.38617447331561533,-0.16276255389679145,0.036549081281366434,-0.31129206680444893,-0.10052149828139907,-0.097366307130072854,0.82916068671073173,-0.40224577162788799,-0.023042333875948583,1.6161799570951835e-17,-0.028030450637120587,0.7657188167602581,-1.5921944652476423,-1.2352769392553211,-0.028030450637120587,-0.7657188167602581,1.5921944652476423,-1.2352769392553211,
0.37875938489586175,-0.62681107974747308,0.65338853252054707,-0.081821339464935014,-0.018334745712858255,-0.99449142664115453,0.062896008180566024,-0.060977301955294633,-0.038116914837624472,0.091712814601338538,0.3794736219308309,-0.16251679656230256,0.036724657581565769,-0.32233921965757018,-0.10348168023945532,-0.10751013994814712,0.8226063710135203,-0.38617976068226523,-0.025773178381192474,1.117242982715571e-17,-0.053895467287757043,0.76576635769001666,-1.5770191454574998,-1.2325048494481736,-0.053895467287757043,-0.76576635769001666,1.5770191454574998,-1.2325048494481736,
0.37761515210810337,-0.62629939120851152,0.6537917368648819,-0.081880761927437706,-0.017553887018097104,-0.99455495250930714,0.062031027042504863,-0.054906593083707968,-0.035835311889415758,0.093894785097608152,0.37318514283675208,-0.16152108892171221,0.03528700292994346,-0.33222383936448557,-0.10058159729776021,-0.10937474496735737,0.81191459360176776,-0.36757793279999668,-0.031071307722664556,1.2904549983477992e-18,-0.075065056286617415,0.76662277384714395,-1.5535215078669702,-1.2291903555198846,-0.075065056286617415,-0.76662277384714395,1.5535215078669702,-1.2291903555198846,
0.37644228426799209,-0.62503853069277326,0.65406853827322786,-0.081885387881352384,-0.017469824902711161,-0.9945534084946186,0.062073393020886977,-0.049907535216172444,-0.033279032973095736,0.093919070178872452,0.36784732830794103,-0.16030125958887878,0.032083037516374244,-0.34135821002258177,-0.091874162580664387,-0.10161412842649398,0.79840106182989434,-0.34731801467406187,-0.038352722230613437,6.2236573820038824e-18,-0.092034578360919189,0.76903924635680254,-1.5220683895878142,-1.2284695258343086,-0.092034578360919189,-0.76903924635680254,1.5220683895878142,-1.2284695258343086,
0.37521803097782647,-0.62323928341767254,0.65420581803011058,-0.081835648829381255,-0.018083586922587293,-0.9944885382527654,0.062995696270185739,-0.045894068205164493,-0.030774557057835127,0.091743801587771956,0.36363221510998495,-0.15915548241331248,0.027421212890411561,-0.34950936245550468,-0.07947206316329361,-0.086265950435093414,0.78282711474250455,-0.3259032234182927,-0.046359316204418785,7.0377589127979223e-18,-0.10476527076468503,0.77334524490100931,-1.4834873979034835,-1.2320405229063218,-0.10476527076468503,-0.77334524490100931,1.4834873979034835,-1.2320405229063218,
0.37395752367563118,-0.62128072626161768,0.6541893705061349,-0.081729043321961209,-0.019401352365747991,-0.99436214077217988,0.064713862525927646,-0.04271697317794898,-0.028918263555358276,0.087676777116897919,0.36049729556181831,-0.15826296929784608,0.021903688819586178,-0.3561836762434441,-0.067312816342834925,-0.068733354382089246,0.76663881945914925,-0.30487143542841422,-0.053766622066240347,1.429645481434973e-17,-0.1111004839219466,0.77992981781474158,-1.4362606954368586,-1.2434942137467646,-0.1111004839219466,-0.77992981781474158,1.4362606954368586,-1.2434942137467646,
0.37271099255501128,-0.61950458080164506,0.65399840562554434,-0.081556609893104481,-0.021481421522102067,-0.99417187004342433,0.067151773814952201,-0.04041563430391807,-0.028333031939848766,0.082059644643582189,0.35836104755745124,-0.15758743061004626,0.016086065723047122,-0.36145968598005895,-0.058983226620110282,-0.054648317245563419,0.75153965284704349,-0.28603843808620039,-0.060092007291769459,2.1797946835836357e-17,-0.1071813821069772,0.78462344281539831,-1.3722799703707298,-1.2644119470180981,-0.1071813821069772,-0.78462344281539831,1.3722799703707298,-1.2644119470180981,
0.37148521397469292,-0.61814671572378699,0.65360039106814283,-0.081300750349784373,-0.02445547134621863,-0.99390930866853222,0.070259547791291177,-0.039125813579089022,-0.029552839897749233,0.075018012672161904,0.35729902841692912,-0.15712751983503551,0.01025861758017489,-0.3656512880015011,-0.056628113208778877,-0.046930962325003073,0.73938882969836195,-0.27141800051804654,-0.065194265105487301,1.8156923034059521e-17,-0.090932994783718496,0.77301588827102341,-1.2728955172684979,-1.2834448140870625,-0.090932994783718496,-0.77301588827102341,1.2728955172684979,-1.2834448140870625,
0.3702023191770441,-0.61721620465523175,0.65298620046413447,-0.080941468475813794,-0.028388559969163004,-0.99355377281513957,0.074117938912642553,-0.038765389674183831,-0.032625960081305173,0.066475400415558591,0.35719385067215453,-0.15684627533196971,0.0043060321979531803,-0.36883330747234494,-0.059567614910290355,-0.043325766258460303,0.73115943512254089,-0.2620541836385849,-0.068875908719673445,-5.371661907247085e-18,-0.06766803810860883,0.73501187654997746,-1.1275369221586566,-1.2816989930165259,-0.06766803810860883,-0.73501187654997746,1.1275369221586566,-1.2816989930165259,
0.36871824869130082,-0.61659105200415965,0.65218432121891301,-0.08046608106591574,-0.033158516599324145,-0.99308032592302076,0.078849152433319289,-0.038963805809377833,-0.037125262648909835,0.056339066636704356,0.35779330317876162,-0.15682969519807652,-0.0020229663431232535,-0.3702947944912936,-0.065396655212477242,-0.039307691239240307,0.72685731472645387,-0.25830133629293139,-0.070805955203609924,-3.4013533066939858e-17,-0.040316415956000634,0.67974081469761327,-0.9557582468084469,-1.2597573594046487,-0.040316415956000634,-0.67974081469761327,0.9557582468084469,-1.2597573594046487,
0.36695730564090107,-0.61613347637104876,0.65129681443325027,-0.079908022104183407,-0.038232658317100425,-0.99251537988063743,0.08406064799773641,-0.039007643307437612,-0.042086117730082542,0.045463296523095366,0.35869706460058426,-0.15735030725900112,-0.0086181974813425016,-0.36887784698599074,-0.071381701551549076,-0.032735654723632143,0.72562082282584994,-0.25986776209399565,-0.071175144820231975,-4.1227646336554169e-17,-0.0073279895745864427,0.62838447839378275,-0.80196505646525718,-1.2365418785228504,-0.0073279895745864427,-0.62838447839378275,0.80196505646525718,-1.2365418785228504,
0.36492011478609865,-0.61572571558274336,0.65044376498272549,-0.079346923897469251,-0.042956527844922175,-0.99195246734410336,0.088820633376840374,-0.038340206505436063,-0.046503106449673523,0.035330883760123867,0.35959758891594301,-0.15862307273437809,-0.015074792305470314,-0.36428499653588664,-0.076002855935741437,-0.025436660705825103,0.72626888810305501,-0.26561907497398651,-0.071002217423787609,-3.0145442754657675e-17,0.029723332816564262,0.59312510065684065,-0.69413594254545685,-1.2205487157075978,0.029723332816564262,-0.59312510065684065,0.69413594254545685,-1.2205487157075978,
0.3627489977582109,-0.61526596162431479,0.64976891512914048,-0.078772126103843654,-0.046511243283865855,-0.99156846081993688,0.091780411332976888,-0.037210446491939747,-0.049361954576786417,0.026971791940756981,0.36046492686180737,-0.16069984244075727,-0.020746023112498919,-0.35821761379952333,-0.07864208120907587,-0.021115736472847695,0.72765926961117977,-0.2732593133085594,-0.071557216140827315,-1.0682901186943621e-17,0.069516801604737902,0.57577205964322742,-0.64318641817018474,-1.211160573771213,0.069516801604737902,-0.57577205964322742,0.64318641817018474,-1.211160573771213,
0.36067572114023494,-0.6147296127767562,0.64939573460813937,-0.077180555400580941,-0.048276161493990159,-0.9915794602713125,0.092101835310251221,-0.036554838131873907,-0.050236578514353786,0.01982922490759929,0.36160219156444329,-0.1652822835310751,-0.025207458819744955,-0.35344856299236993,-0.079160163453678711,-0.021661077635983184,0.72891144665324836,-0.28186851983889621,-0.073118899648427188,4.4933064015078607e-18,0.11315371333852081,0.56808726626140116,-0.63691390646806278,-1.2043852916387456,0.11315371333852081,-0.56808726626140116,0.63691390646806278,-1.2043852916387456,
0.3589013674222814,-0.6141099760717883,0.64927889867588118,-0.075253815750146405,-0.048407146614209765,-0.99190774620299449,0.09007016372922344,-0.037249657711108913,-0.0493885528973219,0.012219955127984034,0.36313035669157895,-0.17032676915328493,-0.028491539502159893,-0.35190010907286612,-0.078095995714526606,-0.025704052029029516,0.72974483883609298,-0.28828981536940862,-0.075459110971184615,3.9488144374343792e-18,0.15751545285100801,0.55706614037219349,-0.64791402904131101,-1.1881416705297727,0.15751545285100801,-0.55706614037219349,0.64791402904131101,-1.1881416705297727,
0.35753060401253628,-0.61336352043617093,0.64931446763263923,-0.072752931168226981,-0.047677134727907355,-0.99236585196734894,0.087429501197741108,-0.039471212878793391,-0.047691215876443267,0.0023001856989487606,0.36434419933231993,-0.17516688219614948,-0.0313526324706664,-0.35394813459861629,-0.076200496947875437,-0.030015351199104933,0.72999993524484608,-0.29232452740407971,-0.077780558893139048,-7.6918434314921671e-18,0.19553574559553122,0.53553127751787821,-0.65273807694842712,-1.1521530178401873,0.19553574559553122,-0.53553127751787821,0.65273807694842712,-1.1521530178401873,
0.35654844639183569,-0.61247894322817187,0.64936568852652643,-0.069566078127863473,-0.047078389119478238,-0.99271587690123719,0.086367666403757828,-0.042746551500599098,-0.046182313295596009,-0.010978094986888459,0.36425104671129765,-0.17911015106937386,-0.034634620733598992,-0.3583591155655238,-0.07497820116652025,-0.033642943758849284,0.72976471924321284,-0.29518095509977726,-0.079628727513882766,-1.1235664938829044e-17,0.22763592790731868,0.50973156043692569,-0.65245166813386402,-1.1069841840831243,0.22763592790731868,-0.50973156043692569,0.65245166813386402,-1.1069841840831243,
0.35592031588070011,-0.61149417185612265,0.64929509512954131,-0.065544897307835387,-0.047551882670325049,-0.99272633553081335,0.089090446373198212,-0.046566321097675868,-0.04597118629218272,-0.028038165685448795,0.36200068205697061,-0.18174209835511701,-0.038928505582218859,-0.36335940153750762,-0.076857776807186959,-0.039526023549782172,0.72934141248699158,-0.29907425820580757,-0.081133164204114552,-5.4394819229324578e-18,0.25476547127752192,0.48535302363781752,-0.65031548222094182,-1.0633542983054198,0.25476547127752192,-0.48535302363781752,0.65031548222094182,-1.0633542983054198,
0.35558829600734809,-0.61043665881688869,0.64902781597500214,-0.060578134315360695,-0.049410340412665593,-0.99227070566393771,0.096372997174341668,-0.050926220702508594,-0.04758160321998503,-0.048899165024041805,0.35771390431869515,-0.18329803002298725,-0.04428155352599223,-0.36798264493592525,-0.083116512983301874,-0.050741689835024924,0.72913160091530305,-0.3055873420039078,-0.082666658580647853,2.0356885767225248e-18,0.27680959182797188,0.46241341303288575,-0.6467882957069272,-1.0226953079811225,0.27680959182797188,-0.46241341303288575,0.6467882957069272,-1.0226953079811225,
0.35554328401644347,-0.60932869587059468,0.64859431346465091,-0.054695430941359119,-0.052231629906389743,-0.99133100335874946,0.10743885913018582,-0.056120724025280781,-0.050538898760476333,-0.071374751077629348,0.35218853894864066,-0.18426374339090987,-0.050095640205960641,-0.37237679381546351,-0.09304398347146875,-0.067318875538817893,0.72914178465727009,-0.31442912832062991,-0.084148580104279169,1.5924541304079728e-17,0.29479945323281903,0.44163183251211202,-0.64578976501162211,-0.98559622269365432,0.29479945323281903,-0.44163183251211202,0.64578976501162211,-0.98559622269365432,
0.35584833345051237,-0.60824822915796595,0.64812147524408947,-0.048224506584534789,-0.055242500388910876,-0.98997064996484574,0.12075088125409278,-0.061841347290689602,-0.05333203760960796,-0.086770132460513294,0.3460964982986332,-0.18474632013829895,-0.055162763210081421,-0.37711967389267548,-0.10500356956933546,-0.087174079641170202,0.72926061719406343,-0.32408600866584059,-0.085072891346948967,1.9297587889798311e-17,0.31100823687511059,0.42686804178720261,-0.65247429114250288,-0.95628338885710518,0.31100823687511059,-0.42686804178720261,0.65247429114250288,-0.95628338885710518,
0.35658971011044138,-0.60726125081780102,0.64775158992045867,-0.041549467232172566,-0.057860389822169844,-0.98824655847755349,0.13525737214518288,-0.067066238889433777,-0.054310508983434744,-0.084508374496621325,0.33921589512592287,-0.18426659740258164,-0.058595427833497547,-0.38259936006042461,-0.11793019473303795,-0.10898034582364002,0.72944509880699704,-0.33323445076558195,-0.085075024538075916,4.534662518766622e-18,0.3261780904424032,0.41769810765910403,-0.66560007459018833,-0.93345655775146064,0.3261780904424032,-0.41769810765910403,0.66560007459018833,-0.93345655775146064,
0.35778520844300721,-0.60638415467392837,0.64757796576314752,-0.035005088485620624,-0.05975298628261172,-0.98616728364023887,0.15059320399027493,-0.070485116269929413,-0.052314865427288089,-0.05800578909351474,0.33110432047040539,-0.18252526154739626,-0.06026710067862856,-0.38858073014560129,-0.13155809633804075,-0.13345222218878058,0.72979358769453961,-0.34139928071897141,-0.084134489637635576,-8.233750053469391e-18,0.33911523534316274,0.40878072721828995,-0.67823717814735385,-0.90898969580511579,0.33911523534316274,-0.40878072721828995,0.67823717814735385,-0.90898969580511579,
0.3592899430687671,-0.60558091056278651,0.64757405458994055,-0.028791978682595896,-0.060909446842648957,-0.98368262873723444,0.1668219025472002,-0.071512782236578032,-0.047527529775077855,-0.011766335244273464,0.32189472399837271,-0.1798371021835336,-0.061136971397395906,-0.39417090507417119,-0.14603317561667989,-0.16221048664675802,0.730368174094985,-0.34888766447346398,-0.082525211988882879,-4.8002084464053338e-18,0.34889886231280748,0.3960371989255182,-0.68486234213665231,-0.87721624794410569,0.34889886231280748,-0.3960371989255182,0.68486234213665231,-0.87721624794410569,
0.36088709176853212,-0.60482597941063865,0.6476319976595678,-0.022955412828394545,-0.061508726283154166,-0.98072053389946956,0.18405694771141259,-0.070561596467511561,-0.041212600631647694,0.041206143516248753,0.31246298506454095,-0.1771121354032148,-0.062531454481080828,-0.39835546774955122,-0.16142105193547665,-0.19617533047209251,0.73111246341001856,-0.35624029689687087,-0.080531400832300842,-7.186197485497729e-18,0.35647129215273532,0.38126448118891743,-0.68682208496757946,-0.84231786212163917,0.35647129215273532,-0.38126448118891743,0.68682208496757946,-0.84231786212163917,
0.36231087283984059,-0.60414519568568303,0.64764109397449721,-0.017590715682548559,-0.061670875521159546,-0.97732889959733449,0.20178080148044888,-0.068464056834019696,-0.034943885994404823,0.084070108682369887,0.304333151431884,-0.17600003724257446,-0.065370878896983148,-0.40016566732937286,-0.1768463712537548,-0.2338930278731268,0.73170241001851277,-0.36360658515353594,-0.07828282977901159,1.928797504561336e-19,0.36505407071813673,0.37082972539638026,-0.69088765786717621,-0.81628690521568759,0.36505407071813673,-0.37082972539638026,0.69088765786717621,-0.81628690521568759,
0.36343875437731549,-0.60360491909302461,0.64754527997884725,-0.012740028136501149,-0.06144349365186888,-0.97365388097539851,0.21922707139511408,-0.065624087255838237,-0.029425747883521914,0.10900956381600294,0.29847424996834554,-0.17788022943977835,-0.069692713413614618,-0.39928990116140195,-0.19121116617483619,-0.27280215587476597,0.73173855326626336,-0.37076674243306657,-0.075737614390660166,6.6215562680374876e-18,0.37714021061952363,0.36907487985897502,-0.70260926046841754,-0.806722678423483,0.37714021061952363,-0.36907487985897502,0.70260926046841754,-0.806722678423483,
0.3643327089651478,-0.60328585228613463,0.64731542509631612,-0.0083319049695292358,-0.060916284881532362,-0.96990455450023472,0.23559486572400548,-0.06165009281727471,-0.024442391296687113,0.11990740008441815,0.29483792084809385,-0.18326490650143479,-0.0751223915508787,-0.39575851528213746,-0.20338926899837645,-0.30957496983077692,0.73038862726576526,-0.37721023191767045,-0.072751855938049642,-8.9731711565898076e-18,0.39348645194208914,0.37642124073132355,-0.72409703229929323,-0.81336982149215631,0.39348645194208914,-0.37642124073132355,0.72409703229929323,-0.81336982149215631,
0.36516191511172935,-0.6032076601762113,0.64692936797650302,-0.0041672390493463791,-0.06026330968298052,-0.96625823053412119,0.25039169225401203,-0.056043397536895211,-0.019448073633196637,0.12737809457457502,0.29256918581132829,-0.19140341007052111,-0.081276488302093025,-0.38995879296779729,-0.21273047087129182,-0.34121204553866363,0.72670621858166173,-0.38240570741671098,-0.069147043106659631,-2.5165068307216193e-17,0.41253233998573013,0.38925797053035577,-0.7528155531401638,-0.82863339045378448,0.41253233998573013,-0.38925797053035577,0.7528155531401638,-0.82863339045378448,
0.36606964990585938,-0.60332214281058649,0.64636381399349974,-8.1305757848065818e-05,-0.059686620223506084,-0.96277449578983054,0.26363378200129456,-0.048736369187864989,-0.014209015184753883,0.13976836837509354,0.29090540883885979,-0.20104353200133288,-0.088002079271917638,-0.38210391033944258,-0.21921584914097203,-0.36630941706455067,0.71994521317789117,-0.38604545354336156,-0.064818589946277885,-2.4812285600322827e-17,0.43135099400499588,0.40301128081928195,-0.78362317240159307,-0.84410640848571572,0.43135099400499588,-0.40301128081928195,0.78362317240159307,-0.84410640848571572,
0.36715474635505668,-0.60352517101752556,0.64561114740359404,0.0040902173744724619,-0.059370194622024634,-0.95934621162940437,0.27588638303599311,-0.04017234706553182,-0.0088643710878238274,0.16062298462030683,0.28902581232470237,-0.21059187860598721,-0.095403330972708617,-0.37196214686518775,-0.22324991165306551,-0.38577442695779762,0.7090111055855125,-0.38768623500271965,-0.059914238880221314,-1.9147451896390614e-17,0.44679876159110737,0.4137025493694988,-0.81095450223120813,-0.85330718322617105,0.44679876159110737,-0.4137025493694988,0.81095450223120813,-0.85330718322617105,
0.36847723041347968,-0.60370747184049034,0.64711769992640755,0.0084718678301606079,-0.059249557354682736,-0.95568489135741386,0.28824313667442369,-0.030871662752585662,-0.0033749834649410082,0.18892333010595655,0.28633604983444072,-0.21896588253303045,-0.10374085191197192,-0.35892087632273728,-0.22532581172831548,-0.40302811973370928,0.69270620287109641,-0.38676527685605494,-0.054721634169909723,-4.1090771747982519e-18,0.45791118847065565,0.42036924975194623,-0.83273415726479949,-0.85556242198755683,0.45791118847065565,-0.42036924975194623,0.83273415726479949,-0.85556242198755683,
0.37011552406347303,-0.60375753426951229,0.64900174090211349,0.013080410530698961,-0.058974364737830492,-0.95135945507643971,0.30210282090834151,-0.021615743303927942,0.002896793932968861,0.22235315186301952,0.28314177933046486,-0.22580276920806797,-0.11323201373286505,-0.34277128570750526,-0.22601114634344641,-0.42362892031676391,0.67043927926704772,-0.38261881723592245,-0.049716574194810952,1.0816563210606965e-17,0.46512853386740494,0.42349850684880141,-0.8488381350628873,-0.85284586357455405,0.46512853386740494,-0.42349850684880141,0.8488381350628873,-0.85284586357455405,
0.37212456633501512,-0.603647638895764,0.65105797611857252,0.017800542569329617,-0.058179827897817629,-0.94610176208696362,0.31810329153587874,-0.013367646988020503,0.010564492095558162,0.25865640240691173,0.28067645214089687,-0.23144715527669762,-0.12375914452456571,-0.32462004941820061,-0.22618318531954451,-0.45184348022015386,0.64374682528146909,-0.37538950672187488,-0.045069753001987331,8.1882217958227736e-18,0.46925492101731603,0.42358670486559591,-0.85965564163843711,-0.84669635403659838,0.46925492101731603,-0.42358670486559591,0.85965564163843711,-0.84669635403659838,
0.37449720360449901,-0.60340426220755505,0.65309844351223911,0.022408163903444543,-0.056859555363274715,-0.93995870518341162,0.33577149626537861,-0.0069771436751607024,0.019623273284669247,0.2967849077812082,0.28050105364088612,-0.23636326784596751,-0.13489563033759558,-0.30602621898907539,-0.22637574014934619,-0.48782472370458985,0.61498607492368751,-0.36575734339613752,-0.040823694002403016,6.5770390753055279e-18,0.47079387092082536,0.4209603862809374,-0.86539265444643765,-0.8380866830435616,0.47079387092082536,-0.4209603862809374,0.86539265444643765,-0.8380866830435616,
0.37713202136657631,-0.60290503468945633,0.65505246376384918,0.026738401126989352,-0.055455470057233204,-0.93313213669840989,0.35422332532819412,-0.0034127024201962225,0.029661655355678673,0.33774744804507612,0.28415778568513317,-0.24041500824535,-0.14625077780308388,-0.28806447340810248,-0.22627210671569187,-0.52942141316822233,0.5854955691880841,-0.35443130935849454,-0.037790885262037582,6.8556272076246094e-18,0.47033383988125305,0.41666564912800785,-0.86671776626275521,-0.82935276476115305,0.47033383988125305,-0.41666564912800785,0.86671776626275521,-0.82935276476115305,
0.3798285450005342,-0.60184162211600234,0.65697858513992091,0.030907255271885162,-0.054498533512997951,-0.92568144654985274,0.37307976483570254,-0.0031463194485739907,0.040680125925002621,0.3852065968910956,0.2923293183251266,-0.24263711170426816,-0.15798427087358091,-0.27065197291002557,-0.22469248604692005,-0.57476319009501564,0.5545088284322478,-0.34186876766527391,-0.037145931927530414,2.622149929083854e-18,0.46855506651788464,0.41247400659667988,-0.8652818601628679,-0.82366127219561314,0.46855506651788464,-0.41247400659667988,0.8652818601628679,-0.82366127219561314,
0.38203364745219526,-0.59978134232087121,0.65885955914576244,0.035284562578037429,-0.054293810274531548,-0.91747248818226512,0.39249384101943968,-0.0058949409431548784,0.053923230423190485,0.4451421114486438,0.30488286608280224,-0.2411879357946764,-0.17106086880695257,-0.2538021547209024,-0.22014910429708606,-0.62129037811024035,0.52157154544441642,-0.32945080211557237,-0.039669293200290383,6.4180202331994295e-11,0.46616348070718072,0.41075428908607098,-0.86421156887363926,-0.82406065604612877,0.46616348070718072,-0.41075428908607098,0.86421156887363926,-0.82406065604612877,
0.38309471661669425,-0.59663083130555372,0.66051865310134272,0.040044150090534233,-0.054840788599677587,-0.90840440160872349,0.41254138833235771,-0.010324717714703894,0.07066672374514564,0.52012720727678385,0.3208289464043263,-0.23421149387821996,-0.18565174089491993,-0.2382609063714895,-0.21257378402745283,-0.66524274151855178,0.48885396926371372,-0.31950111147120996,-0.044813959423319651,7.9466099311719973e-10,0.46387301474607756,0.41300265029254424,-0.86648472031387369,-0.83139093792034835,0.46387301474607756,-0.41300265029254424,0.86648472031387369,-0.83139093792034835,
0.38259379954633144,-0.59277817020041446,0.66173123240883613,0.044926372399372132,-0.055836483573452125,-0.89857921585615474,0.43291950868091222,-0.015007088843663339,0.091356870070123067,0.6068054493958227,0.3391959326235981,-0.22106446745478905,-0.20013750904626626,-0.22517500465306028,-0.20330533876139148,-0.70345121947182632,0.46031520475027243,-0.31398063558591432,-0.051352382612545176,4.5995411647506726e-09,0.4616358980236529,0.41840438133598434,-0.87246233794839734,-0.84288772587809757,0.4616358980236529,-0.41840438133598434,0.87246233794839734,-0.84288772587809757,
0.38073987905374956,-0.58914054852097419,0.66234953312439371,0.049275422899159288,-0.05646135911214499,-0.88824262682011135,0.45322078893738638,-0.01911554435477518,0.11502855110460629,0.69559812651662822,0.35871787051319576,-0.20372315409330777,-0.21140222602132422,-0.21530764069662717,-0.19468000575449937,-0.73570667556865432,0.44007340883787549,-0.31335581532013662,-0.057254744693807424,1.6900162668809583e-08,0.45864981920893466,0.4243744129670951,-0.88047880519834298,-0.8527808454736634,0.45864981920893466,-0.4243744129670951,0.88047880519834298,-0.8527808454736634,
0.37836520990253791,-0.58645376439664532,0.66246976041032379,0.052684859187442271,-0.056011158689777116,-0.87734727081361696,0.47365474990812234,-0.023301987349739928,0.13970129803838444,0.77692848530250969,0.37820074800329412,-0.18549816765149607,-0.21717117811329448,-0.20811503312515911,-0.18847833223310978,-0.76553366238025677,0.42871596995996619,-0.31613071751007876,-0.060821858602707259,4.3954298751436888e-08,0.454089766808494,0.42893251545892597,-0.88886370299681494,-0.85709475533752788,0.454089766808494,-0.42893251545892597,0.88886370299681494,-0.85709475533752788,
0.37668415768483365,-0.58503405730799063,0.66237048695869827,0.055179137677370399,-0.054266126346791885,-0.86555306250825226,0.4948013200053949,-0.029383772201275207,0.1624640148061384,0.84234315896524214,0.39628914182714536,-0.169704833393265,-0.21682609614613502,-0.20207351489315023,-0.18558829576592581,-0.79776558553867705,0.42327646594121088,-0.31949643437642394,-0.061017974997868367,7.7801143837213571e-08,0.44764092384395271,0.43116218499820269,-0.89677758916838202,-0.85442701589860981,0.44764092384395271,-0.43116218499820269,0.89677758916838202,-0.85442701589860981,
0.37633664673789324,-0.58450968142468929,0.66231016585424274,0.0571871658375405,-0.051636584124033741,-0.85272051291843909,0.51665367325858169,-0.038750958468192306,0.18149326781069125,0.88913583463451273,0.41210446383029131,-0.15745291861118177,-0.21189009823781582,-0.1960646233134429,-0.18514248030438935,-0.83382010683412688,0.41939522953239622,-0.32126791182549219,-0.058533387833509157,5.4035041608172518e-08,0.43966456257731534,0.43105362573887318,-0.90399416601139682,-0.84573022305291823,0.43966456257731534,-0.43105362573887318,0.90399416601139682,-0.84573022305291823,
0.37715637140074448,-0.58428040337439713,0.66235547170752285,0.058952683875130571,-0.048759053200328639,-0.83926803594399479,0.538308740071751,-0.051374612610986879,0.19654803842559168,0.91888883927014064,0.42535445178011783,-0.14801404223317394,-0.20442203146384644,-0.19044028270550528,-0.1856561902824258,-0.86989515317995647,0.4151909081775717,-0.32111132631237149,-0.055177150261599646,-2.2782610850058995e-07,0.430920360779803,0.42884488082895983,-0.9102645474504274,-0.83237380266759953,0.430920360779803,-0.42884488082895983,0.9102645474504274,-0.83237380266759953,
0.37858535439727187,-0.58376835470572852,0.66247458177813856,0.060225385375569193,-0.046426679707463371,-0.82608471699289787,0.55839189349279494,-0.065894856399694668,0.20792052010232587,0.93276593458787449,0.43591194668363842,-0.1403085500455743,-0.1962441139442743,-0.18595152775733811,-0.18563389373161687,-0.89894009714811451,0.41039748933003006,-0.31942188543393435,-0.053242165919711051,-1.230529775394645e-06,0.42260355865764537,0.42442197055138198,-0.9144737796415654,-0.81514317223149446,0.42260355865764537,-0.42442197055138198,0.9144737796415654,-0.81514317223149446,
0.38021372511766166,-0.58279994971488014,0.66262422751923833,0.060506095189866299,-0.044915449450639341,-0.81361320695366746,0.57650252758864007,-0.080860037872859558,0.21631242562401826,0.9313104482080734,0.44413645382110689,-0.13422662370836527,-0.18851392618143023,-0.18257091291123295,-0.18412901918761962,-0.916649511559952,0.40503215157950023,-0.31617453993722483,-0.053792765829630169,-3.8478725637644004e-06,0.41554962387319611,0.4175566980304945,-0.91566577133152793,-0.79386342509974395,0.41554962387319611,-0.4175566980304945,0.91566577133152793,-0.79386342509974395,
0.3820077757940023,-0.58152156248830489,0.66281359176827648,0.059472224014679949,-0.043968408201538141,-0.80161621804699457,0.59324638440955046,-0.095485678235974702,0.22253519906185171,0.91589367653898202,0.45081036958358273,-0.13032939100796201,-0.18169387387570426,-0.17953002516756275,-0.18076292202769631,-0.9221407191457397,0.39842943491376587,-0.31046666959885605,-0.056354936373108053,-9.5753153298755335e-06,0.410318943163614,0.4087948639161722,-0.91427997106120507,-0.76898530339626059,0.410318943163614,-0.4087948639161722,0.91427997106120507,-0.76898530339626059,
0.38422777674078445,-0.58028366756919203,0.66308266385914039,0.057411520581157074,-0.043182545827336029,-0.78957987145672048,0.60942826618956414,-0.10971866305767872,0.22701973714399787,0.8906236013068326,0.45684476392785855,-0.12893711661553128,-0.17560328042430817,-0.17625188433959185,-0.1764055118791017,-0.91771042025946681,0.39035866124621305,-0.30180757926493856,-0.059322371941748671,-2.0599849887073488e-05,0.40699264644941535,0.39967107933984175,-0.91226295606038843,-0.74261298831651568,0.40699264644941535,-0.39967107933984175,0.91226295606038843,-0.74261298831651568,
0.38698182599715303,-0.57939775187966747,0.66342908530248201,0.054879543435730829,-0.042409428881489415,-0.77744985813787826,0.6251091057852417,-0.12366550653536741,0.2298875868231901,0.85937546643271201,0.46294105004990999,-0.1299663152179541,-0.17019871604433068,-0.17278925055292968,-0.17231720087192001,-0.90564654837176539,0.38170353416698677,-0.29100272975129782,-0.061386888201153941,-3.9742988243958482e-05,0.40525494053500843,0.39135323800220412,-0.91108738166654368,-0.71667113723511833,0.40525494053500843,-0.39135323800220412,0.91108738166654368,-0.71667113723511833,
0.3900087272674797,-0.57912875804466557,0.66379034818225868,0.052439829702013566,-0.041534623104145976,-0.76556075370903953,0.639876294079463,-0.13721900947355872,0.23185446179987729,0.82614760280938571,0.4699786046375185,-0.13322433767461189,-0.16585845655518031,-0.16941235269462107,-0.16921871703805302,-0.88794797730817265,0.37393908742234289,-0.27996830117709853,-0.061711012541916951,-7.035923220091367e-05,0.40430858272462067,0.38418843331450014,-0.91106487210559695,-0.6918337804228063,0.40430858272462067,-0.38418843331450014,0.91106487210559695,-0.6918337804228063,
0.39306605330188454,-0.57962699329300904,0.66410759165875766,0.050186830593103242,-0.040362311299320823,-0.75397259956286744,0.65374114523258187,-0.15059066053897496,0.23385311635250661,0.79241776761169214,0.47876680874673527,-0.13880587943532541,-0.16270749812222715,-0.16596082386279834,-0.16684621880659709,-0.86586182922901511,0.36764992372762972,-0.26981478732463077,-0.059985858448298839,-0.0001159221235655594,0.40318585275510355,0.37758034935273044,-0.91144325089295108,-0.66670636927983917,0.40318585275510355,-0.37758034935273044,0.91144325089295108,-0.66670636927983917,
0.39623439485598555,-0.58105454084054342,0.6643589510849589,0.047811495651055753,-0.038620748496787434,-0.74197712606460064,0.66760200948324944,-0.16468367148093252,0.23676146429432962,0.75787873693211316,0.49064816033393277,-0.14740833184250968,-0.16011105473541964,-0.16148110518212588,-0.16455736881751523,-0.84029132153641029,0.36223850387952139,-0.26032838756300547,-0.055801292340345435,-0.00018044786712596768,0.40125006236588112,0.37143458195636686,-0.91197015052483787,-0.64052180276692128,0.40125006236588112,-0.37143458195636686,0.91197015052483787,-0.64052180276692128,
0.39969367441290593,-0.58340271946374944,0.66454210559700444,0.045006075908282948,-0.036228095821579244,-0.72865397146533084,0.68244074326807391,-0.18024129393967639,0.24091952508386957,0.72227898485768038,0.50625370590674745,-0.1591141080146522,-0.15726192027386141,-0.15505749935481938,-0.16195935631341993,-0.81234362611797573,0.35664582409122353,-0.25082106087245121,-0.048955631866716115,-0.00026898968898893272,0.39877039391104951,0.36679927844586602,-0.91350180687858029,-0.61537377036277729,0.39877039391104951,-0.36679927844586602,0.91350180687858029,-0.61537377036277729,
0.40351120861855477,-0.58653010863537103,0.66464592161385849,0.041788838537714569,-0.03334622828521977,-0.71376570556681973,0.69834106251137695,-0.19701894367526093,0.24592451846176386,0.68691084303126426,0.52486626545808834,-0.17315856836323951,-0.1537738443859876,-0.14664506764240129,-0.15918519518419541,-0.78238356001245901,0.35045599172769115,-0.2412454493867113,-0.039580935105687165,-0.00038322832418008794,0.39616649451170904,0.36448575224925434,-0.91704580836036143,-0.59332697702106807,0.39616649451170904,-0.36448575224925434,0.91704580836036143,-0.59332697702106807,
0.40753635769431867,-0.59020177932053342,0.66463530801192261,0.038423217089040611,-0.030306059659421531,-0.69779268325250166,0.71462617523830052,-0.21361988346306537,0.25125733872061673,0.65593886979139748,0.54477154646992487,-0.18793454373335125,-0.14941412082161115,-0.13702891225852493,-0.15652184660866103,-0.75014781127977703,0.34426647674202682,-0.23254917553454127,-0.028392234717289484,-0.00052255784461229372,0.3937497268543686,0.36475964887572149,-0.92324847022438428,-0.57585190779115425,0.3937497268543686,-0.36475964887572149,0.92324847022438428,-0.57585190779115425,
0.41155027144269407,-0.59423246068312685,0.66446976566426597,0.035191081713490918,-0.027399240182660347,-0.68124355139005754,0.73069699129988852,-0.22865092669404469,0.25669428231899022,0.63313930798846962,0.56450659373790979,-0.20209125265335831,-0.14412104112190971,-0.12726865871364826,-0.15404257754093748,-0.71408589839780778,0.33930306264053361,-0.22615345683651539,-0.016331386830874373,-0.00066171135527946063,0.39170389420147189,0.36729483083461989,-0.93217671804646862,-0.56277079940536434,0.39170389420147189,-0.36729483083461989,0.93217671804646862,-0.56277079940536434,
0.41528359541915039,-0.59836085972901787,0.664154844118649,0.032483039966365049,-0.024882557136231786,-0.66410400082294463,0.74651964914251545,-0.24112801307051379,0.26168942929836519,0.62131800925547898,0.58203977691818842,-0.21381780462696306,-0.13767199327348839,-0.11870989203780422,-0.15215646732415003,-0.67208280311507096,0.33694951110537263,-0.22325868216272057,-0.0042833929339807248,-0.00083538680309148787,0.38975450783049997,0.37097052815058434,-0.94297483218225386,-0.55186731955676416,0.38975450783049997,-0.37097052815058434,0.94297483218225386,-0.55186731955676416,
0.41843686486069759,-0.60229076335975762,0.66373822303579888,0.030573906222316649,-0.022854745352836381,-0.6460585077841513,0.76233280225429223,-0.25097382396459889,0.26567591051627615,0.62061298133426268,0.59546952951002174,-0.22146523549070535,-0.12988945901464857,-0.11229819103833936,-0.15113914514413046,-0.62367352741424631,0.33753382710084068,-0.22395364822104069,0.0070674688358601757,-0.0011043981195631234,0.38730033152594334,0.37420668983081662,-0.95395199076915826,-0.53959972720930938,0.38730033152594334,-0.37420668983081662,0.95395199076915826,-0.53959972720930938,
0.4207616045446132,-0.6057282390539569,0.6632538517626525,0.029456706089471589,-0.021313117808460135,-0.62696845613764851,0.77819573918392448,-0.25849201426825602,0.26842476437292206,0.62939310066290644,0.60372614851085049,-0.22417101040371518,-0.12074746678528793,-0.1080771141048372,-0.14975672279319374,-0.57071886881120826,0.34048938073080298,-0.22814738087026415,0.016317514483710899,-0.0012921399381541918,0.3843302403447183,0.37660296889559852,-0.96269791012966133,-0.52434794359082582,0.3843302403447183,-0.37660296889559852,0.96269791012966133,-0.52434794359082582,
0.42247046541105959,-0.60835766758903653,0.66277292278037248,0.028861253822265065,-0.020243120115858711,-0.60714063039968624,0.79381200484349779,-0.26403335069314615,0.26874832326215881,0.64317611487052317,0.6066924491805844,-0.22299301908291649,-0.11012170223330615,-0.10532336395969331,-0.14776035472839977,-0.51743355449548345,0.34443804833940456,-0.23410522858724389,0.023135942364849549,-0.0013815445439894244,0.38025752705007376,0.37704053198590315,-0.96573578772721058,-0.50334148493686937,0.38025752705007376,-0.37704053198590315,0.96573578772721058,-0.50334148493686937,
0.42434840119329281,-0.61005708898188415,0.66230781750529899,0.028329798586234127,-0.019560487330216834,-0.5866621577697988,0.80909969873208554,-0.26781648954692638,0.26495941377693499,0.65598662731559054,0.60548524144887339,-0.22093311106603811,-0.097960787136891422,-0.10288758668068577,-0.14546202745389064,-0.4668853704092556,0.34852074957169987,-0.24032130689693429,0.028371620466174145,-0.001359655035171896,0.37408059718631814,0.37473400019359654,-0.95970485368797531,-0.47437128868214162,0.37408059718631814,-0.37473400019359654,0.95970485368797531,-0.47437128868214162,
0.4276014679940302,-0.61087772214281244,0.66177136478508214,0.027220983417814301,-0.018985744018606903,-0.56524196531262905,0.82425729007109394,-0.26943115883825663,0.25479839353659051,0.65999046010676587,0.60131088904721408,-0.2223354563506349,-0.0847153871835956,-0.099777829390868933,-0.14338410305058713,-0.41870047093001606,0.35249755762502755,-0.24591210371178843,0.034052768407495854,-0.0012337388937540207,0.36558608238346929,0.37151007291793114,-0.94116189374602222,-0.44281670562722264,0.36558608238346929,-0.37151007291793114,0.94116189374602222,-0.44281670562722264,
0.43298178385161851,-0.61100969198888277,0.66102194194397168,0.025108400753218536,-0.018192667761640344,-0.54276230250723068,0.83931381379575776,-0.26825720481899512,0.23756505834985178,0.65142435412515975,0.59512390830789408,-0.22979627412313677,-0.070840874870831572,-0.095885508738783001,-0.14189471206388815,-0.36976414769138288,0.35682421376070411,-0.2511490198940215,0.04208539039025147,-0.0010182869758950577,0.35537980462116392,0.369960969068929,-0.90894496572861772,-0.41733120523765393,0.35537980462116392,-0.369960969068929,0.90894496572861772,-0.41733120523765393,
0.44040730827835012,-0.61062546149608443,0.65994890541941953,0.022102908880678,-0.016999667724598988,-0.51973409155751371,0.85387291020921352,-0.2638480717585473,0.21417337381426357,0.6327736215501466,0.58712515677937582,-0.24283708547635607,-0.056120561665791845,-0.09220904582864424,-0.14168534179107889,-0.31635532960821322,0.36223034888727595,-0.25690554203156846,0.053617303210623884,-0.00088367645302259905,0.34383202353686038,0.37091047787684128,-0.86442172420051289,-0.40386496678325445,0.34383202353686038,-0.37091047787684128,0.86442172420051289,-0.40386496678325445,
0.44882895368372833,-0.60982878157137399,0.65855506263211672,0.018868345003649912,-0.015492472462275603,-0.4972021120541989,0.8672912017440696,-0.25627368185067578,0.18725284111770735,0.60973036467956032,0.57662097733339635,-0.25786456569877692,-0.041042064949726197,-0.090383563201654776,-0.14137970188075347,-0.25594927039353293,0.36972933269666169,-0.26514965085182324,0.066356670130967341,-0.00076142922487929909,0.33144448028089257,0.37354238698956338,-0.81117569630010722,-0.40385422249543201,0.33144448028089257,-0.37354238698956338,0.81117569630010722,-0.40385422249543201,
0.45709824589701076,-0.60871968704128032,0.65701550860284308,0.0162395397224614,-0.013956605808699686,-0.47569301812856873,0.87935069398257515,-0.24614391758161125,0.15880536276728743,0.5856911726351719,0.56257921494541252,-0.27098743472893261,-0.026654986972616528,-0.091553705932709104,-0.13966705294837983,-0.18944026893784577,0.37985500559531932,-0.27677782195470191,0.077101310773298876,-0.00061672066682023062,0.31810173714780965,0.37547976826240137,-0.75263560440176169,-0.413192657248309,0.31810173714780965,-0.37547976826240137,0.75263560440176169,-0.413192657248309,
0.46432709335723521,-0.60757328430816149,0.65565133716547463,0.014993896367756861,-0.012847464062214172,-0.45481961484398226,0.89036466893742727,-0.23498168665564886,0.13054423294135309,0.56038261795930866,0.54549613959340404,-0.27947950615071443,-0.014542780884518523,-0.0961079346451469,-0.13595389014469603,-0.12237620541645358,0.39276187346635222,-0.29098974323750126,0.082815136658675723,-0.00047869497156550914,0.30214853669541697,0.37299257795551016,-0.69102119818895358,-0.4221768436686012,0.30214853669541697,-0.37299257795551016,0.69102119818895358,-0.4221768436686012,
0.4702552531058336,-0.60667033221670286,0.65470094367124543,0.015349234022838006,-0.012453761692639344,-0.43370707700326522,0.90083709747761775,-0.22469627866678848,0.1036732321618547,0.53088628784038039,0.52743390894653919,-0.28285579655173226,-0.0055845568736832109,-0.10354284310370414,-0.13021759077541162,-0.060970790761005422,0.40807048662485279,-0.30581857938591445,0.082334572159957944,-0.00035345435656614717,0.28278289172928106,0.36487656445916722,-0.62816844319153886,-0.4249927005062602,0.28278289172928106,-0.36487656445916722,0.62816844319153886,-0.4249927005062602,
0.47491046236600398,-0.60612881059928081,0.65423667232912097,0.016993426910288836,-0.012944126206794245,-0.41218856112106239,0.91084810101330038,-0.21591018154228692,0.078855509616515954,0.4950747504601079,0.50973080316017338,-0.28147884886114316,0.00013884701569523951,-0.11304663328165671,-0.12295503529699857,-0.01063118546137376,0.42509512025078577,-0.31900634499465347,0.076278357366418012,-0.00024738792654603668,0.25950950476208867,0.35166406119275118,-0.56268037389050196,-0.42047059270332321,0.25950950476208867,-0.35166406119275118,0.56268037389050196,-0.42047059270332321,
0.47841552694394857,-0.60602266050219711,0.65418860273218649,0.019359468954474362,-0.014420818472308933,-0.39116071127862956,0.9200057330845206,-0.20781353558810656,0.056968153606879797,0.45518102751971151,0.4929508283875646,-0.27618970425901168,0.0029219021468350494,-0.12375432163421608,-0.11549598635955766,0.023019453481121645,0.44294588516944672,-0.32876226098480421,0.066520056898762128,-0.00016331464070741018,0.22763441911809382,0.33294281376473644,-0.48557003787556602,-0.40292201979605269,0.22763441911809382,-0.33294281376473644,0.48557003787556602,-0.40292201979605269,
0.48103857905302483,-0.6063403932211554,0.65439610905519074,0.021886930561864484,-0.01679621685440269,-0.37152723571361373,0.9280120486787663,-0.19908736029364063,0.038415733237443933,0.41543981739739416,0.47694830443706282,-0.26831624694417128,0.003424667028729365,-0.13527679668744447,-0.10884584880134275,0.039011145762846262,0.46083504062659753,-0.33454320899405121,0.054936088408245258,-0.00010095284105444993,0.18120870993998298,0.30947368560457333,-0.38856724525165887,-0.36455214004934566,0.18120870993998298,-0.30947368560457333,0.38856724525165887,-0.36455214004934566,
0.48324774948467553,-0.60692601424980408,0.65467166313857761,0.023979334763699886,-0.019751902536267761,-0.35369521351434313,0.9348446661277644,-0.1888087735405739,0.022903458007786481,0.37852613881558789,0.46138376319144109,-0.25951446941733447,0.0028512099966367397,-0.14784497080974687,-0.10305115536774404,0.042902256034949585,0.47795455880340521,-0.33632949332017842,0.043210980459914096,-5.7931378152548173e-05,0.12347199035762713,0.28559364230028017,-0.2791358687024374,-0.30648224341299313,0.12347199035762713,-0.28559364230028017,0.2791358687024374,-0.30648224341299313,
0.48542015950419731,-0.60760046286961611,0.65489526134797893,0.025308111831840979,-0.022869974162532555,-0.33742362071563498,0.94073469370511875,-0.17710392511091483,0.0097178225501948264,0.34453927800395756,0.44619928578978763,-0.25103744931033517,0.0023418300596313563,-0.16162911769974542,-0.09749636768581825,0.042615785317195468,0.49346095034451309,-0.33436340429759975,0.032401498243337032,-3.0489591277097836e-05,0.067057238976030692,0.26631117673222776,-0.17778275763085849,-0.24163038681460533,0.067057238976030692,-0.26631117673222776,0.17778275763085849,-0.24163038681460533,
0.48759852368198375,-0.60827382653901529,0.65505321469498512,0.026037120317239829,-0.025944835485860192,-0.32249064142576084,0.94585872098849877,-0.1650062460350836,-0.0014612759755530658,0.31286816443897519,0.43211945029662241,-0.24338289671026817,0.0020331330515303519,-0.17668995186985978,-0.091833195506254794,0.043022572026783834,0.50699164047124767,-0.32902180140592974,0.022637813672879654,-1.4447520154404774e-05,0.023705393726989911,0.25451073810918112,-0.10177822203474168,-0.18422680444888159,0.023705393726989911,-0.25451073810918112,0.10177822203474168,-0.18422680444888159,
0.4896989687209381,-0.6089100570277497,0.65513970000912936,0.026660179819198902,-0.029082167110649922,-0.30887669254914474,0.95028345832601835,-0.15371378152734194,-0.01098633463361216,0.28357005492070531,0.42031510305363767,-0.23665067047060509,0.0015872467175714658,-0.19289812681684732,-0.086622632021111229,0.046542639314048791,0.51929477210677466,-0.32141482055841586,0.01395463746598672,-5.9684627486096245e-06,0.0011940806203741133,0.25050973491080181,-0.0609195672173811,-0.14426661765195722,0.0011940806203741133,-0.25050973491080181,0.0609195672173811,-0.14426661765195722,
0.49167637041791434,-0.60953742206336914,0.6551025254921935,0.027652428712239444,-0.032773305637752978,-0.29645063889372292,0.95408504459686017,-0.1431359508110446,-0.019526714504692934,0.2565473156841388,0.41087981501625803,-0.23024263487236743,0.00049238543702209833,-0.21024796845630581,-0.082801451621178149,0.052574869518964923,0.53245704352617396,-0.31304451195269489,0.0060355310773931537,-2.0037093536682119e-06,-0.0017397183561249467,0.25088738833048124,-0.049494060108662717,-0.1206938859918095,-0.0017397183561249467,-0.25088738833048124,0.049494060108662717,-0.1206938859918095,
0.49357361856390591,-0.61022840217880836,0.65481732778212176,0.029232811741318983,-0.037406074259312493,-0.28419932582044172,0.9575891454738874,-0.13249718663765533,-0.027825091818953054,0.23018832131047912,0.40291479747320491,-0.22333686868343455,-0.0015972351982600633,-0.22872951860736279,-0.080511600274915468,0.060018562878317278,0.54874540171895014,-0.30550379911288206,-0.0017614250613771202,-4.3365920578297694e-07,0.0049867840614615522,0.25107853286801707,-0.049447987244971667,-0.10458789811857269,0.0049867840614615522,-0.25107853286801707,0.049447987244971667,-0.10458789811857269,
0.49549910755189996,-0.61101706911539555,0.6541566594803282,0.031101529355411064,-0.042772377075296242,-0.27076189724465438,0.96119259965501092,-0.12153705580926769,-0.03602243116698603,0.20219640497739011,0.39576290535263575,-0.21592484354094005,-0.0044207591099148045,-0.24793661805082806,-0.078488157838834144,0.069769858357826148,0.56851188745804682,-0.29941229551860515,-0.0095007293298497095,3.9094189977384161e-08,0.011931394629200983,0.24952466194762829,-0.046482269203393795,-0.088900425202958835,0.011931394629200983,-0.24952466194762829,0.046482269203393795,-0.088900425202958835,
0.49749598018519592,-0.61191648138219845,0.65312502529988059,0.032657869827741243,-0.048191026176126001,-0.25531329613661141,0.96510424791846472,-0.11087823607960268,-0.043343672346847516,0.17100498587825883,0.38965872118490108,-0.20885926904757326,-0.0075695633822999379,-0.26677098204123489,-0.07490523359105361,0.084259332234282724,0.58945781749441484,-0.29389384472304936,-0.016225647850331953,1.0353597211571205e-07,0.018707246493673172,0.24743822888026895,-0.041688233730281181,-0.076114675569947512,0.018707246493673172,-0.24743822888026895,0.041688233730281181,-0.076114675569947512,
0.49948644919085272,-0.61299787751171697,0.65192056073891957,0.033445134301593141,-0.052958147523640683,-0.23743673691374784,0.96938158305497235,-0.10130994136496618,-0.048862479660914428,0.13568328176306174,0.38484212560257869,-0.20289291643662991,-0.010917531857271482,-0.28336469818610838,-0.068268824531938374,0.10545360260633595,0.60761524192631655,-0.28718168268399114,-0.020724555819931927,6.5031595019085541e-08,0.027445917505443437,0.2459365209979843,-0.039456236511112859,-0.071563819776760657,0.027445917505443437,-0.2459365209979843,0.039456236511112859,-0.071563819776760657,
0.50135770575815097,-0.61438957224600588,0.65076575313754403,0.033551686501429756,-0.056795536582123038,-0.2169849351678205,0.97394357601838266,-0.09328206205802389,-0.052314042329993919,0.095890259615632925,0.38132142691081294,-0.19821283205259985,-0.014834742060584473,-0.29685169221684082,-0.058328767450491717,0.13312538840647165,0.62059116409898374,-0.27803868948763766,-0.022693305237890624,2.6946452471705816e-08,0.038471225686327257,0.24505455966714362,-0.040436818520533484,-0.076384284449583201,0.038471225686327257,-0.24505455966714362,0.040436818520533484,-0.076384284449583201,
0.50309948466466436,-0.61624870971001178,0.64976186539346115,0.033173539774438418,-0.059860676250317643,-0.19387004793998208,0.97863712386636814,-0.086781181657935344,-0.05373344849939439,0.051410223514868,0.37909058475958773,-0.19466675182696591,-0.019784374534685099,-0.30714715450346164,-0.046098596860997612,0.16372170676978509,0.62785314912624268,-0.26603161118892121,-0.022571643254179565,7.8456529457772055e-09,0.050333775976807466,0.24440568234364096,-0.043044142254269113,-0.085921993898676163,0.050333775976807466,-0.24440568234364096,0.043044142254269113,-0.085921993898676163,
0.50481899393450291,-0.61859338067806635,0.64897087292354372,0.032409758096738447,-0.062488651924867966,-0.16852893404098371,0.98317992979501634,-0.081363922125902016,-0.053432483718622005,0.0030638836962704453,0.37795432364041259,-0.19202944654175039,-0.02575885625364948,-0.31495498181326742,-0.033151748022462096,0.19285347664143543,0.63096928974680933,-0.25209294673165511,-0.020954171386141709,1.4810366376178127e-09,0.060753638278758432,0.24361789330479169,-0.044946149963471307,-0.093161667659751868,0.060753638278758432,-0.24361789330479169,0.044946149963471307,-0.093161667659751868,
0.50665728209191141,-0.62130084026153343,0.64927281402699533,0.031154545690067613,-0.064911408988599859,-0.14199902264315684,0.98724474211532209,-0.076545784171506967,-0.051586355068441052,-0.047128196501968853,0.37776901557391951,-0.19032438787299483,-0.032286734696273661,-0.32083090326247793,-0.020729842342006647,0.2173064222297357,0.63244734568049998,-0.23842547116538601,-0.018165694917813925,1.3783867948267243e-10,0.067989415775394857,0.2426301042963635,-0.044491046840499135,-0.093378646457296904,0.067989415775394857,-0.2426301042963635,0.044491046840499135,-0.093378646457296904,
0.50871338269725652,-0.62398375756885216,0.64968995508979344,0.029118665734857961,-0.06723056489838139,-0.1162629070742164,0.99051253949049956,-0.072077040552617433,-0.048441949479739808,-0.095610072306772875,0.37859649835778014,-0.1897037324345886,-0.038198698012466052,-0.32477558181627236,-0.010500877686801663,0.23252657718172848,0.63468357199730696,-0.22804621374807424,-0.014543411065284374,1.224586117017129e-17,0.070581627134323283,0.24172071237542875,-0.04021195924854893,-0.082549360594374815,0.070581627134323283,-0.24172071237542875,0.04021195924854893,-0.082549360594374815,
0.511042551524302,-0.62626919821355043,0.65034375405328171,0.025701273568180985,-0.069450826787531506,-0.092361724576774315,0.99296794461286919,-0.067924274777881127,-0.043965786749111592,-0.14117460723018338,0.38059029152636437,-0.19016429849910707,-0.042264091123565752,-0.32586225722163076,-0.0036258737722971524,0.23388867744545616,0.63768577563962836,-0.22229923344964059,-0.010327733201339888,2.260192974482028e-17,0.067847472254773333,0.2415104277170112,-0.031546090999188293,-0.05900235495965709,0.067847472254773333,-0.2415104277170112,0.031546090999188293,-0.05900235495965709,
0.51360186506504291,-0.62791490533807925,0.65137166127614765,0.020391655703001558,-0.070941154651718116,-0.069533277344826297,0.9948450413486809,-0.065160651495725627,-0.037931582152023677,-0.18272168774495673,0.38411936062825608,-0.19199493799870651,-0.043211476019616828,-0.32368277187371086,-0.000943832863643216,0.2167835526566238,0.63995323157158424,-0.22150397383220846,-0.0058981516586582555,3.3522549994815369e-17,0.059325225394596372,0.24251228395291974,-0.019510505038527786,-0.024394760849281927,0.059325225394596372,-0.24251228395291974,0.019510505038527786,-0.024394760849281927,
0.51622206606764165,-0.62906835479928513,0.6527289853241377,0.013602657777488232,-0.070786365516955052,-0.045956194326196007,0.99633944334315161,-0.065226022794019053,-0.03029132838890216,-0.21779328889269606,0.38915602199611421,-0.19562783634031067,-0.040928847636325892,-0.31945192562587899,-0.0023798348517920114,0.18087471763260515,0.64049162441146201,-0.22509009279285314,-0.0020796872560921121,2.0033719716379992e-17,0.0458497733148409,0.2445105740110923,-0.0066923994080118178,0.01475674833133407,0.0458497733148409,-0.2445105740110923,0.0066923994080118178,0.01475674833133407,
0.51860919863351029,-0.63009702152719838,0.65407689997937402,0.0072572981342515453,-0.068359350096029614,-0.020457797924112977,0.997424588318503,-0.068612791543410656,-0.021932818651348503,-0.24030728381925454,0.3943875468978042,-0.2011495074237773,-0.03682002372190836,-0.31534195427473244,-0.0086325255301021621,0.12948151966887042,0.63990759381482154,-0.23266309913569846,-0.00024724352724434033,8.9841603550801569e-18,0.028656158652082462,0.24632690930072712,0.0054045303782967692,0.049896043934144048,0.028656158652082462,-0.24632690930072712,-0.0054045303782967692,0.049896043934144048,
0.52045885186771035,-0.63144116226554969,0.65494267782521343,0.0042064166652071924,-0.063890225984656698,0.0064553311871613618,0.99792718861735197,-0.073348760728859611,-0.014672607421622644,-0.24041436441361441,0.39667342346412438,-0.20745607403665534,-0.033049798165896239,-0.31392389876243998,-0.020198920568464375,0.072251855379779045,0.64067512622572442,-0.24381549021098983,-0.0016424294905412785,4.3729474847821389e-18,0.0083690993024138991,0.24635537325348994,0.019503531446002316,0.075925401897311853,0.0083690993024138991,-0.24635537325348994,-0.019503531446002316,0.075925401897311853,
0.52166943428398005,-0.63324140102033089,0.65509036086657135,0.0059158241706344442,-0.058233823381047566,0.033117281633547095,0.9977359723373771,-0.076589918015672193,-0.0098846217558000819,-0.2112989414734377,0.39365272808502794,-0.21269619524142541,-0.030921510764468921,-0.3165131098253906,-0.036535640821041597,0.018880138995181095,0.64525278797568075,-0.2581894653370439,-0.006416031416162234,7.4179389446840987e-20,-0.012435897570232132,0.2426067357252098,0.035160371840164753,0.086999999999999994,-0.012435897570232132,-0.2426067357252098,-0.035160371840164753,0.086999999999999994,
0.52231689316662233,-0.63533057722801534,0.65461786020511448,0.011633134672997501,-0.052706792839473791,0.057339790464568108,0.99689458449513912,-0.075925976111361676,-0.0078732321200425739,-0.15484502085622012,0.3851828447845338,-0.21490171937812355,-0.030599151025044971,-0.32263114378795343,-0.055253545401018518,-0.023151164553169904,0.65433080091915463,-0.27422461525825476,-0.01333081655891156,-2.1369105101736264e-17,-0.017182221366542787,0.23361133776132958,0.031288723049984965,0.086999999999999994,-0.017182221366542787,-0.23361133776132958,-0.031288723049984965,0.086999999999999994,
0.52260200745313345,-0.63739596259886933,0.65386789917561772,0.018943097400734677,-0.048242540982904647,0.07818031148709019,0.99559110843566723,-0.07134208587652624,-0.0078788998042066925,-0.084689531231171872,0.37376965793759759,-0.21384544236111244,-0.031338989872377612,-0.33029405408104029,-0.073588756911883893,-0.053243124453557437,0.66595367488261292,-0.28947110246876678,-0.020340418621263685,-2.44250973062213e-17,0.015632423319015376,0.22411143465611433,-0.019162869531351438,0.068156548212301674,0.015632423319015376,-0.22411143465611433,0.019162869531351438,0.068156548212301674,
0.52270892962023563,-0.63925766697578679,0.65317086505445665,0.025509700283438734,-0.044939836024613933,0.096077665279849137,0.99403156316281172,-0.064965839006953602,-0.0086807160181083289,-0.017368260182897124,0.36277597552446544,-0.21132073424776343,-0.03214315932955987,-0.33765422688834645,-0.089769867541493215,-0.075760014400571701,0.67754759016214139,-0.30226920208727892,-0.025835002450949954,-3.6508856731657043e-17,0.089712648324539193,0.22140638929263515,-0.12272910105267934,-0.0063572290206780043,0.089712648324539193,-0.22140638929263515,0.12272910105267934,-0.0063572290206780043,
0.52276506599867067,-0.64094718384154592,0.6526594951662541,0.030191227103325183,-0.042413111022134492,0.11243007793892668,0.99229486312993997,-0.059857995673234937,-0.0093981766950660649,0.031331200381116669,0.35508699457711068,-0.2095559945520413,-0.03305548346421798,-0.34361211831492838,-0.10360847617386043,-0.096883897220156751,0.68755617528306501,-0.31246582732545081,-0.029483221732527456,-5.0997767959503667e-17,0.18928321961709402,0.22830598205914485,-0.2592265029653561,-0.10922604396986851,0.18928321961709402,-0.22830598205914485,0.2592265029653561,-0.10922604396986851,
0.52279347352617278,-0.64263472316986647,0.65222480521410231,0.033620050394610607,-0.040305572822302252,0.12862406654088471,0.99030349010665197,-0.057359355698004856,-0.010041810114271488,0.056720833927873998,0.35097899724318321,-0.20888147227984769,-0.035059954901615301,-0.34814240573456473,-0.11658112133704238,-0.12041260500140179,0.69636865785718571,-0.321269148256697,-0.032273061322462396,-5.0629725556419955e-17,0.29156516892668383,0.24364936937336776,-0.39669970623773509,-0.21874868282801685,0.29156516892668383,-0.24364936937336776,0.39669970623773509,-0.21874868282801685,
0.52278960733255386,-0.64439187273935961,0.65176939971346104,0.036580072104091109,-0.038262841712179321,0.14521450605750896,0.98798309727415978,-0.057041732587845527,-0.010560739861920077,0.063980967614054016,0.34896401319326953,-0.20871121730318054,-0.038696244503972688,-0.35143116757710802,-0.12989116238000722,-0.14792760833989729,0.70439380082727809,-0.3297555454119761,-0.035054064255207754,-3.8558153128921999e-17,0.37211058590767004,0.26343085777294389,-0.49984388364772353,-0.30813722345841998,0.37211058590767004,-0.26343085777294389,0.49984388364772353,-0.30813722345841998,
0.52275187495023212,-0.64608817620206105,0.65134379730841119,0.039043213454282681,-0.035988446740261491,0.16159634918117052,0.98542735861944875,-0.057618783043693722,-0.01045873499971468,0.064168966598363297,0.3473926477190879,-0.20889760492638734,-0.043081668304566591,-0.35358427315365371,-0.14323199769216471,-0.17867976358411697,0.71114311847746281,-0.3379218439037146,-0.037668528847764615,-3.260435827917142e-17,0.42028671162984665,0.28045786337718498,-0.55624167724001483,-0.35831220980962242,0.42028671162984665,-0.28045786337718498,0.55624167724001483,-0.35831220980962242,
0.52264786545646513,-0.64751998581224235,0.65104691493705402,0.040590848641758159,-0.03339016274259507,0.17647474057225723,0.98290088308970369,-0.058070942453435741,-0.0093623587941363915,0.065703421600122991,0.34558009423206226,-0.20985554907130194,-0.04691434446173149,-0.35471209530541803,-0.15534286330310693,-0.21042063833838945,0.7158227005585005,-0.34508658819606258,-0.039604665338089852,-2.0297599464457229e-17,0.44785622852269052,0.29114569844300214,-0.58264956589578509,-0.38245543611340288,0.44785622852269052,-0.29114569844300214,0.58264956589578509,-0.38245543611340288,
0.52243214113486747,-0.64855423989278316,0.65090811605786925,0.041133258947155554,-0.030564592095353733,0.18880081946831248,0.98067737369969155,-0.057599222306433599,-0.0074227289590777547,0.073102503531255386,0.34331249985262818,-0.21187551907887334,-0.0494637984741471,-0.35508759788644761,-0.16537565717257022,-0.24099548817083372,0.7183250238801776,-0.35090494901750952,-0.040763143822425602,-5.1265080945790519e-18,0.47027269555463486,0.29847288695849877,-0.60133097164093985,-0.40186512013909603,0.47027269555463486,-0.29847288695849877,0.60133097164093985,-0.40186512013909603,
0.5220723887084221,-0.64920705756223596,0.65088737330329516,0.040886402862099852,-0.027652890287587613,0.19862092732990805,0.97883264501463585,-0.055804339751999971,-0.0050542045415597793,0.08592922676734821,0.34055972267415685,-0.21498231763057227,-0.0508638230717635,-0.35482998359294393,-0.17360696211306567,-0.27072266502341297,0.71918004972094129,-0.35564642261218737,-0.041444367970275356,-7.2770496261836824e-18,0.49277384972489702,0.30541060786153534,-0.62052223217055391,-0.42344050702543645,0.49277384972489702,-0.30541060786153534,0.62052223217055391,-0.42344050702543645,
0.52153310292797195,-0.64955902114027908,0.65093973336367328,0.040096712896003424,-0.024739346992740135,0.20707365448952825,0.97719021686755536,-0.052384539337071781,-0.002625275578683358,0.10190927350769557,0.33707772170429534,-0.2190031933128298,-0.051521598385135391,-0.35315016985696263,-0.18111387784248481,-0.30320404733723672,0.71854479906516822,-0.35976822695845834,-0.042014528629474329,-1.6842865925142964e-17,0.51630967818173068,0.31320188509911684,-0.64215008167979171,-0.44841491992540861,0.51630967818173068,-0.31320188509911684,0.64215008167979171,-0.44841491992540861,
0.52081402585850545,-0.64970489819562993,0.65102978461188166,0.038944464776017186,-0.02185431756195453,0.21541937415444881,0.97549997985961856,-0.047312711937631938,-0.00027905082187162038,0.11898264664977859,0.332609324376194,-0.22360467245086774,-0.051875398543174377,-0.34915198732371133,-0.18884933366751369,-0.34167723409124423,0.71634811957914069,-0.3635235765299642,-0.042546410376764994,-3.4563323283749284e-17,0.54056359748567762,0.32197450809329786,-0.66627239045206932,-0.47647313922505902,0.54056359748567762,-0.32197450809329786,0.66627239045206932,-0.47647313922505902,
0.51993625764703999,-0.64967690674609535,0.65111781078082653,0.037531375092894385,-0.01892310003891334,0.22409375119345692,0.97366077400940765,-0.040949655344702011,0.0019993267760563538,0.13651999192720032,0.32727582714446024,-0.22868343004132308,-0.052249385183029261,-0.3425840531136361,-0.19690722868526064,-0.38593621673320649,0.71238323824409699,-0.36682283689501061,-0.042692815055492717,-4.9896663934446777e-17,0.56338182372262391,0.33088761951680645,-0.69049159826650564,-0.50523235686833623,0.56338182372262391,-0.33088761951680645,0.69049159826650564,-0.50523235686833623,
0.5189109357514915,-0.64944848767574181,0.65111167813006687,0.036126646147860132,-0.015802201466969909,0.2332225808127093,0.97162358126280768,-0.034040771036066911,0.0040781370996255794,0.154752297533164,0.32187936334415651,-0.2344486382931954,-0.053039359096225182,-0.33370030569074416,-0.205034099144979,-0.43300830682625624,0.70642178652170728,-0.36948581949229609,-0.041958684062458833,-5.4905369316931502e-17,0.58189613146211383,0.33881966715369399,-0.71206106779504574,-0.53155555232394691,0.58189613146211383,-0.33881966715369399,0.71206106779504574,-0.53155555232394691,
0.51769322603643042,-0.64899621317047529,0.65092987132448832,0.034927000171100522,-0.012348179956672015,0.24297827570065975,0.96932408648931245,-0.027189796368290144,0.0059135015047811377,0.17459471058141157,0.31731531896974052,-0.24128823975325722,-0.054559714091270389,-0.32256809712917167,-0.2127351920152184,-0.48049580632764666,0.69771445859859449,-0.37108493613403593,-0.040049499961823859,-3.9998893507094392e-17,0.5948772658638386,0.34535300048962636,-0.73038547740809956,-0.55407139920002024,0.5948772658638386,-0.34535300048962636,0.73038547740809956,-0.55407139920002024,
0.51617853323946183,-0.64842059170297872,0.65051198920889886,0.034001195646226549,-0.0083910905369477574,0.25373235427481167,0.96664026436332018,-0.020962237359391699,0.0077632578009644787,0.19691552068240276,0.31434859530329806,-0.24953154918371898,-0.057248283578253643,-0.30950056666358605,-0.21909953155192705,-0.52721695630989973,0.68523594184112269,-0.3710555242233331,-0.037306987903611033,-2.9969330526196201e-17,0.60270905828677579,0.35074172600293896,-0.7466461148264627,-0.57326406015872178,0.60270905828677579,-0.35074172600293896,0.7466461148264627,-0.57326406015872178,
0.51430465845372253,-0.64789838774196351,0.64987216788797819,0.033223782937761702,-0.0038980551071661016,0.2656210280394351,0.96349699266627697,-0.015633602751022758,0.0099970230764604463,0.22147360045862904,0.31289495474883167,-0.25882951427939976,-0.061354754448098021,-0.29514483719954215,-0.22336000226583536,-0.57358130235636562,0.66864958633346927,-0.36907284656328732,-0.034408317562341174,-1.3463489620581451e-17,0.60701457210217091,0.35561119954896442,-0.76253674513391079,-0.5905647978341666,0.60701457210217091,-0.35561119954896442,0.76253674513391079,-0.5905647978341666,
0.51208400460873349,-0.64759705477621421,0.64907655373783479,0.032478895939328983,0.00095162904570710721,0.27849365979057972,0.95988827327828652,-0.011179754762007115,0.012809664156434843,0.24705936429869901,0.31223763812236693,-0.2681745064807034,-0.066868327556793214,-0.27980959474744627,-0.22512313086736471,-0.62133870136461167,0.64805642508169026,-0.36506477434897505,-0.032113064324703497,1.0398313480529448e-17,0.60900935471574358,0.36035477212498446,-0.77883528013542835,-0.6068713470239071,0.60900935471574358,-0.36035477212498446,0.77883528013542835,-0.6068713470239071,
0.50957872685516892,-0.64774572439078826,0.64933127056540196,0.031856932394489383,0.0058301314844881012,0.29193904258950465,0.95588845627364372,-0.0074923261073356132,0.016252854484673746,0.27332049310730344,0.31163257478035034,-0.27616184926534532,-0.073729907697427557,-0.26400715427525023,-0.22390169113270983,-0.67062704007619645,0.62365529607362757,-0.3589754441249482,-0.031343902298167303,2.9029410606886578e-17,0.609665961238813,0.36519933997231591,-0.79557436498756573,-0.62257770925554723,0.609665961238813,-0.36519933997231591,0.79557436498756573,-0.62257770925554723,
0.50685180293229859,-0.64853256709932772,0.65118080508172704,0.031775700547704885,0.010602719025016182,0.30606050999714024,0.95142254094816858,-0.004517231684887239,0.020250306105099605,0.30219512615453015,0.31112909255958493,-0.2819126100217465,-0.082294210568727766,-0.24843554077034541,-0.21975062685204166,-0.71934744976480802,0.59582756365273593,-0.35120116694306391,-0.032548918652309085,1.5261108464807226e-17,0.60946270494029564,0.37023308670406474,-0.81269786603305394,-0.63787852235914044,0.60946270494029564,-0.37023308670406474,0.81269786603305394,-0.63787852235914044,
0.50411133033408029,-0.65018402931227737,0.653156431934936,0.032903874347602433,0.015425940582507958,0.32291194070483331,0.945731068518054,-0.0028720358866281864,0.025317575548550301,0.33740197549315276,0.31206459314680934,-0.28472861979484426,-0.093846619405081294,-0.2331169198827025,-0.21364161511156621,-0.76632427807040637,0.56513771687948777,-0.34284794257116424,-0.035690085052177849,4.0823446091057233e-18,0.60793525382317859,0.37527291702950077,-0.83028359120650241,-0.65201863132009552,0.60793525382317859,-0.37527291702950077,0.83028359120650241,-0.65201863132009552,
0.50173222034798881,-0.6529123691255726,0.65519817305395067,0.035574533220761581,0.020532989230071266,0.34450446824692404,0.93788566483197033,-0.0032886119438084987,0.032416210921927292,0.38191064311625017,0.31579591377540223,-0.28366311464168786,-0.10933446358139071,-0.2176845497135898,-0.20651776486256829,-0.81190072040842609,0.53248343540987697,-0.33528416137284822,-0.040374293116172084,-5.4473355271691814e-18,0.60423263782086811,0.37994285964022279,-0.84813352186172097,-0.66372040363822415,0.60423263782086811,-0.37994285964022279,0.84813352186172097,-0.66372040363822415,
0.50018557694840604,-0.65673199275813698,0.65710396376046876,0.039414276574464176,0.025945652797475759,0.37101073499769543,0.92742890423983138,-0.0061249975264587517,0.042680545658278786,0.43670393143349501,0.32301784718345239,-0.27767934143513706,-0.12813711392992383,-0.20251517221893148,-0.19869948003586027,-0.85642245674486595,0.49983511231796562,-0.32979792360813309,-0.046190412012303964,-2.1967869961251489e-17,0.59761332393536115,0.38384814478575452,-0.86561606687974113,-0.67184371681628119,0.59761332393536115,-0.38384814478575452,0.86561606687974113,-0.67184371681628119,
0.49982913257701755,-0.66108044958578938,0.65857187652938665,0.043338315649757979,0.031327298130288485,0.40016600038111533,0.91488117421197346,-0.010885843209967072,0.056739403960840221,0.50142917530404196,0.33376903043928546,-0.2668821816222246,-0.14754767669088864,-0.18910993699836864,-0.19094129778715699,-0.89805919173563398,0.47126721212863265,-0.32745318712800692,-0.051984697513847669,-2.7886325570445453e-17,0.58804820933193946,0.38674819596243099,-0.8818381564090646,-0.67601653263168893,0.58804820933193946,-0.38674819596243099,0.8818381564090646,-0.67601653263168893,
0.50048265867474728,-0.66519248512657891,0.65948227494679823,0.046348850178449516,0.036226549647268937,0.42947434675299967,0.90116103259565872,-0.016884802788475716,0.074215339494682536,0.57404540734398679,0.34784988606656703,-0.25264986816688711,-0.16414272613085262,-0.17851110380225454,-0.1842205133410576,-0.93497640281847649,0.44971062858650307,-0.32809533349419812,-0.056618139828633368,-1.5593589943501657e-17,0.57605157540407781,0.38872430894248972,-0.8964918978760078,-0.67685274735539203,0.57605157540407781,-0.38872430894248972,0.8964918978760078,-0.67685274735539203,
0.5014757359617471,-0.66848765799204024,0.65991133610004338,0.047848891656769976,0.040138121872261692,0.45620425473532566,0.88768073804784797,-0.023644892238860817,0.093577738334453348,0.65013820442663994,0.36452674970686727,-0.23738143016208843,-0.17475265546374269,-0.17144333398907668,-0.17865499366906981,-0.96318359128546671,0.43556163396051695,-0.3301064040893415,-0.05976803040217938,-1.0889665940611666e-17,0.56316449373805877,0.39036680585638273,-0.9099785457009284,-0.67662164494093746,0.56316449373805877,-0.39036680585638273,0.9099785457009284,-0.67662164494093746,
0.50218249500082002,-0.67093682185140313,0.6600544378976988,0.048080902311708362,0.042956648891961227,0.47918650127603868,0.87534179047026739,-0.031480269778502504,0.11290694029947021,0.72255685867827724,0.38288567177607413,-0.22333478712622395,-0.17845479121721577,-0.16776262923698851,-0.17387899214042019,-0.98073404149995969,0.42678808968745718,-0.33186377945257461,-0.062126192113854749,-9.7088559899332727e-18,0.55112220043759885,0.39240993616083314,-0.92327345128415672,-0.67791096717050858,0.55112220043759885,-0.39240993616083314,0.92327345128415672,-0.67791096717050858,
0.50253588319052134,-0.67286466089704355,0.66008225317495417,0.047751203023893921,0.044941094334879035,0.49923079653524238,0.86398422001824882,-0.041482092561299269,0.13124881311461942,0.78398608630573707,0.40251261329593913,-0.21154863352993658,-0.17655384458641007,-0.16648977802712972,-0.16926771092483539,-0.98839741791731539,0.42062107245538188,-0.3327285632760747,-0.064686414292293173,-5.4735892199600436e-18,0.54088405521526983,0.39521938973682996,-0.93717730137637312,-0.68165978289231033,0.54088405521526983,-0.39521938973682996,0.93717730137637312,-0.68165978289231033,
0.50297579602762488,-0.67445758442128967,0.66010865711919309,0.047330276869566701,0.046214264945443478,0.51881337701208008,0.8523243317190492,-0.054842287613090943,0.14900010664416072,0.82635199333116471,0.42323130880608062,-0.20212852388322267,-0.17142144100379272,-0.16528137454027617,-0.16391555380099251,-0.99131526600615505,0.41404434889994107,-0.33224177878007211,-0.067877759032348495,1.6497309739095111e-18,0.5326586997175311,0.39865635687424106,-0.9519302786175059,-0.68676505343499061,0.5326586997175311,-0.39865635687424106,0.9519302786175059,-0.68676505343499061,
0.50406378426624487,-0.67545186856077855,0.66015701538599891,0.046781082900111029,0.046581982924407739,0.54043355833650086,0.83879271466392158,-0.071841712595544741,0.16737726718430629,0.84617611846850349,0.4450097897789419,-0.19478483474192454,-0.16524567169103033,-0.16195732389435558,-0.15721799005485121,-0.99365390237684514,0.4057032347361359,-0.33012563709300108,-0.071333928403431709,2.3975553913294552e-17,0.52595222321577639,0.40220954184319918,-0.96713974705526606,-0.69101865345481706,0.52595222321577639,-0.40220954184319918,0.96713974705526606,-0.69101865345481706,
0.50584491487166039,-0.67524606674335608,0.66025766137533826,0.046228060352125816,0.04579490725998215,0.56557423937010853,0.82212625105031967,-0.091494530929621259,0.18634775121261335,0.84387940193163802,0.4673952828823027,-0.18927873428715655,-0.15960010670567479,-0.15562309376381772,-0.14996738090004333,-0.99184936632383724,0.39644864861896789,-0.32616763193343756,-0.074309383711527469,1.9937524817541667e-17,0.52032077808755539,0.40527312291030215,-0.9818259043518649,-0.69240717344394775,0.52032077808755539,-0.40527312291030215,0.9818259043518649,-0.69240717344394775,
0.50771083166114683,-0.67360738215405203,0.66046271934239964,0.046041894202521041,0.04390841168345562,0.59324427301066895,0.80250447220045007,-0.11175453612136207,0.20411737356134929,0.82483703690678323,0.48895104337715001,-0.18528516787400945,-0.15505880929419583,-0.14736960439155897,-0.14362953812620699,-0.97739504594720916,0.38808066717220452,-0.32014098027171245,-0.076500577424783153,-6.1119731848220308e-18,0.51582097369012536,0.40762931564515242,-0.9951128064278183,-0.69080923548634821,0.51582097369012536,-0.40762931564515242,0.9951128064278183,-0.69080923548634821,
0.50879700359169333,-0.67077400366329076,0.66080713148285286,0.046569384614211014,0.041176574904405593,0.62075982868634727,0.78153247992971631,-0.13058549432790856,0.21820300592240904,0.79539462536498895,0.50800457131172094,-0.18280204986838974,-0.15127666942173185,-0.1391753121468467,-0.13928068116999112,-0.94371532211665521,0.38201650765266654,-0.31184729869058797,-0.07803011952892358,-2.4938499893424507e-17,0.5131568348520823,0.40952805935030967,-1.0066409123425792,-0.6877932091405925,0.5131568348520823,-0.40952805935030967,1.0066409123425792,-0.6877932091405925,
0.50837978998222022,-0.66729075483767664,0.66128108076435566,0.047960151495609241,0.038094251177948096,0.6454141612427442,0.76137324116561556,-0.14641282697972985,0.22684399646575723,0.76322361565660579,0.52378593491158099,-0.18200390513757178,-0.14722892753934236,-0.13284643119410444,-0.13713535238516336,-0.88953738030975815,0.37879964783122955,-0.30168721589373476,-0.078943729067343246,-3.6322951945067294e-17,0.51305226674826565,0.41148097176561466,-1.0167383691268355,-0.68539646144407618,0.51305226674826565,-0.41148097176561466,1.0167383691268355,-0.68539646144407618,
0.50623420460725643,-0.66349107368946003,0.66185180561216328,0.049937322043890189,0.035002387640722409,0.66671126112632595,0.74281706429906225,-0.15909826319661954,0.23044877702102984,0.73380299168514918,0.53736041966499704,-0.1833437714295085,-0.14188485041468993,-0.12875859843839577,-0.13655479960784164,-0.81802638428267593,0.37795976591018055,-0.29010629451170822,-0.078568092292692848,-5.4595298737471753e-17,0.51558385744367063,0.41386099991953812,-1.0262286549122135,-0.68463135721306145,0.51558385744367063,-0.41386099991953812,1.0262286549122135,-0.68463135721306145,
0.50274895882441961,-0.65961379550003352,0.6624137949882325,0.051874752536480356,0.031930959968290734,0.6863596202412855,0.72470676521405564,-0.16944965482271138,0.23118988326701895,0.7108106791987242,0.54985349122182647,-0.18640056188488913,-0.13438247720311589,-0.12595714624290935,-0.13600051822922729,-0.73662623606755806,0.37852520194022543,-0.27800419101943558,-0.076172027181018467,-5.0282192729071846e-17,0.51985425502641835,0.41668809492326292,-1.0360128611092625,-0.68493959499712931,0.51985425502641835,-0.41668809492326292,1.0360128611092625,-0.68493959499712931,
0.49869998746855737,-0.65579859559980269,0.66285336762006253,0.053393779187883773,0.028799466692759616,0.70619190943324051,0.70541667269301345,-0.17824306525417313,0.23127190308919562,0.69534295808911395,0.56141374187253035,-0.18987996253669093,-0.12467151335934062,-0.12315546697633353,-0.13408602057133401,-0.65260540995973149,0.37967185453848962,-0.26654399733275974,-0.071756780939716644,-3.6205229627166164e-17,0.52462265516614248,0.41966269288540614,-1.0462692789324379,-0.68506507901735469,0.52462265516614248,-0.41966269288540614,1.0462692789324379,-0.68506507901735469,
0.49483684858460986,-0.65228401478845188,0.66311987067611411,0.054578118913916167,0.025766193393559067,0.7263690149596207,0.68464982751799086,-0.18554393475680192,0.23126884143499457,0.68670747899362339,0.5704870037138291,-0.19190526671899566,-0.11347975489930262,-0.12022668034130046,-0.13020597563227984,-0.56884993931859351,0.38119416465598899,-0.25669283420912042,-0.066285558545500833,-2.991073903425222e-17,0.529175354399267,0.42246864665399575,-1.0564103916430185,-0.68431940044844941,0.529175354399267,-0.42246864665399575,1.0564103916430185,-0.68431940044844941,
0.49169261430904321,-0.64940188718088154,0.66324032131709254,0.055592283726132799,0.023309837049975041,0.74598037406647333,0.66323406953688757,-0.19117767492372836,0.23057107491393022,0.68373872680628967,0.57506945042224933,-0.19094857228576007,-0.10189452597342508,-0.11785072967987986,-0.12454599371203323,-0.48763040540820252,0.38301455166992604,-0.2490394410856922,-0.061037768885566501,-1.8724383085425171e-17,0.53293824262605316,0.4249128379074949,-1.0658231574401704,-0.68272780095467112,0.53293824262605316,-0.4249128379074949,1.0658231574401704,-0.68272780095467112,
0.48921438767480468,-0.64727592866113848,0.66327386080265927,0.056501468423137212,0.021688626156668007,0.76458956145751389,0.64166968922621892,-0.19535120489051283,0.22829121751797829,0.68466037207364328,0.57489438028118989,-0.18723689018265549,-0.090334342096049125,-0.1164244006396303,-0.11770241599353531,-0.41026580040777394,0.38513162192876105,-0.24343129365820504,-0.056681985132728235,1.9666863231286211e-18,0.53563056141934162,0.42700746538446577,-1.0745862514823998,-0.68046559766657067,0.53563056141934162,-0.42700746538446577,1.0745862514823998,-0.68046559766657067,
0.48677886172111295,-0.64570098389669883,0.66326553384436659,0.057212956971420689,0.020788453075126251,0.78242888151943679,0.61975766484777972,-0.19870553558910725,0.22365865427577419,0.68637578982544289,0.57210382403450932,-0.18340189958752853,-0.078744117609869255,-0.11560431891099218,-0.11055858529397701,-0.33748792513300657,0.38754729716612712,-0.23938937390588957,-0.052656685469164258,1.4660167228459616e-17,0.5369687140561501,0.42882150681377906,-1.0832467722682482,-0.67736637110722608,0.5369687140561501,-0.42882150681377906,1.0832467722682482,-0.67736637110722608,
0.4838121270495952,-0.64440502377889963,0.66321096470201757,0.057559226250247078,0.020200125671739615,0.79991108024762181,0.59701017922092547,-0.20208854971485751,0.21675186465428764,0.6857280690140839,0.56941993615705955,-0.18213260447265353,-0.067003475282145869,-0.11472202935917558,-0.10378627844587164,-0.27012014932160922,0.39023743803498112,-0.23656273156284655,-0.04791449055536183,7.6583797867638143e-18,0.53680107905181262,0.43042304118560326,-1.0923711589097185,-0.67312317340150285,0.53680107905181262,-0.43042304118560326,1.0923711589097185,-0.67312317340150285,
0.48022589659294235,-0.64330297549472548,0.66307486617540112,0.057442997548206108,0.019588499033700954,0.81706665037127302,0.57333993545657658,-0.20585277967670695,0.20795441687075741,0.6805960675760987,0.56783048977550754,-0.18423067992700484,-0.055351883746301067,-0.11329290616863241,-0.097700705268978449,-0.21055100884460981,0.39315056573033497,-0.23508031282613284,-0.042122083873300187,-8.196274070459468e-18,0.5350577960718268,0.43182640923328552,-1.1022040651593334,-0.66750053871431081,0.5350577960718268,-0.43182640923328552,1.1022040651593334,-0.66750053871431081,
0.4762925229204949,-0.64242952909249251,0.66282519518643213,0.056867976308595018,0.018704220843530447,0.83356393841371768,0.54916968777365471,-0.20990837844589919,0.19759678757223362,0.66848079809477956,0.56688827058171154,-0.18911039057203546,-0.044590924939038178,-0.11100119708969722,-0.092478168560423568,-0.16260486114861525,0.39605670584847608,-0.23504772980536337,-0.035616623827283096,-1.7106067232407665e-17,0.53183532463399974,0.43305725085729679,-1.1128580947969358,-0.6605583360782934,0.53183532463399974,-0.43305725085729679,1.1128580947969358,-0.6605583360782934,
0.47237004917249503,-0.64186550564924127,0.66245904417733703,0.055862966141486316,0.017558535792610283,0.84928420407329441,0.52467834674806746,-0.21393512156377598,0.18552722311872363,0.64759416202728892,0.56517941938845917,-0.19538783052073985,-0.035408712712690166,-0.10793003083153546,-0.088026942848086556,-0.12824837322531474,0.39871569611711405,-0.2364342800986742,-0.029146066005608588,-2.5759092129852802e-17,0.52708333771739113,0.43410023880181758,-1.1243464377810375,-0.65241368659663224,0.52708333771739113,-0.43410023880181758,1.1243464377810375,-0.65241368659663224,
0.46873268623268527,-0.64162130179418808,0.66200564436163467,0.054529215243305576,0.016359981275123767,0.86432256339995195,0.49970533526805883,-0.2173359723799006,0.17150355752358792,0.61875905299549894,0.56134524716707501,-0.20158860619956351,-0.027817830502588077,-0.10455236454619544,-0.084053631129723208,-0.10515089908452269,0.40120405832368439,-0.23904795071160315,-0.023342132149370788,-2.427314644648567e-17,0.52074103470029842,0.43492061729523879,-1.1364081839848321,-0.64349241491326359,0.52074103470029842,-0.43492061729523879,1.1364081839848321,-0.64349241491326359,
0.46540584620489106,-0.64158268537586993,0.66151427184125,0.053043765845360871,0.015368163118606297,0.87869166963007761,0.47418469839294591,-0.21962330409104341,0.1558138016658325,0.58607969377389624,0.55541810532651625,-0.20705978334080077,-0.021021516593909332,-0.10145292474474579,-0.08024142246429905,-0.086586086865441628,0.40384879667266382,-0.24260364228082604,-0.018271350398977398,-1.5246378417794476e-17,0.51313377052819364,0.43552330731474104,-1.1486043495961651,-0.63436660099490361,0.51313377052819364,-0.43552330731474104,1.1486043495961651,-0.63436660099490361,
0.46237957442137945,-0.64154224999055753,0.66100855860636609,0.05144926934096463,0.014652098784921229,0.89261223754223173,0.44764012563143646,-0.22117801423997635,0.13923735701795351,0.55199743740600304,0.54862584430464767,-0.21203704044963947,-0.014404315243176612,-0.09840901204079118,-0.076452145477256025,-0.071686056742064103,0.40644581867788676,-0.246954488358098,-0.014099878069971433,-8.7917206018292125e-18,0.50385930224304498,0.43571263906622304,-1.160638873452349,-0.62429991951968966,0.50385930224304498,-0.43571263906622304,1.160638873452349,-0.62429991951968966,
0.4599170648332489,-0.64122191481908009,0.6605116225291765,0.049689372219368533,0.014233153982755681,0.90627893260742609,0.41950790210446898,-0.2229899989145869,0.12332728892853162,0.51830181547402365,0.5422898255985249,-0.21637998512910425,-0.0080035986370366897,-0.094662580391216,-0.072946799534963497,-0.068377753932102242,0.4081652256465329,-0.25195200828864023,-0.011703264080661219,-3.5336221540750191e-19,0.49178570597924531,0.4351004351100155,-1.1718942801062937,-0.6117471434252022,0.49178570597924531,-0.4351004351100155,1.1718942801062937,-0.6117471434252022,
0.45830154888735242,-0.64043361220240747,0.66003980166761167,0.047678401955055891,0.01407011637912061,0.91974908402450783,0.38934614965114117,-0.22557972620470929,0.10955298752593269,0.48763089017726458,0.53685009064451061,-0.21968078709904887,-0.001982799234543775,-0.089507027580787435,-0.0701810583879868,-0.086334939460188359,0.40814749324776306,-0.25736792598928576,-0.011769996625021584,7.2985670896810555e-18,0.47577038842739883,0.43285696734642654,-1.1816932646974985,-0.59455269682552303,0.47577038842739883,-0.43285696734642654,1.1816932646974985,-0.59455269682552303,
0.45759828157756166,-0.63917463839202038,0.65958546940204177,0.045379334514783605,0.013974207494059405,0.9327843250957929,0.35729377321679473,-0.22801934402893051,0.099088012056930963,0.46682655539215934,0.53156552081497521,-0.22170574787758923,0.0043024762720282215,-0.082735847060412704,-0.068485462018601229,-0.12905095669857611,0.40598630558338195,-0.26282007942131919,-0.013745470587588658,1.8102354475515478e-17,0.45577785542044591,0.4291359831618029,-1.1891047345898875,-0.57353092379615278,0.45577785542044591,-0.4291359831618029,1.1891047345898875,-0.57353092379615278,
0.4575751157759792,-0.6376430245891529,0.65911645534353036,0.042844649727584408,0.013664699496424097,0.94501055940774148,0.32393310202148301,-0.22859297790266775,0.091965726745109638,0.46233831169822204,0.52504860458385461,-0.22277566210993366,0.012007156804588416,-0.074769937905917114,-0.067736503682824148,-0.19032966433109649,0.40216004487554036,-0.26799029139461927,-0.015947459328296911,2.1667717177106515e-17,0.43366617628241561,0.42717700188053143,-1.1934916729556051,-0.5565634400668209,0.43366617628241561,-0.42717700188053143,1.1934916729556051,-0.5565634400668209,
0.45787357390359146,-0.63616649646516499,0.65864464758786256,0.040227778531833569,0.013079581872617856,0.95562798689971484,0.29152324268646151,-0.22522696912747747,0.087103885244794649,0.47835238595071183,0.51541046322644846,-0.22326147542215027,0.021755136738231991,-0.066970467720209939,-0.067609051734089376,-0.25555051214946661,0.39788367690124654,-0.27249608144849202,-0.016812371646750344,1.5939797915699544e-17,0.41205326702693845,0.42897314571502287,-1.1943832895556346,-0.54936347706695365,0.41205326702693845,-0.42897314571502287,1.1943832895556346,-0.54936347706695365,
0.45807650219961044,-0.63517426264323096,0.65818806833757604,0.037608951933221106,0.012189125839808865,0.96414467318770158,0.2624157790787861,-0.21703738475734025,0.082033887274637771,0.50978356377458955,0.50056595338624255,-0.22300441850832953,0.032982516699017375,-0.060834634991486121,-0.067598790990003252,-0.3076817152518877,0.39437117342919142,-0.27602445823991933,-0.015392984271722497,-6.455432601984695e-19,0.39341425440083766,0.43515585776155363,-1.1928010714761252,-0.55392487742942631,0.39341425440083766,-0.43515585776155363,1.1928010714761252,-0.55392487742942631,
0.45798426046996049,-0.63485179684383342,0.65773666734519909,0.034994274585511846,0.010960401598584506,0.97081346519343881,0.23701579302261547,-0.2049181014697227,0.074326414687349032,0.54228459476781932,0.47931855078283714,-0.22111951784115871,0.043694528519403121,-0.05665373725179837,-0.067308022028316122,-0.34022024660131112,0.39194174154585359,-0.27867943502559067,-0.011832001985811859,-1.4417084438874416e-17,0.37850841084838516,0.44526986016716874,-1.1908243237951521,-0.56821945622065972,0.37850841084838516,-0.44526986016716874,1.1908243237951521,-0.56821945622065972,
0.45759380333481831,-0.63496256168238518,0.65727761403645057,0.032461962705666841,0.0094875447005564068,0.97615444699913101,0.214426451438883,-0.19069909523351047,0.063030352625493877,0.5576910156634256,0.45211817217658667,-0.21622646363994011,0.051121283208388414,-0.053605462379677588,-0.066231332701023327,-0.35614691642173768,0.39007873784505237,-0.28089493514797509,-0.0072321763338993855,-1.6472241796297877e-17,0.3667374705008164,0.45810256772147573,-1.1909711190572414,-0.58738819423667721,0.3667374705008164,-0.45810256772147573,1.1909711190572414,-0.58738819423667721,
0.4570548246075179,-0.63500898647377524,0.65685271545178281,0.030221559317137846,0.0080907259927301758,0.98052796786479357,0.19387135358347773,-0.17599267553097869,0.049483417137129768,0.54827536544375566,0.4213736089618384,-0.20758519575168682,0.054146426307769793,-0.05053860000596487,-0.06393952090592063,-0.36236867207287626,0.38776182605887383,-0.28289868202776469,-0.0032465166081779907,-1.0594314730648525e-17,0.35681182021946367,0.47114316157080532,-1.1944642267544525,-0.60463573635384171,0.35681182021946367,-0.47114316157080532,1.1944642267544525,-0.60463573635384171,
0.4565642078804697,-0.63459414132438652,0.656541696585759,0.028481179775428075,0.0072188909040944542,0.98410424363569948,0.17514436237265138,-0.16186076408822192,0.035948585164312305,0.51901045852222116,0.39020233352187977,-0.19566531141511734,0.053420000177498247,-0.046719908860763978,-0.060480242233664973,-0.36483609192089556,0.38426614565889416,-0.28471964724586685,-0.0012334771847240754,3.5614063397058161e-18,0.3482247054203752,0.48464567982361584,-1.201073684751004,-0.62051914962931243,0.3482247054203752,-0.48464567982361584,1.201073684751004,-0.62051914962931243,
0.45627753061987786,-0.63354068759873727,0.6564499133590781,0.02732010469329647,0.0075985702185037626,0.98690547291453612,0.15878747161384471,-0.14882553510383087,0.023997526529141014,0.48245336389728732,0.3610972448216147,-0.18175257573566422,0.04975372271709233,-0.042223381595380007,-0.05684795923872802,-0.36770907359196303,0.37967774079123273,-0.28661035131274837,-0.0020647533847441826,5.629852781795682e-18,0.34040903206000328,0.49919094719660251,-1.209623114464506,-0.63720385363999987,0.34040903206000328,-0.49919094719660251,1.209623114464506,-0.63720385363999987,
0.45621346914363148,-0.63196243085128545,0.65661070716661507,0.026346912497035004,0.0097386301847729694,0.98896916479015995,0.14543380067319669,-0.13652928813390489,0.013493777296004577,0.45029727759589588,0.33373603687753295,-0.16697897760094393,0.04376542764322032,-0.037999783548189836,-0.054235129749622787,-0.37217281341200498,0.37460945002140311,-0.28909683626014232,-0.0055596355049702915,4.6066614329441091e-19,0.33216776120980662,0.5143331453968496,-1.2191040700851752,-0.65483456090551262,0.33216776120980662,-0.5143331453968496,1.2191040700851752,-0.65483456090551262,
0.45630061581679704,-0.6301136642075521,0.65691576652747863,0.024391443470560391,0.013551628007025775,0.99042861693333994,0.13517605417858924,-0.12440668832523202,0.0034533819212805117,0.42986131612650075,0.30525691667670618,-0.1520810458441042,0.036169356289107842,-0.03560084471235115,-0.053250583396092337,-0.37905854198192701,0.36959939429584593,-0.29314552150005352,-0.010409488867112243,-6.5658848374202844e-18,0.32177184738391684,0.52956791963902017,-1.2287966945076523,-0.67325699030861341,0.32177184738391684,-0.52956791963902017,1.2287966945076523,-0.67325699030861341,
0.45639602927948675,-0.628213077270944,0.65713257916882928,0.020150431593391648,0.018194781674017439,0.99148573365015646,0.12735364146598158,-0.11247749195836632,-0.0065568530419015652,0.42038591619812749,0.27324444949146376,-0.13779653222467964,0.027551341155477502,-0.036286524448840896,-0.053366899402164061,-0.38859156487936314,0.36502844250173655,-0.29975737161035015,-0.014699165444814396,-7.0746395871340188e-18,0.30800772834952722,0.54444843012263355,-1.2382472031504412,-0.69175222960162985,0.30800772834952722,-0.54444843012263355,1.2382472031504412,-0.69175222960162985,
0.45638177996886231,-0.62632207394824935,0.65706554724746569,0.013230525228765904,0.02276165927717486,0.9922555418015746,0.12139110277604544,-0.10196622058580683,-0.015706946793134658,0.41631236413430367,0.23920058300820279,-0.12541522208568145,0.018027223445388846,-0.040340551802534236,-0.053634579521763842,-0.39983535117471636,0.36135256404325899,-0.30930405515392895,-0.01721547880172096,-6.6552514147590788e-18,0.29162577962043945,0.55849820898969182,-1.2474958170555122,-0.70895543056912969,0.29162577962043945,-0.55849820898969182,1.2474958170555122,-0.70895543056912969,
0.45630543589939632,-0.62439214390466047,0.65668772694531141,0.005224173361445668,0.026610919387533495,0.99281395762306024,0.11655476193994048,-0.094046302249939109,-0.022746297200845457,0.41269959542639445,0.20813943250712516,-0.11575537464936296,0.0084579552752179158,-0.046279668529386697,-0.053404865413909333,-0.41144741129951201,0.35945782839232826,-0.32061179453863053,-0.018334178840933649,-3.8892963029111e-18,0.27661141046151572,0.57115749743365118,-1.2563886662989594,-0.72378176681626116,0.27661141046151572,-0.57115749743365118,1.2563886662989594,-0.72378176681626116,
0.45632589526984912,-0.62234579912613719,0.6561930517880965,-0.00097477595483622679,0.029636758226622126,0.99324574531155796,0.11217665440786842,-0.088874261388578901,-0.026921457037058963,0.40763127345013939,0.18563535100146322,-0.10850707941792855,0.00011068100840694794,-0.051479073146465812,-0.052672163172361335,-0.4222188598774762,0.36016578035613273,-0.33139067055128052,-0.019918081684591818,-3.6810651343864594e-18,0.26810483967415755,0.58263101438884946,-1.2638789951169731,-0.73739485064048071,0.26810483967415755,-0.58263101438884946,1.2638789951169731,-0.73739485064048071,
0.45657892232560193,-0.62023736383198902,0.65587851627076454,-0.0025616795111938779,0.031649709902647385,0.99366569973596941,0.10779708172945353,-0.086648301470351519,-0.02741788229856203,0.40084085715656453,0.17749075752806817,-0.10379198044469114,-0.005566115666791595,-0.053266427749065773,-0.051254270764881309,-0.42959969412350013,0.36319510842129299,-0.33843888890444174,-0.023915709194438528,-1.0273548490589352e-17,0.27072084534049773,0.59277408699674261,-1.2675390013076224,-0.75157542386135701,0.27072084534049773,-0.59277408699674261,1.2675390013076224,-0.75157542386135701,
0.45708021537058074,-0.61826074850190482,0.65588716434586491,0.00082785443335185943,0.032335932651237714,0.9941182872661789,0.10335634010340516,-0.087906997464505907,-0.023857042977076939,0.39324482588900911,0.18562670552484811,-0.10245086492102852,-0.0079665976183694361,-0.050872834495080496,-0.048617252008609897,-0.43184652187501027,0.36657823134106937,-0.33954589976886246,-0.030440783551377609,-1.4127399302819129e-17,0.28469129705039842,0.60063012131271476,-1.265734783780299,-0.76616330768489582,0.28469129705039842,-0.60063012131271476,1.265734783780299,-0.76616330768489582,
0.45778792590318063,-0.61662694084883329,0.65610472849219237,0.0069943706356505372,0.031336521853967896,0.99451508803059729,0.099543160774611616,-0.093059652274125576,-0.016560849070653309,0.38638868297500473,0.20648487340111596,-0.10515826592944418,-0.007384327879450754,-0.045923311100781787,-0.044228084816604854,-0.42941814165662778,0.36805257301134597,-0.33472033345683511,-0.037473953609114014,-1.5666104773765988e-17,0.30637383481565644,0.60423768500554664,-1.2586643275547187,-0.77782145496841859,0.30637383481565644,-0.60423768500554664,1.2586643275547187,-0.77782145496841859,
0.45862341475052137,-0.61550348849695824,0.65630536651602323,0.012544686955547094,0.028506321773554059,0.99471903234871595,0.09779604864903417,-0.10308947382286655,-0.0059793394014574161,0.38249533073317799,0.23519798309002904,-0.1130541389927671,-0.0047281392777269796,-0.041392329653386802,-0.038193835217855562,-0.4231183734210901,0.36636913911594399,-0.32612842722735069,-0.042042623879920797,-1.5258617533678102e-17,0.33061518107804266,0.60100800707637092,-1.2485350265835593,-0.78093387780496604,0.33061518107804266,-0.60100800707637092,1.2485350265835593,-0.78093387780496604,
0.45957489448716959,-0.61480001465416489,0.6563633279840555,0.015503280199735587,0.024214245266862978,0.99464493697398315,0.099271184042630578,-0.11905258680831242,0.0079512058317816568,0.38373794549883289,0.26982939643366793,-0.12695714714022024,-0.0012017972507064121,-0.039176246092345379,-0.031188393464142945,-0.41292894049166051,0.36193974903252635,-0.31637198722987531,-0.042842608913836927,-6.4260869347269834e-18,0.35484081352481933,0.58961903632389923,-1.2382705248928463,-0.77201157990629476,0.35484081352481933,-0.58961903632389923,1.2382705248928463,-0.77201157990629476,
0.46068879028513643,-0.61394481201727502,0.65624101427343817,0.016009319043409482,0.01943641350906735,0.99422709455484526,0.10429962601419678,-0.14267587688867372,0.026338503328271663,0.38933746298313732,0.31334342401332893,-0.14725160322971725,0.0013494856880884821,-0.039305971696390996,-0.023946918648199277,-0.39959610442225774,0.35680174667211295,-0.30799942816249515,-0.04118756459750237,-3.0410783087168968e-18,0.37891082337575394,0.57123765470865817,-1.2299742990406419,-0.75323451214937887,0.37891082337575394,-0.57123765470865817,1.2299742990406419,-0.75323451214937887,
0.46189816506495007,-0.61234675525469384,0.65592828629758149,0.015520171524321705,0.015016331154715699,0.99345221468463163,0.11218881946392122,-0.17530058026739656,0.04976860681313091,0.39274737672086635,0.37024312291748945,-0.17394699880178699,0.0017296230729840355,-0.040841343959056156,-0.016764342740923324,-0.38492728832692857,0.35388181142995989,-0.30284544066503583,-0.039550875634770707,-2.4010264902542644e-18,0.40325836767477413,0.54918407783736445,-1.2233293896077255,-0.7312793397423667,0.40325836767477413,-0.54918407783736445,1.2233293896077255,-0.7312793397423667,
0.46292035494396638,-0.61008517147312769,0.65542280039758227,0.015467301119287439,0.011164466812593274,0.99236795465900418,0.12182758243838125,-0.21750415609511731,0.076091911467213627,0.3841368894146564,0.44310749984100051,-0.20736966389276795,0.00086394741366576852,-0.043389964465879331,-0.010118586630610098,-0.37006129679933569,0.35617130132957076,-0.30166118040688139,-0.039192820207862016,-7.0912810478925885e-18,0.42742592000538765,0.52625783941378312,-1.2168457991681862,-0.7115127786637544,0.42742592000538765,-0.52625783941378312,1.2168457991681862,-0.7115127786637544,
0.46340023083025272,-0.6078180738905371,0.65474304995099175,0.01666260959064127,0.0081845391007001993,0.99119157270520819,0.13112832249180573,-0.26695689683890056,0.099114038634046983,0.35641449575414041,0.52672708152891778,-0.24491497657525524,0.00053260201941814913,-0.047443154046664562,-0.005616017193572043,-0.35766477606608521,0.36643555810660589,-0.30513518915055304,-0.040190880645988421,1.6759163930677624e-18,0.4491356843917611,0.50507652657876179,-1.21020110685477,-0.69781032548064115,0.4491356843917611,-0.50507652657876179,1.21020110685477,-0.69781032548064115,
0.4633531905094006,-0.60601390901647223,0.65394059327238663,0.018863281743313216,0.0065892400644070696,0.99028081319719485,0.13763963648145991,-0.31901601105943189,0.11361147139902246,0.31306099385170139,0.60902215794225778,-0.27972234044318028,0.001127756535747872,-0.053406591980380641,-0.0045755873209232393,-0.35159332783440556,0.38438726760606812,-0.31327975687666715,-0.042287711434731964,5.5054290021698387e-18,0.46628004722707139,0.48699963323938789,-1.2028052562258531,-0.69207133008293376,0.46628004722707139,-0.48699963323938789,1.2028052562258531,-0.69207133008293376,
0.46336519937842668,-0.6047660633059776,0.65317162772341641,0.020440021372544106,0.0065751541215131925,0.99010285693274425,0.13869140408902803,-0.36406588837312387,0.11689423094949702,0.27036132780165273,0.66492510448050246,-0.29703986929150294,0.0035796596625071813,-0.060354014010844489,-0.0059981393688557129,-0.35534921806806269,0.40305558218624699,-0.32342139976649564,-0.045145502365323803,5.8152146302601342e-18,0.47743382159436082,0.4720075812738348,-1.1926163221204651,-0.6934333362175289,0.47743382159436082,-0.4720075812738348,1.1926163221204651,-0.6934333362175289,
0.46415257111600927,-0.6039330981905906,0.65269016181629302,0.019804134033358067,0.0074660692325447947,0.99085160054236043,0.13328600747282648,-0.39109550502266799,0.11001867441479671,0.24710401185635156,0.66942376067199749,-0.28283957857189856,0.010418056746296639,-0.065790889079234582,-0.0067519351842465318,-0.36884358382420201,0.41230960805072681,-0.33059559550856965,-0.048153271840424859,5.4583355033938053e-18,0.48352016679643101,0.46016766884825927,-1.1787023926640861,-0.70072933979715646,0.48352016679643101,-0.46016766884825927,1.1787023926640861,-0.70072933979715646,
0.46582808092639821,-0.60341268311662488,0.65263165214742647,0.01655175148279639,0.0075592340778684666,0.99223816353845173,0.12301351275713018,-0.39341205420087738,0.096381769791911459,0.25206820636516147,0.61136761965074771,-0.23241192964402124,0.023575237819213571,-0.066511426414657071,-0.0031405482063346017,-0.38874459869757672,0.40488438253295878,-0.33026218008328279,-0.049885185661048,7.4871672157530127e-18,0.48720385485667506,0.45291028185093052,-1.1641626781642016,-0.7149085756648581,0.48720385485667506,-0.45291028185093052,1.1641626781642016,-0.7149085756648581,
0.46753898171689234,-0.60330377729002005,0.65283731052356186,0.010902826371487703,0.0048619218905804878,0.99369258552943418,0.11150128051494049,-0.37477842577869247,0.080188580340811097,0.2833972001358992,0.50323483779215139,-0.15622902481183248,0.04324413147964136,-0.060071149652604537,0.0072411505158112314,-0.40944030762945915,0.37866894488989933,-0.32061792436734587,-0.047741670085903791,-5.6694950680519025e-18,0.49049424869128366,0.45121516212407031,-1.1560561127252109,-0.73450421159532142,0.49049424869128366,-0.45121516212407031,1.1560561127252109,-0.73450421159532142,
0.46804829740709786,-0.6037733708867512,0.65284865917398627,0.0027911996154303862,-0.0011582933178277376,0.99479183056673592,0.10188268449044227,-0.34870500077667255,0.063723514601303974,0.334866986934441,0.37499350958848915,-0.074976900326507709,0.068769156002908255,-0.047573203245817999,0.023381425317063449,-0.42586816980318243,0.33849487112357379,-0.30484343673311159,-0.039688707893243372,-1.4558119305229628e-17,0.49275024138543111,0.45497936955346852,-1.1618841897293497,-0.75606453244086858,0.49275024138543111,-0.45497936955346852,1.1618841897293497,-0.75606453244086858,
0.46647663366113828,-0.60456027968610715,0.65490001216781701,-0.0079132941812193047,-0.0091588573652273287,0.99533349212580258,0.095732620143919436,-0.33217076705849452,0.048773820886560654,0.39618862420223055,0.26538856948000089,-0.013926614997693531,0.097081369241468068,-0.034100728334426934,0.041563419400320697,-0.43431862566241364,0.29587567642058799,-0.29066653638566559,-0.026475801850170892,-4.5862740740030157e-18,0.49228662677484519,0.46334413456002388,-1.1881784315599351,-0.77560805857174364,0.49228662677484519,-0.46334413456002388,1.1881784315599351,-0.77560805857174364,
0.46321341949906508,-0.60499675153084131,0.65601226750643982,-0.020211284554107284,-0.016829263502448042,0.9953979620789809,0.09214758247316944,-0.33294452278934311,0.036432953037137908,0.45428870990775638,0.19742916020346857,0.014360017245899087,0.12340936778186269,-0.02497747512982159,0.058050993057320283,-0.43488409402484518,0.26216332372699669,-0.28445287010867448,-0.012229080732515885,-1.0391551206409573e-17,0.48938443393340658,0.47353209473307345,-1.2340298804961618,-0.78853997394344,0.48938443393340658,-0.47353209473307345,1.2340298804961618,-0.78853997394344,
0.45947114777623521,-0.60457890782520218,0.6563650577877792,-0.031110347065503963,-0.021990141301668598,0.99536783787162053,0.088269175377206577,-0.34609835361309138,0.028298894773553501,0.49780338594453105,0.17101492213883235,0.016459807487541601,0.14261616723303788,-0.021289550240094282,0.068026541709944252,-0.43235564532425746,0.2429426399369278,-0.28609783507906139,-9.9069484992326108e-05,-1.7211863563883859e-17,0.48723555388082462,0.48206883262649824,-1.2921053528919448,-0.79043140561678127,0.48723555388082462,-0.48206883262649824,1.2921053528919448,-0.79043140561678127,
0.45640144837407393,-0.60327489147929858,0.6560933894969343,-0.035140829646424301,-0.023466252307441253,0.9957954151789099,0.081276984460958893,-0.35883308186426072,0.027124242646748079,0.51963735260799016,0.17341953987318043,0.010556961831260831,0.15142360381691336,-0.018428502477066434,0.065729010703895488,-0.43412058244212615,0.23874554973222409,-0.28924443662523835,0.0094682307541371375,-1.8595233174065658e-17,0.49203884221621774,0.48697437727357329,-1.3526506844460162,-0.78032800800686142,0.49203884221621774,-0.48697437727357329,1.3526506844460162,-0.78032800800686142,
0.45417858516780119,-0.60147267990152076,0.65516256090872338,-0.028976441514872258,-0.022197183969378226,0.9967886724148034,0.071274072470280087,-0.3613025904421957,0.033148435751798808,0.51962837442198428,0.18972756985653877,0.010397021903089786,0.15187205241084184,-0.010083906509380357,0.05165666976314167,-0.44344230834481363,0.24475954015390949,-0.28727498383648159,0.016922120352016293,-3.4116626709102062e-17,0.50772728210940532,0.48797784272903805,-1.4103399026093419,-0.76024173304396914,0.50772728210940532,-0.48797784272903805,1.4103399026093419,-0.76024173304396914,
0.45222699118716198,-0.59970329304840975,0.65370994776533153,-0.014919900382107384,-0.02048831332048684,0.9977520409067433,0.062036202787550537,-0.35221757667943104,0.042858068860628026,0.50792011610905896,0.20600051424359711,0.019309019780276111,0.14945431511825438,0.0056818383748776825,0.033710732738191529,-0.45616362294037061,0.25368097633984804,-0.27870478807730753,0.022268742210036413,-4.725315260513194e-17,0.53238813742510815,0.48605614107310813,-1.4624338523308831,-0.73579471164650534,0.53238813742510815,-0.48605614107310813,1.4624338523308831,-0.73579471164650534,
0.44978078720266712,-0.59833128963761895,0.65230286479786126,-0.00047489239505205745,-0.020403889955522274,0.99808229471695975,0.058439616053016445,-0.33875369512472447,0.051092763671045288,0.49907063067164914,0.21420663837929471,0.030986110834815155,0.14969286238384269,0.023345228242267382,0.02178056690630736,-0.46365724427987248,0.26106931840183512,-0.26982052550302998,0.025524374235550488,-4.3814962318750465e-17,0.55859617054225241,0.48283892469023026,-1.5097215995375812,-0.71249576942716064,0.55859617054225241,-0.48283892469023026,1.5097215995375812,-0.71249576942716064,
0.44648476889165695,-0.59742863612037345,0.6516688282353581,0.0077513894900737273,-0.022681105097079986,0.99773021440381471,0.062927757772434895,-0.32750439633048711,0.053307336554938356,0.49921824356426925,0.21203255314741881,0.037882358535001034,0.15510689728676963,0.034917814994688726,0.021672312601524975,-0.45937107214730866,0.26783731479134593,-0.26913225283808845,0.025940965771516312,-2.9655609261083789e-17,0.57982277805638371,0.47935436133261777,-1.5554648376713696,-0.69148708745446541,0.57982277805638371,-0.47935436133261777,1.5554648376713696,-0.69148708745446541,
0.44237026399770674,-0.59693643903881322,0.65211481329725585,0.0076732704940923767,-0.026582577052436617,0.99689343816543408,0.073742528163032617,-0.32017624557328173,0.047416680055848932,0.50312999136699466,0.20071522398599193,0.037080971423436734,0.16379046903293981,0.036018994625576312,0.032028632122342748,-0.44307364669899629,0.27692967304958482,-0.2800132722500468,0.023515910558731496,-1.6486538902783682e-17,0.59395356584441938,0.47681698531260486,-1.5996008197357243,-0.67517944069196156,0.59395356584441938,-0.47681698531260486,1.5996008197357243,-0.67517944069196156,
0.4375849398005287,-0.59660649156147993,0.65315533301241158,0.0028739580757769071,-0.030159929587166363,0.99584634415474016,0.085861387398028302,-0.31469438972827396,0.036905780304841596,0.50199735695725478,0.1870875904528829,0.031070634186592876,0.17070503379223748,0.029511957623445703,0.043995307122879357,-0.42196031510117327,0.29024884889195918,-0.29799661451618298,0.02056396686872565,1.7283832235665657e-17,0.60383267654128869,0.47570303393881269,-1.6401055668606332,-0.66346539336477151,0.60383267654128869,-0.47570303393881269,1.6401055668606332,-0.66346539336477151,
0.43212871744129355,-0.59602235175063689,0.65416993802701873,-0.00094105262390291756,-0.031293863684408688,0.99512436673030324,0.093527018851633267,-0.30806509164385298,0.027659691526705492,0.48900158988425002,0.1808389941548442,0.023575043332849658,0.1707143900853608,0.022558012177803125,0.047761854926525488,-0.40738576515551972,0.30686394252145893,-0.315944925406558,0.019901169872206394,3.2262312146066457e-17,0.61209278870975636,0.47567439700391767,-1.6725972096741939,-0.65456537546094296,0.61209278870975636,-0.47567439700391767,1.6725972096741939,-0.65456537546094296,
0.42605056444815703,-0.59497022426834856,0.6549392535893559,-0.00053634728949948206,-0.029540005252495522,0.99507467489251866,0.094622892625493865,-0.29839074577709646,0.022896988123007774,0.46311412689526271,0.18610693219786748,0.016456294941762959,0.16231615944350064,0.020604908364348723,0.040537766681344324,-0.40586778959071063,0.32356898657859046,-0.32909663338438017,0.022339809482969854,3.3572835389693094e-17,0.61870035189658223,0.47597108002493899,-1.6935772259147897,-0.64689264356073639,0.61870035189658223,-0.47597108002493899,1.6935772259147897,-0.64689264356073639,
0.41944831696934659,-0.5936208050031524,0.65556111477886758,0.0033748508707311014,-0.026045638576639961,0.99548761684080267,0.091184646785270551,-0.28548380383584954,0.021912313136325003,0.42904363888257108,0.20006266869070743,0.0083845586312719829,0.14767032966226193,0.023421336265344248,0.025874641202881726,-0.41497135431557469,0.33877682149493676,-0.33712705614215405,0.027031529364160062,5.7467621033915208e-18,0.62108074394359913,0.47632925259514669,-1.7000824377251016,-0.64216081671189229,0.62108074394359913,-0.47632925259514669,1.7000824377251016,-0.64216081671189229,
0.41245243155333056,-0.59227165789135072,0.65614063079354157,0.0084690338448784944,-0.022234167179295741,0.99596997530584752,0.086473843240871678,-0.27098169755715068,0.02270159382303974,0.39505747303941963,0.21923715036337454,-0.0039130082187257666,0.13097459869200428,0.026786357168009874,0.0084437743704350674,-0.42676797529798749,0.35461873525205001,-0.34309167637198812,0.032672441237017173,-8.475370276761291e-18,0.61609993096752513,0.47649776398747629,-1.6906868579873984,-0.64178725483130661,0.61609993096752513,-0.47649776398747629,1.6906868579873984,-0.64178725483130661,
0.40500246357139336,-0.59119876138448113,0.65665779494275478,0.013177418124465776,-0.018683801583769109,0.99634856898829904,0.082260563363739977,-0.25629159203553653,0.023139907820321499,0.36718848810604748,0.2421546046943816,-0.02276383209859939,0.11576399011772807,0.026457679041629704,-0.010067272823060041,-0.4342637474682709,0.38133370843812336,-0.35681219884547755,0.038642608830271444,-2.3126890870248019e-17,0.6025278989410674,0.47634324886230589,-1.6660876496164176,-0.64561639855093567,0.6025278989410674,-0.47634324886230589,1.6660876496164176,-0.64561639855093567,
0.39694076065317829,-0.59089723109027859,0.65695601071636789,0.017144416932981351,-0.015615048689358407,0.99660072832281998,0.079052055816920597,-0.24165821724856007,0.020265659738436376,0.34751784959236215,0.26753573451852009,-0.048350846648658845,0.10563302576454525,0.02514632797735834,-0.029038549612467591,-0.42959826481105201,0.40654064667015655,-0.3692405520812459,0.0464642091029989,-1.6567651697667549e-17,0.58121472132401641,0.47591957859670553,-1.6278299118006021,-0.65360489939480448,0.58121472132401641,-0.47591957859670553,1.6278299118006021,-0.65360489939480448,
0.38833578379866823,-0.59159187425815074,0.65688717981107247,0.020890909823901127,-0.012947630597162908,0.99678251375105809,0.076292522757940406,-0.22600409947140587,0.011612343449477629,0.33194547312529166,0.2922476688179606,-0.077269113696719682,0.10197457147847599,0.0026520911714995915,-0.046283857079222765,-0.40579736574463371,0.44798187623157726,-0.38273128441946735,0.046993521125788584,3.748678070290481e-18,0.55491044969987668,0.47453697891905267,-1.580096248461166,-0.66243793497429537,0.55491044969987668,-0.47453697891905267,1.580096248461166,-0.66243793497429537,
0.37948894723651461,-0.59286023903237206,0.65634455654241763,0.025074606356931955,-0.0099567848574754758,0.99695291349492265,0.073191630842138908,-0.20914792026995677,-0.0030261405699906038,0.31485398842071033,0.31376677597359748,-0.10463082247503327,0.10299181847091994,-0.022630926192204692,-0.060375505468020826,-0.36211647932341223,0.48503615087507873,-0.39143165619521886,0.045528929220220858,2.9210761355007601e-17,0.52596122551184843,0.47089874905766915,-1.5267361410893487,-0.66718695548641105,0.52596122551184843,-0.47089874905766915,1.5267361410893487,-0.66718695548641105,
0.37098306212048093,-0.59403031029517672,0.65525489383756208,0.030078618073666463,-0.0061758296283668124,0.99707610498148114,0.069974114772095072,-0.19457623527717047,-0.020411647837567898,0.29644362997388712,0.33416024466355437,-0.1276132320702463,0.10637989991129758,-0.049188567525874152,-0.072438780499966202,-0.30667913069140995,0.52348704183987627,-0.40085708567562595,0.04318846424110432,2.7077409609685471e-17,0.49722735652309175,0.4664506175084312,-1.472414058237979,-0.66866079950345847,0.49722735652309175,-0.4664506175084312,1.472414058237979,-0.66866079950345847,
0.36310353627052011,-0.59469242359153585,0.65344815225289876,0.036251774693370931,-0.0016998840593202302,0.99707313816333554,0.067290982894322907,-0.18760648661010854,-0.03647072759840321,0.28227362026233205,0.36142879318852678,-0.14869485114395251,0.11138381156255386,-0.075958881766588812,-0.085688986032672804,-0.25027749874923133,0.55746449012372956,-0.40356999087101664,0.042714462209521638,2.9783732767813076e-17,0.47139225910885663,0.46765233581489329,-1.4184927273564334,-0.68141313416213678,0.47139225910885663,-0.46765233581489329,1.4184927273564334,-0.68141313416213678,
0.35580741562131174,-0.59466629168097906,0.65064855642263852,0.044199035217481336,0.0029420423996403627,0.99693713679481588,0.064452579092827395,-0.19109878062075719,-0.048824849209857746,0.27565601557144964,0.40323780993286629,-0.17209055689933098,0.11857000756519492,-0.1011876470412118,-0.10246760418103174,-0.20180593067570485,0.5886288143931242,-0.40043508505156916,0.046114617805900204,4.1365293209823524e-17,0.45121920532929483,0.48073188270839978,-1.3631657810656486,-0.72038458135938876,0.45121920532929483,-0.48073188270839978,1.3631657810656486,-0.72038458135938876,
0.34873759172063767,-0.59415078086757966,0.64677238648751401,0.054399376681744875,0.0073653884802197759,0.99669489152223534,0.059881149643711273,-0.20176367290803979,-0.056813079496504937,0.27492910792958208,0.45890299509970256,-0.19878137755339587,0.12730242014129103,-0.11677032310175429,-0.12568196880528532,-0.16571007174253857,0.61928934919911061,-0.3988350720663088,0.057293178542645512,4.4437313836016744e-17,0.43938757842172788,0.50939847847348219,-1.3014800045832955,-0.7961669291926663,0.43938757842172788,-0.50939847847348219,1.3014800045832955,-0.7961669291926663,
0.34170162255704195,-0.59380643298696878,0.64237466843812707,0.066749395039048726,0.010778538799574786,0.99628515269590745,0.053331378014817091,-0.21185446357439008,-0.062231557603539552,0.27613507404431298,0.51814969793999777,-0.22549722773230846,0.13764995335244418,-0.13448590009408357,-0.15343501405313914,-0.13722408016331372,0.6496824848992977,-0.38989450699298084,0.073032095371023495,3.5034055376456907e-17,0.43870387371756708,0.55143612185764068,-1.2295254072782598,-0.90675849970857536,0.43870387371756708,-0.55143612185764068,1.2295254072782598,-0.90675849970857536,
0.33438821004957248,-0.594048736609321,0.63823356632466366,0.079878396910206928,0.01298977994464209,0.99559096457591523,0.047427192398916684,-0.21190223766216715,-0.067468630545645378,0.27611550452464856,0.56443489150266224,-0.24632477864253008,0.14679260551269901,-0.18453709830701129,-0.18032070120352633,-0.10441936577874024,0.71381957873317869,-0.38762908854207001,0.083413321962911763,2.9136559735736805e-17,0.45093313991434614,0.59761843955699234,-1.1500142851357138,-1.032773834494698,0.45093313991434614,-0.59761843955699234,1.1500142851357138,-1.032773834494698,
0.3266432250811408,-0.59481541121803083,0.63692337803664956,0.083587888548147221,0.014724700601521151,0.99533832923893717,0.045802384524163249,-0.19700412815060572,-0.074162452331668419,0.27528329485227288,0.58525112596103634,-0.27250748376675293,0.14626939908692027,-0.22222177408583049,-0.20105663746731653,-0.060027102219834615,0.76424732442836385,-0.40279903083201241,0.10213549856582997,2.0362923478967888e-17,0.4744353372886555,0.6387564162051782,-1.0713041846591476,-1.1505932098048044,0.4744353372886555,-0.6387564162051782,1.0713041846591476,-1.1505932098048044,
0.31877601614698325,-0.59590068997267542,0.63797990500142654,0.083751051565465542,0.015801947570255104,0.99503682323929032,0.051359324494458174,-0.16783415123256604,-0.080433139342435067,0.27674337941136157,0.57568413631282822,-0.28746574273858944,0.13897574646391611,-0.25561606322021785,-0.21382088502738006,-0.0098055145709321223,0.79876310987597865,-0.41510635236682702,0.12035984713588982,7.5519709853103513e-18,0.50433173318214131,0.67501567655730943,-1.0071754330147553,-1.2485700138238542,0.50433173318214131,-0.67501567655730943,1.0071754330147553,-1.2485700138238542,
0.31153910390015593,-0.59716591934936092,0.64053664452887504,0.083973389053814698,0.015510589696439984,0.99435878305800895,0.062916628115951889,-0.13010607457145318,-0.085589707923391919,0.28058300702312422,0.5410261305317845,-0.2851602495675184,0.1301243514568535,-0.28341868080084492,-0.21677222852585629,0.033207716323113028,0.83087235635254331,-0.4296466336924053,0.13125883737978414,2.0800369620212625e-18,0.53319581802474125,0.71087639864311014,-0.96818652187541421,-1.3239896967224924,0.53319581802474125,-0.71087639864311014,0.96818652187541421,-1.3239896967224924,
0.30574174006929988,-0.59834166850491122,0.64395590470591502,0.084066093655250793,0.013084235951105427,0.99347519586295263,0.075952155151716952,-0.090283001855222977,-0.088694862627792428,0.28280648872396086,0.4899786891756186,-0.26887206828693683,0.12234241685308854,-0.30088127498662331,-0.20940199687553709,0.057322207871642744,0.85021566941557247,-0.43713041983532475,0.13254511943056582,1.8962990350302604e-18,0.5548346587167321,0.74972369085223978,-0.95557238852797455,-1.3797060135597905,0.5548346587167321,-0.74972369085223978,0.95557238852797455,-1.3797060135597905,
0.30229515497143339,-0.59911439882272499,0.64763307588268559,0.083818963964084406,0.0080911995840895184,0.99278658831801914,0.085344618020973984,-0.054990700170253246,-0.088684706183150011,0.28004539919522714,0.43179326626703324,-0.24204387837568511,0.11806711868066895,-0.30009332819298884,-0.19287074979313532,0.054752173808770829,0.84802328470722732,-0.43380265786752653,0.12486055757577574,-6.0586051400161502e-18,0.56589011011403934,0.79072544877059636,-0.96288325440902889,-1.4193987726798292,0.56589011011403934,-0.79072544877059636,0.96288325440902889,-1.4193987726798292,
0.30148321625010943,-0.59928189575409907,0.65108756191946748,0.083263757197334462,0.0012958501925370554,0.99250506997515897,0.089437987361449645,-0.027585804909271906,-0.085592810884501061,0.27357543021142317,0.37293773859588381,-0.20792441090731656,0.11768187633221447,-0.30260109270865343,-0.16887673099613307,0.02700595667957547,0.8239420402632005,-0.40258367298180325,0.10381306380305917,-1.3523521068535768e-17,0.5674805544384911,0.82966421343292107,-0.98219645735385974,-1.4446680052384009,0.5674805544384911,-0.82966421343292107,0.98219645735385974,-1.4446680052384009,
0.30249876320257518,-0.59851862707579084,0.6537504788413242,0.082747284758711431,-0.0044053298410516488,0.99253532675761746,0.089482428846125617,-0.0092283941132195874,-0.081276518686161855,0.26585168780066765,0.32035803252526773,-0.17153069918828509,0.11778362953240699,-0.29496749643673958,-0.14173278578070622,-0.011540761226945761,0.74516219750293822,-0.3255141941476552,0.076395728873906027,-9.4476015925306622e-18,0.56315919385797053,0.86186542679319933,-1.0082561981283509,-1.4579225797619773,0.56315919385797053,-0.86186542679319933,1.0082561981283509,-1.4579225797619773,
0.30382072804764776,-0.59654916118231227,0.65539008188799597,0.081340985140627209,-0.0058864290063363129,0.99276437908322102,0.088135587099719123,0.0017440207408456834,-0.078362578312626163,0.25664046485753411,0.27846583047157469,-0.14027519558963211,0.11315901030562263,-0.26944533934044113,-0.11567600873002951,-0.041133097943341981,0.61830626665263777,-0.22122030814062732,0.051253272387460483,1.4172846560807452e-18,0.55661053789094128,0.88718635583674277,-1.0386116996687067,-1.465814826917865,0.55661053789094128,-0.88718635583674277,1.0386116996687067,-1.465814826917865,
0.30407829580203627,-0.59359646646220854,0.65632283649607404,0.073685966063822717,-0.0017809331378634942,0.9934541544405151,0.087269981707807087,0.0075216725581810449,-0.078532337365309776,0.24095052538505701,0.24841947933958231,-0.12753266298884627,0.09950894758720652,-0.24088031535617788,-0.092609333758249437,-0.050611904026346743,0.45680421983210373,-0.1015236022040934,0.030198380652307052,6.4633627084078241e-18,0.54937941288010328,0.90892554677855997,-1.0726499893885844,-1.4747836084660393,0.54937941288010328,-0.90892554677855997,1.0726499893885844,-1.4747836084660393,
0.30205174924081302,-0.59041904701977921,0.65635114584406096,0.066398417909442023,0.0058435130507190442,0.99392050107684038,0.08763070805095502,0.0094266647924112126,-0.081884648732382187,0.21345353205219209,0.23186359132665618,-0.12346867942219962,0.08217500858141262,-0.22062907341560384,-0.074706025556738623,-0.041695069380495206,0.31803591807218984,0.0011481251735197429,0.010011747299245774,7.5548869249767517e-18,0.54240847987561547,0.92926262611178101,-1.1072321037456738,-1.4873380446508779,0.54240847987561547,-0.92926262611178101,1.1072321037456738,-1.4873380446508779,
0.2974160221460514,-0.58738918136472373,0.65569819362874915,0.059545366004203445,0.014634113602980366,0.99411117842347185,0.089348514481084371,0.0080089971087631846,-0.086684042246300788,0.1750360866072159,0.23000255635530586,-0.13057074798517287,0.064233040197142072,-0.21488130085616974,-0.060562727910410778,-0.02450685092346841,0.22870338859750108,0.067599069300383507,-0.011015511783542485,-2.6459837504569564e-18,0.5371384449686426,0.94691124561225393,-1.1380541010531342,-1.5007028100778919,0.5371384449686426,-0.94691124561225393,1.1380541010531342,-1.5007028100778919,
0.29107674095852704,-0.58499978152139631,0.65464571762069002,0.055296078056047013,0.022151149283306144,0.99386140588759553,0.093226478128159554,0.0066021969875693868,-0.091575987399123135,0.13596622020342886,0.23977693403622297,-0.14545318647480462,0.04963090455277365,-0.22228599672084104,-0.048559427396193386,-0.0082287263263845674,0.18492204464785139,0.10580901884582128,-0.032164977567515171,-1.0593063027471176e-17,0.53831330648533526,0.95773974632688097,-1.1605859674315893,-1.5083077843908739,0.53831330648533526,-0.95773974632688097,1.1605859674315893,-1.5083077843908739,
0.28466777408134508,-0.58352858439438737,0.65347898202214361,0.056719483731414964,0.027426390440612135,0.99297283628590693,0.10017803986384548,0.010432846723945965,-0.096746924050537017,0.10826396781517386,0.25371751087322697,-0.1594669836472288,0.04027026992883128,-0.2355244275724549,-0.03764839736944256,0.0061088763125266765,0.17537331500665879,0.12693065841182091,-0.052100827277000966,-1.1643169249283508e-17,0.55094267929022767,0.95870386773586147,-1.173675381612425,-1.5051579832827486,0.55094267929022767,-0.95870386773586147,1.173675381612425,-1.5051579832827486,
0.27938328735333323,-0.58284267444157012,0.65232582013767748,0.065115576975061804,0.031094399609555293,0.99130654915993022,0.11002011425533491,0.022445681639083868,-0.10313637973240254,0.097677023191647283,0.26541449589920818,-0.16600280093611139,0.035128518017165038,-0.24853393350368974,-0.027743639756719913,0.024173549464263564,0.18749820166333836,0.14089988414276472,-0.069731273194874155,1.5812273081125584e-18,0.57585193753289987,0.94986979254535031,-1.1799861266177216,-1.4907235223451918,0.57585193753289987,-0.94986979254535031,1.1799861266177216,-1.4907235223451918,
0.27558817495332183,-0.58235027418845242,0.65121535414630916,0.077964334990933318,0.034074675738171231,0.98909659287371043,0.12020153455084247,0.040700940710425737,-0.11025845255069427,0.10055219917411683,0.27160960529910122,-0.16455011465731909,0.031613361289341703,-0.25779255001991808,-0.019356131407384486,0.047238794069814773,0.20829283200436249,0.15291022553046793,-0.083692489487953825,2.671364690284961e-17,0.60707496972699537,0.935092433055148,-1.1843100420959201,-1.4691294958722905,0.60707496972699537,-0.935092433055148,1.1843100420959201,-1.4691294958722905,
0.27262513940929434,-0.58216459197554427,0.65024829147718166,0.088292487054592153,0.036652323352781395,0.9873087096491403,0.12681701689247996,0.059475248583555379,-0.11684190649857336,0.10626272026392661,0.2740134355470728,-0.16478613020196195,0.028793357119123619,-0.26409678463241859,-0.013965745951426434,0.066817834262820994,0.23073302905531301,0.15638349911967261,-0.092602780322504977,4.7964665646645128e-17,0.63573337054293555,0.91965535043826208,-1.1900869679067576,-1.4455998357434852,0.63573337054293555,-0.91965535043826208,1.1900869679067576,-1.4455998357434852,
0.26923965806842393,-0.58214185914824712,0.64963671690597524,0.088445284807783908,0.038361188524901321,0.98741735458097912,0.12535078253655982,0.071917084479625332,-0.11983295225634868,0.10296571218346967,0.27876427092919082,-0.18075019084922145,0.026547834067087866,-0.26831104888928431,-0.011522045527838231,0.069072593598019622,0.25000022748866207,0.14081420092189939,-0.097765376633103335,5.0670286648954006e-17,0.6529229238918296,0.9090271821141005,-1.1987113440708432,-1.4247201222143198,0.6529229238918296,-0.9090271821141005,1.1987113440708432,-1.4247201222143198,
0.2645745698876471,-0.58210597955696031,0.64965446102861324,0.08770789614772298,0.036671998907530944,0.98884322542847058,0.1146802728183247,0.075470636511249911,-0.11742255687803639,0.086099522573069409,0.29089087526334323,-0.19574462429406658,0.02739389263882807,-0.26983776293207529,-0.012640947952604554,0.049487896457853404,0.26385447772146176,0.12663821798787137,-0.099112920457318746,4.9740002244442237e-17,0.65594073238059114,0.90519789849503363,-1.2087710934661118,-1.4074289564427838,0.65594073238059114,-0.90519789849503363,1.2087710934661118,-1.4074289564427838,
0.25862822652097733,-0.5820975403355344,0.65029161109781475,0.086287024552546138,0.031094022395569753,0.99111158526498699,0.096361489811317189,0.072339565704665793,-0.10902354118303484,0.059017751757791795,0.31118643531661949,-0.21239500305715314,0.031184121030543261,-0.26706186536463317,-0.014987082868226774,0.018221450986392787,0.27280542098922539,0.11375408642113265,-0.093947789158494069,4.0468049989165551e-17,0.64849148031540715,0.90604676123881855,-1.2173269814036316,-1.391237072590612,0.64849148031540715,-0.90604676123881855,1.2173269814036316,-1.391237072590612,
0.25182243655787895,-0.58231175717487083,0.65128044337530977,0.084722272137638374,0.022355744400193649,0.99344002864500647,0.073479703197264129,0.06597866947671216,-0.09638835233440457,0.026983833734817848,0.33716635941815398,-0.2312673467675419,0.037314206405314659,-0.26012698253365013,-0.0162205544307568,-0.0038680267686725554,0.27903605454360486,0.10250795081873727,-0.078480157930623531,2.310089730713361e-17,0.63636160966710709,0.90846664446415537,-1.2224687589855068,-1.3744495399843566,0.63636160966710709,-0.90846664446415537,1.2224687589855068,-1.3744495399843566,
0.2444421631729036,-0.58246731347602276,0.65223721067288476,0.083512927139255011,0.012386727867723241,0.99527353034594257,0.047987079157713879,0.057635323126885414,-0.082319934545502765,-0.0068891077154671918,0.36645265506085373,-0.25111609755530423,0.044273854982870571,-0.25060205888400944,-0.01517643215413703,-0.00043123916703588261,0.28430903615131914,0.092576212881123082,-0.052311361482147246,9.2758478402883867e-18,0.62252671416304772,0.91122865912554918,-1.2249163532664684,-1.3587833266092215,0.62252671416304772,-0.91122865912554918,1.2249163532664684,-1.3587833266092215,
0.2366157294230149,-0.58230233028183243,0.65263493615936019,0.082916343807849735,0.0042999933830493572,0.99633424725780939,0.020602371893995518,0.045959354794858763,-0.070380072038719294,-0.036996083093000579,0.3991188140799411,-0.27132257912561497,0.049820989686937843,-0.24083003558076527,-0.012818238134332801,0.036329674478072616,0.29085064359444268,0.081225693364380194,-0.018780680981261951,8.5257982491305746e-18,0.60752376540084341,0.91444101023266644,-1.2269764501989173,-1.348258793248263,0.60752376540084341,-0.91444101023266644,1.2269764501989173,-1.348258793248263,
0.22857476345140654,-0.58189661671624471,0.65204626891467232,-0.08280944114913244,-0.00019496178829903489,-0.9965312335321459,0.0082497903833452062,0.028651838360921715,-0.062999517667447394,-0.055318083057393622,0.43728181919600123,-0.29288486820667825,0.05328624997856226,-0.23234377684693469,-0.010910665689477959,0.1021742326758994,0.30040500415240662,0.065251445801064331,0.017235344374040684,3.3407439367101207e-19,0.59118794816201081,0.9187184022663728,-1.2303864585186703,-1.3454118787280835,0.59118794816201081,-0.9187184022663728,1.2303864585186703,-1.3454118787280835,
0.2205279223383585,-0.58115918254909404,0.64986934888729886,-0.082870887226757645,7.2656915758177056e-05,-0.99584484808655171,0.037755122972857338,0.0050307191493822699,-0.056983599636923829,-0.049343422758070153,0.48913200485457575,-0.32450970478566515,0.054214999768268754,-0.22456042038422439,-0.0095443994241019292,0.18558946809153648,0.31276559742261723,0.043503802459439564,0.051374010188484524,-5.0304251900801296e-19,0.57389006725882596,0.92393922661866934,-1.2355254194469956,-1.3488620028774991,0.57389006725882596,-0.92393922661866934,1.2355254194469956,-1.3488620028774991,
0.21215978327614485,-0.57946985607484369,0.64642070221093173,-0.082883673897872684,-0.0016507980532273511,-0.99433237017384113,0.066563571805080199,-0.02193198844134344,-0.039702684332962569,-0.0021830803433711562,0.54988193004834862,-0.36485148497351588,0.04828852600542579,-0.21615666507750408,-0.007191994652240543,0.26220650732239664,0.32702556510526981,0.017599466107525056,0.07683098280533382,2.5054100092214985e-18,0.55672124728841244,0.92731337581841156,-1.2434381115134492,-1.3510265601934306,0.55672124728841244,-0.92731337581841156,1.2434381115134492,-1.3510265601934306,
0.20276643949711584,-0.57646117702640498,0.64699532678445559,-0.082868068053204028,-0.0033067618786667887,-0.99208216925633375,0.094312873281725038,-0.047933679433314891,0.0011875579274168461,0.090712239468249523,0.60348238064161286,-0.39834520068411167,0.030926021922394034,-0.20700037928843623,-0.0024957675730070644,0.30791350828597919,0.34430195068930924,-0.010280715804558445,0.088537559238462848,3.0479771552216577e-18,0.54093103361935091,0.92393760428687899,-1.2559658663753832,-1.3412170803948138,0.54093103361935091,-0.92393760428687899,1.2559658663753832,-1.3412170803948138,
0.19221202974228574,-0.57304540317851405,0.64743469371087425,-0.083079025541996462,-0.0028325422425218012,-0.98920146340629678,0.12070756817315824,-0.070086060718028101,0.065889862794159704,0.20637018678711955,0.6574001305405629,-0.4273834919738298,0.0038700684046904885,-0.19865341852215485,0.0047555200137335248,0.30692531032002912,0.36909381808468433,-0.041318622803336501,0.086249018135164141,6.1809335616039889e-19,0.53094211718699325,0.9060104211864759,-1.2729796288913937,-1.3070906113472136,0.53094211718699325,-0.9060104211864759,1.2729796288913937,-1.3070906113472136,
0.18141365142491056,-0.57079050708162515,0.64704709142213312,-0.083816588925787749,0.00083585870713380765,-0.98601264267316946,0.14405953369957791,-0.088323606334008264,0.13968251060377887,0.30751382153311174,0.69545046254164378,-0.43453822990031593,-0.023802038936953041,-0.19371695580404374,0.014215606656189799,0.26751047673599926,0.40518099853380107,-0.078271147886646672,0.075783207287037177,6.6597731681445401e-18,0.53209844166962328,0.86851506680545643,-1.2904040119928533,-1.2445428293766292,0.53209844166962328,-0.86851506680545643,1.2904040119928533,-1.2445428293766292,
0.17183211597356246,-0.57076709207570397,0.64543002510768688,-0.085102953381759369,0.0071117722284294834,-0.98318335242571753,0.16142306382422664,-0.10523390845090022,0.20289024607296074,0.36837148892480709,0.72601972922512026,-0.43532343557966807,-0.043171194380184151,-0.19434788986406706,0.024753857412534674,0.21154091121758159,0.45182770842356473,-0.12047940589462336,0.063560692287873768,1.1570804273398796e-17,0.54603402716858351,0.81214691156524377,-1.3032902109107543,-1.160382531205014,0.54603402716858351,-0.81214691156524377,1.3032902109107543,-1.160382531205014,
0.16494944685611962,-0.57319837884459324,0.64287964141959397,-0.086544035645709158,0.013971414305369497,-0.98125388705938577,0.17162674211004611,-0.12404073713171027,0.23825063073119132,0.38106070396019687,0.75294479149432458,-0.44200513570223104,-0.048219912286941259,-0.19947675099435536,0.033700489714912969,0.16526849464510429,0.50063309600420247,-0.16190101878513183,0.055674715513607538,8.1927908870094078e-18,0.56792428791402749,0.74500912355423121,-1.3097886755791173,-1.0709651645211578,0.56792428791402749,-0.74500912355423121,1.3097886755791173,-1.0709651645211578,
0.16094548915183898,-0.57715063052926863,0.64040487212412078,-0.087686162308880891,0.019092042928485931,-0.9799086086746196,0.17811723521806833,-0.1462244028939011,0.24439656644251681,0.36030788208194098,0.777100560717495,-0.45456044083905028,-0.039574983223720515,-0.20407017357744839,0.037602378221293732,0.13741851137200378,0.54011046354027914,-0.19582152957592888,0.054107675531085878,-7.24379510309268e-19,0.58874068965935755,0.67793026488088837,-1.3134957953296702,-0.99033754567606314,0.58874068965935755,-0.67793026488088837,1.3134957953296702,-0.99033754567606314,
0.158648061579995,-0.58078375140721894,0.63933712752090577,-0.088311169382650198,0.020175847244919571,-0.97772379419600419,0.1893416351814575,-0.17051621274755346,0.23368238217571541,0.33353942116294344,0.79544575716913246,-0.46240738351919453,-0.023799339755421263,-0.20120712961988713,0.032909510209598265,0.11670601743709784,0.55864828799243749,-0.21646912953474889,0.05592229822137209,-5.7665205841593307e-18,0.59665950686476132,0.62211007210393565,-1.321531140648841,-0.92671451740556421,0.59665950686476132,-0.62211007210393565,1.321531140648841,-0.92671451740556421,
0.1566246880197682,-0.58291550112861668,0.6402692708168688,-0.088393984028586101,0.016367645366734396,-0.97297468275295185,0.21269431232286301,-0.19497059569408465,0.21966483002002343,0.31880959022107086,0.80746020714518985,-0.46051706494601008,-0.0083269475046312321,-0.18769636165650827,0.018247965575149041,0.082318012468400426,0.55358309407559458,-0.22296181377011182,0.055908660205200814,-1.3892108030442709e-17,0.58578467907808374,0.5825196007602399,-1.3387645452495742,-0.87877909413835742,0.58578467907808374,-0.5825196007602399,1.3387645452495742,-0.87877909413835742,
0.15455365013326933,-0.583661130232206,0.64266983735985961,-0.08786410174648486,0.0088311228870617056,-0.96430967656309186,0.24961722412450252,-0.21791768230327357,0.20581114710290541,0.31459831852752024,0.82814781872975118,-0.46556691435224895,0.0051808479823106683,-0.16574759807328024,-0.0042630340516255603,0.022860863161800957,0.53103164405313374,-0.21817471429412805,0.052344658662108141,-2.3796426721950284e-17,0.56072937060748074,0.55705800971220365,-1.3633563483683024,-0.84098703383606821,0.56072937060748074,-0.55705800971220365,1.3633563483683024,-0.84098703383606821,
0.15289753324050429,-0.58333264224990378,0.64529948052233566,-0.086850918870882823,0.00029366355574126621,-0.95117907421077574,0.29616752090080911,-0.23584939659832727,0.18983601328407432,0.31455052034851816,0.82672570091793485,-0.45235380606523656,0.019517355148503054,-0.14255247116376757,-0.028637420283160835,-0.056384258554767225,0.50222914457563883,-0.20624975956368818,0.04687793754806055,-2.2070480193707461e-17,0.53153223792744353,0.54110284198164282,-1.3885222181759143,-0.80959416823551555,0.53153223792744353,-0.54110284198164282,1.3885222181759143,-0.80959416823551555,
0.15221802728897452,-0.58200267374438575,0.64718781538911552,-0.085944695269468852,-0.0065121155183412932,-0.93390606075046134,0.34697344480531894,-0.24408224465690484,0.16882707128709479,0.31556018377370992,0.78762114264314886,-0.41169294848772281,0.038183349275605016,-0.12484823291387459,-0.048177317735961782,-0.1373100415832641,0.47494276677181341,-0.18948499011968073,0.041946968463290775,-7.6007627659819981e-18,0.50557051121003838,0.52985420251006965,-1.409294871460302,-0.78175651408964186,0.50557051121003838,-0.52985420251006965,1.409294871460302,-0.78175651408964186,
0.15257777154735824,-0.57994155379940338,0.64765938805679002,-0.086510036909029142,-0.0088199303522660134,-0.91337198960711241,0.39773085239106687,-0.24019158097400922,0.14342867066901663,0.31589744537868841,0.69605570394321115,-0.33268603969319444,0.063748338319599029,-0.11537379925140961,-0.05703689046946845,-0.19587272687756455,0.45083124259256213,-0.16822495014703415,0.041716955669849475,4.491001264532602e-18,0.48670310995537103,0.51759362965195987,-1.4270094336585029,-0.74787791082069932,0.48670310995537103,-0.51759362965195987,1.4270094336585029,-0.74787791082069932,
0.15333635349484254,-0.57767963983243453,0.6497198997923801,-0.086714078503029549,-0.0044921014587103944,-0.89074696655634589,0.44612815556129481,-0.22764160420165983,0.11769227290706814,0.31463316455829576,0.56086396946018724,-0.22690965087727125,0.092955171292615366,-0.11150101147234709,-0.054192910502131743,-0.21659075508367076,0.4267543410709177,-0.14889761152924624,0.052354815774297216,2.0313125223853043e-17,0.47431587676212517,0.49974592551230079,-1.4476220768175847,-0.696208621098243,0.47431587676212517,-0.49974592551230079,1.4476220768175847,-0.696208621098243,
0.15360529992701988,-0.57562638260408749,0.6562148118911878,-0.082764505779660991,0.0064704462280991831,-0.86704960115562513,0.49125671399435245,-0.21407652403840954,0.094738292583736006,0.31194087122327185,0.41485463979754589,-0.12604016147405242,0.11922499786099133,-0.10957747751513681,-0.044060329983726249,-0.20124075255329915,0.40086297546625438,-0.1422255204324589,0.075535611757656995,3.8469039968914948e-17,0.4646155754851532,0.47632586631210594,-1.4762284789807294,-0.62482059835679427,0.4646155754851532,-0.47632586631210594,1.4762284789807294,-0.62482059835679427,
0.15271216660143724,-0.57417918597259243,0.65886295015307039,-0.078729113766588518,0.017786751099242142,-0.84294760124180679,0.5319066644549072,-0.20928401683001649,0.07651979389867157,0.31166405015181847,0.29531564272195654,-0.045173750935264961,0.14365826012841348,-0.10793491121301851,-0.03389241576031797,-0.17062697514917174,0.37775455715144435,-0.14274922927061195,0.10010450000761235,2.9412243040616226e-10,0.45523415670749545,0.4513457477867629,-1.5131726343150291,-0.54613989802565077,0.45523415670749545,-0.4513457477867629,1.5131726343150291,-0.54613989802565077,
0.15061306833726584,-0.57349077540512305,0.65898337494135806,-0.073673771278383107,0.027215776686816805,-0.8192141812462328,0.56808415060624406,-0.21827318893590003,0.062101691186281199,0.3214833953924866,0.22265547691502904,0.00016985475771618495,0.16596982887855599,-0.10657115476445596,-0.027911829219848409,-0.15256943130487163,0.36385375527044878,-0.15343265194126135,0.11819548371871078,2.9664522730218126e-09,0.44731246735732844,0.42936997195236659,-1.554721068577257,-0.47674799578570026,0.44731246735732844,-0.42936997195236659,1.554721068577257,-0.47674799578570026,
0.14772199033247285,-0.573310232133456,0.65789216345783441,-0.068951818314288538,0.034101894718813447,-0.79561192011021353,0.60090297062527454,-0.23798225652762506,0.050593237474812994,0.34916407256291065,0.18841661457098396,0.01690079320160524,0.18878731634487894,-0.10458381706478911,-0.025897233709331009,-0.1685299892781747,0.36158940735765865,-0.17016355784965401,0.1267608758167369,1.4523460275945697e-08,0.4437092404366984,0.414607107744982,-1.5942611198633272,-0.43160588386245335,0.4437092404366984,-0.414607107744982,1.5942611198633272,-0.43160588386245335,
0.14462110324856439,-0.57316372032435192,0.65637123554310361,-0.066051026269644195,0.039218490312278781,-0.77137136885421387,0.63173205020667489,-0.25960693477617613,0.041486366245849213,0.39465801011858048,0.17672694112199536,0.013415007043957461,0.21299151017073162,-0.099755953019478802,-0.023679515308927444,-0.21982373341465297,0.3652179232844433,-0.18645310567026943,0.12713411624683654,4.5773055713569026e-08,0.44587374010352698,0.40783186263003851,-1.6264304626358541,-0.41321072110888502,0.44587374010352698,-0.40783186263003851,1.6264304626358541,-0.41321072110888502,
0.14176385064864375,-0.57291998400360988,0.65505281175939056,-0.064849361020679494,0.043938850583960763,-0.74644304510911563,0.66082275853121242,-0.27615102415072307,0.034323871962994641,0.45209380262243237,0.17535787629708438,-0.0056183184075529521,0.23597334738773754,-0.090169658609723188,-0.016108061126503689,-0.29056731424433979,0.36609827973738263,-0.19998942129758826,0.12183299134399313,9.9765578220115129e-08,0.45348116875897237,0.40621024265221051,-1.6500898118165364,-0.41234475500992973,0.45348116875897237,-0.40621024265221051,1.6500898118165364,-0.41234475500992973,
0.1394923905157433,-0.57290178077329712,0.65431622180916771,-0.064779506968142664,0.048808068524059646,-0.72178805069390917,0.68734518096761388,-0.28402864212031631,0.028836561328123678,0.51461578874561587,0.17775369115458056,-0.036075041569330307,0.25365775426234505,-0.075816358451113647,-0.0032476786126409331,-0.35964744724526598,0.35912253847550579,-0.21023313854985234,0.11618041176740472,1.3087656490126828e-07,0.46457360036922962,0.40635538889078149,-1.6666705248964553,-0.41975597741492243,0.46457360036922962,-0.40635538889078149,1.6666705248964553,-0.41975597741492243,
0.13794304678382127,-0.57353458160192394,0.65437302976683775,-0.065231478085740952,0.052676954058465661,-0.6986268222740788,0.71055651145921861,-0.28384056345237613,0.027995939585297534,0.5773525688550033,0.18298591757660801,-0.070810651528151136,0.26099917104481529,-0.059115596023046779,0.0061851987238469731,-0.41624472922233891,0.34651103216649148,-0.21549300468950516,0.11665625145207076,-5.0884738059228141e-08,0.47683014410357377,0.40793404278554418,-1.6774687980959104,-0.43513411058835572,0.47683014410357377,-0.40793404278554418,1.6774687980959104,-0.43513411058835572,
0.13733297900193631,-0.57531124516712417,0.65487475647937787,-0.06748968964826528,0.055073225948453888,-0.67762541232465379,0.73023002002564519,-0.27805799668091935,0.033069101629310337,0.63533527024207459,0.19193004222365714,-0.104619753573591,0.26099999988205985,-0.043857923357067438,0.0044605166333940008,-0.45959104694554043,0.33479000778105827,-0.2121127989539783,0.12786330200016818,-9.4057738849763278e-07,0.48787575786110243,0.4114559701409311,-1.6821963342024404,-0.45876829121606333,0.48787575786110243,-0.4114559701409311,1.6821963342024404,-0.45876829121606333,
0.13779328918604969,-0.57839363559282497,0.65548675010753388,-0.071673225361744683,0.055822571601471846,-0.65853875508926929,0.74704316964384232,-0.26957586797374239,0.042999709171196235,0.682483969778785,0.20558422460294121,-0.13506406325206469,0.25730679682554425,-0.032408252809175322,-0.008999321544689267,-0.49156145849460942,0.32891651222864171,-0.20137171230066236,0.14757973900824151,-3.5636115612652704e-06,0.49646409091107635,0.41646092015542274,-1.6797341232830911,-0.48659786265859717,0.49646409091107635,-0.41646092015542274,1.6797341232830911,-0.48659786265859717,
0.13921134026216522,-0.58258091271592838,0.65647653974305065,-0.074978287435182339,0.055436683501925696,-0.64058126036635754,0.76220776655912093,-0.2592670378296546,0.054387328839615209,0.70981283130118766,0.22316414574470875,-0.16116563138578724,0.24807712487911623,-0.025595678762102971,-0.0289948287359371,-0.50672069918957474,0.33085689681047437,-0.19367013037787911,0.17009015501129657,-9.7570567973492198e-06,0.50187371752368271,0.42196018555448717,-1.669655526497188,-0.51283399353225034,0.50187371752368271,-0.42196018555448717,1.669655526497188,-0.51283399353225034,
0.14129152868031764,-0.58752806114102862,0.65714893563438148,-0.077713927613254075,0.053357370406050472,-0.62250972606694799,0.77691388031771369,-0.24684948359811493,0.05964547470506109,0.70599839356529615,0.24174392799497019,-0.18165786167281794,0.23968393891038214,-0.02452538962059873,-0.046345759947268694,-0.49357337978307697,0.34290679068486984,-0.19726374438723668,0.18802181872441695,-2.2382197704088781e-05,0.50254652180125814,0.42617476132212789,-1.6555909462010652,-0.52968686997036996,0.50254652180125814,-0.42617476132212789,1.6555909462010652,-0.52968686997036996,
0.14406478214836901,-0.59303569789177712,0.65699566070886961,-0.078373530233481981,0.049340381089616844,-0.60296631664060674,0.79237285260761703,-0.2316102383572764,0.050626054723520789,0.6686397360053431,0.25960304610861951,-0.19967942339713415,0.23523461666106185,-0.024622590760612864,-0.053341124915110588,-0.44798144979753429,0.36911431401907935,-0.22832805827145375,0.19636868030898208,-4.5293677215497128e-05,0.49691673084317145,0.42760949378188268,-1.6431272784020792,-0.53250023592187501,0.49691673084317145,-0.42760949378188268,1.6431272784020792,-0.53250023592187501,
0.14798438149144053,-0.59868221824427303,0.65591562440905682,-0.078398544356207828,0.043550014061568706,-0.58078256571766385,0.80910362493099253,-0.21314123690721803,0.029767748824793227,0.60633917974732965,0.27673958433408502,-0.21666736096116457,0.23672429116623278,-0.039795643775020401,-0.054884854110845947,-0.38013862372651752,0.42179147008648216,-0.27933982014011727,0.19354596910364621,-8.2953059044279872e-05,0.48306772053305658,0.42377608263422323,-1.6377332323487321,-0.51610236885347671,0.48306772053305658,-0.42377608263422323,1.6377332323487321,-0.51610236885347671,
0.15343457798486146,-0.60370536021987542,0.65426166844036882,-0.079933461690216562,0.036522287208024751,-0.55579325106183575,0.82666234117288073,-0.19152901387692839,0.0053007622125897024,0.53584598895788504,0.2924529750466498,-0.23171178934111905,0.24362926586710798,-0.073207002688948558,-0.06121082288440112,-0.30923489825711703,0.4951737906816237,-0.32890162247803956,0.19081745345557302,-0.00013878313806943882,0.46013353307583582,0.41446960635178653,-1.6407449096319231,-0.48047130448572367,0.46013353307583582,-0.41446960635178653,1.6407449096319231,-0.48047130448572367,
0.16003656157673338,-0.60762992563084128,0.6527245557731608,-0.081700646858419601,0.029016587305732144,-0.52865641569473842,0.84439649224095936,-0.16762827779001813,-0.016587229164678488,0.47474117285235345,0.30536005218643814,-0.24492659352459323,0.24992487635389163,-0.12823537898622503,-0.077930659190035709,-0.24936953327811168,0.5832580492720475,-0.36682312410222417,0.19287055624294711,-0.00021550542269466771,0.42725994130250455,0.40869446376408353,-1.6475140141624727,-0.44490215636977892,0.42725994130250455,-0.40869446376408353,1.6475140141624727,-0.44490215636977892,
0.16611000324010819,-0.61099088747913555,0.65165935450671231,-0.081999181766327062,0.020307359265170244,-0.50098877565409705,0.86132107371057454,-0.14474888653072127,-0.031962343905908082,0.43573747081559,0.31784450114507318,-0.25695335925986507,0.25073397542703973,-0.19187783183635782,-0.10502294011415282,-0.20264642941003766,0.65297244725448911,-0.37391725187755842,0.19972070032996306,-0.0003165377458944928,0.38581837815875381,0.41690655313849218,-1.6523290453566712,-0.4348323638593965,0.38581837815875381,-0.41690655313849218,1.6523290453566712,-0.4348323638593965,
0.1698966140786034,-0.61494782713576646,0.65098191829818963,-0.078916082688642905,0.0083701592331218502,-0.47364399037223004,0.8771337199719107,-0.12707221953305381,-0.040960587148233654,0.41911542750482345,0.33659753172616591,-0.26817855569377452,0.24339511655217547,-0.22345895917222508,-0.13740345107638152,-0.15761968802027521,0.68304185784568561,-0.3693264246618494,0.21486036513757925,-0.0004392253152814585,0.338612415010551,0.44842179054643783,-1.6514446059286885,-0.47237562515184933,0.338612415010551,-0.44842179054643783,1.6514446059286885,-0.47237562515184933,
0.17075699834937197,-0.62038204083580673,0.65000474905415451,-0.071671578832760888,-0.0069887990874842251,-0.44612246849995302,0.89207011191634633,-0.11875163548488854,-0.046985449978869408,0.41390887417486355,0.36813994781015036,-0.280132351447685,0.23044746389964815,-0.24298081411094319,-0.16440477068067427,-0.10214334315362879,0.69034353398873816,-0.35675298430757324,0.22362724397058228,-0.00057446896675310668,0.28787376869337894,0.51165112064281204,-1.6424216807765128,-0.57339504028423027,0.28787376869337894,-0.51165112064281204,1.6424216807765128,-0.57339504028423027,
0.1697662337503619,-0.6270234299244648,0.64819743597936919,-0.061589865222643231,-0.02337410368827976,-0.41740814421535211,0.90632818610110644,-0.12040664388270819,-0.052389675468084949,0.40660670213096062,0.4119994685651015,-0.293823150607607,0.21643338349909785,-0.23451860651346909,-0.17938174750001348,-0.036276571020763336,0.67462753058922442,-0.35091820596768525,0.22831532455707329,-0.0007091689189992654,0.23463004027442602,0.60496628052125501,-1.6270500869011064,-0.7340351983258766,0.23463004027442602,-0.60496628052125501,1.6270500869011064,-0.7340351983258766,
0.16872714351438603,-0.63368505672603015,0.64593373115448471,-0.051234406087984546,-0.037859402807766063,-0.38815745031077348,0.91938865286672444,-0.12761121361258956,-0.058018335778525054,0.38515400199399702,0.45889619751221017,-0.30653566631004237,0.20354662193950146,-0.22731943311660691,-0.18366267784009493,0.030046318130336085,0.6595225396173221,-0.34571608574672696,0.22499241443955023,-0.00082519010771472349,0.1807511231649335,0.71381158046777171,-1.610079929333927,-0.92379474246247162,0.1807511231649335,-0.71381158046777171,1.610079929333927,-0.92379474246247162,
0.16942886482742586,-0.63855546520484452,0.64446551582699196,-0.043295409550523897,-0.048051485490127381,-0.36076019748884652,0.9304131567007492,-0.13003534304351244,-0.065629321429211629,0.34762596684972924,0.48979653918274968,-0.31240564096888168,0.19250164485319307,-0.23324526964170625,-0.18242579122161806,0.086489906677449185,0.66436460964039123,-0.34816208051984127,0.22025200324745031,-0.00089670368439675649,0.13140579907836089,0.82277068674570586,-1.5924158374729118,-1.1113109486892403,0.13140579907836089,-0.82277068674570586,1.5924158374729118,-1.1113109486892403,
0.17224116085897706,-0.64081042893175244,0.64492705033396447,-0.039076481694552988,-0.052881163590772259,-0.33733055843514376,0.93908716606154052,-0.11899302965765528,-0.075244238958101312,0.30320167902815043,0.48924028040011069,-0.30713230264758307,0.18370096804611985,-0.25957022867702784,-0.17968396591590305,0.12690874717527256,0.68435458012434802,-0.34841796664490909,0.21862256738511887,-0.000910080687448652,0.090800698075585565,0.92175397694463324,-1.5723405193235369,-1.2783801322497048,0.090800698075585565,-0.92175397694463324,1.5723405193235369,-1.2783801322497048,
0.17617325163621339,-0.64061869772717372,0.64720652117178279,-0.038794279410429816,-0.05243070024761539,-0.31847891538979123,0.94568345973095691,-0.09227731260779122,-0.083922420528234162,0.27216331450828252,0.45364959648423903,-0.29187866279563163,0.17945930806720881,-0.28502909093346279,-0.17673475593023458,0.14643980242238616,0.69586190374600942,-0.34263484767331226,0.22178901566153944,-0.00086312998994950998,0.061108911221194023,1.0039397988542968,-1.5494170120743593,-1.4143576456749112,0.061108911221194023,-1.0039397988542968,1.5494170120743593,-1.4143576456749112,
0.17969429834096878,-0.63902926636756496,0.65017272138649318,-0.041668840457503506,-0.047327923701929737,-0.30269106901970494,0.9510004690370556,-0.057261698025569185,-0.087531745879098358,0.26699536474712732,0.39544888738488748,-0.27324820067926153,0.17942559760324167,-0.31254421434489948,-0.1716755794248728,0.14339796707376962,0.72069265327543441,-0.3496801486646357,0.22384915547085624,-0.00076310147320304844,0.039961520155457828,1.0699122353552604,-1.5244767632338219,-1.5191122150699878,0.039961520155457828,-1.0699122353552604,1.5244767632338219,-1.5191122150699878,
0.18178844546507936,-0.63706017596605724,0.65292638741165476,-0.046817575098535576,-0.037768092977662537,-0.28743798526858483,0.9559085157270335,-0.025194168380535207,-0.083447661050411903,0.28515522890825867,0.33211624544938473,-0.25842034772921496,0.18006302811785552,-0.3495245736675624,-0.16109006808342116,0.1184444076520047,0.75055896022141766,-0.35496897638943148,0.21821101232832127,-0.00062750210259996655,0.021724895893760386,1.1249699509871984,-1.5006788894740994,-1.6015560912521298,0.021724895893760386,-1.1249699509871984,1.5006788894740994,-1.6015560912521298,
0.18188670400364648,-0.63568914494219708,0.65514389824757524,-0.053064595617800164,-0.02495605106016523,-0.26999109965982598,0.96107551748646669,-0.0060440375408003406,-0.071983684196141512,0.30932437484412612,0.28029368601353544,-0.25082599372261372,0.17810427946987029,-0.36985485105579013,-0.14411365827438813,0.073220683926695784,0.7775578128292191,-0.37398895919820885,0.20532874862317943,-0.00048401994972540881,-0.0011284171987508472,1.1747399826925089,-1.4847237130236131,-1.6724051438391079,-0.0011284171987508472,-1.1747399826925089,1.4847237130236131,-1.6724051438391079,
0.18007602999588845,-0.63523698804494999,0.65684707723938573,-0.058504618194547095,-0.011819861383268432,-0.24901925236576378,0.96665759836561915,-0.0014046699204381253,-0.057620884802825553,0.32127426228547923,0.24619355921569097,-0.24768015398629203,0.17349427993610947,-0.37184309863985843,-0.12429712971266615,0.013192043368429952,0.7691144440734492,-0.37435761846617011,0.1864932746115851,-0.00035040655836313171,-0.031846191268426229,1.2216530708050686,-1.4807895480288527,-1.7367120597747761,-0.031846191268426229,-1.2216530708050686,1.4807895480288527,-1.7367120597747761,
0.17705711722641754,-0.63584882804196896,0.65807909349486826,-0.059844273400366244,-0.0024365673131743603,-0.22461563256639669,0.97260502964343554,-0.0060056875179653364,-0.047566799181479547,0.30674637587279152,0.22859064692882014,-0.24311706568398317,0.16667553510184016,-0.35179727290752327,-0.10735473652496781,-0.045342821570966488,0.71884878923615303,-0.35202288914617347,0.1663592430919002,-0.00023754012040715983,-0.068670478875647048,1.2655343469621276,-1.4885178455771382,-1.7965566851109842,-0.068670478875647048,-1.2655343469621276,1.4885178455771382,-1.7965566851109842,
0.17412916757625085,-0.63759416472795938,0.6588580721243964,-0.055284022254846708,0.0011654592510234232,-0.198013669439387,0.97863829135345448,-0.011280633169997178,-0.045763664432546813,0.26926596262049346,0.22109821512142272,-0.23459760900137086,0.15687234266322031,-0.31587132728955575,-0.095759502362670265,-0.080326909197411478,0.6158909540246702,-0.29081643442712668,0.14906798130937751,-0.00015126307316593561,-0.10817083563531921,1.3052851551641054,-1.504325679011167,-1.8521629008899199,-0.10817083563531921,-1.3052851551641054,1.504325679011167,-1.8521629008899199,
0.17245332970920757,-0.6404548641670883,0.65912822513761415,-0.045940334788105851,-0.00010987247646871128,-0.17187814282444466,0.98404643060519037,-0.011886348895953854,-0.050726794434629588,0.22497232740230433,0.21825960155726626,-0.22467737773618712,0.14354519307469912,-0.28677893453297154,-0.087185041293921142,-0.074383603832614276,0.49080143643001295,-0.20160243048586646,0.13263375741986019,-9.085794492237914e-05,-0.14684876313632489,1.3386503452468026,-1.5249030028528725,-1.8997690882718929,-0.14684876313632489,-1.3386503452468026,1.5249030028528725,-1.8997690882718929,
0.17283802779138427,-0.64423773260068795,0.65886135097534559,-0.03476042749223298,-0.0048151980997516381,-0.15100892383502704,0.98790932350596028,-0.0061597215912052392,-0.058725217943700718,0.18920115294018516,0.21845762832129345,-0.21741590316545942,0.12855526741140921,-0.26504073683306895,-0.078219851609713828,-0.024014300705075278,0.37556105369672854,-0.113431630877855,0.11838936848785978,-5.0186134788255654e-05,-0.17718634703735689,1.3623046139282105,-1.5462955647308456,-1.9326375338217994,-0.17718634703735689,-1.3623046139282105,1.5462955647308456,-1.9326375338217994,
0.1753697616172406,-0.64923154063110888,0.65825526864702777,-0.024539842688622686,-0.012341814481044383,-0.13898769539908404,0.98991307510497339,0.0047913463432370084,-0.065602629316527244,0.16649699038530111,0.22381594051467602,-0.21522099024363478,0.11368005507555325,-0.25334991600940748,-0.065893859470650448,0.051949679396013838,0.29403991894352477,-0.042445106977770646,0.10388480296190397,-2.4863121082071014e-05,-0.19022701450039442,1.3744601408864465,-1.5645484737143689,-1.9464545620514331,-0.19022701450039442,-1.3744601408864465,1.5645484737143689,-1.9464545620514331,
0.17976023094767521,-0.65583164614202205,0.65762354544766399,-0.017732015469779646,-0.022150291222555508,-0.13683595064532136,0.99018728674787926,0.019576217763262693,-0.067364991456329376,0.15824410355712712,0.23588628420045624,-0.21923846481133089,0.099867381600408381,-0.24925640159751003,-0.047582215426967424,0.11775481452217232,0.25275779202678206,0.0068573026621985157,0.086071890210926205,-1.0877192929986969e-05,-0.17808265473624721,1.3746961057692924,-1.5752414680853095,-1.9396181275863853,-0.17808265473624721,-1.3746961057692924,1.5752414680853095,-1.9396181275863853,
0.18516366366186557,-0.66300007871834099,0.6571048814306002,-0.014922577046325986,-0.033437482749838827,-0.14234901202348427,0.98913902471674264,0.036398959639720709,-0.064530970468773333,0.16227086481853123,0.25262439840583262,-0.2272265445263375,0.088756080198505227,-0.2489125809446589,-0.024827551810120103,0.14848049990455825,0.23665050000796189,0.044745775333642539,0.063412645848610102,-4.0046713050639251e-06,-0.14089841171702133,1.3642732199959107,-1.5765591619859138,-1.914689831762606,-0.14089841171702133,-1.3642732199959107,1.5765591619859138,-1.914689831762606,
0.19089005734555317,-0.66858619045923129,0.65658067992227687,-0.01466032184412897,-0.045062888095190649,-0.1519196209370976,0.98725621793649654,0.053141590772316602,-0.061871197322235297,0.17341399657275358,0.2702207041332817,-0.23586431029031413,0.082339873432228289,-0.24998760873686388,-0.0038156220406308492,0.14493215929382611,0.23526108624256917,0.073215880811295084,0.038037507510902138,-1.0916334866968982e-06,-0.086583226987130849,1.3448440181563275,-1.5704045002350195,-1.8761757496951459,-0.086583226987130849,-1.3448440181563275,1.5704045002350195,-1.8761757496951459,
0.1965362589672916,-0.67135461051461709,0.65593448553332467,-0.015142528412874416,-0.054652783898909048,-0.16126460165902015,0.98528041962535817,0.066277889012792759,-0.06245674805903953,0.18618910844139658,0.28586304994444012,-0.24420439268815416,0.080888788026439049,-0.25316188625004321,0.010455857724242897,0.12029318098311384,0.24263541925803228,0.090259669459044872,0.013731187465866126,-9.2569728981992858e-08,-0.028209447130056412,1.3195966755877655,-1.5604914168716566,-1.8309976148959404,-0.028209447130056412,-1.3195966755877655,1.5604914168716566,-1.8309976148959404,
0.20201926029125464,-0.67157486076153206,0.65510222667482809,-0.015481345071299019,-0.06039969168533954,-0.16797202137567052,0.98381787198346338,0.072131436161946644,-0.066035605685181922,0.19827228732512364,0.30099537220716488,-0.25418283811394843,0.08357313645218549,-0.25791282239038255,0.017320007875328541,0.082621380205832984,0.25429454362741405,0.095018085377803443,-0.0080051386499349741,1.294198324627327e-07,0.024906286459687607,1.2913555965041363,-1.5494548064595421,-1.7840926854664403,0.024906286459687607,-1.2913555965041363,1.5494548064595421,-1.7840926854664403,
0.20750300752743037,-0.67023477542351773,0.65410194478713279,-0.015218527864311829,-0.062681016752630839,-0.17068541633461651,0.98321207030791591,0.068468910075118711,-0.068884278606971827,0.20995624106939245,0.320451871681666,-0.2674490559743421,0.086797652145411991,-0.25929392872941642,0.015620410892248264,0.025092939240591028,0.26358615669548141,0.090155888228766676,-0.028340787962853182,1.0790485162379245e-07,0.068501418899713784,1.2625587677683576,-1.5378348524676504,-1.7392216844601824,0.068501418899713784,-1.2625587677683576,1.5378348524676504,-1.7392216844601824,
0.21328229096820489,-0.66918142874139352,0.65317178088213446,-0.014190546441610554,-0.063709322352368661,-0.16927364199853101,0.98340540204009641,0.057158210895884444,-0.063931204237326969,0.22233935489399398,0.34747732148182131,-0.28295135357621348,0.083308353247107281,-0.25306563711462937,0.0040714623817084171,-0.06169284506524695,0.26814131207311859,0.078557373101388175,-0.048532261821779742,5.1635087658752733e-08,0.103760746755397,1.2350631479202903,-1.5243423605648398,-1.6989733442540293,0.103760746755397,-1.2350631479202903,1.5243423605648398,-1.6989733442540293,
0.21954175703868262,-0.66990322156003956,0.65233236021170327,-0.012773318908822637,-0.065524855864582662,-0.16454729640076596,0.98410747524606146,0.041655912579799177,-0.049241523028383902,0.23486073484811865,0.38226747752622925,-0.29891838049069502,0.071507974116775633,-0.24016406076338043,-0.013076983422024771,-0.17029528117126855,0.27296682418246043,0.061001766177317868,-0.068749442865317825,1.7024476897590971e-08,0.13425627970177328,1.2090535603345522,-1.5073751606541397,-1.6635006967366737,0.13425627970177328,-1.2090535603345522,1.5073751606541397,-1.6635006967366737,
0.22603636971027702,-0.67200038074043467,0.65129057639856713,-0.011213419435179887,-0.069181608144183795,-0.1572532337894032,0.98506831477919876,0.023735931971869274,-0.03028493678830993,0.24524922713458963,0.42264725666318848,-0.31339733440734907,0.057025744295912,-0.22404774678376221,-0.030170369269613802,-0.26796048391401217,0.28110819855722591,0.041488260952156283,-0.0841481225746534,3.6333900085258635e-09,0.16129329448155263,1.1836020323372651,-1.4879077405177938,-1.6315643204487786,0.16129329448155263,-1.1836020323372651,1.4879077405177938,-1.6315643204487786,
0.23251934908175781,-0.67451397319379647,0.64930927801141092,-0.0094060149035415409,-0.074523149045055803,-0.14754523812185824,0.98619887945971973,0.0027467862935253717,-0.013179275181222016,0.25283924012143377,0.47339980565698359,-0.33241318208724524,0.045984612796717929,-0.20776247364326861,-0.042580104127027438,-0.32232530350089694,0.29241422756172292,0.024187979211781861,-0.090788613970034585,3.7968348801976266e-10,0.18428771704250507,1.1569420774370389,-1.468673622446105,-1.6004668797148411,0.18428771704250507,-1.1569420774370389,1.468673622446105,-1.6004668797148411,
0.23971229754135692,-0.67804447606614771,0.64892245629460699,-0.0087786080189859381,-0.080893274286973724,-0.13594871101842956,0.98736880758347279,-0.022422202222824567,0.0033584116570785343,0.25807472956194299,0.53495633857798508,-0.35703702317052644,0.040445703142644882,-0.19510987393321341,-0.041667188685317248,-0.31380840415704381,0.3103906747498012,0.0080482992938484734,-0.089804443645384036,-5.4621590331140185e-19,0.20400328745888677,1.125322185975377,-1.4525572896833869,-1.5619501433848952,0.20400328745888677,-1.125322185975377,1.4525572896833869,-1.5619501433848952,
0.24848025251848155,-0.68343737538842009,0.64938503817887538,-0.010083554939511628,-0.082192183861908477,-0.12354407330965039,0.98887796455470278,-0.051109738774121435,0.024147376186641045,0.26201954200940702,0.595373146150317,-0.38740906163182265,0.035457927743368291,-0.18823098052823448,-0.022653841137898336,-0.25538398112485422,0.3386314831839885,-0.021242267584718564,-0.083263361961649768,-4.4976912917246047e-18,0.22106316516499552,1.0856642855515499,-1.4421436315324967,-1.5074845282146456,0.22106316516499552,-1.0856642855515499,1.4421436315324967,-1.5074845282146456,
0.25864444909282358,-0.690343869475182,0.64907978622574236,-0.013224299079831999,-0.081845272755702497,-0.11098264348078891,0.99035817868456466,-0.076226124100752121,0.053694760839980538,0.26428795717027248,0.64659981762891061,-0.41348963404875749,0.024468222184411879,-0.18687819504499675,0.0050923178686992313,-0.18150582847960417,0.37733402244613062,-0.058215658036128687,-0.077406691191367963,-8.5699252162270895e-18,0.23339301116955677,1.0385457981270148,-1.4403905354464588,-1.4360737811622524,0.23339301116955677,-1.0385457981270148,1.4403905354464588,-1.4360737811622524,
0.26887993261227794,-0.69730603556456083,0.64805572619330221,-0.01591215712493289,-0.081632271480724383,-0.099189455817204508,0.99158682290721056,-0.11579549126008405,0.088689895246332612,0.26263620442338437,0.70879423929991869,-0.43769537667510161,0.012107363149737677,-0.18928495053088362,0.028347713455100263,-0.12778019190750201,0.42332528397103808,-0.099607091672624812,-0.075778275657626931,-5.8502948255525672e-18,0.24033506467116716,0.98676361994384565,-1.449313611247552,-1.3529118954971258,0.24033506467116716,-0.98676361994384565,1.449313611247552,-1.3529118954971258,
0.27838508657007643,-0.70285188168290413,0.64646729514724677,-0.017423025037207898,-0.081572178256893599,-0.090002168570056842,0.99244245555380473,-0.15193107524815655,0.12249778907964001,0.25369098230853254,0.75908925614214873,-0.45269389050259129,-0.0042842176294906626,-0.19417455274899365,0.042661071110557038,-0.1029554843509792,0.4743381166632894,-0.14509259638283714,-0.078037722283009717,-8.1437013033513338e-18,0.24711105153641805,0.92968969257632139,-1.466355489185164,-1.2586999133617831,0.24711105153641805,-0.92968969257632139,1.466355489185164,-1.2586999133617831,
0.28661188669117899,-0.70575938462592147,0.64456529096739801,-0.01765791990926514,-0.081600432929173641,-0.085346570934200575,0.99284718362899282,-0.1848384339027134,0.14812577798089716,0.23833434915652346,0.79727878156932852,-0.45971095798872758,-0.019172986710617231,-0.19907896918311946,0.047458485822849672,-0.10257238387945992,0.52465362795839776,-0.19135132816988745,-0.082367436900410124,-5.8203627508698612e-18,0.26127432929265687,0.86536493874032727,-1.484384095960912,-1.1546982088296314,0.26127432929265687,-0.86536493874032727,1.484384095960912,-1.1546982088296314,
0.29387772337749141,-0.70634131812905099,0.64260082164313514,-0.017289067751013177,-0.081631988970780806,-0.085330195030796169,0.99285248870563925,-0.21470068918235463,0.16476769793613358,0.22081648008152222,0.83983473811328868,-0.47548778943599168,-0.029680487270197137,-0.20208926379506303,0.046744185135103471,-0.11123487475104378,0.56922578565205195,-0.23413456082719097,-0.085983111332765927,-7.0012723230165462e-18,0.28630043033266428,0.79488017408435019,-1.4966660955263731,-1.0465378727263688,0.28630043033266428,-0.79488017408435019,1.4966660955263731,-1.0465378727263688,
0.30107406713531909,-0.70596211537339126,0.64084648982363568,-0.016983810268059594,-0.081637135633079713,-0.087409059041229475,0.9926764753291637,-0.23502209917919586,0.1761163756252429,0.20492256315181848,0.86936326629298821,-0.48700512724942974,-0.038881232384335634,-0.20173505015752968,0.044863892491602213,-0.11611929878153995,0.60500235840822714,-0.27063251169209829,-0.086671158508975554,-2.0250443635937735e-17,0.31930867662492673,0.72355702308084147,-1.5022600470379561,-0.94312416340306759,0.31930867662492673,-0.72355702308084147,1.5022600470379561,-0.94312416340306759,
0.30836119323922606,-0.7058981483087996,0.63996352703986825,-0.016132775956296863,-0.081717591016525593,-0.086728991981578796,0.99274369844802302,-0.26410929090315705,0.18279577168660821,0.19309955894878167,0.8881601085502856,-0.48187030356073957,-0.039676409122101595,-0.19555724311058076,0.041930607609414049,-0.11618813849890422,0.62571784644164274,-0.29663184910189744,-0.083969821308677597,-4.5235122287577963e-17,0.35192691394406139,0.66035184292342797,-1.5054905031748871,-0.85650027981002108,0.35192691394406139,-0.66035184292342797,1.5054905031748871,-0.85650027981002108,
0.31467048620892879,-0.70641917559708811,0.64081386496417425,-0.012645925710523212,-0.082067711594846757,-0.078652265326228224,0.99343786541260926,-0.29472917141923349,0.18073768854766484,0.18573912228829453,0.91099765514417252,-0.479797365025602,-0.033986316790584892,-0.18099962354566249,0.034179298239634885,-0.12217885031236667,0.623873336497482,-0.30792149627707066,-0.080498936502482465,-4.1499628802529799e-17,0.37529720773111108,0.61336897854919059,-1.5119304908596694,-0.79770151667786093,0.37529720773111108,-0.61336897854919059,1.5119304908596694,-0.79770151667786093,
0.3190822504456402,-0.70729236734771095,0.64362580715739615,-0.0066120831447935621,-0.082557966564516208,-0.061269544061302535,0.99467909673609745,-0.3329892698744279,0.16316982968872465,0.18009513550462242,0.95097619050625282,-0.49045450113033884,-0.013946999446003026,-0.15687628600975626,0.022149993400469491,-0.14071106645230613,0.59497810793154371,-0.30120338897672505,-0.077586984626608221,-2.0177002429955345e-17,0.38555326882077751,0.5844314969205433,-1.5250438779066013,-0.76627086443513837,0.38555326882077751,-0.5844314969205433,1.5250438779066013,-0.76627086443513837,
0.32166694713179478,-0.70813020313293851,0.64762667180778233,-0.00053800304333643102,-0.082846369653181776,-0.037289489472656263,0.9958642897317298,-0.35700342906192728,0.1820021383473214,0.17179361274055566,0.96555922142496398,-0.48013861754571197,-0.031855319651330205,-0.12529998692005406,0.011018076937522185,-0.17009573249803775,0.54183564349449176,-0.27669182018421279,-0.07474557224477564,-1.0779769019233005e-17,0.3862083921127405,0.56697690291580871,-1.5431754517107192,-0.74922463998279165,0.3862083921127405,-0.56697690291580871,1.5431754517107192,-0.74922463998279165,
0.32277246849573227,-0.70874249257656818,0.65172026736718158,0.0037107229326889435,-0.082856565192152148,-0.011310007157483743,0.99649039326928446,-0.37963715034853412,0.11250001321270343,0.15736898394702026,0.95371455498088065,-0.46068691590838262,0.027216839534730558,-0.091497275328089961,0.005079237449223682,-0.20368243274800041,0.47208251888135472,-0.23710069791869554,-0.072036901555186897,-1.717264632169878e-18,0.38226996935437174,0.55304799719990994,-1.5624654332102483,-0.73423418132362672,0.38226996935437174,-0.55304799719990994,1.5624654332102483,-0.73423418132362672,
0.32279988381002661,-0.70939847789698263,0.65479244914232604,0.0059763201495334648,-0.082740419181999786,0.012571937853467089,0.99647390984895634,-0.38466330374557339,0.081330168859764448,0.13469917847342006,0.90044174838447488,-0.40654440393441305,0.045022902468508146,-0.063770542665903415,0.0049306159326883477,-0.233106642937847,0.4015146998376361,-0.19132984202667899,-0.070810699721132339,7.780922841134733e-18,0.37665523173884463,0.53713953114529711,-1.5818148089630037,-0.71370883825518672,0.37665523173884463,-0.53713953114529711,1.5818148089630037,-0.71370883825518672,
0.32222450374155653,-0.71037489299598633,0.65645428999714539,0.0067772605963836796,-0.082630753094945067,0.032763594462982146,0.99601846080262801,-0.36521568063896198,0.053409450571460064,0.1059909646647518,0.78601262941136929,-0.30979122815845039,0.051051102503602473,-0.046681414444797904,0.0082757910178685064,-0.25206942363296381,0.34471822231139082,-0.15004392519697227,-0.070924562212316661,-6.4943219542663886e-18,0.37188592102298057,0.51566613566630304,-1.6049507734887185,-0.68078705223518454,0.37188592102298057,-0.51566613566630304,1.6049507734887185,-0.68078705223518454,
0.32178179322368061,-0.71139884394203989,0.65731997886176141,0.004529714703621162,-0.074361945305368035,0.049027356164394506,0.99601511089071082,-0.34671734750031485,0.031051443964002765,0.077035282977430813,0.64542066545390386,-0.20227870049005853,0.054159869843526769,-0.039570366620094791,0.013919590987071278,-0.25635239286523914,0.31073719666990585,-0.13791433495094785,-0.064348327795425875,-1.6339970774536989e-18,0.37295064560286018,0.48561933906236809,-1.6367812488385294,-0.62568409775608425,0.37295064560286018,-0.48561933906236809,1.6367812488385294,-0.62568409775608425,
0.32206573687392914,-0.71189604353527791,0.65712185627814301,-0.0018217092639442882,-0.065644923571549413,0.0618067123946692,0.99592537656573732,-0.3062478275259673,0.016677916083106158,0.052041030584256957,0.48470032830990434,-0.095192735923357905,0.055683768138794471,-0.037922214838643255,0.021540379439261865,-0.24642004949443302,0.29792037530128151,-0.14179866917094897,-0.051757020298471249,1.8408522583029922e-17,0.38333099774663587,0.45101931382980975,-1.6773262001958877,-0.55316849374381316,0.38333099774663587,-0.45101931382980975,1.6773262001958877,-0.55316849374381316,
0.32339148450360239,-0.7116607631164662,0.6558671122453722,-0.011315027799670651,-0.061648150235050339,0.071421354185393401,0.9954749951077696,-0.26234577683371951,0.0086030606402146634,0.034384969304293737,0.34470967659232088,-0.0037178709400112453,0.064939444870434709,-0.037646110437099582,0.030810039412861871,-0.2290759609975842,0.29881844877315389,-0.14859592690893292,-0.036620128305271837,1.2318472207210804e-17,0.40275408674761332,0.41809986801974508,-1.7225862375239909,-0.47655027758795843,0.40275408674761332,-0.41809986801974508,1.7225862375239909,-0.47655027758795843,
0.32617663852986289,-0.71101905496445195,0.65403629467509972,-0.021785829867581978,-0.061069323945138802,0.078618006125736939,0.99479401104081744,-0.23851648534863501,0.011562341321201264,0.030556152233811529,0.24200730822364319,0.073268508308746358,0.077279828925163746,-0.035842155077370277,0.041117714843232782,-0.21336546258657582,0.30607697981568482,-0.1570630751907485,-0.022015562495013453,3.985613499097326e-18,0.42867416625971344,0.39227278017142858,-1.7662690117977329,-0.41097957239869282,0.42867416625971344,-0.39227278017142858,1.7662690117977329,-0.41097957239869282,
0.33040120292335945,-0.71046008512348691,0.65197707780078507,-0.031751996405277351,-0.062522756557734052,0.085389808982096554,0.99387690191426759,-0.23001188978528556,0.013056901922475916,0.039010667059440438,0.18510174824022668,0.12029859854966615,0.097662160156701774,-0.031822385162076958,0.052279306672093746,-0.20625168288325693,0.31590583056596988,-0.1671143058501505,-0.010553632665589539,5.4046060188943448e-18,0.4570683618441328,0.37656320231392248,-1.8031885822807041,-0.36425149687288444,0.4570683618441328,-0.37656320231392248,1.8031885822807041,-0.36425149687288444,
0.33517165562921947,-0.71035511296477516,0.65032018891864807,-0.040154455534982647,-0.065775270305608702,0.094416141250595678,0.99254562907115806,-0.23371962688727438,0.014301221264331348,0.047210373851915122,0.16770383865209534,0.14123846382323083,0.11851935340138625,-0.024929213294434802,0.063714435493173419,-0.21238259023425668,0.32566734912483636,-0.17715444414805964,-0.0037299294790540311,1.1259006462967728e-17,0.48339035154231508,0.37058695161078581,-1.8295090929523043,-0.33333315441354916,0.48339035154231508,-0.37058695161078581,1.8295090929523043,-0.33333315441354916,
0.33933606074328526,-0.71059733261849778,0.64902642083899342,-0.047093945716034938,-0.071640633705922788,0.10695261795698482,0.99056091049024142,-0.24216141469522445,0.014968245065835774,0.04417856909607587,0.17593216105418463,0.14647316460560553,0.1364573909201211,-0.013816383953455226,0.075179466934332792,-0.23047838405727714,0.33236122345230723,-0.18359967786691203,-0.00038407785428072025,2.0589098139889165e-17,0.50568181473947482,0.36790201811838397,-1.8457402286714282,-0.30157851391050583,0.50568181473947482,-0.36790201811838397,1.8457402286714282,-0.30157851391050583,
0.34249143172331009,-0.71069773424148797,0.64778152432459701,-0.053613813325181024,-0.080217434162396198,0.12129843092573962,0.98791569120653588,-0.25035450313589047,0.016785746210681931,0.033260353132855039,0.19938388220518996,0.14220813099223348,0.15174882173872198,0.0014302556828454979,0.08688145012829257,-0.25313864135089115,0.33434480826984175,-0.1842115009321669,0.0024703784430824948,3.4467443992939558e-17,0.5240858338460862,0.36512087364031381,-1.8537774244880736,-0.26295919600794937,0.5240858338460862,-0.36512087364031381,1.8537774244880736,-0.26295919600794937,
0.34495710122296075,-0.7104134024677845,0.64689009386031993,-0.058878299854102444,-0.088695467588241109,0.13266835206070657,0.98542659198800286,-0.25621860861367374,0.020659887589831206,0.031538650806622263,0.22856617912767085,0.12959666669873043,0.16510428476683608,0.016433531760985855,0.096284689928070211,-0.2706374816797969,0.33319916276663475,-0.18145505748334428,0.0058034246375283779,2.098180867678849e-17,0.53721904868078929,0.36368639739975783,-1.8541603791129697,-0.23173360743291263,0.53721904868078929,-0.36368639739975783,1.8541603791129697,-0.23173360743291263,
0.34772449019367746,-0.71002880878589658,0.64705350262105765,-0.060657847343280946,-0.092223756515382616,0.13633677098808722,0.98449362068345192,-0.25865671901283244,0.025796360622277279,0.062071591790301958,0.25699258838210309,0.10317927257997543,0.17762451199409054,0.025890290104748696,0.099365228759030352,-0.27689257270238765,0.33420010340264772,-0.18445033650178821,0.0082478962149507319,2.8905746707065386e-18,0.54411063607511534,0.36544679673644109,-1.8468812893010007,-0.22526385395794946,0.54411063607511534,-0.36544679673644109,1.8468812893010007,-0.22526385395794946,
0.35205386869413346,-0.70988568204013369,0.64770753786796298,-0.056948649252945759,-0.091255466799667576,0.13028845408166589,0.98562376689102293,-0.25446318643821314,0.031351588297398598,0.13689802946224144,0.27764256406706378,0.068315544907656373,0.18877159412816885,0.026722772063006897,0.093670724116535389,-0.26908859701094201,0.34331813749617224,-0.19509413493922409,0.0067578668663721385,-1.033070664515321e-17,0.54532917285464011,0.37137995927043782,-1.8326413534564605,-0.25328470131934044,0.54532917285464011,-0.37137995927043782,1.8326413534564605,-0.25328470131934044,
0.35826717142301734,-0.70997236134003971,0.64808178341558109,-0.048065948213518062,-0.089222916528784293,0.11700039331603497,0.98794728794218889,-0.24156496527996674,0.035806431746123343,0.23980934816852389,0.28649790478220255,0.037436030080225856,0.19478436061179305,0.020017061266688965,0.08016430982484074,-0.25043807276336255,0.36212677998217124,-0.20972904811489856,0.00078754422284522019,-3.5198151337619498e-18,0.54259850662896814,0.38077773320616237,-1.8137307303464347,-0.30917644264857252,0.54259850662896814,-0.38077773320616237,1.8137307303464347,-0.30917644264857252,
0.36561765936761814,-0.70996607349255669,0.64838455638029469,-0.0358977455081715,-0.086977474156847048,0.10089605754495747,0.99043740661821245,-0.22218403344951693,0.03624910503451962,0.33701423796762114,0.28660360161677129,0.015643945565285502,0.19134039905134617,0.0084648022124225817,0.06106504645593476,-0.22669739640080028,0.38851731134505302,-0.22783260255567434,-0.0069804854517795363,-1.5715872299725927e-19,0.5365641804022615,0.39171690958375138,-1.7929721983276452,-0.37614887758686355,0.5365641804022615,-0.39171690958375138,1.7929721983276452,-0.37614887758686355,
0.37322739924721959,-0.70953732383326962,0.6489888324538261,-0.023448185492758043,-0.084030753859603666,0.086753090940377642,0.99240259784785656,-0.20231772764904105,0.031253701337094569,0.39517006746791811,0.28539859573286641,0.00085823329483375953,0.17794045927074478,-0.0062640235352872109,0.040534635647410736,-0.20224601298420261,0.42029541547681071,-0.25049335495980324,-0.013536118906049015,1.5077477748475025e-18,0.52644378725151819,0.40105703382189084,-1.7748275028630147,-0.4329269567349846,0.52644378725151819,-0.40105703382189084,1.7748275028630147,-0.4329269567349846,
0.38087492490618319,-0.70863636942437924,0.64962664717952523,-0.012901341631659949,-0.081978793864146832,0.076600125440003844,0.99360226123095086,-0.18591513625990636,0.022819289972915421,0.40122189318687762,0.28729744761849757,-0.0076106362400321786,0.15825825022911807,-0.024661472358572165,0.022185336565548684,-0.17863283321601614,0.45786179595438953,-0.27476076299764657,-0.018366209386039743,6.9286298576052566e-18,0.51079280627944845,0.40610427236824131,-1.7626110768207042,-0.46706138763627547,0.51079280627944845,-0.40610427236824131,1.7626110768207042,-0.46706138763627547,
0.38868977635288093,-0.70715213011658773,0.65045667676409702,-0.0057183841589863111,-0.080866211171542524,0.070315944516734424,0.99422513744125851,-0.17348122357953924,0.013589181959475309,0.35879260175126004,0.29323599341029682,-0.013772768826496414,0.13489228600218767,-0.047642842260234144,0.0056614714251097412,-0.16128936258296417,0.51069771450722556,-0.30877189237522296,-0.01955972823676656,-5.5954766531922864e-19,0.4882697897877617,0.40532864235821237,-1.7578049487161955,-0.47351242729313214,0.4882697897877617,-0.40532864235821237,1.7578049487161955,-0.47351242729313214,
0.39676551951852246,-0.70477205309423352,0.65139475886528586,-0.0016539447812861595,-0.080742239192295576,0.06651699851400901,0.99451166116117606,-0.16289118878128231,0.0043871632043388327,0.28871488696117686,0.30167306302964336,-0.020882823159804765,0.11171248413739746,-0.073471580407497752,-0.013806763911079626,-0.15744387281895539,0.56778339428940761,-0.34220429081039305,-0.014810711408789491,-9.6760321973105519e-18,0.45903083865959005,0.40118766863841326,-1.7584899962048559,-0.45976109021586786,0.45903083865959005,-0.40118766863841326,1.7584899962048559,-0.45976109021586786,
0.40503115680483781,-0.70111640377504758,0.65208298113060126,0.00064368524452580993,-0.081868654570538366,0.063826923589121121,0.99459702035209441,-0.15288288006190753,-0.0057881333449851498,0.21646865866490775,0.31257069327584863,-0.030848842962281832,0.093842508973269956,-0.10929698203720893,-0.04171016402275509,-0.16894825952181897,0.63699351931160486,-0.37560597855224137,-0.00549468459712474,-1.3936358028116622e-17,0.42422025028201915,0.39872052168193839,-1.7614222057275777,-0.44065527219945488,0.42422025028201915,-0.39872052168193839,1.7614222057275777,-0.44065527219945488,
0.41331714458769153,-0.69624631236932921,0.65236448778048672,0.0025824968546673569,-0.082806885949014086,0.061480396531345322,0.99466401925060655,-0.14509397395644416,-0.017102828925529969,0.16724924531291147,0.33142919494153555,-0.050599214891709633,0.08508815632077385,-0.14016956188070037,-0.079605106898944608,-0.18711054975444061,0.6896929690907091,-0.39505056067114336,0.011800809257229851,-2.0411179060954808e-17,0.38675901973967663,0.40320110954846689,-1.7637772676095071,-0.43198170584398399,0.38675901973967663,-0.40320110954846689,1.7637772676095071,-0.43198170584398399,
0.42156993244069196,-0.69082474191138332,0.65197125683110124,0.0051163096348884017,-0.082650065392581171,0.060334430492234005,0.9947374259388756,-0.14238727031721496,-0.028572496917433684,0.14890045789976825,0.36502220084625719,-0.085348482440526507,0.085050267154984358,-0.17339392401973103,-0.12362550920247455,-0.19882780187214427,0.74595747185372807,-0.41699669224339186,0.033413011694009544,-2.8505594544960752e-17,0.34764716221951708,0.42077712881620061,-1.7631020616909492,-0.44861840193591684,0.34764716221951708,-0.42077712881620061,1.7631020616909492,-0.44861840193591684,
0.42967463482658158,-0.68625717420514887,0.65036351904868472,0.0090648057730673571,-0.08240340305237652,0.062283146350488858,0.99460963103238043,-0.14586990411368655,-0.03883145143717262,0.15466313820450461,0.41458186839840744,-0.13222446202136257,0.0898926483637882,-0.19763204763741379,-0.16459997209914604,-0.19137477805998448,0.78930891246158119,-0.43522584575425005,0.058100696028502985,-2.6660660201088518e-17,0.30394307193283293,0.46144997027625989,-1.7554014290950506,-0.51053104523642157,0.30394307193283293,-0.46144997027625989,1.7554014290950506,-0.51053104523642157,
0.43744525432108572,-0.68371810776461717,0.64763893641760473,0.014234529974279795,-0.082029120183326268,0.068238142427776399,0.99418919603683453,-0.15341056722751661,-0.046913162088698071,0.16684011630923018,0.47304062483137421,-0.18450721576894222,0.093861697567023492,-0.21409902341320958,-0.19346951362143713,-0.16252850775610808,0.8194083717983528,-0.45139429174649531,0.080192141018490801,-2.9766923954720431e-17,0.25322478122277631,0.52891459267923202,-1.7399452885826894,-0.62276416500178833,0.25322478122277631,-0.52891459267923202,1.7399452885826894,-0.62276416500178833,
0.44465236123098617,-0.68342194864768635,0.64448890252760782,0.019312225683626984,-0.081573224012434123,0.076515598363519066,0.99353822788578938,-0.16110524195720238,-0.051699751506217334,0.17312524328423437,0.52955911348284213,-0.23381406547407135,0.09375351124005947,-0.22452960523080781,-0.20606834031713145,-0.12066873227439134,0.84216546982921847,-0.46977710941603557,0.095058101759911889,-1.6072763691322779e-17,0.19728188822714976,0.61640677311023417,-1.7201976481309922,-0.77029676441685091,0.19728188822714976,-0.61640677311023417,1.7201976481309922,-0.77029676441685091,
0.45100639327612074,-0.6846661104907612,0.6420047196786709,0.022728088727811017,-0.081208224793637249,0.082976286539105104,0.99297713673620258,-0.16451412434284607,-0.052424189373821262,0.17200632259637055,0.57158156322467712,-0.27163291459618749,0.08944570955108716,-0.24180830034739442,-0.20284796255122972,-0.078232456975192641,0.87176194752475833,-0.49134918569559594,0.096702307665964896,3.7420857776693255e-18,0.14172302403983827,0.70975612291699308,-1.7015213022270632,-0.92658037605316168,0.14172302403983827,-0.70975612291699308,1.7015213022270632,-0.92658037605316168,
0.45642605104672052,-0.68640958505132588,0.64085786462322414,0.02366601537653519,-0.08111550745108527,0.083890417115661475,0.992885991483066,-0.16157895793543312,-0.04897129173272597,0.17088950067548964,0.59347436179985391,-0.29500520086717807,0.083365834230812869,-0.25206252135987423,-0.18853711019799291,-0.041402973756166639,0.88740724221692413,-0.50373227876462157,0.092553113100891315,1.6164933140714509e-17,0.092049332527401523,0.79553692034832557,-1.6881769735417529,-1.067048844587464,0.092049332527401523,-0.79553692034832557,1.6881769735417529,-1.067048844587464,
0.4609433383299425,-0.68760398270736267,0.64129366366900586,0.021823265640292126,-0.081362504417078568,0.077808694656260224,0.99340308786899945,-0.15163761341701201,-0.042207997875361128,0.1746742196204864,0.59416103645021934,-0.30397903983312197,0.077925948612101947,-0.28530005836133188,-0.16884335818452315,-0.014649880565107362,0.91633830357600088,-0.50835931485778485,0.078397719712665501,2.3384836548875033e-17,0.053561452470284376,0.86330681412857602,-1.6810408953898459,-1.1726737903576117,0.053561452470284376,-0.86330681412857602,1.6810408953898459,-1.1726737903576117,
0.46460534289231181,-0.68772668961744121,0.64310785401162707,0.01774607247459381,-0.081810831370436404,0.066643293272480281,0.99425888793814798,-0.13534024670239719,-0.034289981559266963,0.18255671688332034,0.5761190137490666,-0.30043176095324259,0.074204680355916333,-0.3117486072049962,-0.15140317030540043,-0.0011267436642405234,0.95644114754717235,-0.52708493261680833,0.067199773973513843,2.5285624475252908e-17,0.027511272580804103,0.91230566040723315,-1.6756221525650601,-1.2435404098200957,0.027511272580804103,-0.91230566040723315,1.6756221525650601,-1.2435404098200957,
0.46721524849525808,-0.68690493283211418,0.6459482830628327,0.012560030047213792,-0.082255201598204486,0.053512378606674252,0.99509434366350802,-0.1138937022651826,-0.027719991707513089,0.19122111677271539,0.54118833924674958,-0.2848574198401424,0.072165471594246772,-0.32929888259967549,-0.13925672166912734,-0.0023497175877000946,0.96919051320778671,-0.52399074600001527,0.059056620290776851,1.8626685308779506e-17,0.011874012385406493,0.94852415761357567,-1.6664924910995369,-1.2924230474325551,0.011874012385406493,-0.94852415761357567,1.6664924910995369,-1.2924230474325551,
0.46840445313357254,-0.68556520602163329,0.64923862803250265,0.0075691031628218868,-0.082569481860485308,0.040517651175690624,0.99573254907420128,-0.090024787309733567,-0.024256663643438054,0.19996204570051176,0.4926177223651006,-0.2579586060414174,0.071868167935047453,-0.33409628682340786,-0.13228841041650519,-0.018278472892092185,0.9420664854353793,-0.49063527176385591,0.052180938323569015,1.5446692127999452e-17,0.0045624497382720126,0.97585779827138952,-1.6521144299337673,-1.3277314340610118,0.0045624497382720126,-0.97585779827138952,1.6521144299337673,-1.3277314340610118,
0.46804549930970357,-0.68417363754156368,0.65240542026816273,0.0034624147493652552,-0.082743965682768872,0.027724432154998587,0.99617910221449391,-0.066424829112877337,-0.023823407608106625,0.21185939634165171,0.43449904846013521,-0.22156262969906268,0.073362095742071712,-0.32209698695695405,-0.12731936690004442,-0.048090144005042773,0.86304866791738022,-0.41897447146101041,0.044137516990482316,1.3916740591749089e-17,0.0038000017614189807,0.99427459501463789,-1.6353548652587357,-1.350247781373779,0.0038000017614189807,-0.99427459501463789,1.6353548652587357,-1.350247781373779,
0.46676534676763193,-0.68338234645732432,0.65486126725211236,0.00086301260303387926,-0.082804603875639413,0.014999031716108308,0.99645254871159061,-0.045845586255777171,-0.025319050805647402,0.22923955866427417,0.37442334257993315,-0.18076362821433162,0.075427313075251842,-0.29211664174344953,-0.11946694123971523,-0.089097655151688687,0.73357216422000715,-0.31242031423176353,0.031870935888670231,5.9883527639528409e-18,0.0043073158884563223,1.0056954297524165,-1.6223383132286555,-1.362969592048747,0.0043073158884563223,-1.0056954297524165,1.6223383132286555,-1.362969592048747,
0.46579332689708186,-0.68373070978389827,0.65636777140333025,6.5791121855873327e-05,-0.082808362328166366,0.0028679230165764131,0.99656136078900148,-0.029655567491879746,-0.027362060539680006,0.2490863324464021,0.32023006422072109,-0.1417000630178244,0.075900553367301921,-0.24923720493006113,-0.10576030706378439,-0.13709192211339366,0.56080029805165377,-0.17519944364535914,0.013687326213583331,-6.7211581440867253e-18,-0.0010852148062160396,1.0152126161526911,-1.6183318413504995,-1.3734873361882647,-0.0010852148062160396,-1.0152126161526911,1.6183318413504995,-1.3734873361882647,
0.46620904674861685,-0.68526744684459251,0.65702884368987269,0.0010008957864596265,-0.082818882288259885,-0.0079136491724810278,0.99653269143612289,-0.018299532486482875,-0.029142861373717424,0.26536887077121663,0.27719417926373019,-0.1086530672424173,0.073445415075609297,-0.2205865639498476,-0.087435497035596235,-0.18687214908882974,0.40357724362589398,-0.045041306513518176,-0.015187058806100006,-2.7847351060554839e-17,-0.017512575507759354,1.0267570262020949,-1.6260919438389201,-1.3878572700099725,-0.017512575507759354,-1.0267570262020949,1.6260919438389201,-1.3878572700099725,
0.46874035716469431,-0.68744171913310081,0.6573682746711017,0.0035851178594337235,-0.078184753666588211,-0.017137313800172964,0.99678513416871495,-0.012190374584791797,-0.030632720728708623,0.27480120575027495,0.25045734333800346,-0.095315064425272794,0.065709626340643035,-0.19834399594593166,-0.06891278749332104,-0.22675179853027599,0.27885966391528755,0.046331034013600017,-0.041066482637822581,-4.7425126739249614e-17,-0.046708567814146409,1.0416702641561084,-1.6465738928221185,-1.4084487951548899,-0.046708567814146409,-1.0416702641561084,1.6465738928221185,-1.4084487951548899,
0.47317127533526543,-0.68958622904519506,0.6574092583223764,0.0081258496454461801,-0.068892350530358831,-0.025981730794088026,0.99725260805419069,-0.010184835753728631,-0.032954177546117625,0.2806100072961914,0.24085833367410908,-0.10387396349696076,0.053411228762096592,-0.19374324034869844,-0.054529052756769364,-0.2439483010614476,0.20192861154583766,0.094465382739110343,-0.061121258110510515,-4.7980210042682149e-17,-0.083302323756303143,1.0576574014551245,-1.6764604386261894,-1.4319784286124011,-0.083302323756303143,-1.0576574014551245,1.6764604386261894,-1.4319784286124011,
0.47820163151220452,-0.69112988112250584,0.65656861682008716,0.014768835996481374,-0.064284927302239322,-0.036907707611426928,0.99713948408631592,-0.0072513671459457597,-0.038522953912232788,0.28989986864437378,0.24223240754547398,-0.11515865836975772,0.042422736125001935,-0.20330570014741292,-0.047730761651846212,-0.23258532187866454,0.17178595343287695,0.11720143441204582,-0.077769281370254642,-3.542376603694079e-17,-0.11073412427473105,1.0697652944958069,-1.7040709246696251,-1.4508553487500062,-0.11073412427473105,-1.0697652944958069,1.7040709246696251,-1.4508553487500062,
0.48232768429351858,-0.69180177764904383,0.65498900404897298,0.023198266767044586,-0.067011029659274537,-0.05164310278708855,0.99614474463178837,0.0025197424695689408,-0.049186980207410372,0.30804485287957162,0.24495520645332206,-0.12036301557766867,0.034746005278897082,-0.21745778406525962,-0.048171774359324536,-0.20009910435402431,0.17313664502739962,0.12752253189830018,-0.091878228711797558,-8.0083619191116493e-18,-0.11228513967767192,1.0741055105402615,-1.7167412239701594,-1.4589901571782633,-0.11228513967767192,-1.0741055105402615,1.7167412239701594,-1.4589901571782633,
0.48497556084866722,-0.69173830029354866,0.65289352425102098,0.032602175086362657,-0.077259444358682247,-0.06971716623018126,0.99403601200854841,0.021001361214432489,-0.06457637485135434,0.33456549556860143,0.24361042335561259,-0.11583056881204452,0.030408362373753623,-0.22856966610026452,-0.053301807521543995,-0.16176291251634678,0.19096108236259501,0.13373401615523514,-0.10561750722283531,1.7771134889494968e-17,-0.083588432120799985,1.0704990784111312,-1.7103935931319003,-1.4559011409134928,-0.083588432120799985,-1.0704990784111312,1.7103935931319003,-1.4559011409134928,
0.48650202444715795,-0.69137417717383876,0.65078658305642789,0.041974422071669959,-0.086964847061521688,-0.088038435222324726,0.99142548746283499,0.044249914500797169,-0.081468206279405223,0.36262902662149954,0.23731375656512738,-0.11249023384005671,0.024654980442874699,-0.23415580167839029,-0.059346445135730931,-0.13647375201915449,0.21353695920244659,0.12862648816772854,-0.11999129937782232,3.694378774079412e-17,-0.036894531528221496,1.0636948001834394,-1.6910625548644695,-1.4482427577324399,-0.036894531528221496,-1.0636948001834394,1.6910625548644695,-1.4482427577324399,
0.48787148812926423,-0.69102685343915471,0.65005789316391061,0.050153941872232717,-0.088600668516667133,-0.10261089816925949,0.98949760344832283,0.065312193123285928,-0.095536822402152125,0.38434754560367612,0.22933446558600157,-0.12111146801229772,0.014388828239940412,-0.237076851686017,-0.064229155247265413,-0.13629278880347817,0.23674641290135034,0.1034463058731375,-0.13465864700229133,3.9710991487823822e-17,0.0066400747626056229,1.0609814915900342,-1.6701682056048479,-1.4465066542638136,0.0066400747626056229,-1.0609814915900342,1.6701682056048479,-1.4465066542638136,
0.49029254633293662,-0.69084855750705809,0.65084849747632068,0.05389636891942954,-0.089493935661417431,-0.11008959383803024,0.98841605522457421,0.077600661742739788,-0.10262467071766301,0.3945155933697469,0.22548558091406712,-0.12722069343881656,0.0089057558694629804,-0.239104502458097,-0.068819831130346745,-0.16403414680401393,0.25688595955169963,0.079257841373065643,-0.14877276549754528,5.1285797129534546e-17,0.024465671131763584,1.0700856466903725,-1.659628348156289,-1.4618067413899207,0.024465671131763584,-1.0700856466903725,1.659628348156289,-1.4618067413899207,
0.49431733245480203,-0.69093247492604626,0.65087817014632332,0.051999371780747317,-0.089222906894020196,-0.10931746881510267,0.9886278517377749,0.079935749486734139,-0.10055099404019166,0.39318619248447267,0.22927594658437644,-0.13357340369333409,0.0096623201429590737,-0.23913965633586692,-0.072284051899095952,-0.21210472909312053,0.27137569378246656,0.059435263136718867,-0.15752261407742757,2.8292256074282226e-17,0.0087758948698993412,1.093412260208193,-1.6633347623410391,-1.4974333207918078,0.0087758948698993412,-1.093412260208193,1.6633347623410391,-1.4974333207918078,
0.49965097485414134,-0.69130954689246304,0.65053496308565339,0.04524349339927998,-0.088012010193513582,-0.10163241094478805,0.98988775394600981,0.075689549333954692,-0.089919529469765488,0.38325794167026483,0.24057995736011537,-0.14243294555951502,0.014548336756203296,-0.2353986204826134,-0.073639373016381307,-0.27008741979312711,0.28140533276590929,0.043359395744798329,-0.15951139329067959,7.9605068572287284e-18,-0.031630820259300585,1.1271583088941108,-1.6763539233251576,-1.5478581280539845,-0.031630820259300585,-1.1271583088941108,1.6763539233251576,-1.5478581280539845,
0.50571574761151272,-0.69189851863004126,0.65150601677396269,0.035692194130210249,-0.086471345202569314,-0.090082092526928115,0.99153113432861983,0.068891061475936863,-0.073594269516362346,0.36863110688518574,0.25773946760090505,-0.15489767145446409,0.020456844671455868,-0.22771648095470504,-0.072405392830255572,-0.32741816483944924,0.29002072305135124,0.028726807199703375,-0.15612698383932946,-1.2889599311173697e-17,-0.080126283941181722,1.1630273934417281,-1.6908947542322796,-1.6012568609634306,-0.080126283941181722,-1.1630273934417281,1.6908947542322796,-1.6012568609634306,
0.51216961751497125,-0.69263658674369022,0.65303928865090977,0.025471682360655567,-0.085091507402521485,-0.07751187015286852,0.99302695771619887,0.060903089417430452,-0.054731605377733999,0.3525491680590721,0.27980460220164793,-0.17074252310358629,0.025501035806189024,-0.21703827329625924,-0.069052783595526204,-0.37652925441398288,0.29843713590099663,0.014582351824191651,-0.14925915401709136,-1.2861433357676945e-17,-0.1234972234590629,1.193571928076552,-1.7019368267020485,-1.6467928348054115,-0.1234972234590629,-1.193571928076552,1.7019368267020485,-1.6467928348054115,
0.51880753530204338,-0.6935695039879376,0.6540546465036633,0.016768403301893327,-0.084133013766490794,-0.066367117077078319,0.9941005293309878,0.051273095044229,-0.036396672967300564,0.33784150031916482,0.30623816986994723,-0.18874950907778495,0.028400425713428747,-0.20515341925237596,-0.064839812555625376,-0.41016527437853845,0.30657222642182314,0.0011323428027877169,-0.14057426966294512,6.5347288753058376e-18,-0.14931815480242019,1.2124651957298713,-1.7044984388776894,-1.6746531016695341,-0.14931815480242019,-1.2124651957298713,1.7044984388776894,-1.6746531016695341,
0.52551742445486527,-0.6947350779909115,0.65438520403255196,0.010622587319054745,-0.083573911918091007,-0.057722155948451107,0.99477168968463259,0.039547026531630385,-0.020190214767704724,0.32610742070209447,0.33623382648255362,-0.20776466283229311,0.028856728698918591,-0.19360466795888098,-0.060925794724430042,-0.42469594887769652,0.31428697649129933,-0.011293674576711604,-0.13071352636323,3.6805942518812734e-17,-0.15111068951685847,1.2178623815354725,-1.6952221251126165,-1.6814542811644055,-0.15111068951685847,-1.2178623815354725,1.6952221251126165,-1.6814542811644055,
0.5322338959162769,-0.69633321707598217,0.6540533811074809,0.0067713694652332505,-0.082412801662389346,-0.051489486591128279,0.9952442471314783,0.025451510884522396,-0.0054999666319448508,0.31730144292527196,0.37002760073085433,-0.2295351097099434,0.026542777755800832,-0.18275835947349212,-0.056927165695425538,-0.41879178830790464,0.32134384318481879,-0.024030405790728879,-0.11859194937946302,4.7207734008609074e-17,-0.12917283585547287,1.2111772022000089,-1.6734856699494363,-1.6689936900423867,-0.12917283585547287,-1.2111772022000089,1.6734856699494363,-1.6689936900423867,
0.53880729977457564,-0.69865633641077696,0.65305417791234932,0.0044818285489547621,-0.080094384155872875,-0.047528371929673914,0.99564343853674031,0.0083393619099111152,0.0089761210490167213,0.31023381742461975,0.40918874026830804,-0.25598846306056516,0.021549738823682222,-0.17311607235807802,-0.051817190387620261,-0.39663057676497604,0.32776407229581295,-0.038169807078412103,-0.10524076286054633,3.3512805666466512e-17,-0.088412221430956464,1.1948194417229774,-1.6416100908467857,-1.641347175366682,-0.088412221430956464,-1.1948194417229774,1.6416100908467857,-1.641347175366682,
0.54519676002152873,-0.70186925982067838,0.65241719366492534,0.0030143473698746592,-0.078066258559950349,-0.045427400729014002,0.99590809026103921,-0.013010795775871038,0.024587120735195721,0.30311303048260929,0.45622040266854519,-0.28571001299207599,0.015043621039396974,-0.16605291777523223,-0.045393783112933697,-0.36857150960045032,0.33558677153558092,-0.052683552734759102,-0.095004611445568252,-1.5942524518589508e-18,-0.035360973216459236,1.1704046131014774,-1.6034037104302088,-1.6020762875404904,-0.035360973216459236,-1.1704046131014774,1.6034037104302088,-1.6020762875404904,
0.55153080089480322,-0.70579116618815385,0.65260497871795364,0.0017035761189807773,-0.076995092456338066,-0.044601513992786578,0.99603190637428773,-0.03847457361987687,0.043408129465918634,0.29655321949196262,0.51929351578672511,-0.32547752260637874,0.0069626471408125159,-0.16367271528266158,-0.038904956871194045,-0.34761207559948565,0.35100828975665072,-0.07077313926892935,-0.090563729989878591,-3.4614358408185387e-17,0.023739770638919452,1.1384503745142829,-1.5633343409778435,-1.553479253856997,0.023739770638919452,-1.1384503745142829,1.5633343409778435,-1.553479253856997,
0.55791937080377241,-0.7100295662182099,0.6518232393520591,9.0800366162072706e-05,-0.078056681316151219,-0.044992022897262271,0.99593316248271124,-0.06527030856992494,0.067277991890914712,0.29457323385807799,0.584656021456187,-0.36129569503902992,-0.0027356880813065318,-0.16689941099188191,-0.033791375330744611,-0.3384295731083069,0.37954419430801134,-0.094320998781693532,-0.092120177018193292,-3.7310432084378376e-17,0.085184560103558765,1.0987839055249902,-1.5248478287566265,-1.4959341946435529,0.085184560103558765,-1.0987839055249902,1.5248478287566265,-1.4959341946435529,
0.56427911084024229,-0.71394074597754953,0.64993187289450371,-0.0020471256874661295,-0.082180374770587053,-0.047525550077926124,0.99548155049140719,-0.089416087577171316,0.09625505607697929,0.30149442165887375,0.64335268329802298,-0.38553591774668194,-0.012917803391448688,-0.1743155449274085,-0.030853323158581414,-0.33745944362977892,0.42080867016811957,-0.12158106485309711,-0.097860772337566113,-2.7370246721737746e-17,0.14856075084867512,1.0504888607895586,-1.4889594114765474,-1.4281258187100554,0.14856075084867512,-1.0504888607895586,1.4889594114765474,-1.4281258187100554,
0.57034469873011318,-0.71689168034134854,0.64810993919898674,-0.0045559710680305714,-0.082682914051685458,-0.053056414095708132,0.99515214704830623,-0.10875634394937939,0.12802203938082915,0.31642585889752106,0.70187109022967253,-0.41924684738008272,-0.026263206957975897,-0.18259706633456882,-0.028814258108583415,-0.33658808767417137,0.46747377006331081,-0.15968448331912855,-0.099783499884698007,-1.1131548892775019e-17,0.21296944423091579,0.99406101905541933,-1.4553879695824421,-1.3521805836383973,0.21296944423091579,-0.99406101905541933,1.4553879695824421,-1.3521805836383973,
0.57594655915237758,-0.71873619958661594,0.64628113359224504,-0.0073881861665749853,-0.082509829634356394,-0.061465580570747184,0.99466553429983617,-0.12504872877027245,0.15955436077988572,0.33245395587423016,0.73971890593212142,-0.43553027590963111,-0.039504600909628637,-0.18853280470407524,-0.026601735386762325,-0.3294354664541379,0.51033750002716483,-0.19626651345667606,-0.098213581934407837,8.7427063312816263e-18,0.27719094877305245,0.93114596355606105,-1.4230088435123556,-1.272715222946563,0.27719094877305245,-0.93114596355606105,1.4230088435123556,-1.272715222946563,
0.58100989337132458,-0.71972085876913183,0.64491243991793956,-0.010094872055375393,-0.082298848595929994,-0.071005864361832316,0.99402372220395163,-0.14304895551280078,0.18600654651355686,0.33812140410624714,0.76574308732771079,-0.44040149243768978,-0.050133682188868794,-0.18970322074226767,-0.023386279780335986,-0.31588720585516972,0.54077505311166829,-0.22396759828825008,-0.093885665937565824,1.2473813642099742e-17,0.33785530657463925,0.86593645533224994,-1.391574568686442,-1.1971304108611882,0.33785530657463925,-0.86593645533224994,1.391574568686442,-1.1971304108611882,
0.58557002945975267,-0.72018701646145955,0.64426493338520396,-0.012259467266923813,-0.082095319927546137,-0.079132807254876397,0.99340226631726969,-0.16638818346735279,0.20319751312517542,0.32574364863095318,0.78997485830663283,-0.44337447893894111,-0.056398362946482969,-0.18578436960939415,-0.01977896850026039,-0.30200461823551883,0.55658326522624513,-0.24146566584477244,-0.088483015746808641,8.775128146247289e-18,0.39101265917728234,0.80434888127503168,-1.3622332336554139,-1.1322591391296042,0.39101265917728234,-0.80434888127503168,1.3622332336554139,-1.1322591391296042,
0.58965750563339969,-0.72039713434355146,0.64425895599765193,-0.013585046192188222,-0.081957037422231427,-0.083938316799549273,0.99300193832126316,-0.19520869842551092,0.20952165740199288,0.29612105818350065,0.82291048973339131,-0.45529793498262061,-0.057843214407155605,-0.17790792384532145,-0.017091258307426086,-0.29264096017229424,0.56101753243878338,-0.25133413933252835,-0.083195182659810574,5.1287442519779569e-19,0.43370877444273243,0.75116585567915117,-1.3375767706070265,-1.0812295093469166,0.43370877444273243,-0.75116585567915117,1.3375767706070265,-1.0812295093469166,
0.59333819432956514,-0.72053909802783456,0.64480781967745782,-0.013762435952627342,-0.081938005162368904,-0.084537425724827198,0.99295024161257994,-0.22653965174142196,0.20574739350330715,0.25768167768399231,0.84597611470749123,-0.45819407339561091,-0.054769362966633227,-0.16670287719765234,-0.016254157913893775,-0.28897624657363763,0.55708919238553767,-0.25607879092366159,-0.078259296707643741,-3.3206372525792414e-18,0.4641491142657827,0.70937224887424144,-1.3206036364205282,-1.0434682897423553,0.4641491142657827,-0.70937224887424144,1.3206036364205282,-1.0434682897423553,
0.59674984504672313,-0.72065797945189858,0.64591849498724074,-0.01284087057529754,-0.082035525901856823,-0.081319196384451731,0.99322327441127822,-0.25750979771312305,0.19477761400047544,0.21973019021776391,0.87061517581561776,-0.46350251377277074,-0.047836214203419145,-0.15190951528964414,-0.016981882095685061,-0.29020165205313975,0.54479072190439781,-0.25582700606633491,-0.073497077869256383,6.847890370454707e-18,0.48350531751046821,0.6782585294552006,-1.3116112879971329,-1.0154388723960424,0.48350531751046821,-0.6782585294552006,1.3116112879971329,-1.0154388723960424,
0.60006197357915358,-0.72082678198090666,0.64753741772835738,-0.011109839176905417,-0.082204817523940668,-0.075284840997352692,0.99370575733731281,-0.28679131339323127,0.1811784098485803,0.18981311335610992,0.88635636462160061,-0.46009309754030953,-0.038184863812207294,-0.13374071677975524,-0.018186611240592211,-0.29515051683932542,0.52360799851893525,-0.24987994585426179,-0.069156037374496562,8.9957259959020419e-18,0.49546467454822896,0.65416255134303591,-1.3081015151442377,-0.99230821050579165,0.49546467454822896,-0.65416255134303591,1.3081015151442377,-0.99230821050579165,
0.60336096047430499,-0.72114411302227654,0.64946954931219891,-0.0088592698555637773,-0.082397047608805007,-0.06773309008411664,0.99425573591035199,-0.31436984222952402,0.16890672787109817,0.17060775523329902,0.89558321108953298,-0.44980797877130718,-0.027449273671142436,-0.11338140602833205,-0.018867238821884135,-0.30241929352573649,0.49508322173138652,-0.23884436089341118,-0.065771841058152924,7.2563787165425664e-18,0.50446943818054857,0.63277624933591703,-1.3063969265495463,-0.97025828617706156,0.50446943818054857,-0.63277624933591703,1.3063969265495463,-0.97025828617706156,
0.60652174017988136,-0.72164469217577509,0.65148094008888691,-0.0062923281502480794,-0.082579509830477502,-0.059800558093951232,0.99476877937250308,-0.3400975243105594,0.15940571720677643,0.16084377702452218,0.91088626090518876,-0.44566818368567918,-0.01674799499462238,-0.092338596388459246,-0.018579260228627992,-0.31070328824978122,0.46204251943784214,-0.22431402021758556,-0.063711677345280104,3.5904998415739167e-18,0.51281878220891597,0.61230787628515659,-1.3042810251946992,-0.94831858603860009,0.51281878220891597,-0.61230787628515659,1.3042810251946992,-0.94831858603860009,
0.60931165145943866,-0.72228509639988536,0.65328144797034593,-0.0038258247954180372,-0.082721723099814112,-0.052829510635171453,0.99516406808027436,-0.36320891356757518,0.15284028482561318,0.15779758765226379,0.92205567557583956,-0.43866945927701118,-0.0067022879486456771,-0.07274748759254511,-0.017140008262708006,-0.31859742836378702,0.42899298667160662,-0.20889191543105406,-0.063022383299276633,-9.9064742178855445e-18,0.52188472455070811,0.59203953816196564,-1.3008894805336613,-0.92554836587306433,0.52188472455070811,-0.59203953816196564,1.3008894805336613,-0.92554836587306433,
0.61161380286659228,-0.72297177292834391,0.65470516652095523,-0.0017879841603904666,-0.082817499726751106,-0.047587082835423476,0.99542630786958131,-0.38362273632525296,0.14824196378223795,0.15876850275534193,0.93719563948670404,-0.43756415196719106,0.0030282578278576877,-0.056313758196695554,-0.014778386493939087,-0.32535437942095968,0.39950426951842966,-0.19454694258322572,-0.063499095565316924,-3.1861482357603944e-17,0.53201381493226463,0.57187378557902591,-1.2967335855330022,-0.90090600354052619,0.53201381493226463,-0.57187378557902591,1.2967335855330022,-0.90090600354052619,
0.61350232358695378,-0.72362508829031991,0.65569633375458958,-0.00025081622258391983,-0.082880071727557778,-0.044469571353305738,0.99556681745893416,-0.40137124286161618,0.14442540768804443,0.16198042897137452,0.95568653707965012,-0.44202241636794709,0.012819233712417073,-0.044244911501676712,-0.012176210653895648,-0.33018687192831175,0.37670702459716199,-0.18320249733061014,-0.064772774730363331,-4.0908867539116324e-11,0.54332951299055277,0.55198886672194258,-1.2925507046108846,-0.8735994710094952,0.54332951299055277,-0.55198886672194258,1.2925507046108846,-0.8735994710094952,
0.61490604357229006,-0.72427819859741449,0.65631261794536977,0.0010107891654232495,-0.082931502739215748,-0.04333517246472085,0.99561207655699491,-0.4163864558793392,0.14089488740814127,0.16701565005991142,0.96547744012348269,-0.439998431304226,0.022488813342232288,-0.036932862004977668,-0.010019744990556235,-0.33267220355609334,0.36196837897640982,-0.17582658852350247,-0.066721079510648929,-2.2467778695763661e-10,0.55595968423756226,0.53273697563163724,-1.288584042844803,-0.84407188255036203,0.55595968423756226,-0.53273697563163724,1.288584042844803,-0.84407188255036203,
0.61544585348243819,-0.72512978865318922,0.65664890139287013,0.0022963789002732058,-0.082990377664531795,-0.043726901224166163,0.99558790770497851,-0.42787437425217434,0.13798676027430701,0.1745673386493212,0.95345700436544822,-0.41876449856350978,0.031277262877125581,-0.034198877053378998,-0.0084315403582096941,-0.33305824075699875,0.3546218469624417,-0.17203898443104726,-0.069731755299282119,8.4731137673994616e-10,0.56975241984929414,0.51505165296899014,-1.284501046475768,-0.81422083903053266,0.56975241984929414,-0.51505165296899014,1.284501046475768,-0.81422083903053266,
0.61598564838521042,-0.72637053344197977,0.65679082149467705,0.003436800281097279,-0.083052831318021478,-0.045349553165080152,0.9955068224987792,-0.43385088469222488,0.13682315563239211,0.18490094675474242,0.93821006027654175,-0.39840780082057264,0.037835581911514392,-0.033515101191688254,-0.0069108737274279925,-0.33102806945339891,0.35279494313400123,-0.17193884218450062,-0.072924861837380867,1.1476152849909572e-08,0.58422376821656308,0.49958469994379617,-1.2792566704507846,-0.78593220734175406,0.58422376821656308,-0.49958469994379617,1.2792566704507846,-0.78593220734175406,
0.61885345865852759,-0.72802267223164463,0.65681542834810724,0.003770494603760098,-0.083090616853079988,-0.048231306991956185,0.99536700457030691,-0.43224357831701798,0.13896688076237224,0.19778124410875875,0.91291331602591441,-0.37391020976235162,0.040894359815333965,-0.030358124565211038,-0.0046573235873430862,-0.32527051286484532,0.35411123202158434,-0.17639233134834359,-0.073930110600201632,5.2593513542768516e-08,0.59896438595048807,0.48675172655991145,-1.2717474739656525,-0.76101454878549823,0.59896438595048807,-0.48675172655991145,1.2717474739656525,-0.76101454878549823,
0.62569706876295073,-0.7299469398363494,0.65681113484227505,0.0029236744756627134,-0.083074929341720727,-0.051833428737506765,0.99519008430939582,-0.4221561645033613,0.14588262681239134,0.2158750141659917,0.87608110739631906,-0.34448872550816867,0.040702394271666359,-0.021016292736900904,-0.001178358316176717,-0.31608975353221491,0.35501546330101147,-0.18470477196339907,-0.071239607053407816,1.4792178241715059e-07,0.61335242117000521,0.47747797333282838,-1.2615571824536604,-0.74232006021363173,0.61335242117000521,-0.47747797333282838,1.2615571824536604,-0.74232006021363173,
0.63503302552917451,-0.73185546952152269,0.65681890582125846,0.0013503467644383966,-0.083010738161186218,-0.05500137385603799,0.99502876480406299,-0.40572119937730178,0.15702978207835391,0.2437553513645771,0.84879733944877789,-0.32923827085760538,0.039948636981365859,-0.0066226177516888144,0.0031812887481660638,-0.30652388943656672,0.35255025714322924,-0.19350391652253879,-0.06633147903082999,2.7068561052129288e-07,0.62632768967205166,0.47094811454342211,-1.2495881245081535,-0.72807731204633519,0.62632768967205166,-0.47094811454342211,1.2495881245081535,-0.72807731204633519,
0.64350833568774202,-0.7333252551856444,0.6568504833093084,-0.00016323762946375932,-0.082935374398402054,-0.056967836649719175,0.99492530504270738,-0.38629603383781924,0.16967089819966691,0.28295026080269575,0.82081791151426031,-0.31503224713787048,0.041456287543220546,0.0077773780129669996,0.0072978586142223353,-0.29973614466919279,0.34687407068371667,-0.19932133225652929,-0.061821361465649378,2.1120538345712505e-07,0.6373715924700023,0.46695749660984748,-1.2374555702419439,-0.71747837863911834,0.6373715924700023,-0.46695749660984748,1.2374555702419439,-0.71747837863911834,
0.64751015276134671,-0.73403019596832331,0.65694472334749432,-0.00079384806399674323,-0.082899997095512115,-0.057205645182281641,0.99491430507662026,-0.36824487323354005,0.17877012670256071,0.32567895454150808,0.78922840098712832,-0.29599739195996377,0.046161255081025095,0.015717580366092922,0.0097415983552047239,-0.298196827727499,0.34072163380955883,-0.19981428937692439,-0.060165340020964457,-6.7335364136374671e-07,0.64655305422536369,0.4668884870511768,-1.2276261877144086,-0.71354351031220731,0.64655305422536369,-0.4668884870511768,1.2276261877144086,-0.71354351031220731,
0.64583867333923073,-0.73402225610048344,0.65709470659361058,-0.00010846384730954359,-0.082931448353866136,-0.055434426000621324,0.99501225496146806,-0.3540922171683285,0.18055489342536174,0.3609797791196564,0.75342866195627523,-0.27046040926663723,0.05281901506615868,0.014141243894734663,0.009709435538551886,-0.30288720648990008,0.3372366786671277,-0.19564213523819707,-0.062336256721944455,-3.8165965512591877e-06,0.65410392358240244,0.47188535026443168,-1.2220338818694874,-0.71917723218249052,0.65410392358240244,-0.47188535026443168,1.2220338818694874,-0.71917723218249052,
0.64075776426265885,-0.73350310884481384,0.65715939498414566,0.0014510398177829207,-0.082998535006218038,-0.052012183000810799,0.99519036896955504,-0.34462739714591062,0.17426507363646024,0.3794487789426943,0.7184897319719088,-0.24368398201473387,0.059264991554106888,0.0051550171591126332,0.0074103382205929144,-0.31220285536429204,0.3387141952400794,-0.19059305399988846,-0.066926867191886799,-1.1802150373313292e-05,0.66005885720383006,0.48328824789945063,-1.2210766111914713,-0.73805758364858798,0.66005885720383006,-0.48328824789945063,1.2210766111914713,-0.73805758364858798,
0.63646814399812324,-0.73269369484870983,0.65705834526817752,0.0029117263653072184,-0.083047070328761394,-0.048003051475072861,0.99538455533952552,-0.33881827978618562,0.16334974504825617,0.38054533733632423,0.69214837859430867,-0.22393246011234871,0.063749219806403898,-0.0053381279080551673,0.0039545757977267372,-0.32224952401111895,0.34443609062911013,-0.18830778273430357,-0.070942607802550253,-2.8534874481920228e-05,0.66449890006646106,0.50210982017789962,-1.2226588037875474,-0.77416412374163246,0.66449890006646106,-0.50210982017789962,1.2226588037875474,-0.77416412374163246,
0.63508698106041028,-0.73175469860856934,0.65689013790631912,0.0037417698702842885,-0.083060051604233243,-0.044384785328673342,0.99554860143393686,-0.33566621401502311,0.15242382446453306,0.3720964268154246,0.67689713169454324,-0.21352569452380257,0.066449751489620318,-0.013295504258865474,0.0004841026643221995,-0.33006637479075068,0.35089676843469708,-0.18830556122989611,-0.072748161710190301,-5.9025880872999656e-05,0.66671625432351078,0.52585442753431966,-1.2238670137944119,-0.82356257501118102,0.66671625432351078,-0.52585442753431966,1.2238670137944119,-0.82356257501118102,
0.6361219846201317,-0.73068000370833097,0.65692675501359032,0.0040217981893081595,-0.079213261089330023,-0.042318957119101268,0.99595089752219701,-0.33451016024247898,0.14429247871170447,0.36501065328137056,0.66968835549211603,-0.2160370858857539,0.065539064372656622,-0.01799183670859799,-0.0022479136352835166,-0.33366425893742696,0.35414487676232287,-0.19451290295600898,-0.069822945157196975,-0.00010848321911388647,0.66588831531056925,0.54808627209580141,-1.2225028081838452,-0.87152140978058013,0.66588831531056925,-0.54808627209580141,1.2225028081838452,-0.87152140978058013,
0.63811547229279508,-0.72931250093670708,0.65711024648798955,0.0036565533825536562,-0.073484825737872725,-0.042868298627120001,0.99636786327964799,-0.33440596133250938,0.13955134433359775,0.3640387875132306,0.66645822856959214,-0.224775640549532,0.064044092777404152,-0.020910576961280646,-0.0041813956012908366,-0.331840264569911,0.35306614153293381,-0.20085969970596629,-0.063904660870192642,-0.00018101012510136547,0.6623135100327433,0.56431797869854838,-1.218530958223353,-0.90503992327664762,0.6623135100327433,-0.56431797869854838,1.218530958223353,-0.90503992327664762,
0.63998598969501908,-0.72764236306729324,0.65732942382282589,0.0027620480707996045,-0.06681282710974204,-0.046137587428131552,0.996694406651492,-0.33335998313594972,0.13658678631747487,0.36907189470165802,0.66292844779129501,-0.23565554941374908,0.062806053404032641,-0.023981497583716531,-0.0056877972398752114,-0.32471865447557208,0.34928444822262056,-0.20572437198831139,-0.056310270266964918,-0.00027835693630691232,0.6574367922748261,0.57220695377468123,-1.2139885681086169,-0.91604313778405622,0.6574367922748261,-0.57220695377468123,1.2139885681086169,-0.91604313778405622,
0.64128281484172434,-0.72589409874524857,0.65748636274556926,0.0017221296032131118,-0.05989275919791389,-0.050821139654235375,0.99690877387529053,-0.32983717488653874,0.13343733906375241,0.37836055838566374,0.65581779551538766,-0.2455355096778491,0.062010702079835549,-0.02853257382880818,-0.0072437731636980406,-0.31468556860103258,0.3455095996800519,-0.20970795081336449,-0.048481132673523955,-0.00039818515901590337,0.65310312889016753,0.57302178212818067,-1.2115525827713491,-0.90725350174838315,0.65310312889016753,-0.57302178212818067,1.2115525827713491,-0.90725350174838315,
0.64203931723717711,-0.72429760150482925,0.65753965793689051,0.00094529432646534234,-0.05301787747363957,-0.054996380079316343,0.99707753422940881,-0.3239611769834026,0.12880195788392068,0.38996392957441373,0.64449529152808394,-0.25325245414527814,0.061713365445010666,-0.034892815313500858,-0.0092839870318560218,-0.30682299287436687,0.3436046393231057,-0.21418164800399883,-0.041519266936770508,-0.00052800000149468668,0.65045812165574191,0.57067330120598547,-1.2125677374246835,-0.89020089513715317,0.65045812165574191,-0.57067330120598547,1.2125677374246835,-0.89020089513715317,
0.64234473888676025,-0.72307787321490402,0.65748685773198279,0.00079700265604333944,-0.046359319941335568,-0.056615853166075994,0.99731881733557026,-0.31664151739363511,0.12189016895711965,0.40104821589015682,0.62903966582436388,-0.25783882486775517,0.061602797285808641,-0.042343417755884599,-0.012424636246486829,-0.30876622860860881,0.34450482860241949,-0.22058256553746119,-0.036110306751992956,-0.00066202829588756201,0.64966016261877457,0.56985296197027502,-1.2164289406171245,-0.87877881116191492,0.64966016261877457,-0.56985296197027502,1.2164289406171245,-0.87877881116191492,
0.64221425425134271,-0.72230703722751988,0.65733502293519674,0.0013966916579428255,-0.039943096653809393,-0.05452314242999818,0.99771229581561993,-0.30874875030298782,0.112293768266958,0.40814824180160825,0.60904820774901258,-0.25812749182628741,0.061147257847283719,-0.049836538310670545,-0.01731857618281633,-0.32536641034994562,0.34842798818267001,-0.22981952944978626,-0.031956975119737871,-0.00081029996081629372,0.64955951003140022,0.57271799599965822,-1.2217557901832481,-0.87861544737946806,0.64955951003140022,-0.57271799599965822,1.2217557901832481,-0.87861544737946806,
0.64178506205625419,-0.72191403319670089,0.65706345435015456,0.0024888089843772619,-0.034097319954619627,-0.048803940511421375,0.99822309830634004,-0.30028931245261992,0.10015358951536334,0.40768434557135824,0.58486278990882701,-0.25385294695907556,0.05997594372372779,-0.055854668829852808,-0.023795567076884794,-0.35564529303406545,0.35505738606678777,-0.24183776353254052,-0.028324245299749071,-0.00094567793861578386,0.6484744341795684,0.57937920828283129,-1.2276040657044949,-0.88622296078793239,0.6484744341795684,-0.57937920828283129,1.2276040657044949,-0.88622296078793239,
0.64129432298711131,-0.72173631709649333,0.65664349028329472,0.0035521796394773573,-0.029224743613073222,-0.040905410424513185,0.99872921444131246,-0.29099158755779031,0.086833799920552096,0.39898489506812357,0.55827078289237553,-0.24617624770263502,0.058156774716067547,-0.059220079032222712,-0.03098508909170284,-0.39233917747305425,0.3636749852639094,-0.25563239071160232,-0.024219431777240626,-0.0010435910950798736,0.64536867185551761,0.58833771051807471,-1.2336268395097425,-0.89388060563983052,0.64536867185551761,-0.58833771051807471,1.2336268395097425,-0.89388060563983052,
0.64091423992959384,-0.72168413364629302,0.65607393777644374,0.0041808641374922679,-0.025495460337569224,-0.032707985529198347,0.99913096717090155,-0.2809413844581744,0.074356581428849322,0.38480582407152164,0.53184346203122712,-0.23704069724970286,0.055938703606190167,-0.059670885099318872,-0.037693066002008335,-0.4257222415477907,0.37326497392221369,-0.26988793394765348,-0.019120910721101302,-0.001090467292134094,0.64052242585034058,0.597063337169215,-1.2396614040181055,-0.89537509265449644,0.64052242585034058,-0.597063337169215,1.2396614040181055,-0.89537509265449644,
0.64072803962078917,-0.72168482504156106,0.65539152342089535,0.0042183744276738369,-0.022533472370039952,-0.026003346573116582,0.99939895632681897,-0.27128052584593304,0.06452431873191522,0.36938716289796963,0.50861863367201177,-0.22900527322772951,0.053447412883658882,-0.057936282005151468,-0.042668048069152399,-0.44602226678991119,0.3822812980211307,-0.28349504138796516,-0.012961214140206333,-0.0010688564715849037,0.63520207925508798,0.60237452629610222,-1.2453979909408162,-0.88765847972584488,0.63520207925508798,-0.60237452629610222,1.2453979909408162,-0.88765847972584488,
0.64069112918927029,-0.72170738975105531,0.6546283920076077,0.0038155285387370028,-0.019733155141939348,-0.021471750385143484,0.999567410565947,-0.26308851831344426,0.05760557138522663,0.35534798418500591,0.49014581498788262,-0.22380062814584717,0.050692149853083297,-0.055065431849245165,-0.045312976951587113,-0.45027439630527877,0.38964739641772062,-0.29632510558832981,-0.0062520102270517512,-0.00095010320786828183,0.63090876431484777,0.60239178699769003,-1.2507366907582007,-0.87110551449724005,0.63090876431484777,-0.60239178699769003,1.2507366907582007,-0.87110551449724005,
0.64066407582291673,-0.72176170338087231,0.65375976914599532,0.003252806517974426,-0.016600647768026021,-0.018800712268974219,0.99968013432378344,-0.25723464698203713,0.053243473412061038,0.34369909005363292,0.47604571294560272,-0.22120974939413143,0.047524805734791314,-0.051901177835373583,-0.046396009930360797,-0.44053643093543815,0.39590184154024843,-0.30940771255038269,0.00093244641281733454,-0.00078403011013896502,0.6287891540112881,0.59657810121957411,-1.25608144186905,-0.84760204729640209,0.6287891540112881,-0.59657810121957411,1.25608144186905,-0.84760204729640209,
0.64050608636439099,-0.72186185140807824,0.65275069091494797,0.0027631799463396921,-0.013019267660912904,-0.017084483995295694,0.99976546445292458,-0.25331292229920077,0.050340992401870149,0.33449114980827771,0.46463663759885832,-0.22024399678134191,0.04413414002629773,-0.049043903834496409,-0.046741125846552475,-0.42217650255206735,0.4020048165666234,-0.32352423158455834,0.0080842741278409104,-0.00060430613447972053,0.62923937180907596,0.58621950115146204,-1.2619586877029729,-0.81960167878334211,0.62923937180907596,-0.58621950115146204,1.2619586877029729,-0.81960167878334211,
0.6401399440572495,-0.72198040486814996,0.65299491713697566,0.0024086829812202965,-0.0092051213278145742,-0.015594784918098679,0.99983311941093167,-0.25060977584930316,0.048046817658981361,0.32716100426232009,0.45449983488618295,-0.21983766046248407,0.040854323605721186,-0.046591144628887332,-0.046863666321089924,-0.40004322177808005,0.40839511332382594,-0.33855141502519215,0.01476297015323612,-0.00043227803318217551,0.63177319842349877,0.57330788435113511,-1.2684167043924104,-0.78942475664765255,0.63177319842349877,-0.57330788435113511,1.2684167043924104,-0.78942475664765255,
0.63953472318456428,-0.72205162048888893,0.65357413929700792,0.0021572399048109254,-0.0054702172839128449,-0.013945621975641996,0.9998854647741271,-0.24860201015768435,0.04581984347166887,0.32078471225547556,0.44465663216156831,-0.21899975875620981,0.038017688560875576,-0.044242534815665077,-0.047157511573937182,-0.37910912175570444,0.41456527246695196,-0.35339993129253894,0.020820509244636617,-0.00029091005183099183,0.63541367108623037,0.56011311116065909,-1.2746005170574681,-0.76026837360442101,0.63541367108623037,-0.56011311116065909,1.2746005170574681,-0.76026837360442101,
0.63864852989299536,-0.72207636461293556,0.65412461973265956,0.0019512137231261261,-0.0019205853347391963,-0.012043712485437445,0.9999237236442321,-0.24702764643552144,0.04349779622243851,0.31422764976993051,0.43432364320608985,-0.21700163751488785,0.035574281077551555,-0.041503968284697074,-0.047833416710362744,-0.36242034040676097,0.41963391364238956,-0.36714416291515478,0.026513666164490076,-0.00019803417257365354,0.63919873539686456,0.54797864068490099,-1.2793617578565282,-0.73433519216682563,0.63919873539686456,-0.54797864068490099,1.2793617578565282,-0.73433519216682563,
0.63729055760377606,-0.72221602122265094,0.65462863304537011,0.00187587945320524,0.0015306916683968028,-0.0099019149848461122,0.99994804371973556,-0.24617764380031476,0.040963797438619137,0.30647662539561726,0.42381313874249588,-0.21400712548635645,0.03328318522195943,-0.037596828628913358,-0.048561184886617252,-0.35254225199677264,0.42131071804037001,-0.37831268920480127,0.03167561385151698,-0.00012998475416856607,0.64195966262630288,0.53759255120757254,-1.2818631217979481,-0.71180999568064796,0.64195966262630288,-0.53759255120757254,1.2818631217979481,-0.71180999568064796,
0.63529143802568599,-0.72268514868399081,0.65499669763523172,0.002116220643298194,0.0050304879219187108,-0.0076352354896296005,0.99995595852041108,-0.2473012628386301,0.038576108635379025,0.29747556392849528,0.41487453963869503,-0.21078410404865816,0.030777619680430999,-0.031951914222488637,-0.049001567529321062,-0.34953242452419964,0.41741161907106317,-0.3856037285681333,0.036068731578991063,-7.8423637933581046e-05,0.64266646990044829,0.52895149354179682,-1.2821431667596213,-0.6913436262769167,0.64266646990044829,-0.52895149354179682,1.2821431667596213,-0.6913436262769167,
0.63269756421113699,-0.72359619745037762,0.65508907763193458,0.0027836960365905036,0.0085038157923952896,-0.0052757609078632802,0.99994604979478174,-0.25218060566079936,0.037090037514877987,0.28812561041601059,0.41085083388841082,-0.20883530783523549,0.027947741089150449,-0.024520155737733855,-0.048685868280155323,-0.3509733794473523,0.40702397113655864,-0.38825086044021123,0.039225253811077054,-4.4461798143822769e-05,0.64089923632688239,0.52163991975810431,-1.2810320070582946,-0.67080054124277422,0.64089923632688239,-0.52163991975810431,1.2810320070582946,-0.67080054124277422,
0.62981527949406679,-0.72492706461357759,0.65475058048388035,0.0037917663700142812,0.011487862476880691,-0.0024100481395432998,0.99992391870155439,-0.26244219205414621,0.037259958325588691,0.27901767182311565,0.41604983688980035,-0.21017206307564884,0.025160419588727608,-0.015356217496265529,-0.046759310479992482,-0.35452858382682695,0.39067901512053516,-0.38616314611034414,0.040294736306460299,-2.3482061742570085e-05,0.63625137909759455,0.51518452846192708,-1.2803308932110049,-0.64649746719341261,0.63625137909759455,-0.51518452846192708,1.2803308932110049,-0.64649746719341261,
0.62697938635339667,-0.7264990454274407,0.65389192503633786,0.0048614834848946563,0.013203267937018053,0.0017068360183500151,0.99989955815817622,-0.27832648727535236,0.039191399638391418,0.26968955464584277,0.43287575561907565,-0.2157264781267515,0.023312644367061354,-0.0036075965791664663,-0.042357983581797577,-0.36028044685265237,0.36903910980216814,-0.37933484913834609,0.038741480984426771,-1.1281232783008561e-05,0.62859972285604782,0.50837291214990055,-1.2832945905553594,-0.61252075926618832,0.62859972285604782,-0.50837291214990055,1.2832945905553594,-0.61252075926618832,
0.62453840432454844,-0.72797715422617459,0.65253449459644708,0.0054833716326179597,0.012195531136994463,0.0076317347096206516,0.99988147211614398,-0.29733783753981657,0.042335525285469806,0.25904909546915494,0.46045448193145622,-0.22449867330665768,0.023898968579785077,0.013222592868330033,-0.034577308130835677,-0.36905644320348013,0.34202974437946132,-0.36695018917728339,0.034516995379330825,-4.7651258224645546e-06,0.62038207179443794,0.496855396888291,-1.2975779292587057,-0.55844303671102069,0.62038207179443794,-0.496855396888291,1.2975779292587057,-0.55844303671102069,
0.62270493624321677,-0.72908588830960774,0.65082852432625959,0.0053424172717331034,0.0076016674556772723,0.014637620341016662,0.9998496953544268,-0.31524995247518628,0.045937039087397137,0.24705557632305564,0.49406833716256543,-0.23412167681507037,0.027503596076919455,0.036304866976666413,-0.023935385288755679,-0.38038165726323947,0.31112403660928156,-0.34948654833366471,0.028738354288445296,-1.6681232691093746e-06,0.61692837902974329,0.47796582550982847,-1.3290922523053825,-0.48447625779165587,0.61692837902974329,-0.47796582550982847,1.3290922523053825,-0.48447625779165587,
0.62148690875173984,-0.72974542592769609,0.65077788637927292,0.0046956831790669262,0.0001694309793270305,0.020305513014830131,0.99978278040473856,-0.32875474250273806,0.049697765114707984,0.2368107784286034,0.52763364649920641,-0.24257531263915189,0.03307288635288011,0.062345437751492871,-0.01316230756507681,-0.39152279319840244,0.28130960792358672,-0.32997171804718323,0.023221643593698771,-4.0122938300635146e-07,0.62271440501321884,0.45727291403751624,-1.3723684320331229,-0.41461623899439837,0.62271440501321884,-0.45727291403751624,1.3723684320331229,-0.41461623899439837,
0.62079738153615682,-0.72997572210117001,0.65167063734355402,0.0041419108423036526,-0.0078876271183791532,0.021499377155354854,0.99972916667212819,-0.33580981093020501,0.05360111507967056,0.23354849328104915,0.55429527984183402,-0.24837357741737709,0.038588692361384888,0.083200341805385519,-0.0066069159266250333,-0.39689530034635628,0.26201422347985637,-0.31429091341176352,0.019541099265105902,5.0776433817609286e-09,0.6375367643944656,0.44096062727354968,-1.4121429177418081,-0.37261808210657688,0.6375367643944656,-0.44096062727354968,1.4121429177418081,-0.37261808210657688,
0.62050180456585979,-0.72992110355374107,0.65231926336361634,0.0040573213059391629,-0.014775535833067944,0.017473187138972817,0.99972991823585655,-0.3364915881309708,0.057559379010528031,0.23904373640776111,0.57052700874206708,-0.25090691343028199,0.042616948772259612,0.092979213334583394,-0.0063646634606308178,-0.39319848712035443,0.25915587015981051,-0.30644970648736747,0.017742742083759554,7.6871365573149927e-08,0.65668367639608227,0.43189983653686337,-1.4369981435188042,-0.36371624567574429,0.65668367639608227,-0.43189983653686337,1.4369981435188042,-0.36371624567574429,
0.62041490323607129,-0.72986192484563117,0.65266959224364662,0.0044984731040532801,-0.019258257484544544,0.010545056895819478,0.99974881096876278,-0.33219999038330272,0.060825638314881567,0.24994088051039665,0.57482958807322315,-0.24972804507312729,0.044177650060573129,0.090826171491975721,-0.011288562323724894,-0.38287856809843257,0.27142618642184635,-0.30722747789321414,0.017290030973012946,5.3439050391153339e-08,0.6718899961138981,0.43042788388853392,-1.4452591932872991,-0.37757643617682735,0.6718899961138981,-0.43042788388853392,1.4452591932872991,-0.37757643617682735,
0.62037145541563732,-0.72999654298009342,0.6527233591189664,0.005199875315654752,-0.02118182780857045,0.0044663474672610171,0.99975214088677566,-0.32508119028857924,0.06236488975017071,0.26013133089433893,0.56866410862470196,-0.24508287766769626,0.043422306873852463,0.081710051878800399,-0.017728672648109251,-0.37238937851157616,0.28995458117170825,-0.31314602645662509,0.017441259642390794,2.2867825312441239e-08,0.6765233133364279,0.4354475624424593,-1.4447676010037864,-0.39822392254828104,0.6765233133364279,-0.4354475624424593,1.4447676010037864,-0.39822392254828104,
0.62039170159299584,-0.73027319340771757,0.65259951082364642,0.0057594781417719693,-0.021237507553822973,0.0015668749909163093,0.99975664118184226,-0.31664086421854692,0.061554237697100507,0.26511861324806474,0.55511953737434361,-0.23797879688816792,0.041437510093131041,0.071824380947300925,-0.022446093282702567,-0.36587419658682507,0.30558127604636881,-0.31952872178219244,0.017560343654713161,6.4870138951307442e-09,0.66945312046751704,0.44083083252569699,-1.4477106104471238,-0.4055978814183816,0.66945312046751704,-0.44083083252569699,1.4477106104471238,-0.4055978814183816,
0.62063233407515406,-0.73043895403843495,0.65241502965004627,0.00598725914694125,-0.020107675998912871,0.0018983116678964519,0.99977809063143697,-0.30800774643350737,0.058407698924981377,0.26421653886631036,0.53796165499868576,-0.23023955072492838,0.039461355787657852,0.064467200008243297,-0.02467306212950985,-0.36355832234959984,0.31454507105627588,-0.32408006253879601,0.017726992979206539,1.2045029857051503e-09,0.6542768867000085,0.44544276344722022,-1.4591859253377375,-0.40188740305942278,0.6542768867000085,-0.44544276344722022,1.4591859253377375,-0.40188740305942278,
0.62125344645778346,-0.73021847606238655,0.65212799048662351,0.006038700578528124,-0.01796087917645383,0.0033922747358652774,0.99981469952519109,-0.29932719937506513,0.053581375080568448,0.26098421153329326,0.5191557787046106,-0.22326337628363391,0.03795447327427745,0.057522746569975539,-0.02663255399855401,-0.36224496309689735,0.32148272362915836,-0.32880465447715562,0.01881512569243762,1.3531267512545569e-10,0.63440903518621772,0.45146517152561538,-1.4728977763389042,-0.40289364747626016,0.63440903518621772,-0.45146517152561538,1.4728977763389042,-0.40289364747626016,
0.62236932948812962,-0.72940362487759569,0.65164070551182207,0.0060794074016813039,-0.015585961434173144,0.0041837452527422646,0.99985129638735626,-0.28979902823143155,0.04796777843067996,0.2590827385159018,0.50021367793458738,-0.21752794801002445,0.037212509304272924,0.04783254017590402,-0.031016129733146318,-0.3594247242730928,0.33410595947874028,-0.33662030351712885,0.021501005656923144,-5.0528383717555192e-17,0.61082586692565211,0.46030667633244315,-1.4810017291812989,-0.41877813995635393,0.61082586692565211,-0.46030667633244315,1.4810017291812989,-0.41877813995635393,
0.62393509579518458,-0.72808726314833438,0.6509345478457268,0.0061255736102274663,-0.014216248879257744,0.0041751397928992528,0.99987146365093271,-0.27859253425621705,0.042286764742480262,0.25906272711446288,0.48230349689067464,-0.21243435866985674,0.037349835802587682,0.035318434835242586,-0.038296663339568951,-0.35609496870574869,0.35532052736793746,-0.34788624995220591,0.025402521024874315,-1.861290588410998e-17,0.58324255050560736,0.47106649726221239,-1.4833594038355062,-0.44628695250450462,0.58324255050560736,-0.47106649726221239,1.4833594038355062,-0.44628695250450462,
0.62585703134366044,-0.72648093932907243,0.65170538353114493,0.0061298940280261234,-0.014528748356541716,0.0045364155297206183,0.99986537133983155,-0.26554445509399965,0.036717347643391747,0.25924955503540181,0.46585965558462261,-0.20723027412083508,0.038292801424909644,0.021810843154210592,-0.047501543400149726,-0.3556956770576935,0.38335287930672035,-0.36124240581994277,0.02975068672478922,2.6996388800280072e-17,0.55133698484618421,0.48525018755554855,-1.4843703008523224,-0.48416090262350464,0.55133698484618421,-0.48525018755554855,1.4843703008523224,-0.48416090262350464,
0.6281284401954248,-0.72451320119250817,0.65237261773582089,0.0060524807453126439,-0.016278166876209411,0.0061592493613120596,0.99983021178962339,-0.2514342721063953,0.030989108463318447,0.25823399381789608,0.45134356249376628,-0.20223287335048312,0.040091137913161032,0.0074586209388430528,-0.058672797902823731,-0.35942798037284435,0.42384895815421819,-0.38279811579009032,0.034635848167391452,5.0952350920026666e-17,0.51527398610328712,0.5044535244944508,-1.487789222011126,-0.53249064160369231,0.51527398610328712,-0.5044535244944508,1.487789222011126,-0.53249064160369231,
0.63084192592693689,-0.72174229979769933,0.65290093520926729,0.0058935655396943126,-0.018746730035026086,0.0090850473457274768,0.99976561648865936,-0.23711971242448668,0.024322453455501981,0.25578010598737622,0.43895672445519895,-0.19844230696021486,0.043181958176307142,-0.010320464495328667,-0.073341084562720094,-0.36376579368768475,0.45657425142093355,-0.39114793678170728,0.041014283609785908,4.8590605364116013e-17,0.47494322922061427,0.52849993422991748,-1.4950145333193996,-0.58962529196552393,0.47494322922061427,-0.52849993422991748,1.4950145333193996,-0.58962529196552393,
0.63404512835676774,-0.71766764245502057,0.6532702127526907,0.0057540183498980711,-0.021500425934113998,0.012938624143233818,0.99966855255267517,-0.22297967480599301,0.015735032863866218,0.25240547335276797,0.42863589947298408,-0.1964515562332188,0.048247949693289896,-0.035683357410864806,-0.09235598564772951,-0.35927778215999406,0.49071900705286947,-0.39324301038152254,0.048996586240487396,4.9643753239081909e-17,0.43049143745633867,0.55665538837656903,-1.5062816127512395,-0.65402598251409938,0.43049143745633867,-0.55665538837656903,1.5062816127512395,-0.65402598251409938,
0.63758957483569156,-0.71240106044451457,0.6534299073397789,0.0058040706654709645,-0.024791414177793986,0.017169080158668623,0.99952834938949109,-0.2089845381412323,0.0052514223327352633,0.24896490430511364,0.4205175129413769,-0.1958248213977439,0.055315062542482078,-0.070264175851060651,-0.1137396710039047,-0.33731117425650675,0.5319258612458525,-0.39461548497460686,0.057360953830826185,6.1375691541237657e-17,0.38347196744784312,0.58738083886924075,-1.5210545372439765,-0.72293950949562125,0.38347196744784312,-0.58738083886924075,1.5210545372439765,-0.72293950949562125,
0.64117871988631259,-0.70682809260308832,0.65335273503825564,0.0061605538665989333,-0.029207277755664483,0.021333253885795912,0.9993267107311824,-0.19516362557392694,-0.0056877719528287208,0.24573602186199106,0.41510274034484057,-0.19550670315443811,0.063245337103567584,-0.11186208303057388,-0.1331344573130169,-0.29606483353285123,0.5878648342552858,-0.40569886274903977,0.064359298579961907,7.0266541826993512e-17,0.33626294236880444,0.61895607927523144,-1.5385178946873406,-0.79306651044311738,0.33626294236880444,-0.61895607927523144,1.5385178946873406,-0.79306651044311738,
0.64437980347024015,-0.70247013961437088,0.6531074308578716,0.0068544942296589317,-0.035085994406642784,0.02506687202075774,0.99904636570704142,-0.18178305744660106,-0.014610803088703552,0.24216873149477613,0.41237647935991828,-0.19399387322101588,0.069745592978201265,-0.15506453331698372,-0.14510920672002564,-0.242638129647432,0.62611139005557626,-0.39881528957385359,0.067293537814622439,6.5405151451722282e-17,0.2915802107678932,0.64989268806360867,-1.5568765150419068,-0.86157124054187451,0.2915802107678932,-0.64989268806360867,1.5568765150419068,-0.86157124054187451,
0.64699054962691771,-0.70027126186546007,0.65282830798121705,0.0077975717333966235,-0.042276445282814726,0.02848600672572572,0.99866933840492655,-0.16873925650606458,-0.020067605784230943,0.23724562012439385,0.41123873384973936,-0.19022621599920617,0.073162534505749763,-0.19560398545089225,-0.14729872110905232,-0.18758822374282097,0.67403087557922592,-0.40386627153915833,0.064295151886555699,4.1445552839394888e-17,0.24956567116306311,0.68026514313368502,-1.5740727308374274,-0.9289827920849747,0.24956567116306311,-0.68026514313368502,1.5740727308374274,-0.9289827920849747,
0.64905469604169985,-0.70022063571200355,0.65266044505456022,0.0087678124032948852,-0.050066985147378458,0.031834732376175734,0.99819986589783227,-0.15563230604133921,-0.022075924928638333,0.23053262235859978,0.40960324785203189,-0.18394460536875118,0.073173363066018834,-0.23140829232999349,-0.14123875734032293,-0.14131377209208368,0.72271504637831563,-0.41270365126760478,0.055273865798705184,2.3749846425489329e-17,0.20806425014182009,0.71098546451871614,-1.5879893877018856,-0.99752418438358148,0.20806425014182009,-0.71098546451871614,1.5879893877018856,-0.99752418438358148,
0.65077899857364963,-0.70132102631745263,0.65268275525169361,0.0094936876777355766,-0.057479507582136505,0.035148315213401837,0.99768260085061722,-0.14222259422793876,-0.022084527189510549,0.2226818134118505,0.40564378395818457,-0.17595874213487914,0.07107258173066032,-0.26293062556528723,-0.13152544907332789,-0.10808398565278621,0.75920611744302402,-0.41234005011882119,0.042986279663492895,1.1776483036633464e-17,0.16500976163243888,0.7422722217588541,-1.5977658054888431,-1.0676542709272974,0.16500976163243888,-0.7422722217588541,1.5977658054888431,-1.0676542709272974,
0.6523207422005417,-0.70248238573089039,0.65287310598005177,0.0098233378266341757,-0.063955422999113595,0.038103890669062883,0.99717666409660244,-0.12875708091147298,-0.021590405903488329,0.21508138874273272,0.39915401161888309,-0.16744807481637641,0.068599831915315143,-0.29131081792461777,-0.12197225181277251,-0.085440892382551203,0.78523267563135724,-0.4045260320409193,0.03071349530484694,2.0475285273967248e-18,0.12098848059505429,0.7726371522822979,-1.6037497831364609,-1.1361671129183106,0.12098848059505429,-0.7726371522822979,1.6037497831364609,-1.1361671129183106,
0.65361498478223057,-0.70304147041519127,0.65316722815438544,0.0096478333229239235,-0.069345809594913696,0.040234607836658887,0.9967342947526332,-0.11600236989303936,-0.021352800044879099,0.2093163897338626,0.391045376283847,-0.15927902961761273,0.067171583245031641,-0.31698217763118264,-0.11427348599466158,-0.06924621516360524,0.81497190975455402,-0.40374827855349688,0.020701807158920886,-1.6851869962027001e-18,0.079149245883082517,0.79895088075499676,-1.6069423797183409,-1.1967143703638514,0.079149245883082517,-0.79895088075499676,1.6069423797183409,-1.1967143703638514,
0.65436964020481014,-0.70312368175983486,0.6535196274001257,0.0089009762810655577,-0.073841410199010069,0.041302805678777907,0.99637457665484741,-0.10474277074834254,-0.020998240426973548,0.20609989376657833,0.38226330216475007,-0.1513584623215663,0.067050919421388439,-0.33996537446238451,-0.10742375993193526,-0.05703132961472443,0.84212658433267684,-0.40371995372639086,0.012471185197765964,1.1686343400132549e-17,0.042085328710587497,0.81884921520174503,-1.6084371630552157,-1.2452063257846908,0.042085328710587497,-0.81884921520174503,1.6084371630552157,-1.2452063257846908,
0.65484821764685064,-0.70321885879662305,0.65387321711902391,0.0078769234902633135,-0.077639451588142075,0.041762165061432661,0.99607529394258265,-0.095132685166511091,-0.020085633378008828,0.20454655992770007,0.37406591520053778,-0.1441197076762184,0.067274162130599682,-0.35966830735238281,-0.099525697424553639,-0.046453390154099834,0.85329861002003327,-0.39149288600641496,0.0046279562052044913,1.5117616378535721e-17,0.010390625874681959,0.83157279131492245,-1.6099349944402657,-1.2808145633688919,0.010390625874681959,-0.83157279131492245,1.6099349944402657,-1.2808145633688919,
0.65599234259864625,-0.70373053399628749,0.65415776294558658,0.0072354194341643112,-0.080891932253696577,0.042561947350491208,0.99578743948676574,-0.086430617149518149,-0.018772781037431668,0.2026926094000237,0.36787546579087943,-0.13887021533079685,0.066306025334652324,-0.37542129046133121,-0.089490552039267798,-0.034708040769562715,0.86519906975011451,-0.3842904344322759,-0.0035719933602423996,5.1948431004171531e-18,-0.017353806322845416,0.83866298893325486,-1.6130611790282223,-1.3065523112224313,-0.017353806322845416,-0.83866298893325486,1.6130611790282223,-1.3065523112224313,
0.6590339863851441,-0.70478905386898738,0.65440591532893533,0.0076148224467833901,-0.08255080720804453,0.044590350513732925,0.99555968146036666,-0.077491433895478051,-0.017623802778459007,0.19854284564849181,0.36494222659874814,-0.13952432891644603,0.062285911539141404,-0.38605960370386982,-0.077215805082619729,-0.019963708847356779,0.87082127721483427,-0.37820000296324241,-0.011649086941858483,7.5312504897472607e-18,-0.04223025302217509,0.84208732130628672,-1.6184100837232642,-1.3259551964604817,-0.04223025302217509,-0.84208732130628672,1.6184100837232642,-1.3259551964604817,
0.66520420866022301,-0.70627237905389229,0.65456399178013125,0.0094784257623240324,-0.082444928212636048,0.048668641587423365,0.99536142007971973,-0.066960938404241541,-0.017167329861445133,0.18993272577045422,0.36605970952311451,-0.14816617245112976,0.05413038943684368,-0.39020356806198597,-0.063894596033102366,-0.0018724400449502995,0.86936258901318997,-0.3738211506854619,-0.018898562097319289,1.40425108033219e-18,-0.064432369116012189,0.84367592631839461,-1.6255633862514656,-1.3427208471317267,-0.064432369116012189,-0.84367592631839461,1.6255633862514656,-1.3427208471317267,
0.67470338171751609,-0.70796637472490953,0.6544452305295555,0.01277496791995137,-0.082230808256504834,0.055060385862146156,0.99500916994610555,-0.054285655068883359,-0.017389445575828139,0.17580797093710712,0.37080749463840912,-0.16177707466670227,0.042673123960466589,-0.38765188071650231,-0.051452791586099049,0.017618249693189293,0.85713341261472786,-0.36419385485867839,-0.025368392490356498,-2.2819431708216465e-17,-0.084403699414712444,0.84465651793241614,-1.6333095792104175,-1.3595237853955831,-0.084403699414712444,-0.84465651793241614,1.6333095792104175,-1.3595237853955831,
0.68559497029093741,-0.70962916854214908,0.65406986145544666,0.016590261406700679,-0.081930177664793727,0.06287032274690596,0.99451472172712085,-0.041196884336804344,-0.017770971856030895,0.15804345784565449,0.37758177030468754,-0.17788216917729002,0.030064624466108768,-0.38093946332081358,-0.041579962946575171,0.034135470801831366,0.85554300081577472,-0.36847911140053691,-0.030959422425254565,-3.3216814027413169e-17,-0.10440136881798442,0.84630882029385579,-1.6400493397948919,-1.3775240585361375,-0.10440136881798442,-0.84630882029385579,1.6400493397948919,-1.3775240585361375,
0.69471888017885397,-0.71103694459709144,0.65357887427923245,0.01974985945940683,-0.081627213341374363,0.0702439684793673,0.99398829268041444,-0.030966558705973417,-0.017753661196789353,0.14119077920227818,0.38469053068937964,-0.1924754377051556,0.019462214322121533,-0.37401081607811304,-0.035039723627520905,0.044532313844925703,0.85463723949008119,-0.37345441989534855,-0.035427609018205339,-1.6662328517892244e-17,-0.12675514095358997,0.84952280481774234,-1.6446673983554265,-1.3957997322693898,-0.12675514095358997,-0.84952280481774234,1.6446673983554265,-1.3957997322693898,
0.6998807469535886,-0.71203925896223486,0.65314978686092628,0.021607188952259881,-0.081414252474557428,0.075548552138568287,0.9935780116072197,-0.026125912566398735,-0.017254905707297572,0.1295117994707391,0.39136918969920098,-0.20264124139156423,0.012949806628732642,-0.36915730496660648,-0.03189532198514506,0.047966369052942479,0.85142482213431137,-0.37436969525088926,-0.038430117920460444,-3.2039154608837826e-17,-0.1506829708343452,0.85428362615931808,-1.6460615515004415,-1.4121936427934674,-0.1506829708343452,-0.86928362615931809,1.6460615515004415,-1.4121936427934674,
0.70018651375913699,-0.71259557347901747,0.65293160080357926,0.021926110231752914,-0.081354469076772754,0.077815819826016847,0.99340092321083862,-0.027584796407261448,-0.016402385262940317,0.1255830925918589,0.39686649003024072,-0.20669046927166951,0.011408588587702601,-0.36706781281409406,-0.032378135637954365,0.043029582602826855,0.84374149616337779,-0.36866047100487909,-0.040093990689878553,-3.9474420551475282e-17,-0.17157677535228102,0.85980375747899129,-1.6422296305183104,-1.4248404615393457,-0.17157677535228102,-0.87480375747899131,1.6422296305183104,-1.4248404615393457,
0.69660887068411304,-0.71281647279966054,0.65293479532889442,0.021005876262132517,-0.081431899522120918,0.077377905468784217,0.99344866935737708,-0.034040902571419909,-0.015354124354560982,0.12860412149373673,0.40054153086829369,-0.20496394541838167,0.014020778852989418,-0.36696699841919539,-0.036771885285536994,0.027865692028172261,0.8317793825823363,-0.35729916551150953,-0.041351772307714522,-1.7638325105912226e-17,-0.18513970147477671,0.86506656815077521,-1.6320760691177452,-1.4335233568247041,-0.18513970147477671,-0.88006656815077522,1.6320760691177452,-1.4335233568247041,
0.69133055161649259,-0.71287941340589323,0.65311105345120823,0.019509520105044489,-0.081572645161414256,0.075444852567986276,0.99361630240633425,-0.042626286358663189,-0.014344377833744692,0.1351890702741429,0.40063395392983325,-0.19806306718113012,0.018779563740123659,-0.36767223238252489,-0.0453766513482027,0.0007650506609049501,0.81675691425169505,-0.34254392321558841,-0.043607682651058514,-9.4202205817831993e-18,-0.19043286030515444,0.86941196123875863,-1.6167012089707584,-1.4393702809667308,-0.19043286030515444,-0.88441196123875865,1.6167012089707584,-1.4393702809667308,
0.68644747461236588,-0.71296896188909287,0.65343125740299257,0.01806659679334327,-0.081707552089276658,0.073227403815760206,0.99379838062973747,-0.050282706474297306,-0.013491105573163591,0.14180943866056586,0.39513222012595511,-0.18643948280376316,0.023457562191238956,-0.36869667133289652,-0.057612268020131543,-0.037178230490418865,0.80050439241115234,-0.32650713186654895,-0.047849490520702927,-1.6696296455441302e-17,-0.19131947530940679,0.87312239845503203,-1.5994346394933618,-1.4440575440797163,-0.19131947530940679,-0.87312239845503203,1.5994346394933618,-1.4440575440797163,
0.6824742862019082,-0.71312684588168318,0.65388728971745391,0.016875975589084137,-0.081819351471049281,0.070953463038373951,0.99397505062030389,-0.055746240663043678,-0.012901012888746701,0.14734722024939498,0.38279674076342496,-0.16984190174566777,0.027252387445675839,-0.37048066833424215,-0.072069708205538985,-0.081916803228930607,0.78395461511363607,-0.30952045222407071,-0.054028619414602672,-2.7620295638677422e-18,-0.19297607973957787,0.87717646661878068,-1.583469669656808,-1.4485813994518775,-0.19297607973957787,-0.87717646661878068,1.583469669656808,-1.4485813994518775,
0.67900646605958725,-0.71333523355589068,0.65474509554867244,0.015549149496847294,-0.075321117920745584,0.06863446669627489,0.99467294279396767,-0.059268619951909615,-0.01305781207219487,0.15062761125717533,0.36428872979177629,-0.16173602094573378,0.027948930709970746,-0.37310716344170558,-0.084578890472476825,-0.12557606789822987,0.76660161065537868,-0.30354933481270374,-0.058271487312714559,9.7760940007522187e-19,-0.1989511337867137,0.88300989704924127,-1.5703180134988612,-1.4544176079774931,-0.1989511337867137,-0.88300989704924127,1.5703180134988612,-1.4544176079774931,
0.67555028772338688,-0.71365862084474641,0.65567286722892704,0.014500676739552314,-0.066714088288679127,0.066458116010332816,0.99545079216115084,-0.062122333974607966,-0.014043359437912696,0.14979467632122184,0.34233981071818159,-0.15473209484964684,0.026937715771985227,-0.37596551998326855,-0.093986898272765879,-0.1620815071387724,0.74730277762595432,-0.29906081907045567,-0.060523783607306869,-1.8428474999848075e-17,-0.20888987008783375,0.89156018591745101,-1.558570628888128,-1.4633667573704348,-0.20888987008783375,-0.89156018591745101,1.558570628888128,-1.4633667573704348,
0.67213693353082504,-0.71435788931657596,0.65639689925069555,0.014027171724123259,-0.058016567400245113,0.065185329098140538,0.99608643662630092,-0.065504276634144251,-0.015260792917461347,0.14464929664490664,0.32236419199567529,-0.14907441098178165,0.024526946368464166,-0.37777917177857634,-0.099284172381274849,-0.1880003724486389,0.72648934877350824,-0.29389540035262796,-0.061405652109888902,-2.7769281451915857e-17,-0.2203614561996233,0.90313516485629886,-1.5454618055061744,-1.4773648784149813,-0.2203614561996233,-0.90313516485629886,1.5454618055061744,-1.4773648784149813,
0.66929094417499335,-0.71559200742854234,0.65677490217645551,0.014324641828702987,-0.049999919392107926,0.065376949891285063,0.99650422333283384,-0.069660389467151113,-0.015935706420353177,0.13816967416503281,0.30919815763340708,-0.14777832089105242,0.020633327931373544,-0.37756227033821887,-0.10081202957111093,-0.20404102802335627,0.70680619261480682,-0.29039462698450458,-0.061821492903851749,-3.87734490457907e-17,-0.23134352045863171,0.91706609374149406,-1.5296056882604354,-1.4967086005748649,-0.23134352045863171,-0.91706609374149406,1.5296056882604354,-1.4967086005748649,
0.66750265378127738,-0.71722521336158995,0.65680766297660109,0.015265743841818676,-0.042828621225797496,0.066570725691039945,0.99674520553139412,-0.073761659353570236,-0.015594800850310717,0.1341443894201691,0.30422550164028644,-0.15269228366489818,0.015419119910573854,-0.37527729922250064,-0.099644809083389074,-0.21322391579533406,0.69086167798367792,-0.29103258134588583,-0.062434280850811673,-6.6629368553661765e-17,-0.24074847839701635,0.93194542257168456,-1.5113959394255896,-1.5194253295831337,-0.24074847839701635,-0.93194542257168456,1.5113959394255896,-1.5194253295831337,
0.6670437811433837,-0.71885955743197139,0.65661011096750688,0.01616719064318535,-0.036333461783731646,0.067083935776642484,0.99695448595321146,-0.076202800541510282,-0.0138848098609703,0.13540394118455737,0.30595622625088886,-0.16432484057173941,0.0096378617735909302,-0.37223345386019263,-0.09665432935987521,-0.21869796306039788,0.68049367194181443,-0.29670104397635511,-0.063249817328434196,-7.7985920250690079e-17,-0.24730305836347316,0.94558480135180112,-1.4918275466232029,-1.541331393327299,-0.24730305836347316,-0.94558480135180112,1.4918275466232029,-1.541331393327299,
0.66747478323388032,-0.72012928687360889,0.65635384549274567,0.016061930549022441,-0.030275105656118295,0.064917699752952002,0.99730192250057104,-0.075878613959723271,-0.010519364064551616,0.14259703423775275,0.31114256447605854,-0.18123465903313066,0.0044088441494661325,-0.37019606249188808,-0.091772289741863064,-0.22193370150388556,0.67460517605924719,-0.30495740656753317,-0.063815572906630563,-7.4894197868107413e-17,-0.24971908755149497,0.95636453515226949,-1.4711120941104121,-1.5585662250105465,-0.24971908755149497,-0.95636453515226949,1.4711120941104121,-1.5585662250105465,
0.66807512086051635,-0.72085046763001137,0.65617079122273414,0.01426688911864463,-0.024391743387721543,0.058588102211395161,0.99788222401676774,-0.072289614310903222,-0.005679193877467935,0.15157572077147574,0.31645009139337094,-0.20133440448021145,0.00033781989301524492,-0.37082814569027012,-0.084753968449287273,-0.22296940095292944,0.6706328600140764,-0.31204638347597297,-0.063589569421169431,-6.9314697559427928e-17,-0.24728958858454636,0.96364325155614106,-1.4493666878308666,-1.5685370734695352,-0.24728958858454636,-0.96364325155614106,1.4493666878308666,-1.5685370734695352,
0.66845953993751717,-0.72114501655698782,0.65601699475246167,0.011024900023098619,-0.018643791847744232,0.04843881864151197,0.99859127847865437,-0.065693375267268622,-4.8978158350206887e-05,0.15725493289995612,0.32044059118101847,-0.22297174274778928,-0.0027564172737348986,-0.37449414948287585,-0.075851476976273591,-0.22082908515306687,0.66693817942714184,-0.31600944867724223,-0.062497860090563802,-5.0420400431329197e-17,-0.24090329568067834,0.968194906430347,-1.4275091263850208,-1.5716401863835625,-0.24090329568067834,-0.968194906430347,1.4275091263850208,-1.5716401863835625,
0.66877467796312962,-0.72126521678648658,0.65569813359644513,0.0072910756266737573,-0.013208602515702349,0.036411701118305419,0.99922297864763876,-0.056533383188640242,0.0056157720636121787,0.15836394203702739,0.32369338309131845,-0.24558678002209494,-0.0055141972011079933,-0.380255940873718,-0.065950961678290981,-0.21460433503924997,0.66404412224033427,-0.31798068848274247,-0.06090643997047767,-3.9380501078356098e-18,-0.23268700142584314,0.97186043063677552,-1.4072952139591497,-1.571101376877261,-0.23268700142584314,-0.97186043063677552,1.4072952139591497,-1.571101376877261,
0.66906006667054707,-0.72140271260438449,0.65505825250352179,0.0041325217499771482,-0.0081804725810268718,0.025252044425003544,0.99963910306905002,-0.045550016813489337,0.01068236701996571,0.15792104911189475,0.32630207484602097,-0.26803193217564425,-0.0086345541622857187,-0.38676300234306293,-0.05682664218409126,-0.20591177766692681,0.6626031132348662,-0.31990453647754774,-0.059260201921730697,1.9149673345694837e-17,-0.22526698078382196,0.97696681472708558,-1.3904517781078212,-1.5718462639807487,-0.22526698078382196,-0.97696681472708558,1.3904517781078212,-1.5718462639807487,
0.66924420767600334,-0.72160900712809961,0.65402932465981811,0.0020568210299283141,-0.0033166510552263672,0.016599596688842297,0.9998546007809318,-0.033509482863331344,0.014894331372600775,0.15796141799323576,0.32813205667341189,-0.28987244699511727,-0.012672402058372532,-0.39325325742717215,-0.04983275712613993,-0.19752916974635221,0.66251396160369214,-0.32307196098718211,-0.057748252941162537,1.9159699762844217e-17,-0.21991593930179809,0.98502625430673985,-1.3768854216266977,-1.5776128531582632,-0.21991593930179809,-0.98502625430673985,1.3768854216266977,-1.5776128531582632,
0.66924393480894651,-0.7218666257338473,0.6526008246670435,0.001059787715656387,0.0018330820579900585,0.010955772626400635,0.99993774191512785,-0.021172127464617895,0.018457782396788931,0.16068787309428362,0.32895919081334868,-0.31114113563463902,-0.017937132944175444,-0.39924664665274479,-0.04512173374910141,-0.19018534983746962,0.66284817087203596,-0.32790313363970969,-0.056005505460516393,1.3992648541644851e-17,-0.21664517759561983,0.99687566254452742,-1.3646419708781712,-1.5908567548057255,-0.21664517759561983,-0.99687566254452742,1.3646419708781712,-1.5908567548057255,
0.66906540794420344,-0.72206541297340154,0.65080404948450266,0.00079771039346315635,0.0075454319604342252,0.0075272921521120154,0.99994288336260262,-0.0090097473400774872,0.021562072365626364,0.16680973910837427,0.32869169087752514,-0.33198803705716157,-0.024204096849914519,-0.40399353406900085,-0.041603074545641008,-0.18089620905584172,0.66189663147107636,-0.33367945477854682,-0.053048658598046257,-1.2260454666324985e-17,-0.21448477942961003,1.0120817181411139,-1.3513777114439616,-1.6110806927022838,-0.21448477942961003,-1.0120817181411139,1.3513777114439616,-1.6110806927022838,
0.66879115651988363,-0.72201332625116188,0.64870591781232367,0.00097358183913601561,0.013722235295628488,0.005282783484031133,0.99989141640257861,0.003057087714771106,0.024043752728811686,0.17572663809052302,0.32699073632614406,-0.35206385995565587,-0.030940056733886355,-0.40564828156633631,-0.038117528603877383,-0.16515747712259524,0.65704727133816543,-0.33893293601281377,-0.047636246563703147,-3.3430912528107278e-17,-0.21216964831595533,1.0294438209945787,-1.3359863762077213,-1.6360119434900344,-0.21216964831595533,-1.0294438209945787,1.3359863762077213,-1.6360119434900344,
0.66848613851113337,-0.72158873205599083,0.64642875813659684,0.0013839195361971647,0.020077769761815946,0.0037469991207756998,0.99979044200557243,0.015104078883589382,0.025757601333986083,0.18599392613410426,0.3233542543872977,-0.37048065013711112,-0.037645892120046098,-0.40107651780837511,-0.034158469033294434,-0.14281398226598549,0.64430240565653574,-0.34176517896784042,-0.039569177627100882,-7.273288713661517e-18,-0.2084586919135753,1.0478431382117674,-1.3180993821029481,-1.6638482914803032,-0.2084586919135753,-1.0478431382117674,1.3180993821029481,-1.6638482914803032,
0.66808474256097949,-0.72092178457157385,0.64422563698679414,0.0018251187755528252,0.026499677960184105,0.003209880233548386,0.99964200225798217,0.026857904621328227,0.027218915263350244,0.19640419622777555,0.31759090254607486,-0.38660176837109167,-0.044397664916204997,-0.38905149154102986,-0.029915932630998229,-0.12046645916015902,0.62186051912164508,-0.34146593353176696,-0.030753344487261587,3.3351418677643853e-17,-0.20312934376951064,1.0672432900023012,-1.2977906665317929,-1.6949652745232293,-0.20312934376951064,-1.0672432900023012,1.2977906665317929,-1.6949652745232293,
0.667450280909063,-0.72041475004826516,0.64599886488707958,0.0019854427684502496,0.032714384365417161,0.0036031607443521613,0.99945627433382767,0.037281322104940548,0.029481484722574128,0.2036835434237198,0.31120958371262197,-0.40057161166256566,-0.0511272773451419,-0.3726298723529613,-0.025574086408204483,-0.10765386689541917,0.59351588232431507,-0.33890114022669987,-0.024341217280417507,4.5608334969231701e-17,-0.19756694460414917,1.0871437585646597,-1.2762335775937552,-1.7286388575938167,-0.19756694460414917,-1.0871437585646597,1.2762335775937552,-1.7286388575938167,
0.66651721968146005,-0.72044214095933568,0.64733175418397171,0.0016763126666298998,0.038043309237778447,0.0040158490105971266,0.99926661585124854,0.045457184627411468,0.033163669291429061,0.20377271109413492,0.30758966329974535,-0.41387393351482954,-0.057061102542219792,-0.35778113041595794,-0.021101841136672555,-0.10828805690806229,0.56762376331326847,-0.3359828772408166,-0.022031931380483424,5.1332833520659401e-17,-0.19483359534289268,1.1059908314586171,-1.2568967186866495,-1.7609340966087059,-0.19483359534289268,-1.1059908314586171,1.2568967186866495,-1.7609340966087059,
0.66530661467760599,-0.72101711996607498,0.64796049496684027,0.00096835106484095064,0.041396280740865585,0.0032800858130363677,0.99913695321216989,0.05127751023528157,0.037746140075603896,0.19492441224768173,0.29905193880497383,-0.41688024889237746,-0.060868408332620409,-0.34904737040861528,-0.016473691683229305,-0.11830526457313931,0.55147097182673332,-0.33391342554646075,-0.023606359024411199,1.7196323383847952e-17,-0.19646792653906167,1.1217001917610516,-1.2445039073688957,-1.7856022449959466,-0.19646792653906167,-1.1217001917610516,1.2445039073688957,-1.7856022449959466,
0.66393849678647243,-0.72171950442761079,0.64792728408859923,0.00012543528424685242,0.041867207633200683,0.00091242379081526396,0.99912275956151342,0.055107776709191189,0.041734198898345613,0.17868182992173845,0.29673036825830845,-0.41937371270554258,-0.061450633807968641,-0.34761372390369327,-0.012032585650669244,-0.12876273566975671,0.54793606240501458,-0.33272608734617387,-0.02777527696049082,-2.1757717685571334e-17,-0.19918881046900605,1.1330082672500301,-1.2415440798072299,-1.7979059517069587,-0.19918881046900605,-1.1330082672500301,1.2415440798072299,-1.7979059517069587,
0.66257834156720274,-0.72206158256653419,0.64754970717473059,-0.00058499109040272728,0.039574038447617615,-0.0024127186192736336,0.9992135567811492,0.057532234675616287,0.043907178931683194,0.15994086419281195,0.29940247690394373,-0.42058305423377707,-0.059193235037436558,-0.35022136027846718,-0.008362828951771227,-0.13282185113273276,0.55287402781500083,-0.33116050319163237,-0.032541843579994997,-1.8822718628054646e-17,-0.19653201023497788,1.140612612135431,-1.2446759905544256,-1.7994702352398011,-0.19653201023497788,-1.140612612135431,1.2446759905544256,-1.7994702352398011,
0.66145481982960819,-0.7218920353347178,0.64732737948384977,-0.00098528605155245082,0.035789287107588608,-0.0054460487618537548,0.99934403320008414,0.05871562854428404,0.044073242422941077,0.14519461246563026,0.31131444990841484,-0.42691031573764332,-0.05581105078679692,-0.35117378273448718,-0.0058434721150498027,-0.12910206381072997,0.55725615858361122,-0.32738961630333169,-0.035668110632717812,-3.1525816615156002e-17,-0.18241046062802813,1.1460966768472247,-1.2459014290736679,-1.796911513371682,-0.18241046062802813,-1.1460966768472247,1.2459014290736679,-1.796911513371682,
0.66071936752549665,-0.72149960842503003,0.64761756743540644,-0.0010900947568427913,0.032223920305541533,-0.0073974108730489865,0.99945270471690584,0.058228275851282242,0.043213049587466502,0.13902033528167246,0.31872073274209306,-0.42726761363497073,-0.053187920263458102,-0.34670655083549196,-0.0042111396632800125,-0.12166502699199659,0.55392421951568283,-0.32081908654320646,-0.036353774702172929,-4.0990474615025471e-17,-0.1562145218049511,1.1506336757526043,-1.2385784521701153,-1.7968545127094622,-0.1562145218049511,-1.1506336757526043,1.2385784521701153,-1.7968545127094622,
0.66043175071534543,-0.72132986948786704,0.64839793925189348,-0.00098130262496410963,0.030008210001347135,-0.0085694494254278421,0.99951243559758585,0.055743744915458401,0.042555635664373696,0.14202120333981147,0.31698145142611966,-0.41887676589066392,-0.052410356056837311,-0.33716968391617697,-0.002829372300306901,-0.11430049766370914,0.54203741288792129,-0.31264447027407272,-0.035378506866603848,-3.8087890473562893e-19,-0.12331196147077936,1.1538842472898052,-1.2223371754062251,-1.8006774109295276,-0.12331196147077936,-1.1538842472898052,1.2223371754062251,-1.8006774109295276,
0.66059355939298237,-0.72169153088891047,0.64945278800959538,-0.00068898493522322798,0.02929320387663616,-0.010135147776411006,0.99951924057816477,0.040959033938424511,0.042999035295158326,0.1525077390206577,0.31266491655433998,-0.39969806685596704,-0.053094639113057444,-0.32450295921673089,-0.0011360474635441192,-0.10752579380663516,0.52432398415379433,-0.30432153431710784,-0.033782484840055818,3.621795371010713e-17,-0.092109107550745084,1.1548923894078944,-1.2031515661054488,-1.8045905790351311,-0.092109107550745084,-1.1548923894078944,1.2031515661054488,-1.8045905790351311,
0.66112580568911605,-0.72257869149520393,0.65060612228757719,-0.00022189489199087519,0.029316614882884756,-0.013160591520236247,0.9994835094614134,0.024180516807289727,0.044792023298632973,0.16737387908096557,0.31227827628704896,-0.3837108091540955,-0.055259391951042784,-0.31002186302126994,0.0011208082132821724,-0.099706840904663099,0.50355669775523271,-0.29601385648510831,-0.032230818545630813,1.753632240887583e-17,-0.065519567526185776,1.1524117022328433,-1.1870611063757368,-1.8026581794290926,-0.065519567526185776,-1.1524117022328433,1.1870611063757368,-1.8026581794290926,
0.66188736033565099,-0.72381594149898965,0.65174095047527159,0.00032494680053152443,0.029107821714753637,-0.017880240325594737,0.9994162927081478,0.0038474159971802597,0.04822534541910678,0.18209209763334402,0.33004526657252697,-0.38203590781272961,-0.057994981188004953,-0.29452428838539918,0.0039820890229578286,-0.090009213038649838,0.48186816392802911,-0.28723140353446963,-0.031193448545103832,1.6294058522613104e-17,-0.039317002632263134,1.1451195666265253,-1.175230793626578,-1.790723208940598,-0.039317002632263134,-1.1451195666265253,1.175230793626578,-1.790723208940598,
0.6627493916855447,-0.72525879330286391,0.65279063688676808,0.00082444589761108034,0.028233919326539379,-0.023701598622942296,0.99931996893444563,-0.020846936437368759,0.05357922783466576,0.19288102944843125,0.35988568513241626,-0.38724419438952618,-0.060713287363263327,-0.27881792498787117,0.0074244749839144546,-0.078872033710155137,0.46062296709921369,-0.27775543293810101,-0.030951313973114524,-4.2867908194974213e-18,-0.007653973615330557,1.1325009810000273,-1.1640192412600909,-1.7692568816449068,-0.007653973615330557,-1.1325009810000273,1.1640192412600909,-1.7692568816449068,
0.66363912682072046,-0.72684926173784592,0.65371280096765794,0.0011736498222886403,0.026525105132452553,-0.029815090041368997,0.99920273305752727,-0.04894048692873719,0.060909985866423641,0.19827310611584031,0.40040230452093306,-0.39858458456122164,-0.063335018879003377,-0.26354382104080948,0.01135590477094198,-0.067485625178301201,0.44087767190318417,-0.26772933723735887,-0.03164419512629963,-3.7241348882073243e-17,0.031578197690968417,1.1152049617392075,-1.1499523094711941,-1.7415462219360345,0.031578197690968417,-1.1152049617392075,1.1499523094711941,-1.7415462219360345,
0.66446486301868923,-0.72837369214926284,0.65442649467749181,0.0012601897653939662,0.023618471585617192,-0.035567121419438172,0.99908736334499282,-0.07731900769578462,0.069389283824721398,0.19782455952108347,0.42957794914912245,-0.3962832498775134,-0.065482675028343568,-0.24969834844710667,0.015380880176190262,-0.057146702355773543,0.42494856798434077,-0.25785599222492328,-0.033118031030657254,-5.5411773953085397e-17,0.077758536847759255,1.0936958416588742,-1.1319197407587118,-1.7098798462984135,0.077758536847759255,-1.0936958416588742,1.1319197407587118,-1.7098798462984135,
0.6651703281539274,-0.7295376833984839,0.65488937569258066,0.00105035877308808,0.019172705893911891,-0.040722473465146541,0.99898597800471356,-0.11414452694275345,0.077837763515107641,0.19254640241524112,0.46578154380209458,-0.39138722013199317,-0.064568084879402854,-0.23787029023029232,0.01889190208433688,-0.048551659231392284,0.41471275541612601,-0.24881056735141013,-0.034876766677113424,-5.6913809429722087e-17,0.1290198359745528,1.0680752948462549,-1.1110362550164807,-1.6745561490463265,0.1290198359745528,-1.0680752948462549,1.1110362550164807,-1.6745561490463265,
0.66573690104527961,-0.73011512789152877,0.65512949079930038,0.00061750567339311792,0.013324693635783105,-0.045148391924142703,0.99889123228353549,-0.14796082245380798,0.085369305273801113,0.18574214523809587,0.49982846598018521,-0.38468860309353126,-0.062034619365715617,-0.22806904114741741,0.021381898617861828,-0.041962119488322791,0.41009940526274541,-0.24081093027308009,-0.036394110069314527,-6.2919729120419025e-17,0.1833190767934024,1.0381783118331422,-1.0885187421412872,-1.6356276180899392,0.1833190767934024,-1.0381783118331422,1.0885187421412872,-1.6356276180899392,
0.66619454386646271,-0.73014071294328953,0.65523674301394341,0.00012435137875281907,0.0068064557569236508,-0.048650596262286808,0.99879265925420568,-0.17889153427238713,0.091860669600557471,0.18070799549375274,0.52887286633800001,-0.3744043760043051,-0.058105782659414358,-0.21975337886099494,0.022826061663093783,-0.037154522644444452,0.40887967176000145,-0.2336029900259895,-0.037492111200661767,-6.1227932201045125e-17,0.23854356237109747,1.0046764739895899,-1.0651333631763746,-1.5944785967589399,0.23854356237109747,-1.0046764739895899,1.0651333631763746,-1.5944785967589399,
0.66660073943482745,-0.72981484312434941,0.65529610288020823,-0.00025166954751454124,0.00064948036711020988,-0.050909096077578229,0.99870304834533041,-0.20753961939070831,0.097590893536173631,0.1786024776197056,0.57095199678675257,-0.37987929108297724,-0.053393494279314259,-0.21272038623382736,0.023442006146489034,-0.034066603329695744,0.4087530532542632,-0.22717166207042133,-0.038284383132760245,-5.6564863283825114e-17,0.2921422038756788,0.96906979093210577,-1.0416388078830388,-1.5534153254846781,0.2921422038756788,-0.96906979093210577,1.0416388078830388,-1.5534153254846781,
0.66700764057592321,-0.7294528341423272,0.6553904956620108,-0.00032310810832460174,-0.0042860329616579993,-0.051367392780359664,0.99867057455476793,-0.23421518106333314,0.10306847562153965,0.18025535596866879,0.60831142820525785,-0.38454922282471005,-0.048717229356239032,-0.20676286435287494,0.023433217808632258,-0.033525667756977275,0.40780778229577158,-0.22158552838613119,-0.039151411973815421,-3.9973473200356144e-17,0.33988014744641892,0.93525376376808278,-1.0199515921793223,-1.5170388828454038,0.33988014744641892,-0.93525376376808278,1.0199515921793223,-1.5170388828454038,
0.66742623161067849,-0.72927604993511108,0.65554694548782544,-3.1815014201540747e-05,-0.0080041146618748497,-0.049690757188245442,0.99873257771354562,-0.25876156520179339,0.10868036538449266,0.18626342514623065,0.63542181808394682,-0.38286201392704272,-0.044267437888889559,-0.20147596380297383,0.022897536107684791,-0.036542964968139809,0.40557863201650318,-0.21678054311619896,-0.04045431628147312,-3.6600473789087115e-17,0.37979517782324068,0.90622153071383083,-1.0015536146084374,-1.4881464530475874,0.37979517782324068,-0.90622153071383083,1.0015536146084374,-1.4881464530475874,
0.66783418358603064,-0.7293027684529062,0.65573459690443703,0.00053085480890830458,-0.011124378466460612,-0.04613664241190759,0.99887305330750753,-0.28122301799339527,0.11360295443252595,0.19497329695485263,0.67056976362614307,-0.39213249648548576,-0.039022463234192777,-0.1963576242081182,0.021804118570239898,-0.043246079000473461,0.40279367515486386,-0.21266536803502986,-0.042172454525720722,-4.2396397627246362e-17,0.41325564042745289,0.88224906147015059,-0.98702704305266198,-1.4654420729065567,0.41325564042745289,-0.88224906147015059,0.98702704305266198,-1.4654420729065567,
0.66817788532390332,-0.72937839341525257,0.65590033819508908,0.0011705504559227167,-0.014161685443745051,-0.041513767820165692,0.99903687797718255,-0.30220469765793712,0.1162259862811218,0.20266225667187771,0.70501510710208126,-0.40272449239689523,-0.031689431375375672,-0.19132983167941997,0.02018568911035027,-0.052441199924319643,0.40044512563184587,-0.2091665763907623,-0.043912288087592032,-4.6294689311665504e-17,0.44342155261152227,0.86101012736083882,-0.97576992569205967,-1.4445731941835678,0.44342155261152227,-0.86101012736083882,0.97576992569205967,-1.4445731941835678,
0.66839597703378728,-0.72931809401569836,0.65601144452518056,0.0017096759876062519,-0.017095887867880692,-0.036648646784307015,0.99918050637254996,-0.32206495147475067,0.11500297464975917,0.20526715017810884,0.72891185447045492,-0.40507401879897015,-0.021918526455562557,-0.18684923045021434,0.018191489452636839,-0.062423118659487992,0.3990091944670055,-0.20627651384630047,-0.045224310462497676,-2.9611800506251731e-17,0.47198668448286546,0.84039346807764581,-0.96731578211535285,-1.4222864064026117,0.47198668448286546,-0.84039346807764581,0.96731578211535285,-1.4222864064026117,
0.66848240692814109,-0.72892633970870668,0.65604724472138987,0.00203994053715405,-0.019643785455252093,-0.032787307817695323,0.9992672078986985,-0.34221258786191644,0.10945455355029575,0.20154197065948989,0.7336283157127419,-0.38998547619110219,-0.0096936989898827874,-0.1836362587315791,0.016222569454434042,-0.070596019806675445,0.39890773533497664,-0.20423383706646803,-0.04585368637955195,-1.6983330337804574e-17,0.50062306996035555,0.82138824856627368,-0.96399647699226909,-1.398876653398005,0.50062306996035555,-0.82138824856627368,0.96399647699226909,-1.398876653398005,
0.66849727580596041,-0.72816614089800513,0.65605371304865345,0.002179193943237877,-0.021638816399687056,-0.030804399645571173,0.99928879794634662,-0.36189518069169402,0.1008743761628537,0.19379105565708096,0.73702774607363342,-0.37565231253357217,0.0036877881200500897,-0.18152680784973207,0.01445081351176945,-0.074959892775791931,0.39935257639434157,-0.20266084532128131,-0.045588819201873583,-1.1446338818346773e-17,0.52924018656811966,0.80439458939333031,-0.96605258876853084,-1.3751554085842133,0.52924018656811966,-0.80439458939333031,0.96605258876853084,-1.3751554085842133,
0.66850172974082267,-0.7273084313727658,0.65621203355474089,0.0021878494101972897,-0.022952252808740015,-0.030494086113176624,0.9992689918726011,-0.37288304210434631,0.091612867707695722,0.1828765131876792,0.72109099907444185,-0.35013312366654586,0.013042814358867786,-0.17863667617019596,0.012400964392674022,-0.074854422763622849,0.39638502957064453,-0.19942490460547693,-0.043604189857458231,-2.236537691811279e-17,0.55156824310038299,0.78133213680851821,-0.96289763585588939,-1.3448785877135501,0.55156824310038299,-0.78133213680851821,0.96289763585588939,-1.3448785877135501,
0.66853735671090242,-0.72659305365440741,0.65661388797302866,0.0021500873335323465,-0.023771261349857357,-0.03126414505944887,0.99922612930807442,-0.37085264760843484,0.083655813375147992,0.17066878972173,0.68755163289255883,-0.31788602898491147,0.01582546946667612,-0.17352265252831212,0.0097155446273718919,-0.070950578674429859,0.38770824288404104,-0.19314464506449616,-0.039677399057066125,-2.4399185811400965e-17,0.56391634777298449,0.7457782868208177,-0.94654168763076463,-1.3021723108785745,0.56391634777298449,-0.7457782868208177,0.94654168763076463,-1.3021723108785745,
0.66860255804667301,-0.72615777276296267,0.65724376110419336,0.0021097621331688885,-0.024249485086017489,-0.032462523664750075,0.99917650889826271,-0.35476993370383714,0.077630280818461836,0.15759502797899738,0.64851268189807654,-0.29169034463260918,0.011796368038621255,-0.16572856579692644,0.0062166656338449111,-0.064471309616196307,0.37285466278103085,-0.18353312467433908,-0.033979608811027531,-2.4979981355693003e-17,0.56364843163031841,0.69427945141520353,-0.9126551756771113,-1.2424989080298146,0.56364843163031841,-0.69427945141520353,0.9126551756771113,-1.2424989080298146,
0.66867140952656934,-0.7260265458222992,0.65800168212775034,0.0020693041958139047,-0.024469529447977371,-0.033422556160200657,0.99913957625972272,-0.32691498429448151,0.072946094630086486,0.14238929408770529,0.59983024326873324,-0.26584007179943731,0.0026156854288326989,-0.15571726134964065,0.0019446556715200449,-0.05702531564653171,0.3529658970423421,-0.17127836112790445,-0.027020852868178236,-1.5121531223006975e-17,0.5493895797018471,0.62708661512370711,-0.86050420948708761,-1.1638062072069923,0.5493895797018471,-0.62708661512370711,0.86050420948708761,-1.1638062072069923,
0.66872675722201702,-0.72607756205167329,0.65875839419675575,0.0020211364493696983,-0.024484286516719383,-0.033939819995446055,0.99912187611917347,-0.2924811028212469,0.068436236145915041,0.1241275131967321,0.54545758876097628,-0.24044531490139529,-0.0084562529348117029,-0.14457752286020017,-0.0028222986731378783,-0.049654884220720681,0.33035532869858769,-0.15773186724581256,-0.019482092184809837,-7.192850478952832e-18,0.52196061086705736,0.54867165994475875,-0.79347141419586065,-1.06716741383727,0.52196061086705736,-0.54867165994475875,0.79347141419586065,-1.06716741383727,
0.66877975158872305,-0.72609894463656843,0.65939883159767376,0.0019878361194891878,-0.024515926451911939,-0.034427331327595179,0.99910448738629265,-0.25936428497019043,0.063713416612912341,0.10586904159959531,0.4921153951245234,-0.21540247996061801,-0.017449836047434643,-0.13369417772444367,-0.0075136961933778114,-0.042506964499658663,0.30831892853968507,-0.14461523927761838,-0.012286638015254675,9.1937799295201878e-19,0.48534294891988727,0.46813857939313153,-0.71925216117142465,-0.95737450815067371,0.48534294891988727,-0.46813857939313153,0.71925216117142465,-0.95737450815067371,
0.66883473569956431,-0.7260816669541259,0.65993164334509913,0.0019735663362568543,-0.024589465591032485,-0.034979125414601062,0.99908354205396332,-0.22780357080849212,0.058927847177426954,0.088224201332996091,0.44009616260376966,-0.19061970570186429,-0.024404456159440445,-0.12307848143703644,-0.012094746827815238,-0.035422470416382218,0.2869324404497377,-0.13193840056518089,-0.0054534361504149876,2.9059163154181771e-18,0.43773830262762653,0.38770294072952866,-0.63583053634548548,-0.83285813021945065,0.43773830262762653,-0.38770294072952866,0.63583053634548548,-0.83285813021945065,
0.66888971981040557,-0.72606438927168349,0.6603783839974865,0.0019741782121921853,-0.024657844764731939,-0.0355312786761127,0.99906237119990937,-0.19624285664679375,0.054142277741941552,0.070579361066396867,0.38807693008301591,-0.16610119706720178,-0.029970065479931664,-0.11246278514962924,-0.016675797462252093,-0.028337976333105773,0.26554595235979039,-0.11936287279145773,0.001194331292710441,2.1357609983114548e-18,0.37569964174996301,0.30886760913404299,-0.53860648906065967,-0.69014079223857094,0.37569964174996301,-0.30886760913404299,0.53860648906065967,-0.69014079223857094,
0.66894664453692354,-0.72604650178868435,0.66075282117767353,0.0019918447158417205,-0.024724007179768689,-0.036103336298733441,0.99904019195010529,-0.16356823492644723,0.049187805855791814,0.052311761731564731,0.33422172464976496,-0.14093584250375599,-0.034256177585742689,-0.10147241722854881,-0.021418532236728131,-0.021003441282184274,0.24340464704313899,-0.10644682863581616,0.0078755187694006055,-2.726128398180287e-18,0.29315952956952579,0.23702611415419172,-0.41944481004127487,-0.52125387086343999,0.29315952956952579,-0.23702611415419172,0.41944481004127487,-0.52125387086343999,
0.6690051118041076,-0.7260281295924218,0.66104660461038733,0.0020275304992919364,-0.024788496108648094,-0.036691326919869302,0.999017100008606,-0.13000819950563677,0.044099078175525011,0.033549148778393621,0.27890715613222139,-0.11525263424473371,-0.037082468110306341,-0.09018423339352305,-0.026289785173798725,-0.013470155718519276,0.22066335880269727,-0.093284724658908774,0.014522244469162221,-7.0682254865866738e-19,0.19095687819360446,0.1795846305330549,-0.27861662700029638,-0.32932856533614618,0.19095687819360446,-0.1795846305330549,0.27861662700029638,-0.32932856533614618,
0.66905516973669255,-0.72601239986523902,0.66122650916306325,0.0020696544047351974,-0.024842049281712276,-0.037195029507326206,0.99899705650120885,-0.10127509683896842,0.039742261114802509,0.017485158454231795,0.23154847023549902,-0.093341804312128684,-0.038222652024689614,-0.08051962663774781,-0.030460406837367907,-0.0070203810146495004,0.20119294521130626,-0.08209463884460122,0.020042001088938208,3.9081256986094874e-19,0.093812640844955109,0.14138628452165122,-0.14762607519934279,-0.1534835368841389,0.093812640844955109,-0.14138628452165122,0.14762607519934279,-0.1534835368841389,
0.66909084720951895,-0.7260011889165412,0.66131536080227704,0.0021062913417332924,-0.024879465067995942,-0.037554192355231858,0.99898261165610902,-0.080796334799205782,0.036637054521822324,0.00603597250748823,0.19779481438266602,-0.077743305638783122,-0.038314040941247095,-0.073631432757140597,-0.033432907565776493,-0.0024234739940981803,0.18731592081267076,-0.074162299281060801,0.023878487139766248,-1.406142148459665e-18,0.019367239254038229,0.12180748094741339,-0.048453187045304318,-0.021759323444306727,0.019367239254038229,-0.12180748094741339,0.048453187045304318,-0.021759323444306727,
0.66911015384753381,-0.72599512218279671,0.66135014919004476,0.0021290945109241175,-0.024899375405192263,-0.037748625193254844,0.99897473909854906,-0.069714382677270079,0.034956691679317545,-0.00015968181236742003,0.17952923771474527,-0.069302076580746608,-0.038114653306462874,-0.069903930350340593,-0.035041457471808771,6.411306862694015e-05,0.1798064571213589,-0.069884715012336285,0.025919098099521021,-3.3272220713802742e-18,-0.023351786765822891,0.1160359337074551,0.0080684539021549928,0.0529592844070313,-0.023351786765822891,-0.1160359337074551,-0.0080684539021549928,0.0529592844070313,
0.66911508002579023,-0.72599357422753708,0.66135769849470449,0.0021360135995124986,-0.024904287986541179,-0.03779826396885113,0.99897272491631484,-0.066886771182240096,0.034527939304563667,-0.0017405317548048146,0.17486869109071396,-0.067148085195898669,-0.038037347636580683,-0.068952840818708644,-0.03545188644267968,0.00069883244803360569,0.17789038262280255,-0.068795305764688661,0.026434253822631662,-3.2066843004392367e-18,-0.035273077184148002,0.11715787647415701,0.023755850253660699,0.074302054061566439,-0.035273077184148002,-0.11715787647415701,-0.023755850253660699,0.074302054061566439,
0.66911159686944732,-0.72599466874135699,0.66135264434852292,0.0021322223014345466,-0.02490059673116659,-0.03776319455203736,0.99897415134112166,-0.068886092441352215,0.034831097549335999,-0.00062275906823291516,0.17816402708750378,-0.068671572110861459,-0.038095416198997825,-0.069625328366327205,-0.035161684140039146,0.0002500409676450512,0.17924518277329698,-0.069566132681163531,0.02606798015984042,-2.8139829620877605e-18,-0.028042953745244042,0.11901910245742287,0.01410474193608683,0.063276490005318903,-0.028042953745244042,-0.11901910245742287,-0.01410474193608683,0.063276490005318903,
0.6691096562537705,-0.7259952785419137,0.6613496376537864,0.0021298327224926407,-0.024898581998776998,-0.037743648594123602,0.99897494534038622,-0.070000000000000395,0.035000000000000302,0,0.18000000000000099,-0.069520229268100961,-0.03812469056254246,-0.070000000000000395,-0.035000000000000191,0,0.18000000000000099,-0.069995603125819025,0.025864164937136953,-2.8460307027744645e-18,-0.023813303566453926,0.11952552515783554,0.0084756622001805077,0.055935038856718994,-0.023813303566453926,-0.11952552515783554,-0.0084756622001805077,0.055935038856718994,
0.6691096562537705,-0.7259952785419137,0.6613496376537864,0.0021298327224926407,-0.024898581998776998,-0.037743648594123602,0.99897494534038622,-0.070000000000000395,0.035000000000000302,0,0.18000000000000099,-0.069520229268100961,-0.03812469056254246,-0.070000000000000395,-0.035000000000000191,0,0.18000000000000099,-0.069995603125819025,0.025864164937136953,-2.8460307027744645e-18,-0.023813303566453926,0.11952552515783554,0.0084756622001805077,0.055579475077740428,-0.023813303566453926,-0.11952552515783554,-0.0084756622001805077,0.055579475077740428,
0.6691096562537705,-0.7259952785419137,0.6613496376537864,0.0021298327224926407,-0.024898581998776998,-0.037743648594123602,0.99897494534038622,-0.070000000000000395,0.035000000000000302,0,0.18000000000000099,-0.069520229268100961,-0.03812469056254246,-0.070000000000000395,-0.035000000000000191,0,0.18000000000000099,-0.069995603125819025,0.025864164937136953,-2.8460307027744645e-18,-0.023813303566453926,0.11952552515783554,0.0084756622001805077,0.055579475077740428,-0.023813303566453926,-0.11952552515783554,-0.0084756622001805077,0.055579475077740428,
0.6691096562537705,-0.7259952785419137,0.6613496376537864,0.0021298327224926407,-0.024898581998776998,-0.037743648594123602,0.99897494534038622,-0.070000000000000395,0.035000000000000302,0,0.18000000000000099,-0.069520229268100961,-0.03812469056254246,-0.070000000000000395,-0.035000000000000191,0,0.18000000000000099,-0.069995603125819025,0.025864164937136953,-2.8460307027744645e-18,-0.023813303566453926,0.11952552515783554,0.0084756622001805077,0.055579475077740428,-0.023813303566453926,-0.11952552515783554,-0.0084756622001805077,0.055579475077740428,
0.6691096562537705,-0.7259952785419137,0.6613496376537864,0.0021298327224926407,-0.024898581998776998,-0.037743648594123602,0.99897494534038622,-0.070000000000000395,0.035000000000000302,0,0.18000000000000099,-0.069520229268100961,-0.03812469056254246,-0.070000000000000395,-0.035000000000000191,0,0.18000000000000099,-0.069995603125819025,0.025864164937136953,-2.8460307027744645e-18,-0.023813303566453926,0.11952552515783554,0.0084756622001805077,0.055579475077740428,-0.023813303566453926,-0.11952552515783554,-0.0084756622001805077,0.055579475077740428,
0.6691096562537705,-0.7259952785419137,0.6613496376537864,0.0021298327224926407,-0.024898581998776998,-0.037743648594123602,0.99897494534038622,-0.070000000000000395,0.035000000000000302,0,0.18000000000000099,-0.069520229268100961,-0.03812469056254246,-0.070000000000000395,-0.035000000000000191,0,0.18000000000000099,-0.069995603125819025,0.025864164937136953,-2.8460307027744645e-18,-0.023813303566453926,0.11952552515783554,0.0084756622001805077,0.055579475077740428,-0.023813303566453926,-0.11952552515783554,-0.0084756622001805077,0.055579475077740428,
0.6691096562537705,-0.7259952785419137,0.6613496376537864,0.0021298327224926407,-0.024898581998776998,-0.037743648594123602,0.99897494534038622,-0.070000000000000395,0.035000000000000302,0,0.18000000000000099,-0.069520229268100961,-0.03812469056254246,-0.070000000000000395,-0.035000000000000191,0,0.18000000000000099,-0.069995603125819025,0.025864164937136953,-2.8460307027744645e-18,-0.023813303566453926,0.11952552515783554,0.0084756622001805077,0.055579475077740428,-0.023813303566453926,-0.11952552515783554,-0.0084756622001805077,0.055579475077740428,
0.6691096562537705,-0.7259952785419137,0.6613496376537864,0.0021298327224926407,-0.024898581998776998,-0.037743648594123602,0.99897494534038622,-0.070000000000000395,0.035000000000000302,0,0.18000000000000099,-0.069520229268100961,-0.03812469056254246,-0.070000000000000395,-0.035000000000000191,0,0.18000000000000099,-0.069995603125819025,0.025864164937136953,-2.8460307027744645e-18,-0.023813303566453926,0.11952552515783554,0.0084756622001805077,0.055579475077740428,-0.023813303566453926,-0.11952552515783554,-0.0084756622001805077,0.055579475077740428,
0.6691096562537705,-0.7259952785419137,0.6613496376537864,0.0021298327224926407,-0.024898581998776998,-0.037743648594123602,0.99897494534038622,-0.070000000000000395,0.035000000000000302,0,0.18000000000000099,-0.069520229268100961,-0.03812469056254246,-0.070000000000000395,-0.035000000000000191,0,0.18000000000000099,-0.069995603125819025,0.025864164937136953,-2.8460307027744645e-18,-0.023813303566453926,0.11952552515783554,0.0084756622001805077,0.055579475077740428,-0.023813303566453926,-0.11952552515783554,-0.0084756622001805077,0.055579475077740428,
0.6691096562537705,-0.7259952785419137,0.6613496376537864,0.0021298327224926407,-0.024898581998776998,-0.037743648594123602,0.99897494534038622,-0.070000000000000395,0.035000000000000302,0,0.18000000000000099,-0.069520229268100961,-0.03812469056254246,-0.070000000000000395,-0.035000000000000191,0,0.18000000000000099,-0.069995603125819025,0.025864164937136953,-2.8460307027744645e-18,-0.023813303566453926,0.11952552515783554,0.0084756622001805077,0.055579475077740428,-0.023813303566453926,-0.11952552515783554,-0.0084756622001805077,0.055579475077740428,
0.6691096562537705,-0.7259952785419137,0.6613496376537864,0.0021298327224926407,-0.024898581998776998,-0.037743648594123602,0.99897494534038622,-0.070000000000000395,0.035000000000000302,0,0.18000000000000099,-0.069520229268100961,-0.03812469056254246,-0.070000000000000395,-0.035000000000000191,0,0.18000000000000099,-0.069995603125819025,0.025864164937136953,-2.8460307027744645e-18,-0.023813303566453926,0.11952552515783554,0.0084756622001805077,0.055579475077740428,-0.023813303566453926,-0.11952552515783554,-0.0084756622001805077,0.055579475077740428,
0.6691096562537705,-0.7259952785419137,0.6613496376537864,0.0021298327224926407,-0.024898581998776998,-0.037743648594123602,0.99897494534038622,-0.070000000000000395,0.035000000000000302,0,0.18000000000000099,-0.069520229268100961,-0.03812469056254246,-0.070000000000000395,-0.035000000000000191,0,0.18000000000000099,-0.069995603125819025,0.025864164937136953,-2.8460307027744645e-18,-0.023813303566453926,0.11952552515783554,0.0084756622001805077,0.055579475077740428,-0.023813303566453926,-0.11952552515783554,-0.0084756622001805077,0.055579475077740428,
0.6691096562537705,-0.7259952785419137,0.6613496376537864,0.0021298327224926407,-0.024898581998776998,-0.037743648594123602,0.99897494534038622,-0.070000000000000395,0.035000000000000302,0,0.18000000000000099,-0.069520229268100961,-0.03812469056254246,-0.070000000000000395,-0.035000000000000191,0,0.18000000000000099,-0.069995603125819025,0.025864164937136953,-2.8460307027744645e-18,-0.023813303566453926,0.11952552515783554,0.0084756622001805077,0.055579475077740428,-0.023813303566453926,-0.11952552515783554,-0.0084756622001805077,0.055579475077740428,
0.6691096562537705,-0.7259952785419137,0.6613496376537864,0.0021298327224926407,-0.024898581998776998,-0.037743648594123602,0.99897494534038622,-0.070000000000000395,0.035000000000000302,0,0.18000000000000099,-0.069520229268100961,-0.03812469056254246,-0.070000000000000395,-0.035000000000000191,0,0.18000000000000099,-0.069995603125819025,0.025864164937136953,-2.8460307027744645e-18,-0.023813303566453926,0.11952552515783554,0.0084756622001805077,0.055579475077740428,-0.023813303566453926,-0.11952552515783554,-0.0084756622001805077,0.055579475077740428,
0.6691096562537705,-0.7259952785419137,0.6613496376537864,0.0021298327224926407,-0.024898581998776998,-0.037743648594123602,0.99897494534038622,-0.070000000000000395,0.035000000000000302,0,0.18000000000000099,-0.069520229268100961,-0.03812469056254246,-0.070000000000000395,-0.035000000000000191,0,0.18000000000000099,-0.069995603125819025,0.025864164937136953,-2.8460307027744645e-18,-0.023813303566453926,0.11952552515783554,0.0084756622001805077,0.055579475077740428,-0.023813303566453926,-0.11952552515783554,-0.0084756622001805077,0.055579475077740428,
0.6691096562537705,-0.7259952785419137,0.6613496376537864,0.0021298327224926407,-0.024898581998776998,-0.037743648594123602,0.99897494534038622,-0.070000000000000395,0.035000000000000302,0,0.18000000000000099,-0.069520229268100961,-0.03812469056254246,-0.070000000000000395,-0.035000000000000191,0,0.18000000000000099,-0.069995603125819025,0.025864164937136953,-2.8460307027744645e-18,-0.023813303566453926,0.11952552515783554,0.0084756622001805077,0.055579475077740428,-0.023813303566453926,-0.11952552515783554,-0.0084756622001805077,0.055579475077740428,
0.6691096562537705,-0.7259952785419137,0.6613496376537864,0.0021298327224926407,-0.024898581998776998,-0.037743648594123602,0.99897494534038622,-0.070000000000000395,0.035000000000000302,0,0.18000000000000099,-0.069520229268100961,-0.03812469056254246,-0.070000000000000395,-0.035000000000000191,0,0.18000000000000099,-0.069995603125819025,0.025864164937136953,-2.8460307027744645e-18,-0.023813303566453926,0.11952552515783554,0.0084756622001805077,0.055579475077740428,-0.023813303566453926,-0.11952552515783554,-0.0084756622001805077,0.055579475077740428,
0.6691096562537705,-0.7259952785419137,0.6613496376537864,0.0021298327224926407,-0.024898581998776998,-0.037743648594123602,0.99897494534038622,-0.070000000000000395,0.035000000000000302,0,0.18000000000000099,-0.069520229268100961,-0.03812469056254246,-0.070000000000000395,-0.035000000000000191,0,0.18000000000000099,-0.069995603125819025,0.025864164937136953,-2.8460307027744645e-18,-0.023813303566453926,0.11952552515783554,0.0084756622001805077,0.055579475077740428,-0.023813303566453926,-0.11952552515783554,-0.0084756622001805077,0.055579475077740428,
0.6691096562537705,-0.7259952785419137,0.6613496376537864,0.0021298327224926407,-0.024898581998776998,-0.037743648594123602,0.99897494534038622,-0.070000000000000395,0.035000000000000302,0,0.18000000000000099,-0.069520229268100961,-0.03812469056254246,-0.070000000000000395,-0.035000000000000191,0,0.18000000000000099,-0.069995603125819025,0.025864164937136953,-2.8460307027744645e-18,-0.023813303566453926,0.11952552515783554,0.0084756622001805077,0.055579475077740428,-0.023813303566453926,-0.11952552515783554,-0.0084756622001805077,0.055579475077740428,
0.6691096562537705,-0.7259952785419137,0.6613496376537864,0.0021298327224926407,-0.024898581998776998,-0.037743648594123602,0.99897494534038622,-0.070000000000000395,0.035000000000000302,0,0.18000000000000099,-0.069520229268100961,-0.03812469056254246,-0.070000000000000395,-0.035000000000000191,0,0.18000000000000099,-0.069995603125819025,0.025864164937136953,-2.8460307027744645e-18,-0.023813303566453926,0.11952552515783554,0.0084756622001805077,0.055579475077740428,-0.023813303566453926,-0.11952552515783554,-0.0084756622001805077,0.055579475077740428,
0.6691096562537705,-0.7259952785419137,0.6613496376537864,0.0021298327224926407,-0.024898581998776998,-0.037743648594123602,0.99897494534038622,-0.070000000000000395,0.035000000000000302,0,0.18000000000000099,-0.069520229268100961,-0.03812469056254246,-0.070000000000000395,-0.035000000000000191,0,0.18000000000000099,-0.069995603125819025,0.025864164937136953,-2.8460307027744645e-18,-0.023813303566453926,0.11952552515783554,0.0084756622001805077,0.055579475077740428,-0.023813303566453926,-0.11952552515783554,-0.0084756622001805077,0.055579475077740428,
0.6691096562537705,-0.7259952785419137,0.6613496376537864,0.0021298327224926407,-0.024898581998776998,-0.037743648594123602,0.99897494534038622,-0.070000000000000395,0.035000000000000302,0,0.18000000000000099,-0.069520229268100961,-0.03812469056254246,-0.070000000000000395,-0.035000000000000191,0,0.18000000000000099,-0.069995603125819025,0.025864164937136953,-2.8460307027744645e-18,-0.023813303566453926,0.11952552515783554,0.0084756622001805077,0.055579475077740428,-0.023813303566453926,-0.11952552515783554,-0.0084756622001805077,0.055579475077740428,
0.6691096562537705,-0.7259952785419137,0.6613496376537864,0.0021298327224926407,-0.024898581998776998,-0.037743648594123602,0.99897494534038622,-0.070000000000000395,0.035000000000000302,0,0.18000000000000099,-0.069520229268100961,-0.03812469056254246,-0.070000000000000395,-0.035000000000000191,0,0.18000000000000099,-0.069995603125819025,0.025864164937136953,-2.8460307027744645e-18,-0.023813303566453926,0.11952552515783554,0.0084756622001805077,0.055579475077740428,-0.023813303566453926,-0.11952552515783554,-0.0084756622001805077,0.055579475077740428,
0.6691096562537705,-0.7259952785419137,0.6613496376537864,0.0021298327224926407,-0.024898581998776998,-0.037743648594123602,0.99897494534038622,-0.070000000000000395,0.035000000000000302,0,0.18000000000000099,-0.069520229268100961,-0.03812469056254246,-0.070000000000000395,-0.035000000000000191,0,0.18000000000000099,-0.069995603125819025,0.025864164937136953,-2.8460307027744645e-18,-0.023813303566453926,0.11952552515783554,0.0084756622001805077,0.055579475077740428,-0.023813303566453926,-0.11952552515783554,-0.0084756622001805077,0.055579475077740428,
0.6691096562537705,-0.7259952785419137,0.6613496376537864,0.0021298327224926407,-0.024898581998776998,-0.037743648594123602,0.99897494534038622,-0.070000000000000395,0.035000000000000302,0,0.18000000000000099,-0.069520229268100961,-0.03812469056254246,-0.070000000000000395,-0.035000000000000191,0,0.18000000000000099,-0.069995603125819025,0.025864164937136953,-2.8460307027744645e-18,-0.023813303566453926,0.11952552515783554,0.0084756622001805077,0.055579475077740428,-0.023813303566453926,-0.11952552515783554,-0.0084756622001805077,0.055579475077740428,
0.6691096562537705,-0.7259952785419137,0.6613496376537864,0.0021298327224926407,-0.024898581998776998,-0.037743648594123602,0.99897494534038622,-0.070000000000000395,0.035000000000000302,0,0.18000000000000099,-0.069520229268100961,-0.03812469056254246,-0.070000000000000395,-0.035000000000000191,0,0.18000000000000099,-0.069995603125819025,0.025864164937136953,-2.8460307027744645e-18,-0.023813303566453926,0.11952552515783554,0.0084756622001805077,0.055579475077740428,-0.023813303566453926,-0.11952552515783554,-0.0084756622001805077,0.055579475077740428,
0.6691096562537705,-0.7259952785419137,0.6613496376537864,0.0021298327224926407,-0.024898581998776998,-0.037743648594123602,0.99897494534038622,-0.070000000000000395,0.035000000000000302,0,0.18000000000000099,-0.069520229268100961,-0.03812469056254246,-0.070000000000000395,-0.035000000000000191,0,0.18000000000000099,-0.069995603125819025,0.025864164937136953,-2.8460307027744645e-18,-0.023813303566453926,0.11952552515783554,0.0084756622001805077,0.055579475077740428,-0.023813303566453926,-0.11952552515783554,-0.0084756622001805077,0.055579475077740428,
0.6691096562537705,-0.7259952785419137,0.6613496376537864,0.0021298327224926407,-0.024898581998776998,-0.037743648594123602,0.99897494534038622,-0.070000000000000395,0.035000000000000302,0,0.18000000000000099,-0.069520229268100961,-0.03812469056254246,-0.070000000000000395,-0.035000000000000191,0,0.18000000000000099,-0.069995603125819025,0.025864164937136953,-2.8460307027744645e-18,-0.023813303566453926,0.11952552515783554,0.0084756622001805077,0.055579475077740428,-0.023813303566453926,-0.11952552515783554,-0.0084756622001805077,0.055579475077740428,
0.6691096562537705,-0.7259952785419137,0.6613496376537864,0.0021298327224926407,-0.024898581998776998,-0.037743648594123602,0.99897494534038622,-0.070000000000000395,0.035000000000000302,0,0.18000000000000099,-0.069520229268100961,-0.03812469056254246,-0.070000000000000395,-0.035000000000000191,0,0.18000000000000099,-0.069995603125819025,0.025864164937136953,-2.8460307027744645e-18,-0.023813303566453926,0.11952552515783554,0.0084756622001805077,0.055579475077740428,-0.023813303566453926,-0.11952552515783554,-0.0084756622001805077,0.055579475077740428,
0.6691096562537705,-0.7259952785419137,0.6613496376537864,0.0021298327224926407,-0.024898581998776998,-0.037743648594123602,0.99897494534038622,-0.070000000000000395,0.035000000000000302,0,0.18000000000000099,-0.069520229268100961,-0.03812469056254246,-0.070000000000000395,-0.035000000000000191,0,0.18000000000000099,-0.069995603125819025,0.025864164937136953,-2.8460307027744645e-18,-0.023813303566453926,0.11952552515783554,0.0084756622001805077,0.055579475077740428,-0.023813303566453926,-0.11952552515783554,-0.0084756622001805077,0.055579475077740428,
0.6691096562537705,-0.7259952785419137,0.6613496376537864,0.0021298327224926407,-0.024898581998776998,-0.037743648594123602,0.99897494534038622,-0.070000000000000395,0.035000000000000302,0,0.18000000000000099,-0.069520229268100961,-0.03812469056254246,-0.070000000000000395,-0.035000000000000191,0,0.18000000000000099,-0.069995603125819025,0.025864164937136953,-2.8460307027744645e-18,-0.023813303566453926,0.11952552515783554,0.0084756622001805077,0.055579475077740428,-0.023813303566453926,-0.11952552515783554,-0.0084756622001805077,0.055579475077740428,
0.6691096562537705,-0.7259952785419137,0.6613496376537864,0.0021298327224926407,-0.024898581998776998,-0.037743648594123602,0.99897494534038622,-0.070000000000000395,0.035000000000000302,0,0.18000000000000099,-0.069520229268100961,-0.03812469056254246,-0.070000000000000395,-0.035000000000000191,0,0.18000000000000099,-0.069995603125819025,0.025864164937136953,-2.8460307027744645e-18,-0.023813303566453926,0.11952552515783554,0.0084756622001805077,0.055579475077740428,-0.023813303566453926,-0.11952552515783554,-0.0084756622001805077,0.055579475077740428,
0.6691096562537705,-0.7259952785419137,0.6613496376537864,0.0021298327224926407,-0.024898581998776998,-0.037743648594123602,0.99897494534038622,-0.070000000000000395,0.035000000000000302,0,0.18000000000000099,-0.069520229268100961,-0.03812469056254246,-0.070000000000000395,-0.035000000000000191,0,0.18000000000000099,-0.069995603125819025,0.025864164937136953,-2.8460307027744645e-18,-0.023813303566453926,0.11952552515783554,0.0084756622001805077,0.055579475077740428,-0.023813303566453926,-0.11952552515783554,-0.0084756622001805077,0.055579475077740428,
0.6691096562537705,-0.7259952785419137,0.6613496376537864,0.0021298327224926407,-0.024898581998776998,-0.037743648594123602,0.99897494534038622,-0.070000000000000395,0.035000000000000302,0,0.18000000000000099,-0.069520229268100961,-0.03812469056254246,-0.070000000000000395,-0.035000000000000191,0,0.18000000000000099,-0.069995603125819025,0.025864164937136953,-2.8460307027744645e-18,-0.023813303566453926,0.11952552515783554,0.0084756622001805077,0.055579475077740428,-0.023813303566453926,-0.11952552515783554,-0.0084756622001805077,0.055579475077740428,
0.6691096562537705,-0.7259952785419137,0.6613496376537864,0.0021298327224926407,-0.024898581998776998,-0.037743648594123602,0.99897494534038622,-0.070000000000000395,0.035000000000000302,0,0.18000000000000099,-0.069520229268100961,-0.03812469056254246,-0.070000000000000395,-0.035000000000000191,0,0.18000000000000099,-0.069995603125819025,0.025864164937136953,-2.8460307027744645e-18,-0.023813303566453926,0.11952552515783554,0.0084756622001805077,0.055579475077740428,-0.023813303566453926,-0.11952552515783554,-0.0084756622001805077,0.055579475077740428,
0.6691096562537705,-0.7259952785419137,0.6613496376537864,0.0021298327224926407,-0.024898581998776998,-0.037743648594123602,0.99897494534038622,-0.070000000000000395,0.035000000000000302,0,0.18000000000000099,-0.069520229268100961,-0.03812469056254246,-0.070000000000000395,-0.035000000000000191,0,0.18000000000000099,-0.069995603125819025,0.025864164937136953,-2.8460307027744645e-18,-0.023813303566453926,0.11952552515783554,0.0084756622001805077,0.055579475077740428,-0.023813303566453926,-0.11952552515783554,-0.0084756622001805077,0.055579475077740428,
0.6691096562537705,-0.7259952785419137,0.6613496376537864,0.0021298327224926407,-0.024898581998776998,-0.037743648594123602,0.99897494534038622,-0.070000000000000395,0.035000000000000302,0,0.18000000000000099,-0.069520229268100961,-0.03812469056254246,-0.070000000000000395,-0.035000000000000191,0,0.18000000000000099,-0.069995603125819025,0.025864164937136953,-2.8460307027744645e-18,-0.023813303566453926,0.11952552515783554,0.0084756622001805077,0.055579475077740428,-0.023813303566453926,-0.11952552515783554,-0.0084756622001805077,0.055579475077740428,
0.6691096562537705,-0.7259952785419137,0.6613496376537864,0.0021298327224926407,-0.024898581998776998,-0.037743648594123602,0.99897494534038622,-0.070000000000000395,0.035000000000000302,0,0.18000000000000099,-0.069520229268100961,-0.03812469056254246,-0.070000000000000395,-0.035000000000000191,0,0.18000000000000099,-0.069995603125819025,0.025864164937136953,-2.8460307027744645e-18,-0.023813303566453926,0.11952552515783554,0.0084756622001805077,0.055579475077740428,-0.023813303566453926,-0.11952552515783554,-0.0084756622001805077,0.055579475077740428,
0.6691096562537705,-0.7259952785419137,0.6613496376537864,0.0021298327224926407,-0.024898581998776998,-0.037743648594123602,0.99897494534038622,-0.070000000000000395,0.035000000000000302,0,0.18000000000000099,-0.069520229268100961,-0.03812469056254246,-0.070000000000000395,-0.035000000000000191,0,0.18000000000000099,-0.069995603125819025,0.025864164937136953,-2.8460307027744645e-18,-0.023813303566453926,0.11952552515783554,0.0084756622001805077,0.055579475077740428,-0.023813303566453926,-0.11952552515783554,-0.0084756622001805077,0.055579475077740428,
0.6691096562537705,-0.7259952785419137,0.6613496376537864,0.0021298327224926407,-0.024898581998776998,-0.037743648594123602,0.99897494534038622,-0.070000000000000395,0.035000000000000302,0,0.18000000000000099,-0.069520229268100961,-0.03812469056254246,-0.070000000000000395,-0.035000000000000191,0,0.18000000000000099,-0.069995603125819025,0.025864164937136953,-2.8460307027744645e-18,-0.023813303566453926,0.11952552515783554,0.0084756622001805077,0.055579475077740428,-0.023813303566453926,-0.11952552515783554,-0.0084756622001805077,0.055579475077740428,
0.6691096562537705,-0.7259952785419137,0.6613496376537864,0.0021298327224926407,-0.024898581998776998,-0.037743648594123602,0.99897494534038622,-0.070000000000000395,0.035000000000000302,0,0.18000000000000099,-0.069520229268100961,-0.03812469056254246,-0.070000000000000395,-0.035000000000000191,0,0.18000000000000099,-0.069995603125819025,0.025864164937136953,-2.8460307027744645e-18,-0.023813303566453926,0.11952552515783554,0.0084756622001805077,0.055579475077740428,-0.023813303566453926,-0.11952552515783554,-0.0084756622001805077,0.055579475077740428,
0.6691096562537705,-0.7259952785419137,0.6613496376537864,0.0021298327224926407,-0.024898581998776998,-0.037743648594123602,0.99897494534038622,-0.070000000000000395,0.035000000000000302,0,0.18000000000000099,-0.069520229268100961,-0.03812469056254246,-0.070000000000000395,-0.035000000000000191,0,0.18000000000000099,-0.069995603125819025,0.025864164937136953,-2.8460307027744645e-18,-0.023813303566453926,0.11952552515783554,0.0084756622001805077,0.055579475077740428,-0.023813303566453926,-0.11952552515783554,-0.0084756622001805077,0.055579475077740428,
0.6691096562537705,-0.7259952785419137,0.6613496376537864,0.0021298327224926407,-0.024898581998776998,-0.037743648594123602,0.99897494534038622,-0.070000000000000395,0.035000000000000302,0,0.18000000000000099,-0.069520229268100961,-0.03812469056254246,-0.070000000000000395,-0.035000000000000191,0,0.18000000000000099,-0.069995603125819025,0.025864164937136953,-2.8460307027744645e-18,-0.023813303566453926,0.11952552515783554,0.0084756622001805077,0.055579475077740428,-0.023813303566453926,-0.11952552515783554,-0.0084756622001805077,0.055579475077740428,
0.6691096562537705,-0.7259952785419137,0.6613496376537864,0.0021298327224926407,-0.024898581998776998,-0.037743648594123602,0.99897494534038622,-0.070000000000000395,0.035000000000000302,0,0.18000000000000099,-0.069520229268100961,-0.03812469056254246,-0.070000000000000395,-0.035000000000000191,0,0.18000000000000099,-0.069995603125819025,0.025864164937136953,-2.8460307027744645e-18,-0.023813303566453926,0.11952552515783554,0.0084756622001805077,0.055579475077740428,-0.023813303566453926,-0.11952552515783554,-0.0084756622001805077,0.055579475077740428,
0.6691096562537705,-0.7259952785419137,0.6613496376537864,0.0021298327224926407,-0.024898581998776998,-0.037743648594123602,0.99897494534038622,-0.070000000000000395,0.035000000000000302,0,0.18000000000000099,-0.069520229268100961,-0.03812469056254246,-0.070000000000000395,-0.035000000000000191,0,0.18000000000000099,-0.069995603125819025,0.025864164937136953,-2.8460307027744645e-18,-0.023813303566453926,0.11952552515783554,0.0084756622001805077,0.055579475077740428,-0.023813303566453926,-0.11952552515783554,-0.0084756622001805077,0.055579475077740428,
0.6691096562537705,-0.7259952785419137,0.6613496376537864,0.0021298327224926407,-0.024898581998776998,-0.037743648594123602,0.99897494534038622,-0.070000000000000395,0.035000000000000302,0,0.18000000000000099,-0.069520229268100961,-0.03812469056254246,-0.070000000000000395,-0.035000000000000191,0,0.18000000000000099,-0.069995603125819025,0.025864164937136953,-2.8460307027744645e-18,-0.023813303566453926,0.11952552515783554,0.0084756622001805077,0.055579475077740428,-0.023813303566453926,-0.11952552515783554,-0.0084756622001805077,0.055579475077740428,
0.6691096562537705,-0.7259952785419137,0.6613496376537864,0.0021298327224926407,-0.024898581998776998,-0.037743648594123602,0.99897494534038622,-0.070000000000000395,0.035000000000000302,0,0.18000000000000099,-0.069520229268100961,-0.03812469056254246,-0.070000000000000395,-0.035000000000000191,0,0.18000000000000099,-0.069995603125819025,0.025864164937136953,-2.8460307027744645e-18,-0.023813303566453926,0.11952552515783554,0.0084756622001805077,0.055579475077740428,-0.023813303566453926,-0.11952552515783554,-0.0084756622001805077,0.055579475077740428,
0.6691096562537705,-0.7259952785419137,0.6613496376537864,0.0021298327224926407,-0.024898581998776998,-0.037743648594123602,0.99897494534038622,-0.070000000000000395,0.035000000000000302,0,0.18000000000000099,-0.069520229268100961,-0.03812469056254246,-0.070000000000000395,-0.035000000000000191,0,0.18000000000000099,-0.069995603125819025,0.025864164937136953,-2.8460307027744645e-18,-0.023813303566453926,0.11952552515783554,0.0084756622001805077,0.055579475077740428,-0.023813303566453926,-0.11952552515783554,-0.0084756622001805077,0.055579475077740428,
0.6691096562537705,-0.7259952785419137,0.6613496376537864,0.0021298327224926407,-0.024898581998776998,-0.037743648594123602,0.99897494534038622,-0.070000000000000395,0.035000000000000302,0,0.18000000000000099,-0.069520229268100961,-0.03812469056254246,-0.070000000000000395,-0.035000000000000191,0,0.18000000000000099,-0.069995603125819025,0.025864164937136953,-2.8460307027744645e-18,-0.023813303566453926,0.11952552515783554,0.0084756622001805077,0.055579475077740428,-0.023813303566453926,-0.11952552515783554,-0.0084756622001805077,0.055579475077740428,
0.6691096562537705,-0.7259952785419137,0.6613496376537864,0.0021298327224926407,-0.024898581998776998,-0.037743648594123602,0.99897494534038622,-0.070000000000000395,0.035000000000000302,0,0.18000000000000099,-0.069520229268100961,-0.03812469056254246,-0.070000000000000395,-0.035000000000000191,0,0.18000000000000099,-0.069995603125819025,0.025864164937136953,-2.8460307027744645e-18,-0.023813303566453926,0.11952552515783554,0.0084756622001805077,0.055579475077740428,-0.023813303566453926,-0.11952552515783554,-0.0084756622001805077,0.055579475077740428,
0.6691096562537705,-0.7259952785419137,0.6613496376537864,0.0021298327224926407,-0.024898581998776998,-0.037743648594123602,0.99897494534038622,-0.070000000000000395,0.035000000000000302,0,0.18000000000000099,-0.069520229268100961,-0.03812469056254246,-0.070000000000000395,-0.035000000000000191,0,0.18000000000000099,-0.069995603125819025,0.025864164937136953,-2.8460307027744645e-18,-0.023813303566453926,0.11952552515783554,0.0084756622001805077,0.055579475077740428,-0.023813303566453926,-0.11952552515783554,-0.0084756622001805077,0.055579475077740428,
0.6691096562537705,-0.7259952785419137,0.6613496376537864,0.0021298327224926407,-0.024898581998776998,-0.037743648594123602,0.99897494534038622,-0.070000000000000395,0.035000000000000302,0,0.18000000000000099,-0.069520229268100961,-0.03812469056254246,-0.070000000000000395,-0.035000000000000191,0,0.18000000000000099,-0.069995603125819025,0.025864164937136953,-2.8460307027744645e-18,-0.023813303566453926,0.11952552515783554,0.0084756622001805077,0.055579475077740428,-0.023813303566453926,-0.11952552515783554,-0.0084756622001805077,0.055579475077740428,
0.6691096562537705,-0.7259952785419137,0.6613496376537864,0.0021298327224926407,-0.024898581998776998,-0.037743648594123602,0.99897494534038622,-0.070000000000000395,0.035000000000000302,0,0.18000000000000099,-0.069520229268100961,-0.03812469056254246,-0.070000000000000395,-0.035000000000000191,0,0.18000000000000099,-0.069995603125819025,0.025864164937136953,-2.8460307027744645e-18,-0.023813303566453926,0.11952552515783554,0.0084756622001805077,0.055579475077740428,-0.023813303566453926,-0.11952552515783554,-0.0084756622001805077,0.055579475077740428,
0.6691096562537705,-0.7259952785419137,0.6613496376537864,0.0021298327224926407,-0.024898581998776998,-0.037743648594123602,0.99897494534038622,-0.070000000000000395,0.035000000000000302,0,0.18000000000000099,-0.069520229268100961,-0.03812469056254246,-0.070000000000000395,-0.035000000000000191,0,0.18000000000000099,-0.069995603125819025,0.025864164937136953,-2.8460307027744645e-18,-0.023813303566453926,0.11952552515783554,0.0084756622001805077,0.055579475077740428,-0.023813303566453926,-0.11952552515783554,-0.0084756622001805077,0.055579475077740428,
0.6691096562537705,-0.7259952785419137,0.6613496376537864,0.0021298327224926407,-0.024898581998776998,-0.037743648594123602,0.99897494534038622,-0.070000000000000395,0.035000000000000302,0,0.18000000000000099,-0.069520229268100961,-0.03812469056254246,-0.070000000000000395,-0.035000000000000191,0,0.18000000000000099,-0.069995603125819025,0.025864164937136953,-2.8460307027744645e-18,-0.023813303566453926,0.11952552515783554,0.0084756622001805077,0.055579475077740428,-0.023813303566453926,-0.11952552515783554,-0.0084756622001805077,0.055579475077740428,
0.6691096562537705,-0.7259952785419137,0.6613496376537864,0.0021298327224926407,-0.024898581998776998,-0.037743648594123602,0.99897494534038622,-0.070000000000000395,0.035000000000000302,0,0.18000000000000099,-0.069520229268100961,-0.03812469056254246,-0.070000000000000395,-0.035000000000000191,0,0.18000000000000099,-0.069995603125819025,0.025864164937136953,-2.8460307027744645e-18,-0.023813303566453926,0.11952552515783554,0.0084756622001805077,0.055579475077740428,-0.023813303566453926,-0.11952552515783554,-0.0084756622001805077,0.055579475077740428,
0.6691096562537705,-0.7259952785419137,0.6613496376537864,0.0021298327224926407,-0.024898581998776998,-0.037743648594123602,0.99897494534038622,-0.070000000000000395,0.035000000000000302,0,0.18000000000000099,-0.069520229268100961,-0.03812469056254246,-0.070000000000000395,-0.035000000000000191,0,0.18000000000000099,-0.069995603125819025,0.025864164937136953,-2.8460307027744645e-18,-0.023813303566453926,0.11952552515783554,0.0084756622001805077,0.055579475077740428,-0.023813303566453926,-0.11952552515783554,-0.0084756622001805077,0.055579475077740428,
0.6691096562537705,-0.7259952785419137,0.6613496376537864,0.0021298327224926407,-0.024898581998776998,-0.037743648594123602,0.99897494534038622,-0.070000000000000395,0.035000000000000302,0,0.18000000000000099,-0.069520229268100961,-0.03812469056254246,-0.070000000000000395,-0.035000000000000191,0,0.18000000000000099,-0.069995603125819025,0.025864164937136953,-2.8460307027744645e-18,-0.023813303566453926,0.11952552515783554,0.0084756622001805077,0.055579475077740428,-0.023813303566453926,-0.11952552515783554,-0.0084756622001805077,0.055579475077740428,
0.6691096562537705,-0.7259952785419137,0.6613496376537864,0.0021298327224926407,-0.024898581998776998,-0.037743648594123602,0.99897494534038622,-0.070000000000000395,0.035000000000000302,0,0.18000000000000099,-0.069520229268100961,-0.03812469056254246,-0.070000000000000395,-0.035000000000000191,0,0.18000000000000099,-0.069995603125819025,0.025864164937136953,-2.8460307027744645e-18,-0.023813303566453926,0.11952552515783554,0.0084756622001805077,0.055579475077740428,-0.023813303566453926,-0.11952552515783554,-0.0084756622001805077,0.055579475077740428,
0.6691096562537705,-0.7259952785419137,0.6613496376537864,0.0021298327224926407,-0.024898581998776998,-0.037743648594123602,0.99897494534038622,-0.070000000000000395,0.035000000000000302,0,0.18000000000000099,-0.069520229268100961,-0.03812469056254246,-0.070000000000000395,-0.035000000000000191,0,0.18000000000000099,-0.069995603125819025,0.025864164937136953,-2.8460307027744645e-18,-0.023813303566453926,0.11952552515783554,0.0084756622001805077,0.055579475077740428,-0.023813303566453926,-0.11952552515783554,-0.0084756622001805077,0.055579475077740428,
0.6691096562537705,-0.7259952785419137,0.6613496376537864,0.0021298327224926407,-0.024898581998776998,-0.037743648594123602,0.99897494534038622,-0.070000000000000395,0.035000000000000302,0,0.18000000000000099,-0.069520229268100961,-0.03812469056254246,-0.070000000000000395,-0.035000000000000191,0,0.18000000000000099,-0.069995603125819025,0.025864164937136953,-2.8460307027744645e-18,-0.023813303566453926,0.11952552515783554,0.0084756622001805077,0.055579475077740428,-0.023813303566453926,-0.11952552515783554,-0.0084756622001805077,0.055579475077740428,
0.6691096562537705,-0.7259952785419137,0.6613496376537864,0.0021298327224926407,-0.024898581998776998,-0.037743648594123602,0.99897494534038622,-0.070000000000000395,0.035000000000000302,0,0.18000000000000099,-0.069520229268100961,-0.03812469056254246,-0.070000000000000395,-0.035000000000000191,0,0.18000000000000099,-0.069995603125819025,0.025864164937136953,-2.8460307027744645e-18,-0.023813303566453926,0.11952552515783554,0.0084756622001805077,0.055579475077740428,-0.023813303566453926,-0.11952552515783554,-0.0084756622001805077,0.055579475077740428,
0.6691096562537705,-0.7259952785419137,0.6613496376537864,0.0021298327224926407,-0.024898581998776998,-0.037743648594123602,0.99897494534038622,-0.070000000000000395,0.035000000000000302,0,0.18000000000000099,-0.069520229268100961,-0.03812469056254246,-0.070000000000000395,-0.035000000000000191,0,0.18000000000000099,-0.069995603125819025,0.025864164937136953,-2.8460307027744645e-18,-0.023813303566453926,0.11952552515783554,0.0084756622001805077,0.055579475077740428,-0.023813303566453926,-0.11952552515783554,-0.0084756622001805077,0.055579475077740428,
0.6691096562537705,-0.7259952785419137,0.6613496376537864,0.0021298327224926407,-0.024898581998776998,-0.037743648594123602,0.99897494534038622,-0.070000000000000395,0.035000000000000302,0,0.18000000000000099,-0.069520229268100961,-0.03812469056254246,-0.070000000000000395,-0.035000000000000191,0,0.18000000000000099,-0.069995603125819025,0.025864164937136953,-2.8460307027744645e-18,-0.023813303566453926,0.11952552515783554,0.0084756622001805077,0.055579475077740428,-0.023813303566453926,-0.11952552515783554,-0.0084756622001805077,0.055579475077740428,
0.6691096562537705,-0.7259952785419137,0.6613496376537864,0.0021298327224926407,-0.024898581998776998,-0.037743648594123602,0.99897494534038622,-0.070000000000000395,0.035000000000000302,0,0.18000000000000099,-0.069520229268100961,-0.03812469056254246,-0.070000000000000395,-0.035000000000000191,0,0.18000000000000099,-0.069995603125819025,0.025864164937136953,-2.8460307027744645e-18,-0.023813303566453926,0.11952552515783554,0.0084756622001805077,0.055579475077740428,-0.023813303566453926,-0.11952552515783554,-0.0084756622001805077,0.055579475077740428,
0.6691096562537705,-0.7259952785419137,0.6613496376537864,0.0021298327224926407,-0.024898581998776998,-0.037743648594123602,0.99897494534038622,-0.070000000000000395,0.035000000000000302,0,0.18000000000000099,-0.069520229268100961,-0.03812469056254246,-0.070000000000000395,-0.035000000000000191,0,0.18000000000000099,-0.069995603125819025,0.025864164937136953,-2.8460307027744645e-18,-0.023813303566453926,0.11952552515783554,0.0084756622001805077,0.055579475077740428,-0.023813303566453926,-0.11952552515783554,-0.0084756622001805077,0.055579475077740428,
0.6691096562537705,-0.7259952785419137,0.6613496376537864,0.0021298327224926407,-0.024898581998776998,-0.037743648594123602,0.99897494534038622,-0.070000000000000395,0.035000000000000302,0,0.18000000000000099,-0.069520229268100961,-0.03812469056254246,-0.070000000000000395,-0.035000000000000191,0,0.18000000000000099,-0.069995603125819025,0.025864164937136953,-2.8460307027744645e-18,-0.023813303566453926,0.11952552515783554,0.0084756622001805077,0.055579475077740428,-0.023813303566453926,-0.11952552515783554,-0.0084756622001805077,0.055579475077740428,
0.6691096562537705,-0.7259952785419137,0.6613496376537864,0.0021298327224926407,-0.024898581998776998,-0.037743648594123602,0.99897494534038622,-0.070000000000000395,0.035000000000000302,0,0.18000000000000099,-0.069520229268100961,-0.03812469056254246,-0.070000000000000395,-0.035000000000000191,0,0.18000000000000099,-0.069995603125819025,0.025864164937136953,-2.8460307027744645e-18,-0.023813303566453926,0.11952552515783554,0.0084756622001805077,0.055579475077740428,-0.023813303566453926,-0.11952552515783554,-0.0084756622001805077,0.055579475077740428,
0.6691096562537705,-0.7259952785419137,0.6613496376537864,0.0021298327224926407,-0.024898581998776998,-0.037743648594123602,0.99897494534038622,-0.070000000000000395,0.035000000000000302,0,0.18000000000000099,-0.069520229268100961,-0.03812469056254246,-0.070000000000000395,-0.035000000000000191,0,0.18000000000000099,-0.069995603125819025,0.025864164937136953,-2.8460307027744645e-18,-0.023813303566453926,0.11952552515783554,0.0084756622001805077,0.055579475077740428,-0.023813303566453926,-0.11952552515783554,-0.0084756622001805077,0.055579475077740428,
0.6691096562537705,-0.7259952785419137,0.6613496376537864,0.0021298327224926407,-0.024898581998776998,-0.037743648594123602,0.99897494534038622,-0.070000000000000395,0.035000000000000302,0,0.18000000000000099,-0.069520229268100961,-0.03812469056254246,-0.070000000000000395,-0.035000000000000191,0,0.18000000000000099,-0.069995603125819025,0.025864164937136953,-2.8460307027744645e-18,-0.023813303566453926,0.11952552515783554,0.0084756622001805077,0.055579475077740428,-0.023813303566453926,-0.11952552515783554,-0.0084756622001805077,0.055579475077740428,
0.6691096562537705,-0.7259952785419137,0.6613496376537864,0.0021298327224926407,-0.024898581998776998,-0.037743648594123602,0.99897494534038622,-0.070000000000000395,0.035000000000000302,0,0.18000000000000099,-0.069520229268100961,-0.03812469056254246,-0.070000000000000395,-0.035000000000000191,0,0.18000000000000099,-0.069995603125819025,0.025864164937136953,-2.8460307027744645e-18,-0.023813303566453926,0.11952552515783554,0.0084756622001805077,0.055579475077740428,-0.023813303566453926,-0.11952552515783554,-0.0084756622001805077,0.055579475077740428,
0.6691096562537705,-0.7259952785419137,0.6613496376537864,0.0021298327224926407,-0.024898581998776998,-0.037743648594123602,0.99897494534038622,-0.070000000000000395,0.035000000000000302,0,0.18000000000000099,-0.069520229268100961,-0.03812469056254246,-0.070000000000000395,-0.035000000000000191,0,0.18000000000000099,-0.069995603125819025,0.025864164937136953,-2.8460307027744645e-18,-0.023813303566453926,0.11952552515783554,0.0084756622001805077,0.055579475077740428,-0.023813303566453926,-0.11952552515783554,-0.0084756622001805077,0.055579475077740428,
0.6691096562537705,-0.7259952785419137,0.6613496376537864,0.0021298327224926407,-0.024898581998776998,-0.037743648594123602,0.99897494534038622,-0.070000000000000395,0.035000000000000302,0,0.18000000000000099,-0.069520229268100961,-0.03812469056254246,-0.070000000000000395,-0.035000000000000191,0,0.18000000000000099,-0.069995603125819025,0.025864164937136953,-2.8460307027744645e-18,-0.023813303566453926,0.11952552515783554,0.0084756622001805077,0.055579475077740428,-0.023813303566453926,-0.11952552515783554,-0.0084756622001805077,0.055579475077740428,
0.6691096562537705,-0.7259952785419137,0.6613496376537864,0.0021298327224926407,-0.024898581998776998,-0.037743648594123602,0.99897494534038622,-0.070000000000000395,0.035000000000000302,0,0.18000000000000099,-0.069520229268100961,-0.03812469056254246,-0.070000000000000395,-0.035000000000000191,0,0.18000000000000099,-0.069995603125819025,0.025864164937136953,-2.8460307027744645e-18,-0.023813303566453926,0.11952552515783554,0.0084756622001805077,0.055579475077740428,-0.023813303566453926,-0.11952552515783554,-0.0084756622001805077,0.055579475077740428,
0.6691096562537705,-0.7259952785419137,0.6613496376537864,0.0021298327224926407,-0.024898581998776998,-0.037743648594123602,0.99897494534038622,-0.070000000000000395,0.035000000000000302,0,0.18000000000000099,-0.069520229268100961,-0.03812469056254246,-0.070000000000000395,-0.035000000000000191,0,0.18000000000000099,-0.069995603125819025,0.025864164937136953,-2.8460307027744645e-18,-0.023813303566453926,0.11952552515783554,0.0084756622001805077,0.055579475077740428,-0.023813303566453926,-0.11952552515783554,-0.0084756622001805077,0.055579475077740428,
0.6691096562537705,-0.7259952785419137,0.6613496376537864,0.0021298327224926407,-0.024898581998776998,-0.037743648594123602,0.99897494534038622,-0.070000000000000395,0.035000000000000302,0,0.18000000000000099,-0.069520229268100961,-0.03812469056254246,-0.070000000000000395,-0.035000000000000191,0,0.18000000000000099,-0.069995603125819025,0.025864164937136953,-2.8460307027744645e-18,-0.023813303566453926,0.11952552515783554,0.0084756622001805077,0.055579475077740428,-0.023813303566453926,-0.11952552515783554,-0.0084756622001805077,0.055579475077740428,
0.6691096562537705,-0.7259952785419137,0.6613496376537864,0.0021298327224926407,-0.024898581998776998,-0.037743648594123602,0.99897494534038622,-0.070000000000000395,0.035000000000000302,0,0.18000000000000099,-0.069520229268100961,-0.03812469056254246,-0.070000000000000395,-0.035000000000000191,0,0.18000000000000099,-0.069995603125819025,0.025864164937136953,-2.8460307027744645e-18,-0.023813303566453926,0.11952552515783554,0.0084756622001805077,0.055579475077740428,-0.023813303566453926,-0.11952552515783554,-0.0084756622001805077,0.055579475077740428,
0.6691096562537705,-0.7259952785419137,0.6613496376537864,0.0021298327224926407,-0.024898581998776998,-0.037743648594123602,0.99897494534038622,-0.070000000000000395,0.035000000000000302,0,0.18000000000000099,-0.069520229268100961,-0.03812469056254246,-0.070000000000000395,-0.035000000000000191,0,0.18000000000000099,-0.069995603125819025,0.025864164937136953,-2.8460307027744645e-18,-0.023813303566453926,0.11952552515783554,0.0084756622001805077,0.055579475077740428,-0.023813303566453926,-0.11952552515783554,-0.0084756622001805077,0.055579475077740428,
0.6691096562537705,-0.7259952785419137,0.6613496376537864,0.0021298327224926407,-0.024898581998776998,-0.037743648594123602,0.99897494534038622,-0.070000000000000395,0.035000000000000302,0,0.18000000000000099,-0.069520229268100961,-0.03812469056254246,-0.070000000000000395,-0.035000000000000191,0,0.18000000000000099,-0.069995603125819025,0.025864164937136953,-2.8460307027744645e-18,-0.023813303566453926,0.11952552515783554,0.0084756622001805077,0.055579475077740428,-0.023813303566453926,-0.11952552515783554,-0.0084756622001805077,0.055579475077740428,
0.6691096562537705,-0.7259952785419137,0.6613496376537864,0.0021298327224926407,-0.024898581998776998,-0.037743648594123602,0.99897494534038622,-0.070000000000000395,0.035000000000000302,0,0.18000000000000099,-0.069520229268100961,-0.03812469056254246,-0.070000000000000395,-0.035000000000000191,0,0.18000000000000099,-0.069995603125819025,0.025864164937136953,-2.8460307027744645e-18,-0.023813303566453926,0.11952552515783554,0.0084756622001805077,0.055579475077740428,-0.023813303566453926,-0.11952552515783554,-0.0084756622001805077,0.055579475077740428,
0.6691096562537705,-0.7259952785419137,0.6613496376537864,0.0021298327224926407,-0.024898581998776998,-0.037743648594123602,0.99897494534038622,-0.070000000000000395,0.035000000000000302,0,0.18000000000000099,-0.069520229268100961,-0.03812469056254246,-0.070000000000000395,-0.035000000000000191,0,0.18000000000000099,-0.069995603125819025,0.025864164937136953,-2.8460307027744645e-18,-0.023813303566453926,0.11952552515783554,0.0084756622001805077,0.055579475077740428,-0.023813303566453926,-0.11952552515783554,-0.0084756622001805077,0.055579475077740428,
0.6691096562537705,-0.7259952785419137,0.6613496376537864,0.0021298327224926407,-0.024898581998776998,-0.037743648594123602,0.99897494534038622,-0.070000000000000395,0.035000000000000302,0,0.18000000000000099,-0.069520229268100961,-0.03812469056254246,-0.070000000000000395,-0.035000000000000191,0,0.18000000000000099,-0.069995603125819025,0.025864164937136953,-2.8460307027744645e-18,-0.023813303566453926,0.11952552515783554,0.0084756622001805077,0.055579475077740428,-0.023813303566453926,-0.11952552515783554,-0.0084756622001805077,0.055579475077740428,
0.6691096562537705,-0.7259952785419137,0.6613496376537864,0.0021298327224926407,-0.024898581998776998,-0.037743648594123602,0.99897494534038622,-0.070000000000000395,0.035000000000000302,0,0.18000000000000099,-0.069520229268100961,-0.03812469056254246,-0.070000000000000395,-0.035000000000000191,0,0.18000000000000099,-0.069995603125819025,0.025864164937136953,-2.8460307027744645e-18,-0.023813303566453926,0.11952552515783554,0.0084756622001805077,0.055579475077740428,-0.023813303566453926,-0.11952552515783554,-0.0084756622001805077,0.055579475077740428,
0.6691096562537705,-0.7259952785419137,0.6613496376537864,0.0021298327224926407,-0.024898581998776998,-0.037743648594123602,0.99897494534038622,-0.070000000000000395,0.035000000000000302,0,0.18000000000000099,-0.069520229268100961,-0.03812469056254246,-0.070000000000000395,-0.035000000000000191,0,0.18000000000000099,-0.069995603125819025,0.025864164937136953,-2.8460307027744645e-18,-0.023813303566453926,0.11952552515783554,0.0084756622001805077,0.055579475077740428,-0.023813303566453926,-0.11952552515783554,-0.0084756622001805077,0.055579475077740428,
0.6691096562537705,-0.7259952785419137,0.6613496376537864,0.0021298327224926407,-0.024898581998776998,-0.037743648594123602,0.99897494534038622,-0.070000000000000395,0.035000000000000302,0,0.18000000000000099,-0.069520229268100961,-0.03812469056254246,-0.070000000000000395,-0.035000000000000191,0,0.18000000000000099,-0.069995603125819025,0.025864164937136953,-2.8460307027744645e-18,-0.023813303566453926,0.11952552515783554,0.0084756622001805077,0.055579475077740428,-0.023813303566453926,-0.11952552515783554,-0.0084756622001805077,0.055579475077740428,
0.6691096562537705,-0.7259952785419137,0.6613496376537864,0.0021298327224926407,-0.024898581998776998,-0.037743648594123602,0.99897494534038622,-0.070000000000000395,0.035000000000000302,0,0.18000000000000099,-0.069520229268100961,-0.03812469056254246,-0.070000000000000395,-0.035000000000000191,0,0.18000000000000099,-0.069995603125819025,0.025864164937136953,-2.8460307027744645e-18,-0.023813303566453926,0.11952552515783554,0.0084756622001805077,0.055579475077740428,-0.023813303566453926,-0.11952552515783554,-0.0084756622001805077,0.055579475077740428,
0.6691096562537705,-0.7259952785419137,0.6613496376537864,0.0021298327224926407,-0.024898581998776998,-0.037743648594123602,0.99897494534038622,-0.070000000000000395,0.035000000000000302,0,0.18000000000000099,-0.069520229268100961,-0.03812469056254246,-0.070000000000000395,-0.035000000000000191,0,0.18000000000000099,-0.069995603125819025,0.025864164937136953,-2.8460307027744645e-18,-0.023813303566453926,0.11952552515783554,0.0084756622001805077,0.055579475077740428,-0.023813303566453926,-0.11952552515783554,-0.0084756622001805077,0.055579475077740428,
0.6691096562537705,-0.7259952785419137,0.6613496376537864,0.0021298327224926407,-0.024898581998776998,-0.037743648594123602,0.99897494534038622,-0.070000000000000395,0.035000000000000302,0,0.18000000000000099,-0.069520229268100961,-0.03812469056254246,-0.070000000000000395,-0.035000000000000191,0,0.18000000000000099,-0.069995603125819025,0.025864164937136953,-2.8460307027744645e-18,-0.023813303566453926,0.11952552515783554,0.0084756622001805077,0.055579475077740428,-0.023813303566453926,-0.11952552515783554,-0.0084756622001805077,0.055579475077740428,
0.6691096562537705,-0.7259952785419137,0.6613496376537864,0.0021298327224926407,-0.024898581998776998,-0.037743648594123602,0.99897494534038622,-0.070000000000000395,0.035000000000000302,0,0.18000000000000099,-0.069520229268100961,-0.03812469056254246,-0.070000000000000395,-0.035000000000000191,0,0.18000000000000099,-0.069995603125819025,0.025864164937136953,-2.8460307027744645e-18,-0.023813303566453926,0.11952552515783554,0.0084756622001805077,0.055579475077740428,-0.023813303566453926,-0.11952552515783554,-0.0084756622001805077,0.055579475077740428,
0.6691096562537705,-0.7259952785419137,0.6613496376537864,0.0021298327224926407,-0.024898581998776998,-0.037743648594123602,0.99897494534038622,-0.070000000000000395,0.035000000000000302,0,0.18000000000000099,-0.069520229268100961,-0.03812469056254246,-0.070000000000000395,-0.035000000000000191,0,0.18000000000000099,-0.069995603125819025,0.025864164937136953,-2.8460307027744645e-18,-0.023813303566453926,0.11952552515783554,0.0084756622001805077,0.055579475077740428,-0.023813303566453926,-0.11952552515783554,-0.0084756622001805077,0.055579475077740428,
0.6691096562537705,-0.7259952785419137,0.6613496376537864,0.0021298327224926407,-0.024898581998776998,-0.037743648594123602,0.99897494534038622,-0.070000000000000395,0.035000000000000302,0,0.18000000000000099,-0.069520229268100961,-0.03812469056254246,-0.070000000000000395,-0.035000000000000191,0,0.18000000000000099,-0.069995603125819025,0.025864164937136953,-2.8460307027744645e-18,-0.023813303566453926,0.11952552515783554,0.0084756622001805077,0.055579475077740428,-0.023813303566453926,-0.11952552515783554,-0.0084756622001805077,0.055579475077740428,
0.6691096562537705,-0.7259952785419137,0.6613496376537864,0.0021298327224926407,-0.024898581998776998,-0.037743648594123602,0.99897494534038622,-0.070000000000000395,0.035000000000000302,0,0.18000000000000099,-0.069520229268100961,-0.03812469056254246,-0.070000000000000395,-0.035000000000000191,0,0.18000000000000099,-0.069995603125819025,0.025864164937136953,-2.8460307027744645e-18,-0.023813303566453926,0.11952552515783554,0.0084756622001805077,0.055579475077740428,-0.023813303566453926,-0.11952552515783554,-0.0084756622001805077,0.055579475077740428,
0.6691096562537705,-0.7259952785419137,0.6613496376537864,0.0021298327224926407,-0.024898581998776998,-0.037743648594123602,0.99897494534038622,-0.070000000000000395,0.035000000000000302,0,0.18000000000000099,-0.069520229268100961,-0.03812469056254246,-0.070000000000000395,-0.035000000000000191,0,0.18000000000000099,-0.069995603125819025,0.025864164937136953,-2.8460307027744645e-18,-0.023813303566453926,0.11952552515783554,0.0084756622001805077,0.055579475077740428,-0.023813303566453926,-0.11952552515783554,-0.0084756622001805077,0.055579475077740428,
0.6691096562537705,-0.7259952785419137,0.6613496376537864,0.0021298327224926407,-0.024898581998776998,-0.037743648594123602,0.99897494534038622,-0.070000000000000395,0.035000000000000302,0,0.18000000000000099,-0.069520229268100961,-0.03812469056254246,-0.070000000000000395,-0.035000000000000191,0,0.18000000000000099,-0.069995603125819025,0.025864164937136953,-2.8460307027744645e-18,-0.023813303566453926,0.11952552515783554,0.0084756622001805077,0.055579475077740428,-0.023813303566453926,-0.11952552515783554,-0.0084756622001805077,0.055579475077740428,
0.6691096562537705,-0.7259952785419137,0.6613496376537864,0.0021298327224926407,-0.024898581998776998,-0.037743648594123602,0.99897494534038622,-0.070000000000000395,0.035000000000000302,0,0.18000000000000099,-0.069520229268100961,-0.03812469056254246,-0.070000000000000395,-0.035000000000000191,0,0.18000000000000099,-0.069995603125819025,0.025864164937136953,-2.8460307027744645e-18,-0.023813303566453926,0.11952552515783554,0.0084756622001805077,0.055579475077740428,-0.023813303566453926,-0.11952552515783554,-0.0084756622001805077,0.055579475077740428,
0.6691096562537705,-0.7259952785419137,0.6613496376537864,0.0021298327224926407,-0.024898581998776998,-0.037743648594123602,0.99897494534038622,-0.070000000000000395,0.035000000000000302,0,0.18000000000000099,-0.069520229268100961,-0.03812469056254246,-0.070000000000000395,-0.035000000000000191,0,0.18000000000000099,-0.069995603125819025,0.025864164937136953,-2.8460307027744645e-18,-0.023813303566453926,0.11952552515783554,0.0084756622001805077,0.055579475077740428,-0.023813303566453926,-0.11952552515783554,-0.0084756622001805077,0.055579475077740428,
0.6691096562537705,-0.7259952785419137,0.6613496376537864,0.0021298327224926407,-0.024898581998776998,-0.037743648594123602,0.99897494534038622,-0.070000000000000395,0.035000000000000302,0,0.18000000000000099,-0.069520229268100961,-0.03812469056254246,-0.070000000000000395,-0.035000000000000191,0,0.18000000000000099,-0.069995603125819025,0.025864164937136953,-2.8460307027744645e-18,-0.023813303566453926,0.11952552515783554,0.0084756622001805077,0.055579475077740428,-0.023813303566453926,-0.11952552515783554,-0.0084756622001805077,0.055579475077740428,
0.6691096562537705,-0.7259952785419137,0.6613496376537864,0.0021298327224926407,-0.024898581998776998,-0.037743648594123602,0.99897494534038622,-0.070000000000000395,0.035000000000000302,0,0.18000000000000099,-0.069520229268100961,-0.03812469056254246,-0.070000000000000395,-0.035000000000000191,0,0.18000000000000099,-0.069995603125819025,0.025864164937136953,-2.8460307027744645e-18,-0.023813303566453926,0.11952552515783554,0.0084756622001805077,0.055579475077740428,-0.023813303566453926,-0.11952552515783554,-0.0084756622001805077,0.055579475077740428,
0.6691096562537705,-0.7259952785419137,0.6613496376537864,0.0021298327224926407,-0.024898581998776998,-0.037743648594123602,0.99897494534038622,-0.070000000000000395,0.035000000000000302,0,0.18000000000000099,-0.069520229268100961,-0.03812469056254246,-0.070000000000000395,-0.035000000000000191,0,0.18000000000000099,-0.069995603125819025,0.025864164937136953,-2.8460307027744645e-18,-0.023813303566453926,0.11952552515783554,0.0084756622001805077,0.055579475077740428,-0.023813303566453926,-0.11952552515783554,-0.0084756622001805077,0.055579475077740428,
0.6691096562537705,-0.7259952785419137,0.6613496376537864,0.0021298327224926407,-0.024898581998776998,-0.037743648594123602,0.99897494534038622,-0.070000000000000395,0.035000000000000302,0,0.18000000000000099,-0.069520229268100961,-0.03812469056254246,-0.070000000000000395,-0.035000000000000191,0,0.18000000000000099,-0.069995603125819025,0.025864164937136953,-2.8460307027744645e-18,-0.023813303566453926,0.11952552515783554,0.0084756622001805077,0.055579475077740428,-0.023813303566453926,-0.11952552515783554,-0.0084756622001805077,0.055579475077740428,
0.6691096562537705,-0.7259952785419137,0.6613496376537864,0.0021298327224926407,-0.024898581998776998,-0.037743648594123602,0.99897494534038622,-0.070000000000000395,0.035000000000000302,0,0.18000000000000099,-0.069520229268100961,-0.03812469056254246,-0.070000000000000395,-0.035000000000000191,0,0.18000000000000099,-0.069995603125819025,0.025864164937136953,-2.8460307027744645e-18,-0.023813303566453926,0.11952552515783554,0.0084756622001805077,0.055579475077740428,-0.023813303566453926,-0.11952552515783554,-0.0084756622001805077,0.055579475077740428,
0.6691096562537705,-0.7259952785419137,0.6613496376537864,0.0021298327224926407,-0.024898581998776998,-0.037743648594123602,0.99897494534038622,-0.070000000000000395,0.035000000000000302,0,0.18000000000000099,-0.069520229268100961,-0.03812469056254246,-0.070000000000000395,-0.035000000000000191,0,0.18000000000000099,-0.069995603125819025,0.025864164937136953,-2.8460307027744645e-18,-0.023813303566453926,0.11952552515783554,0.0084756622001805077,0.055579475077740428,-0.023813303566453926,-0.11952552515783554,-0.0084756622001805077,0.055579475077740428,
0.6691096562537705,-0.7259952785419137,0.6613496376537864,0.0021298327224926407,-0.024898581998776998,-0.037743648594123602,0.99897494534038622,-0.070000000000000395,0.035000000000000302,0,0.18000000000000099,-0.069520229268100961,-0.03812469056254246,-0.070000000000000395,-0.035000000000000191,0,0.18000000000000099,-0.069995603125819025,0.025864164937136953,-2.8460307027744645e-18,-0.023813303566453926,0.11952552515783554,0.0084756622001805077,0.055579475077740428,-0.023813303566453926,-0.11952552515783554,-0.0084756622001805077,0.055579475077740428,
0.6691096562537705,-0.7259952785419137,0.6613496376537864,0.0021298327224926407,-0.024898581998776998,-0.037743648594123602,0.99897494534038622,-0.070000000000000395,0.035000000000000302,0,0.18000000000000099,-0.069520229268100961,-0.03812469056254246,-0.070000000000000395,-0.035000000000000191,0,0.18000000000000099,-0.069995603125819025,0.025864164937136953,-2.8460307027744645e-18,-0.023813303566453926,0.11952552515783554,0.0084756622001805077,0.055579475077740428,-0.023813303566453926,-0.11952552515783554,-0.0084756622001805077,0.055579475077740428,
0.6691096562537705,-0.7259952785419137,0.6613496376537864,0.0021298327224926407,-0.024898581998776998,-0.037743648594123602,0.99897494534038622,-0.070000000000000395,0.035000000000000302,0,0.18000000000000099,-0.069520229268100961,-0.03812469056254246,-0.070000000000000395,-0.035000000000000191,0,0.18000000000000099,-0.069995603125819025,0.025864164937136953,-2.8460307027744645e-18,-0.023813303566453926,0.11952552515783554,0.0084756622001805077,0.055579475077740428,-0.023813303566453926,-0.11952552515783554,-0.0084756622001805077,0.055579475077740428,
0.6691096562537705,-0.7259952785419137,0.6613496376537864,0.0021298327224926407,-0.024898581998776998,-0.037743648594123602,0.99897494534038622,-0.070000000000000395,0.035000000000000302,0,0.18000000000000099,-0.069520229268100961,-0.03812469056254246,-0.070000000000000395,-0.035000000000000191,0,0.18000000000000099,-0.069995603125819025,0.025864164937136953,-2.8460307027744645e-18,-0.023813303566453926,0.11952552515783554,0.0084756622001805077,0.055579475077740428,-0.023813303566453926,-0.11952552515783554,-0.0084756622001805077,0.055579475077740428,
0.6691096562537705,-0.7259952785419137,0.6613496376537864,0.0021298327224926407,-0.024898581998776998,-0.037743648594123602,0.99897494534038622,-0.070000000000000395,0.035000000000000302,0,0.18000000000000099,-0.069520229268100961,-0.03812469056254246,-0.070000000000000395,-0.035000000000000191,0,0.18000000000000099,-0.069995603125819025,0.025864164937136953,-2.8460307027744645e-18,-0.023813303566453926,0.11952552515783554,0.0084756622001805077,0.055579475077740428,-0.023813303566453926,-0.11952552515783554,-0.0084756622001805077,0.055579475077740428,
0.6691096562537705,-0.7259952785419137,0.6613496376537864,0.0021298327224926407,-0.024898581998776998,-0.037743648594123602,0.99897494534038622,-0.070000000000000395,0.035000000000000302,0,0.18000000000000099,-0.069520229268100961,-0.03812469056254246,-0.070000000000000395,-0.035000000000000191,0,0.18000000000000099,-0.069995603125819025,0.025864164937136953,-2.8460307027744645e-18,-0.023813303566453926,0.11952552515783554,0.0084756622001805077,0.055579475077740428,-0.023813303566453926,-0.11952552515783554,-0.0084756622001805077,0.055579475077740428,
0.6691096562537705,-0.7259952785419137,0.6613496376537864,0.0021298327224926407,-0.024898581998776998,-0.037743648594123602,0.99897494534038622,-0.070000000000000395,0.035000000000000302,0,0.18000000000000099,-0.069520229268100961,-0.03812469056254246,-0.070000000000000395,-0.035000000000000191,0,0.18000000000000099,-0.069995603125819025,0.025864164937136953,-2.8460307027744645e-18,-0.023813303566453926,0.11952552515783554,0.0084756622001805077,0.055579475077740428,-0.023813303566453926,-0.11952552515783554,-0.0084756622001805077,0.055579475077740428,
0.6691096562537705,-0.7259952785419137,0.6613496376537864,0.0021298327224926407,-0.024898581998776998,-0.037743648594123602,0.99897494534038622,-0.070000000000000395,0.035000000000000302,0,0.18000000000000099,-0.069520229268100961,-0.03812469056254246,-0.070000000000000395,-0.035000000000000191,0,0.18000000000000099,-0.069995603125819025,0.025864164937136953,-2.8460307027744645e-18,-0.023813303566453926,0.11952552515783554,0.0084756622001805077,0.055579475077740428,-0.023813303566453926,-0.11952552515783554,-0.0084756622001805077,0.055579475077740428,
0.6691096562537705,-0.7259952785419137,0.6613496376537864,0.0021298327224926407,-0.024898581998776998,-0.037743648594123602,0.99897494534038622,-0.070000000000000395,0.035000000000000302,0,0.18000000000000099,-0.069520229268100961,-0.03812469056254246,-0.070000000000000395,-0.035000000000000191,0,0.18000000000000099,-0.069995603125819025,0.025864164937136953,-2.8460307027744645e-18,-0.023813303566453926,0.11952552515783554,0.0084756622001805077,0.055579475077740428,-0.023813303566453926,-0.11952552515783554,-0.0084756622001805077,0.055579475077740428,
0.6691096562537705,-0.7259952785419137,0.6613496376537864,0.0021298327224926407,-0.024898581998776998,-0.037743648594123602,0.99897494534038622,-0.070000000000000395,0.035000000000000302,0,0.18000000000000099,-0.069520229268100961,-0.03812469056254246,-0.070000000000000395,-0.035000000000000191,0,0.18000000000000099,-0.069995603125819025,0.025864164937136953,-2.8460307027744645e-18,-0.023813303566453926,0.11952552515783554,0.0084756622001805077,0.055579475077740428,-0.023813303566453926,-0.11952552515783554,-0.0084756622001805077,0.055579475077740428,
0.6691096562537705,-0.7259952785419137,0.6613496376537864,0.0021298327224926407,-0.024898581998776998,-0.037743648594123602,0.99897494534038622,-0.070000000000000395,0.035000000000000302,0,0.18000000000000099,-0.069520229268100961,-0.03812469056254246,-0.070000000000000395,-0.035000000000000191,0,0.18000000000000099,-0.069995603125819025,0.025864164937136953,-2.8460307027744645e-18,-0.023813303566453926,0.11952552515783554,0.0084756622001805077,0.055579475077740428,-0.023813303566453926,-0.11952552515783554,-0.0084756622001805077,0.055579475077740428,
0.6691096562537705,-0.7259952785419137,0.6613496376537864,0.0021298327224926407,-0.024898581998776998,-0.037743648594123602,0.99897494534038622,-0.070000000000000395,0.035000000000000302,0,0.18000000000000099,-0.069520229268100961,-0.03812469056254246,-0.070000000000000395,-0.035000000000000191,0,0.18000000000000099,-0.069995603125819025,0.025864164937136953,-2.8460307027744645e-18,-0.023813303566453926,0.11952552515783554,0.0084756622001805077,0.055579475077740428,-0.023813303566453926,-0.11952552515783554,-0.0084756622001805077,0.055579475077740428,
0.6691096562537705,-0.7259952785419137,0.6613496376537864,0.0021298327224926407,-0.024898581998776998,-0.037743648594123602,0.99897494534038622,-0.070000000000000395,0.035000000000000302,0,0.18000000000000099,-0.069520229268100961,-0.03812469056254246,-0.070000000000000395,-0.035000000000000191,0,0.18000000000000099,-0.069995603125819025,0.025864164937136953,-2.8460307027744645e-18,-0.023813303566453926,0.11952552515783554,0.0084756622001805077,0.055579475077740428,-0.023813303566453926,-0.11952552515783554,-0.0084756622001805077,0.055579475077740428,
0.6691096562537705,-0.7259952785419137,0.6613496376537864,0.0021298327224926407,-0.024898581998776998,-0.037743648594123602,0.99897494534038622,-0.070000000000000395,0.035000000000000302,0,0.18000000000000099,-0.069520229268100961,-0.03812469056254246,-0.070000000000000395,-0.035000000000000191,0,0.18000000000000099,-0.069995603125819025,0.025864164937136953,-2.8460307027744645e-18,-0.023813303566453926,0.11952552515783554,0.0084756622001805077,0.055579475077740428,-0.023813303566453926,-0.11952552515783554,-0.0084756622001805077,0.055579475077740428,
0.6691096562537705,-0.7259952785419137,0.6613496376537864,0.0021298327224926407,-0.024898581998776998,-0.037743648594123602,0.99897494534038622,-0.070000000000000395,0.035000000000000302,0,0.18000000000000099,-0.069520229268100961,-0.03812469056254246,-0.070000000000000395,-0.035000000000000191,0,0.18000000000000099,-0.069995603125819025,0.025864164937136953,-2.8460307027744645e-18,-0.023813303566453926,0.11952552515783554,0.0084756622001805077,0.055579475077740428,-0.023813303566453926,-0.11952552515783554,-0.0084756622001805077,0.055579475077740428,
0.6691096562537705,-0.7259952785419137,0.6613496376537864,0.0021298327224926407,-0.024898581998776998,-0.037743648594123602,0.99897494534038622,-0.070000000000000395,0.035000000000000302,0,0.18000000000000099,-0.069520229268100961,-0.03812469056254246,-0.070000000000000395,-0.035000000000000191,0,0.18000000000000099,-0.069995603125819025,0.025864164937136953,-2.8460307027744645e-18,-0.023813303566453926,0.11952552515783554,0.0084756622001805077,0.055579475077740428,-0.023813303566453926,-0.11952552515783554,-0.0084756622001805077,0.055579475077740428,
0.6691096562537705,-0.7259952785419137,0.6613496376537864,0.0021298327224926407,-0.024898581998776998,-0.037743648594123602,0.99897494534038622,-0.070000000000000395,0.035000000000000302,0,0.18000000000000099,-0.069520229268100961,-0.03812469056254246,-0.070000000000000395,-0.035000000000000191,0,0.18000000000000099,-0.069995603125819025,0.025864164937136953,-2.8460307027744645e-18,-0.023813303566453926,0.11952552515783554,0.0084756622001805077,0.055579475077740428,-0.023813303566453926,-0.11952552515783554,-0.0084756622001805077,0.055579475077740428,
0.6691096562537705,-0.7259952785419137,0.6613496376537864,0.0021298327224926407,-0.024898581998776998,-0.037743648594123602,0.99897494534038622,-0.070000000000000395,0.035000000000000302,0,0.18000000000000099,-0.069520229268100961,-0.03812469056254246,-0.070000000000000395,-0.035000000000000191,0,0.18000000000000099,-0.069995603125819025,0.025864164937136953,-2.8460307027744645e-18,-0.023813303566453926,0.11952552515783554,0.0084756622001805077,0.055579475077740428,-0.023813303566453926,-0.11952552515783554,-0.0084756622001805077,0.055579475077740428,
0.6691096562537705,-0.7259952785419137,0.6613496376537864,0.0021298327224926407,-0.024898581998776998,-0.037743648594123602,0.99897494534038622,-0.070000000000000395,0.035000000000000302,0,0.18000000000000099,-0.069520229268100961,-0.03812469056254246,-0.070000000000000395,-0.035000000000000191,0,0.18000000000000099,-0.069995603125819025,0.025864164937136953,-2.8460307027744645e-18,-0.023813303566453926,0.11952552515783554,0.0084756622001805077,0.055579475077740428,-0.023813303566453926,-0.11952552515783554,-0.0084756622001805077,0.055579475077740428,
0.6691096562537705,-0.7259952785419137,0.6613496376537864,0.0021298327224926407,-0.024898581998776998,-0.037743648594123602,0.99897494534038622,-0.070000000000000395,0.035000000000000302,0,0.18000000000000099,-0.069520229268100961,-0.03812469056254246,-0.070000000000000395,-0.035000000000000191,0,0.18000000000000099,-0.069995603125819025,0.025864164937136953,-2.8460307027744645e-18,-0.023813303566453926,0.11952552515783554,0.0084756622001805077,0.055579475077740428,-0.023813303566453926,-0.11952552515783554,-0.0084756622001805077,0.055579475077740428,
0.6691096562537705,-0.7259952785419137,0.6613496376537864,0.0021298327224926407,-0.024898581998776998,-0.037743648594123602,0.99897494534038622,-0.070000000000000395,0.035000000000000302,0,0.18000000000000099,-0.069520229268100961,-0.03812469056254246,-0.070000000000000395,-0.035000000000000191,0,0.18000000000000099,-0.069995603125819025,0.025864164937136953,-2.8460307027744645e-18,-0.023813303566453926,0.11952552515783554,0.0084756622001805077,0.055579475077740428,-0.023813303566453926,-0.11952552515783554,-0.0084756622001805077,0.055579475077740428,
0.6691096562537705,-0.7259952785419137,0.6613496376537864,0.0021298327224926407,-0.024898581998776998,-0.037743648594123602,0.99897494534038622,-0.070000000000000395,0.035000000000000302,0,0.18000000000000099,-0.069520229268100961,-0.03812469056254246,-0.070000000000000395,-0.035000000000000191,0,0.18000000000000099,-0.069995603125819025,0.025864164937136953,-2.8460307027744645e-18,-0.023813303566453926,0.11952552515783554,0.0084756622001805077,0.055579475077740428,-0.023813303566453926,-0.11952552515783554,-0.0084756622001805077,0.055579475077740428,
0.6691096562537705,-0.7259952785419137,0.6613496376537864,0.0021298327224926407,-0.024898581998776998,-0.037743648594123602,0.99897494534038622,-0.070000000000000395,0.035000000000000302,0,0.18000000000000099,-0.069520229268100961,-0.03812469056254246,-0.070000000000000395,-0.035000000000000191,0,0.18000000000000099,-0.069995603125819025,0.025864164937136953,-2.8460307027744645e-18,-0.023813303566453926,0.11952552515783554,0.0084756622001805077,0.055579475077740428,-0.023813303566453926,-0.11952552515783554,-0.0084756622001805077,0.055579475077740428,
0.6691096562537705,-0.7259952785419137,0.6613496376537864,0.0021298327224926407,-0.024898581998776998,-0.037743648594123602,0.99897494534038622,-0.070000000000000395,0.035000000000000302,0,0.18000000000000099,-0.069520229268100961,-0.03812469056254246,-0.070000000000000395,-0.035000000000000191,0,0.18000000000000099,-0.069995603125819025,0.025864164937136953,-2.8460307027744645e-18,-0.023813303566453926,0.11952552515783554,0.0084756622001805077,0.055579475077740428,-0.023813303566453926,-0.11952552515783554,-0.0084756622001805077,0.055579475077740428,
0.6691096562537705,-0.7259952785419137,0.6613496376537864,0.0021298327224926407,-0.024898581998776998,-0.037743648594123602,0.99897494534038622,-0.070000000000000395,0.035000000000000302,0,0.18000000000000099,-0.069520229268100961,-0.03812469056254246,-0.070000000000000395,-0.035000000000000191,0,0.18000000000000099,-0.069995603125819025,0.025864164937136953,-2.8460307027744645e-18,-0.023813303566453926,0.11952552515783554,0.0084756622001805077,0.055579475077740428,-0.023813303566453926,-0.11952552515783554,-0.0084756622001805077,0.055579475077740428,
0.6691096562537705,-0.7259952785419137,0.6613496376537864,0.0021298327224926407,-0.024898581998776998,-0.037743648594123602,0.99897494534038622,-0.070000000000000395,0.035000000000000302,0,0.18000000000000099,-0.069520229268100961,-0.03812469056254246,-0.070000000000000395,-0.035000000000000191,0,0.18000000000000099,-0.069995603125819025,0.025864164937136953,-2.8460307027744645e-18,-0.023813303566453926,0.11952552515783554,0.0084756622001805077,0.055579475077740428,-0.023813303566453926,-0.11952552515783554,-0.0084756622001805077,0.055579475077740428,
0.6691096562537705,-0.7259952785419137,0.6613496376537864,0.0021298327224926407,-0.024898581998776998,-0.037743648594123602,0.99897494534038622,-0.070000000000000395,0.035000000000000302,0,0.18000000000000099,-0.069520229268100961,-0.03812469056254246,-0.070000000000000395,-0.035000000000000191,0,0.18000000000000099,-0.069995603125819025,0.025864164937136953,-2.8460307027744645e-18,-0.023813303566453926,0.11952552515783554,0.0084756622001805077,0.055579475077740428,-0.023813303566453926,-0.11952552515783554,-0.0084756622001805077,0.055579475077740428,
0.6691096562537705,-0.7259952785419137,0.6613496376537864,0.0021298327224926407,-0.024898581998776998,-0.037743648594123602,0.99897494534038622,-0.070000000000000395,0.035000000000000302,0,0.18000000000000099,-0.069520229268100961,-0.03812469056254246,-0.070000000000000395,-0.035000000000000191,0,0.18000000000000099,-0.069995603125819025,0.025864164937136953,-2.8460307027744645e-18,-0.023813303566453926,0.11952552515783554,0.0084756622001805077,0.055579475077740428,-0.023813303566453926,-0.11952552515783554,-0.0084756622001805077,0.055579475077740428,
0.6691096562537705,-0.7259952785419137,0.6613496376537864,0.0021298327224926407,-0.024898581998776998,-0.037743648594123602,0.99897494534038622,-0.070000000000000395,0.035000000000000302,0,0.18000000000000099,-0.069520229268100961,-0.03812469056254246,-0.070000000000000395,-0.035000000000000191,0,0.18000000000000099,-0.069995603125819025,0.025864164937136953,-2.8460307027744645e-18,-0.023813303566453926,0.11952552515783554,0.0084756622001805077,0.055579475077740428,-0.023813303566453926,-0.11952552515783554,-0.0084756622001805077,0.055579475077740428,
0.6691096562537705,-0.7259952785419137,0.6613496376537864,0.0021298327224926407,-0.024898581998776998,-0.037743648594123602,0.99897494534038622,-0.070000000000000395,0.035000000000000302,0,0.18000000000000099,-0.069520229268100961,-0.03812469056254246,-0.070000000000000395,-0.035000000000000191,0,0.18000000000000099,-0.069995603125819025,0.025864164937136953,-2.8460307027744645e-18,-0.023813303566453926,0.11952552515783554,0.0084756622001805077,0.055579475077740428,-0.023813303566453926,-0.11952552515783554,-0.0084756622001805077,0.055579475077740428,
0.6691096562537705,-0.7259952785419137,0.6613496376537864,0.0021298327224926407,-0.024898581998776998,-0.037743648594123602,0.99897494534038622,-0.070000000000000395,0.035000000000000302,0,0.18000000000000099,-0.069520229268100961,-0.03812469056254246,-0.070000000000000395,-0.035000000000000191,0,0.18000000000000099,-0.069995603125819025,0.025864164937136953,-2.8460307027744645e-18,-0.023813303566453926,0.11952552515783554,0.0084756622001805077,0.055579475077740428,-0.023813303566453926,-0.11952552515783554,-0.0084756622001805077,0.055579475077740428,
0.6691096562537705,-0.7259952785419137,0.6613496376537864,0.0021298327224926407,-0.024898581998776998,-0.037743648594123602,0.99897494534038622,-0.070000000000000395,0.035000000000000302,0,0.18000000000000099,-0.069520229268100961,-0.03812469056254246,-0.070000000000000395,-0.035000000000000191,0,0.18000000000000099,-0.069995603125819025,0.025864164937136953,-2.8460307027744645e-18,-0.023813303566453926,0.11952552515783554,0.0084756622001805077,0.055579475077740428,-0.023813303566453926,-0.11952552515783554,-0.0084756622001805077,0.055579475077740428,
0.6691096562537705,-0.7259952785419137,0.6613496376537864,0.0021298327224926407,-0.024898581998776998,-0.037743648594123602,0.99897494534038622,-0.070000000000000395,0.035000000000000302,0,0.18000000000000099,-0.069520229268100961,-0.03812469056254246,-0.070000000000000395,-0.035000000000000191,0,0.18000000000000099,-0.069995603125819025,0.025864164937136953,-2.8460307027744645e-18,-0.023813303566453926,0.11952552515783554,0.0084756622001805077,0.055579475077740428,-0.023813303566453926,-0.11952552515783554,-0.0084756622001805077,0.055579475077740428,
0.6691096562537705,-0.7259952785419137,0.6613496376537864,0.0021298327224926407,-0.024898581998776998,-0.037743648594123602,0.99897494534038622,-0.070000000000000395,0.035000000000000302,0,0.18000000000000099,-0.069520229268100961,-0.03812469056254246,-0.070000000000000395,-0.035000000000000191,0,0.18000000000000099,-0.069995603125819025,0.025864164937136953,-2.8460307027744645e-18,-0.023813303566453926,0.11952552515783554,0.0084756622001805077,0.055579475077740428,-0.023813303566453926,-0.11952552515783554,-0.0084756622001805077,0.055579475077740428,
0.6691096562537705,-0.7259952785419137,0.6613496376537864,0.0021298327224926407,-0.024898581998776998,-0.037743648594123602,0.99897494534038622,-0.070000000000000395,0.035000000000000302,0,0.18000000000000099,-0.069520229268100961,-0.03812469056254246,-0.070000000000000395,-0.035000000000000191,0,0.18000000000000099,-0.069995603125819025,0.025864164937136953,-2.8460307027744645e-18,-0.023813303566453926,0.11952552515783554,0.0084756622001805077,0.055579475077740428,-0.023813303566453926,-0.11952552515783554,-0.0084756622001805077,0.055579475077740428,
0.6691096562537705,-0.7259952785419137,0.6613496376537864,0.0021298327224926407,-0.024898581998776998,-0.037743648594123602,0.99897494534038622,-0.070000000000000395,0.035000000000000302,0,0.18000000000000099,-0.069520229268100961,-0.03812469056254246,-0.070000000000000395,-0.035000000000000191,0,0.18000000000000099,-0.069995603125819025,0.025864164937136953,-2.8460307027744645e-18,-0.023813303566453926,0.11952552515783554,0.0084756622001805077,0.055579475077740428,-0.023813303566453926,-0.11952552515783554,-0.0084756622001805077,0.055579475077740428,
0.6691096562537705,-0.7259952785419137,0.6613496376537864,0.0021298327224926407,-0.024898581998776998,-0.037743648594123602,0.99897494534038622,-0.070000000000000395,0.035000000000000302,0,0.18000000000000099,-0.069520229268100961,-0.03812469056254246,-0.070000000000000395,-0.035000000000000191,0,0.18000000000000099,-0.069995603125819025,0.025864164937136953,-2.8460307027744645e-18,-0.023813303566453926,0.11952552515783554,0.0084756622001805077,0.055579475077740428,-0.023813303566453926,-0.11952552515783554,-0.0084756622001805077,0.055579475077740428,
0.6691096562537705,-0.7259952785419137,0.6613496376537864,0.0021298327224926407,-0.024898581998776998,-0.037743648594123602,0.99897494534038622,-0.070000000000000395,0.035000000000000302,0,0.18000000000000099,-0.069520229268100961,-0.03812469056254246,-0.070000000000000395,-0.035000000000000191,0,0.18000000000000099,-0.069995603125819025,0.025864164937136953,-2.8460307027744645e-18,-0.023813303566453926,0.11952552515783554,0.0084756622001805077,0.055579475077740428,-0.023813303566453926,-0.11952552515783554,-0.0084756622001805077,0.055579475077740428,
0.6691096562537705,-0.7259952785419137,0.6613496376537864,0.0021298327224926407,-0.024898581998776998,-0.037743648594123602,0.99897494534038622,-0.070000000000000395,0.035000000000000302,0,0.18000000000000099,-0.069520229268100961,-0.03812469056254246,-0.070000000000000395,-0.035000000000000191,0,0.18000000000000099,-0.069995603125819025,0.025864164937136953,-2.8460307027744645e-18,-0.023813303566453926,0.11952552515783554,0.0084756622001805077,0.055579475077740428,-0.023813303566453926,-0.11952552515783554,-0.0084756622001805077,0.055579475077740428,
0.6691096562537705,-0.7259952785419137,0.6613496376537864,0.0021298327224926407,-0.024898581998776998,-0.037743648594123602,0.99897494534038622,-0.070000000000000395,0.035000000000000302,0,0.18000000000000099,-0.069520229268100961,-0.03812469056254246,-0.070000000000000395,-0.035000000000000191,0,0.18000000000000099,-0.069995603125819025,0.025864164937136953,-2.8460307027744645e-18,-0.023813303566453926,0.11952552515783554,0.0084756622001805077,0.055579475077740428,-0.023813303566453926,-0.11952552515783554,-0.0084756622001805077,0.055579475077740428,
0.6691096562537705,-0.7259952785419137,0.6613496376537864,0.0021298327224926407,-0.024898581998776998,-0.037743648594123602,0.99897494534038622,-0.070000000000000395,0.035000000000000302,0,0.18000000000000099,-0.069520229268100961,-0.03812469056254246,-0.070000000000000395,-0.035000000000000191,0,0.18000000000000099,-0.069995603125819025,0.025864164937136953,-2.8460307027744645e-18,-0.023813303566453926,0.11952552515783554,0.0084756622001805077,0.055579475077740428,-0.023813303566453926,-0.11952552515783554,-0.0084756622001805077,0.055579475077740428,
0.6691096562537705,-0.7259952785419137,0.6613496376537864,0.0021298327224926407,-0.024898581998776998,-0.037743648594123602,0.99897494534038622,-0.070000000000000395,0.035000000000000302,0,0.18000000000000099,-0.069520229268100961,-0.03812469056254246,-0.070000000000000395,-0.035000000000000191,0,0.18000000000000099,-0.069995603125819025,0.025864164937136953,-2.8460307027744645e-18,-0.023813303566453926,0.11952552515783554,0.0084756622001805077,0.055579475077740428,-0.023813303566453926,-0.11952552515783554,-0.0084756622001805077,0.055579475077740428,
0.6691096562537705,-0.7259952785419137,0.6613496376537864,0.0021298327224926407,-0.024898581998776998,-0.037743648594123602,0.99897494534038622,-0.070000000000000395,0.035000000000000302,0,0.18000000000000099,-0.069520229268100961,-0.03812469056254246,-0.070000000000000395,-0.035000000000000191,0,0.18000000000000099,-0.069995603125819025,0.025864164937136953,-2.8460307027744645e-18,-0.023813303566453926,0.11952552515783554,0.0084756622001805077,0.055579475077740428,-0.023813303566453926,-0.11952552515783554,-0.0084756622001805077,0.055579475077740428,
0.6691096562537705,-0.7259952785419137,0.6613496376537864,0.0021298327224926407,-0.024898581998776998,-0.037743648594123602,0.99897494534038622,-0.070000000000000395,0.035000000000000302,0,0.18000000000000099,-0.069520229268100961,-0.03812469056254246,-0.070000000000000395,-0.035000000000000191,0,0.18000000000000099,-0.069995603125819025,0.025864164937136953,-2.8460307027744645e-18,-0.023813303566453926,0.11952552515783554,0.0084756622001805077,0.055579475077740428,-0.023813303566453926,-0.11952552515783554,-0.0084756622001805077,0.055579475077740428,
0.6691096562537705,-0.7259952785419137,0.6613496376537864,0.0021298327224926407,-0.024898581998776998,-0.037743648594123602,0.99897494534038622,-0.070000000000000395,0.035000000000000302,0,0.18000000000000099,-0.069520229268100961,-0.03812469056254246,-0.070000000000000395,-0.035000000000000191,0,0.18000000000000099,-0.069995603125819025,0.025864164937136953,-2.8460307027744645e-18,-0.023813303566453926,0.11952552515783554,0.0084756622001805077,0.055579475077740428,-0.023813303566453926,-0.11952552515783554,-0.0084756622001805077,0.055579475077740428,
0.6691096562537705,-0.7259952785419137,0.6613496376537864,0.0021298327224926407,-0.024898581998776998,-0.037743648594123602,0.99897494534038622,-0.070000000000000395,0.035000000000000302,0,0.18000000000000099,-0.069520229268100961,-0.03812469056254246,-0.070000000000000395,-0.035000000000000191,0,0.18000000000000099,-0.069995603125819025,0.025864164937136953,-2.8460307027744645e-18,-0.023813303566453926,0.11952552515783554,0.0084756622001805077,0.055579475077740428,-0.023813303566453926,-0.11952552515783554,-0.0084756622001805077,0.055579475077740428,
0.6691096562537705,-0.7259952785419137,0.6613496376537864,0.0021298327224926407,-0.024898581998776998,-0.037743648594123602,0.99897494534038622,-0.070000000000000395,0.035000000000000302,0,0.18000000000000099,-0.069520229268100961,-0.03812469056254246,-0.070000000000000395,-0.035000000000000191,0,0.18000000000000099,-0.069995603125819025,0.025864164937136953,-2.8460307027744645e-18,-0.023813303566453926,0.11952552515783554,0.0084756622001805077,0.055579475077740428,-0.023813303566453926,-0.11952552515783554,-0.0084756622001805077,0.055579475077740428,
0.6691096562537705,-0.7259952785419137,0.6613496376537864,0.0021298327224926407,-0.024898581998776998,-0.037743648594123602,0.99897494534038622,-0.070000000000000395,0.035000000000000302,0,0.18000000000000099,-0.069520229268100961,-0.03812469056254246,-0.070000000000000395,-0.035000000000000191,0,0.18000000000000099,-0.069995603125819025,0.025864164937136953,-2.8460307027744645e-18,-0.023813303566453926,0.11952552515783554,0.0084756622001805077,0.055579475077740428,-0.023813303566453926,-0.11952552515783554,-0.0084756622001805077,0.055579475077740428,
0.6691096562537705,-0.7259952785419137,0.6613496376537864,0.0021298327224926407,-0.024898581998776998,-0.037743648594123602,0.99897494534038622,-0.070000000000000395,0.035000000000000302,0,0.18000000000000099,-0.069520229268100961,-0.03812469056254246,-0.070000000000000395,-0.035000000000000191,0,0.18000000000000099,-0.069995603125819025,0.025864164937136953,-2.8460307027744645e-18,-0.023813303566453926,0.11952552515783554,0.0084756622001805077,0.055579475077740428,-0.023813303566453926,-0.11952552515783554,-0.0084756622001805077,0.055579475077740428,
0.6691096562537705,-0.7259952785419137,0.6613496376537864,0.0021298327224926407,-0.024898581998776998,-0.037743648594123602,0.99897494534038622,-0.070000000000000395,0.035000000000000302,0,0.18000000000000099,-0.069520229268100961,-0.03812469056254246,-0.070000000000000395,-0.035000000000000191,0,0.18000000000000099,-0.069995603125819025,0.025864164937136953,-2.8460307027744645e-18,-0.023813303566453926,0.11952552515783554,0.0084756622001805077,0.055579475077740428,-0.023813303566453926,-0.11952552515783554,-0.0084756622001805077,0.055579475077740428,
0.6691096562537705,-0.7259952785419137,0.6613496376537864,0.0021298327224926407,-0.024898581998776998,-0.037743648594123602,0.99897494534038622,-0.070000000000000395,0.035000000000000302,0,0.18000000000000099,-0.069520229268100961,-0.03812469056254246,-0.070000000000000395,-0.035000000000000191,0,0.18000000000000099,-0.069995603125819025,0.025864164937136953,-2.8460307027744645e-18,-0.023813303566453926,0.11952552515783554,0.0084756622001805077,0.055579475077740428,-0.023813303566453926,-0.11952552515783554,-0.0084756622001805077,0.055579475077740428,
0.6691096562537705,-0.7259952785419137,0.6613496376537864,0.0021298327224926407,-0.024898581998776998,-0.037743648594123602,0.99897494534038622,-0.070000000000000395,0.035000000000000302,0,0.18000000000000099,-0.069520229268100961,-0.03812469056254246,-0.070000000000000395,-0.035000000000000191,0,0.18000000000000099,-0.069995603125819025,0.025864164937136953,-2.8460307027744645e-18,-0.023813303566453926,0.11952552515783554,0.0084756622001805077,0.055579475077740428,-0.023813303566453926,-0.11952552515783554,-0.0084756622001805077,0.055579475077740428,
0.6691096562537705,-0.7259952785419137,0.6613496376537864,0.0021298327224926407,-0.024898581998776998,-0.037743648594123602,0.99897494534038622,-0.070000000000000395,0.035000000000000302,0,0.18000000000000099,-0.069520229268100961,-0.03812469056254246,-0.070000000000000395,-0.035000000000000191,0,0.18000000000000099,-0.069995603125819025,0.025864164937136953,-2.8460307027744645e-18,-0.023813303566453926,0.11952552515783554,0.0084756622001805077,0.055579475077740428,-0.023813303566453926,-0.11952552515783554,-0.0084756622001805077,0.055579475077740428,
0.6691096562537705,-0.7259952785419137,0.6613496376537864,0.0021298327224926407,-0.024898581998776998,-0.037743648594123602,0.99897494534038622,-0.070000000000000395,0.035000000000000302,0,0.18000000000000099,-0.069520229268100961,-0.03812469056254246,-0.070000000000000395,-0.035000000000000191,0,0.18000000000000099,-0.069995603125819025,0.025864164937136953,-2.8460307027744645e-18,-0.023813303566453926,0.11952552515783554,0.0084756622001805077,0.055579475077740428,-0.023813303566453926,-0.11952552515783554,-0.0084756622001805077,0.055579475077740428,
0.6691096562537705,-0.7259952785419137,0.6613496376537864,0.0021298327224926407,-0.024898581998776998,-0.037743648594123602,0.99897494534038622,-0.070000000000000395,0.035000000000000302,0,0.18000000000000099,-0.069520229268100961,-0.03812469056254246,-0.070000000000000395,-0.035000000000000191,0,0.18000000000000099,-0.069995603125819025,0.025864164937136953,-2.8460307027744645e-18,-0.023813303566453926,0.11952552515783554,0.0084756622001805077,0.055579475077740428,-0.023813303566453926,-0.11952552515783554,-0.0084756622001805077,0.055579475077740428,
0.6691096562537705,-0.7259952785419137,0.6613496376537864,0.0021298327224926407,-0.024898581998776998,-0.037743648594123602,0.99897494534038622,-0.070000000000000395,0.035000000000000302,0,0.18000000000000099,-0.069520229268100961,-0.03812469056254246,-0.070000000000000395,-0.035000000000000191,0,0.18000000000000099,-0.069995603125819025,0.025864164937136953,-2.8460307027744645e-18,-0.023813303566453926,0.11952552515783554,0.0084756622001805077,0.055579475077740428,-0.023813303566453926,-0.11952552515783554,-0.0084756622001805077,0.055579475077740428,
0.6691096562537705,-0.7259952785419137,0.6613496376537864,0.0021298327224926407,-0.024898581998776998,-0.037743648594123602,0.99897494534038622,-0.070000000000000395,0.035000000000000302,0,0.18000000000000099,-0.069520229268100961,-0.03812469056254246,-0.070000000000000395,-0.035000000000000191,0,0.18000000000000099,-0.069995603125819025,0.025864164937136953,-2.8460307027744645e-18,-0.023813303566453926,0.11952552515783554,0.0084756622001805077,0.055579475077740428,-0.023813303566453926,-0.11952552515783554,-0.0084756622001805077,0.055579475077740428,
0.6691096562537705,-0.7259952785419137,0.6613496376537864,0.0021298327224926407,-0.024898581998776998,-0.037743648594123602,0.99897494534038622,-0.070000000000000395,0.035000000000000302,0,0.18000000000000099,-0.069520229268100961,-0.03812469056254246,-0.070000000000000395,-0.035000000000000191,0,0.18000000000000099,-0.069995603125819025,0.025864164937136953,-2.8460307027744645e-18,-0.023813303566453926,0.11952552515783554,0.0084756622001805077,0.055579475077740428,-0.023813303566453926,-0.11952552515783554,-0.0084756622001805077,0.055579475077740428,
0.6691096562537705,-0.7259952785419137,0.6613496376537864,0.0021298327224926407,-0.024898581998776998,-0.037743648594123602,0.99897494534038622,-0.070000000000000395,0.035000000000000302,0,0.18000000000000099,-0.069520229268100961,-0.03812469056254246,-0.070000000000000395,-0.035000000000000191,0,0.18000000000000099,-0.069995603125819025,0.025864164937136953,-2.8460307027744645e-18,-0.023813303566453926,0.11952552515783554,0.0084756622001805077,0.055579475077740428,-0.023813303566453926,-0.11952552515783554,-0.0084756622001805077,0.055579475077740428,
0.6691096562537705,-0.7259952785419137,0.6613496376537864,0.0021298327224926407,-0.024898581998776998,-0.037743648594123602,0.99897494534038622,-0.070000000000000395,0.035000000000000302,0,0.18000000000000099,-0.069520229268100961,-0.03812469056254246,-0.070000000000000395,-0.035000000000000191,0,0.18000000000000099,-0.069995603125819025,0.025864164937136953,-2.8460307027744645e-18,-0.023813303566453926,0.11952552515783554,0.0084756622001805077,0.055579475077740428,-0.023813303566453926,-0.11952552515783554,-0.0084756622001805077,0.055579475077740428,
0.6691096562537705,-0.7259952785419137,0.6613496376537864,0.0021298327224926407,-0.024898581998776998,-0.037743648594123602,0.99897494534038622,-0.070000000000000395,0.035000000000000302,0,0.18000000000000099,-0.069520229268100961,-0.03812469056254246,-0.070000000000000395,-0.035000000000000191,0,0.18000000000000099,-0.069995603125819025,0.025864164937136953,-2.8460307027744645e-18,-0.023813303566453926,0.11952552515783554,0.0084756622001805077,0.055579475077740428,-0.023813303566453926,-0.11952552515783554,-0.0084756622001805077,0.055579475077740428,
0.6691096562537705,-0.7259952785419137,0.6613496376537864,0.0021298327224926407,-0.024898581998776998,-0.037743648594123602,0.99897494534038622,-0.070000000000000395,0.035000000000000302,0,0.18000000000000099,-0.069520229268100961,-0.03812469056254246,-0.070000000000000395,-0.035000000000000191,0,0.18000000000000099,-0.069995603125819025,0.025864164937136953,-2.8460307027744645e-18,-0.023813303566453926,0.11952552515783554,0.0084756622001805077,0.055579475077740428,-0.023813303566453926,-0.11952552515783554,-0.0084756622001805077,0.055579475077740428,
0.6691096562537705,-0.7259952785419137,0.6613496376537864,0.0021298327224926407,-0.024898581998776998,-0.037743648594123602,0.99897494534038622,-0.070000000000000395,0.035000000000000302,0,0.18000000000000099,-0.069520229268100961,-0.03812469056254246,-0.070000000000000395,-0.035000000000000191,0,0.18000000000000099,-0.069995603125819025,0.025864164937136953,-2.8460307027744645e-18,-0.023813303566453926,0.11952552515783554,0.0084756622001805077,0.055579475077740428,-0.023813303566453926,-0.11952552515783554,-0.0084756622001805077,0.055579475077740428,
0.6691096562537705,-0.7259952785419137,0.6613496376537864,0.0021298327224926407,-0.024898581998776998,-0.037743648594123602,0.99897494534038622,-0.070000000000000395,0.035000000000000302,0,0.18000000000000099,-0.069520229268100961,-0.03812469056254246,-0.070000000000000395,-0.035000000000000191,0,0.18000000000000099,-0.069995603125819025,0.025864164937136953,-2.8460307027744645e-18,-0.023813303566453926,0.11952552515783554,0.0084756622001805077,0.055579475077740428,-0.023813303566453926,-0.11952552515783554,-0.0084756622001805077,0.055579475077740428,
0.6691096562537705,-0.7259952785419137,0.6613496376537864,0.0021298327224926407,-0.024898581998776998,-0.037743648594123602,0.99897494534038622,-0.070000000000000395,0.035000000000000302,0,0.18000000000000099,-0.069520229268100961,-0.03812469056254246,-0.070000000000000395,-0.035000000000000191,0,0.18000000000000099,-0.069995603125819025,0.025864164937136953,-2.8460307027744645e-18,-0.023813303566453926,0.11952552515783554,0.0084756622001805077,0.055579475077740428,-0.023813303566453926,-0.11952552515783554,-0.0084756622001805077,0.055579475077740428,
0.6691096562537705,-0.7259952785419137,0.6613496376537864,0.0021298327224926407,-0.024898581998776998,-0.037743648594123602,0.99897494534038622,-0.070000000000000395,0.035000000000000302,0,0.18000000000000099,-0.069520229268100961,-0.03812469056254246,-0.070000000000000395,-0.035000000000000191,0,0.18000000000000099,-0.069995603125819025,0.025864164937136953,-2.8460307027744645e-18,-0.023813303566453926,0.11952552515783554,0.0084756622001805077,0.055579475077740428,-0.023813303566453926,-0.11952552515783554,-0.0084756622001805077,0.055579475077740428,
0.6691096562537705,-0.7259952785419137,0.6613496376537864,0.0021298327224926407,-0.024898581998776998,-0.037743648594123602,0.99897494534038622,-0.070000000000000395,0.035000000000000302,0,0.18000000000000099,-0.069520229268100961,-0.03812469056254246,-0.070000000000000395,-0.035000000000000191,0,0.18000000000000099,-0.069995603125819025,0.025864164937136953,-2.8460307027744645e-18,-0.023813303566453926,0.11952552515783554,0.0084756622001805077,0.055579475077740428,-0.023813303566453926,-0.11952552515783554,-0.0084756622001805077,0.055579475077740428,
0.6691096562537705,-0.7259952785419137,0.6613496376537864,0.0021298327224926407,-0.024898581998776998,-0.037743648594123602,0.99897494534038622,-0.070000000000000395,0.035000000000000302,0,0.18000000000000099,-0.069520229268100961,-0.03812469056254246,-0.070000000000000395,-0.035000000000000191,0,0.18000000000000099,-0.069995603125819025,0.025864164937136953,-2.8460307027744645e-18,-0.023813303566453926,0.11952552515783554,0.0084756622001805077,0.055579475077740428,-0.023813303566453926,-0.11952552515783554,-0.0084756622001805077,0.055579475077740428,
0.6691096562537705,-0.7259952785419137,0.6613496376537864,0.0021298327224926407,-0.024898581998776998,-0.037743648594123602,0.99897494534038622,-0.070000000000000395,0.035000000000000302,0,0.18000000000000099,-0.069520229268100961,-0.03812469056254246,-0.070000000000000395,-0.035000000000000191,0,0.18000000000000099,-0.069995603125819025,0.025864164937136953,-2.8460307027744645e-18,-0.023813303566453926,0.11952552515783554,0.0084756622001805077,0.055579475077740428,-0.023813303566453926,-0.11952552515783554,-0.0084756622001805077,0.055579475077740428,
0.6691096562537705,-0.7259952785419137,0.6613496376537864,0.0021298327224926407,-0.024898581998776998,-0.037743648594123602,0.99897494534038622,-0.070000000000000395,0.035000000000000302,0,0.18000000000000099,-0.069520229268100961,-0.03812469056254246,-0.070000000000000395,-0.035000000000000191,0,0.18000000000000099,-0.069995603125819025,0.025864164937136953,-2.8460307027744645e-18,-0.023813303566453926,0.11952552515783554,0.0084756622001805077,0.055579475077740428,-0.023813303566453926,-0.11952552515783554,-0.0084756622001805077,0.055579475077740428,
0.6691096562537705,-0.7259952785419137,0.6613496376537864,0.0021298327224926407,-0.024898581998776998,-0.037743648594123602,0.99897494534038622,-0.070000000000000395,0.035000000000000302,0,0.18000000000000099,-0.069520229268100961,-0.03812469056254246,-0.070000000000000395,-0.035000000000000191,0,0.18000000000000099,-0.069995603125819025,0.025864164937136953,-2.8460307027744645e-18,-0.023813303566453926,0.11952552515783554,0.0084756622001805077,0.055579475077740428,-0.023813303566453926,-0.11952552515783554,-0.0084756622001805077,0.055579475077740428,
0.6691096562537705,-0.7259952785419137,0.6613496376537864,0.0021298327224926407,-0.024898581998776998,-0.037743648594123602,0.99897494534038622,-0.070000000000000395,0.035000000000000302,0,0.18000000000000099,-0.069520229268100961,-0.03812469056254246,-0.070000000000000395,-0.035000000000000191,0,0.18000000000000099,-0.069995603125819025,0.025864164937136953,-2.8460307027744645e-18,-0.023813303566453926,0.11952552515783554,0.0084756622001805077,0.055579475077740428,-0.023813303566453926,-0.11952552515783554,-0.0084756622001805077,0.055579475077740428,
0.6691096562537705,-0.7259952785419137,0.6613496376537864,0.0021298327224926407,-0.024898581998776998,-0.037743648594123602,0.99897494534038622,-0.070000000000000395,0.035000000000000302,0,0.18000000000000099,-0.069520229268100961,-0.03812469056254246,-0.070000000000000395,-0.035000000000000191,0,0.18000000000000099,-0.069995603125819025,0.025864164937136953,-2.8460307027744645e-18,-0.023813303566453926,0.11952552515783554,0.0084756622001805077,0.055579475077740428,-0.023813303566453926,-0.11952552515783554,-0.0084756622001805077,0.055579475077740428,
0.6691096562537705,-0.7259952785419137,0.6613496376537864,0.0021298327224926407,-0.024898581998776998,-0.037743648594123602,0.99897494534038622,-0.070000000000000395,0.035000000000000302,0,0.18000000000000099,-0.069520229268100961,-0.03812469056254246,-0.070000000000000395,-0.035000000000000191,0,0.18000000000000099,-0.069995603125819025,0.025864164937136953,-2.8460307027744645e-18,-0.023813303566453926,0.11952552515783554,0.0084756622001805077,0.055579475077740428,-0.023813303566453926,-0.11952552515783554,-0.0084756622001805077,0.055579475077740428,
0.6691096562537705,-0.7259952785419137,0.6613496376537864,0.0021298327224926407,-0.024898581998776998,-0.037743648594123602,0.99897494534038622,-0.070000000000000395,0.035000000000000302,0,0.18000000000000099,-0.069520229268100961,-0.03812469056254246,-0.070000000000000395,-0.035000000000000191,0,0.18000000000000099,-0.069995603125819025,0.025864164937136953,-2.8460307027744645e-18,-0.023813303566453926,0.11952552515783554,0.0084756622001805077,0.055579475077740428,-0.023813303566453926,-0.11952552515783554,-0.0084756622001805077,0.055579475077740428,
0.6691096562537705,-0.7259952785419137,0.6613496376537864,0.0021298327224926407,-0.024898581998776998,-0.037743648594123602,0.99897494534038622,-0.070000000000000395,0.035000000000000302,0,0.18000000000000099,-0.069520229268100961,-0.03812469056254246,-0.070000000000000395,-0.035000000000000191,0,0.18000000000000099,-0.069995603125819025,0.025864164937136953,-2.8460307027744645e-18,-0.023813303566453926,0.11952552515783554,0.0084756622001805077,0.055579475077740428,-0.023813303566453926,-0.11952552515783554,-0.0084756622001805077,0.055579475077740428,
0.6691096562537705,-0.7259952785419137,0.6613496376537864,0.0021298327224926407,-0.024898581998776998,-0.037743648594123602,0.99897494534038622,-0.070000000000000395,0.035000000000000302,0,0.18000000000000099,-0.069520229268100961,-0.03812469056254246,-0.070000000000000395,-0.035000000000000191,0,0.18000000000000099,-0.069995603125819025,0.025864164937136953,-2.8460307027744645e-18,-0.023813303566453926,0.11952552515783554,0.0084756622001805077,0.055579475077740428,-0.023813303566453926,-0.11952552515783554,-0.0084756622001805077,0.055579475077740428,
0.6691096562537705,-0.7259952785419137,0.6613496376537864,0.0021298327224926407,-0.024898581998776998,-0.037743648594123602,0.99897494534038622,-0.070000000000000395,0.035000000000000302,0,0.18000000000000099,-0.069520229268100961,-0.03812469056254246,-0.070000000000000395,-0.035000000000000191,0,0.18000000000000099,-0.069995603125819025,0.025864164937136953,-2.8460307027744645e-18,-0.023813303566453926,0.11952552515783554,0.0084756622001805077,0.055579475077740428,-0.023813303566453926,-0.11952552515783554,-0.0084756622001805077,0.055579475077740428,
0.6691096562537705,-0.7259952785419137,0.6613496376537864,0.0021298327224926407,-0.024898581998776998,-0.037743648594123602,0.99897494534038622,-0.070000000000000395,0.035000000000000302,0,0.18000000000000099,-0.069520229268100961,-0.03812469056254246,-0.070000000000000395,-0.035000000000000191,0,0.18000000000000099,-0.069995603125819025,0.025864164937136953,-2.8460307027744645e-18,-0.023813303566453926,0.11952552515783554,0.0084756622001805077,0.055579475077740428,-0.023813303566453926,-0.11952552515783554,-0.0084756622001805077,0.055579475077740428,
0.6691096562537705,-0.7259952785419137,0.6613496376537864,0.0021298327224926407,-0.024898581998776998,-0.037743648594123602,0.99897494534038622,-0.070000000000000395,0.035000000000000302,0,0.18000000000000099,-0.069520229268100961,-0.03812469056254246,-0.070000000000000395,-0.035000000000000191,0,0.18000000000000099,-0.069995603125819025,0.025864164937136953,-2.8460307027744645e-18,-0.023813303566453926,0.11952552515783554,0.0084756622001805077,0.055579475077740428,-0.023813303566453926,-0.11952552515783554,-0.0084756622001805077,0.055579475077740428,
0.6691096562537705,-0.7259952785419137,0.6613496376537864,0.0021298327224926407,-0.024898581998776998,-0.037743648594123602,0.99897494534038622,-0.070000000000000395,0.035000000000000302,0,0.18000000000000099,-0.069520229268100961,-0.03812469056254246,-0.070000000000000395,-0.035000000000000191,0,0.18000000000000099,-0.069995603125819025,0.025864164937136953,-2.8460307027744645e-18,-0.023813303566453926,0.11952552515783554,0.0084756622001805077,0.055579475077740428,-0.023813303566453926,-0.11952552515783554,-0.0084756622001805077,0.055579475077740428,
0.6691096562537705,-0.7259952785419137,0.6613496376537864,0.0021298327224926407,-0.024898581998776998,-0.037743648594123602,0.99897494534038622,-0.070000000000000395,0.035000000000000302,0,0.18000000000000099,-0.069520229268100961,-0.03812469056254246,-0.070000000000000395,-0.035000000000000191,0,0.18000000000000099,-0.069995603125819025,0.025864164937136953,-2.8460307027744645e-18,-0.023813303566453926,0.11952552515783554,0.0084756622001805077,0.055579475077740428,-0.023813303566453926,-0.11952552515783554,-0.0084756622001805077,0.055579475077740428,
0.6691096562537705,-0.7259952785419137,0.6613496376537864,0.0021298327224926407,-0.024898581998776998,-0.037743648594123602,0.99897494534038622,-0.070000000000000395,0.035000000000000302,0,0.18000000000000099,-0.069520229268100961,-0.03812469056254246,-0.070000000000000395,-0.035000000000000191,0,0.18000000000000099,-0.069995603125819025,0.025864164937136953,-2.8460307027744645e-18,-0.023813303566453926,0.11952552515783554,0.0084756622001805077,0.055579475077740428,-0.023813303566453926,-0.11952552515783554,-0.0084756622001805077,0.055579475077740428,
0.6691096562537705,-0.7259952785419137,0.6613496376537864,0.0021298327224926407,-0.024898581998776998,-0.037743648594123602,0.99897494534038622,-0.070000000000000395,0.035000000000000302,0,0.18000000000000099,-0.069520229268100961,-0.03812469056254246,-0.070000000000000395,-0.035000000000000191,0,0.18000000000000099,-0.069995603125819025,0.025864164937136953,-2.8460307027744645e-18,-0.023813303566453926,0.11952552515783554,0.0084756622001805077,0.055579475077740428,-0.023813303566453926,-0.11952552515783554,-0.0084756622001805077,0.055579475077740428,
0.6691096562537705,-0.7259952785419137,0.6613496376537864,0.0021298327224926407,-0.024898581998776998,-0.037743648594123602,0.99897494534038622,-0.070000000000000395,0.035000000000000302,0,0.18000000000000099,-0.069520229268100961,-0.03812469056254246,-0.070000000000000395,-0.035000000000000191,0,0.18000000000000099,-0.069995603125819025,0.025864164937136953,-2.8460307027744645e-18,-0.023813303566453926,0.11952552515783554,0.0084756622001805077,0.055579475077740428,-0.023813303566453926,-0.11952552515783554,-0.0084756622001805077,0.055579475077740428,
0.6691096562537705,-0.7259952785419137,0.6613496376537864,0.0021298327224926407,-0.024898581998776998,-0.037743648594123602,0.99897494534038622,-0.070000000000000395,0.035000000000000302,0,0.18000000000000099,-0.069520229268100961,-0.03812469056254246,-0.070000000000000395,-0.035000000000000191,0,0.18000000000000099,-0.069995603125819025,0.025864164937136953,-2.8460307027744645e-18,-0.023813303566453926,0.11952552515783554,0.0084756622001805077,0.055579475077740428,-0.023813303566453926,-0.11952552515783554,-0.0084756622001805077,0.055579475077740428,
0.6691096562537705,-0.7259952785419137,0.6613496376537864,0.0021298327224926407,-0.024898581998776998,-0.037743648594123602,0.99897494534038622,-0.070000000000000395,0.035000000000000302,0,0.18000000000000099,-0.069520229268100961,-0.03812469056254246,-0.070000000000000395,-0.035000000000000191,0,0.18000000000000099,-0.069995603125819025,0.025864164937136953,-2.8460307027744645e-18,-0.023813303566453926,0.11952552515783554,0.0084756622001805077,0.055579475077740428,-0.023813303566453926,-0.11952552515783554,-0.0084756622001805077,0.055579475077740428,
0.6691096562537705,-0.7259952785419137,0.6613496376537864,0.0021298327224926407,-0.024898581998776998,-0.037743648594123602,0.99897494534038622,-0.070000000000000395,0.035000000000000302,0,0.18000000000000099,-0.069520229268100961,-0.03812469056254246,-0.070000000000000395,-0.035000000000000191,0,0.18000000000000099,-0.069995603125819025,0.025864164937136953,-2.8460307027744645e-18,-0.023813303566453926,0.11952552515783554,0.0084756622001805077,0.055579475077740428,-0.023813303566453926,-0.11952552515783554,-0.0084756622001805077,0.055579475077740428,
0.6691096562537705,-0.7259952785419137,0.6613496376537864,0.0021298327224926407,-0.024898581998776998,-0.037743648594123602,0.99897494534038622,-0.070000000000000395,0.035000000000000302,0,0.18000000000000099,-0.069520229268100961,-0.03812469056254246,-0.070000000000000395,-0.035000000000000191,0,0.18000000000000099,-0.069995603125819025,0.025864164937136953,-2.8460307027744645e-18,-0.023813303566453926,0.11952552515783554,0.0084756622001805077,0.055579475077740428,-0.023813303566453926,-0.11952552515783554,-0.0084756622001805077,0.055579475077740428,
0.6691096562537705,-0.7259952785419137,0.6613496376537864,0.0021298327224926407,-0.024898581998776998,-0.037743648594123602,0.99897494534038622,-0.070000000000000395,0.035000000000000302,0,0.18000000000000099,-0.069520229268100961,-0.03812469056254246,-0.070000000000000395,-0.035000000000000191,0,0.18000000000000099,-0.069995603125819025,0.025864164937136953,-2.8460307027744645e-18,-0.023813303566453926,0.11952552515783554,0.0084756622001805077,0.055579475077740428,-0.023813303566453926,-0.11952552515783554,-0.0084756622001805077,0.055579475077740428,
0.6691096562537705,-0.7259952785419137,0.6613496376537864,0.0021298327224926407,-0.024898581998776998,-0.037743648594123602,0.99897494534038622,-0.070000000000000395,0.035000000000000302,0,0.18000000000000099,-0.069520229268100961,-0.03812469056254246,-0.070000000000000395,-0.035000000000000191,0,0.18000000000000099,-0.069995603125819025,0.025864164937136953,-2.8460307027744645e-18,-0.023813303566453926,0.11952552515783554,0.0084756622001805077,0.055579475077740428,-0.023813303566453926,-0.11952552515783554,-0.0084756622001805077,0.055579475077740428,
0.6691096562537705,-0.7259952785419137,0.6613496376537864,0.0021298327224926407,-0.024898581998776998,-0.037743648594123602,0.99897494534038622,-0.070000000000000395,0.035000000000000302,0,0.18000000000000099,-0.069520229268100961,-0.03812469056254246,-0.070000000000000395,-0.035000000000000191,0,0.18000000000000099,-0.069995603125819025,0.025864164937136953,-2.8460307027744645e-18,-0.023813303566453926,0.11952552515783554,0.0084756622001805077,0.055579475077740428,-0.023813303566453926,-0.11952552515783554,-0.0084756622001805077,0.055579475077740428,
0.6691096562537705,-0.7259952785419137,0.6613496376537864,0.0021298327224926407,-0.024898581998776998,-0.037743648594123602,0.99897494534038622,-0.070000000000000395,0.035000000000000302,0,0.18000000000000099,-0.069520229268100961,-0.03812469056254246,-0.070000000000000395,-0.035000000000000191,0,0.18000000000000099,-0.069995603125819025,0.025864164937136953,-2.8460307027744645e-18,-0.023813303566453926,0.11952552515783554,0.0084756622001805077,0.055579475077740428,-0.023813303566453926,-0.11952552515783554,-0.0084756622001805077,0.055579475077740428,
0.66910965625376673,-0.72599527854191004,0.6613496376537864,0.0021298327224926407,-0.024898581998776998,-0.037743648594123602,0.99897494534038622,-0.070000000000000034,0.035000000000000211,0,0.17999999999999997,-0.069520229268100225,-0.038124690562542377,-0.070000000000000034,-0.0350000000000001,0,0.17999999999999997,-0.069995603125818359,0.02586416493713686,-2.8460307027744507e-18,-0.023813303566453805,0.11952552515783493,0.0084756622001804643,0.055579475077740123,-0.023813303566453805,-0.11952552515783493,-0.0084756622001804643,0.055579475077740123,
0.66910965625376673,-0.72599527854190993,0.6613496376537864,0.0021298327224926407,-0.024898581998776998,-0.037743648594123602,0.99897494534038622,-0.070000000000000034,0.035000000000000211,0,0.17999999999999994,-0.069520229268100198,-0.038124690562542377,-0.070000000000000034,-0.0350000000000001,0,0.17999999999999994,-0.069995603125818331,0.025864164937136856,-2.8460307027744503e-18,-0.023813303566453805,0.11952552515783491,0.0084756622001804643,0.055579475077740116,-0.023813303566453805,-0.11952552515783491,-0.0084756622001804643,0.055579475077740116,
0.66910965625376673,-0.72599527854191004,0.6613496376537864,0.0021298327224926407,-0.024898581998776998,-0.037743648594123602,0.99897494534038622,-0.070000000000000034,0.035000000000000211,0,0.17999999999999994,-0.069520229268100198,-0.038124690562542377,-0.070000000000000034,-0.0350000000000001,0,0.17999999999999994,-0.069995603125818331,0.025864164937136856,-2.8460307027744499e-18,-0.023813303566453808,0.11952552515783489,0.0084756622001804661,0.055579475077740102,-0.023813303566453808,-0.11952552515783489,-0.0084756622001804661,0.055579475077740102,
